onsetTR,cond,shiftedTR,subid,run,roi1,roi2,ets,group,category
26,A,29,2,2,DG,EC,0.3481807712300071,Stress,deserts
40,A,43,2,2,DG,EC,0.9727059974279786,Stress,canyons
49,A,52,2,2,DG,EC,-1.5727420732019166,Stress,deserts
60,A,63,2,2,DG,EC,0.1511977652592664,Stress,canyons
68,A,71,2,2,DG,EC,-0.7569007447816563,Stress,marshes
78,A,81,2,2,DG,EC,1.4492855078901088,Stress,marshes
91,A,94,2,2,DG,EC,0.0150996455645267,Stress,deserts
97,A,100,2,2,DG,EC,1.2596337847894732,Stress,canyons
115,A,118,2,2,DG,EC,1.2073362377524188,Stress,marshes
133,A,136,2,2,DG,EC,0.3600996755585288,Stress,canyons
140,A,143,2,2,DG,EC,-0.3580455750674072,Stress,marshes
148,A,151,2,2,DG,EC,1.3093366069429215,Stress,marshes
154,A,157,2,2,DG,EC,0.3306759650242677,Stress,canyons
174,A,177,2,2,DG,EC,-0.0740472819555408,Stress,deserts
178,A,181,2,2,DG,EC,-0.82356483315694,Stress,marshes
190,A,193,2,2,DG,EC,-0.6150619906474698,Stress,deserts
198,A,201,2,2,DG,EC,-0.1280825410009183,Stress,marshes
207,A,210,2,2,DG,EC,-0.6993936211075701,Stress,canyons
217,A,220,2,2,DG,EC,0.3935164602411584,Stress,deserts
228,A,231,2,2,DG,EC,0.2255239895116629,Stress,canyons
5,A,8,2,3,DG,EC,-0.0608740764263479,Stress,deserts
12,A,15,2,3,DG,EC,0.6466658699366343,Stress,marshes
19,A,22,2,3,DG,EC,-0.6004962683548274,Stress,deserts
35,A,38,2,3,DG,EC,0.1245760768193451,Stress,deserts
46,A,49,2,3,DG,EC,0.0084593691918891,Stress,deserts
53,A,56,2,3,DG,EC,0.5956592126603735,Stress,marshes
57,A,60,2,3,DG,EC,0.1261232210637527,Stress,canyons
69,A,72,2,3,DG,EC,2.5191443425848496,Stress,marshes
90,A,93,2,3,DG,EC,-0.2003742720760821,Stress,canyons
96,A,99,2,3,DG,EC,-1.028982536749201,Stress,marshes
116,A,119,2,3,DG,EC,0.2859692110370124,Stress,canyons
132,A,135,2,3,DG,EC,-0.0149905304112327,Stress,marshes
141,A,144,2,3,DG,EC,0.0575550623254653,Stress,deserts
161,A,164,2,3,DG,EC,-0.3462358369090114,Stress,canyons
171,A,174,2,3,DG,EC,-0.0708687045670451,Stress,marshes
177,A,180,2,3,DG,EC,0.0308510566505979,Stress,deserts
183,A,186,2,3,DG,EC,1.1660983086448091,Stress,marshes
200,A,203,2,3,DG,EC,-0.4573272369146134,Stress,canyons
212,A,215,2,3,DG,EC,-0.8481902384089189,Stress,deserts
225,A,228,2,3,DG,EC,0.1113452431310124,Stress,canyons
234,A,237,2,3,DG,EC,1.361125746730952,Stress,canyons
5,A,8,2,4,DG,EC,-0.3294698569715862,Stress,deserts
16,A,19,2,4,DG,EC,-0.0256236857670622,Stress,marshes
22,A,25,2,4,DG,EC,-0.1619880739129862,Stress,deserts
32,A,35,2,4,DG,EC,0.9527494997364248,Stress,canyons
38,A,41,2,4,DG,EC,-0.4331164523724172,Stress,marshes
60,A,63,2,4,DG,EC,1.6130627612219133,Stress,deserts
85,A,88,2,4,DG,EC,0.9517356907244912,Stress,marshes
90,A,93,2,4,DG,EC,0.2254211683813952,Stress,canyons
95,A,98,2,4,DG,EC,0.058410158619996,Stress,marshes
103,A,106,2,4,DG,EC,0.4038741354841776,Stress,canyons
112,A,115,2,4,DG,EC,1.2244646637573222,Stress,deserts
118,A,121,2,4,DG,EC,1.4440124890256307,Stress,canyons
141,A,144,2,4,DG,EC,-0.5617212638365763,Stress,marshes
152,A,155,2,4,DG,EC,0.2596070381191414,Stress,deserts
161,A,164,2,4,DG,EC,0.0005691838865116,Stress,deserts
172,A,175,2,4,DG,EC,-0.041519025027473,Stress,canyons
186,A,189,2,4,DG,EC,4.810059672844394,Stress,canyons
196,A,199,2,4,DG,EC,0.0843028383110173,Stress,marshes
207,A,210,2,4,DG,EC,0.5780162737355007,Stress,deserts
227,A,230,2,4,DG,EC,-0.2787221189942811,Stress,marshes
5,A,8,3,2,DG,EC,0.4232786407367685,Control,bridges
16,A,19,3,2,DG,EC,-1.5876518257213217,Control,forests
20,A,23,3,2,DG,EC,0.9575904265811048,Control,bridges
25,A,28,3,2,DG,EC,-2.290570181902684,Control,parks
32,A,35,3,2,DG,EC,0.0328995194296468,Control,forests
39,A,42,3,2,DG,EC,-0.0117810743492392,Control,parks
47,A,50,3,2,DG,EC,0.0855556096649311,Control,parks
52,A,55,3,2,DG,EC,-0.0004969792196673,Control,bridges
61,A,64,3,2,DG,EC,0.0036631846798928,Control,bridges
71,A,74,3,2,DG,EC,0.2746640314045087,Control,bridges
77,A,80,3,2,DG,EC,-0.3210097205329732,Control,forests
81,A,84,3,2,DG,EC,-0.0071491692311606,Control,bridges
91,A,94,3,2,DG,EC,0.2536789966239303,Control,forests
114,A,117,3,2,DG,EC,-1.5706737451345298,Control,forests
121,A,124,3,2,DG,EC,4.819399916739376,Control,bridges
139,A,142,3,2,DG,EC,-1.9557678331596724,Control,parks
163,A,166,3,2,DG,EC,0.3635559714710896,Control,parks
191,A,194,3,2,DG,EC,-0.0206496380630497,Control,parks
201,A,204,3,2,DG,EC,-0.0996134852713655,Control,parks
212,A,215,3,2,DG,EC,0.9833947610729002,Control,forests
219,A,222,3,2,DG,EC,0.1783287647264868,Control,forests
5,A,8,3,3,DG,EC,-0.0695254243876845,Control,bridges
18,A,21,3,3,DG,EC,0.9755630285928498,Control,parks
34,A,37,3,3,DG,EC,-1.313132376820256,Control,forests
52,A,55,3,3,DG,EC,-0.2659568643717258,Control,forests
57,A,60,3,3,DG,EC,0.221223121837027,Control,parks
66,A,69,3,3,DG,EC,-0.094707985544578,Control,bridges
77,A,80,3,3,DG,EC,-0.2574569698547841,Control,parks
92,A,95,3,3,DG,EC,-0.3417934909337519,Control,forests
101,A,104,3,3,DG,EC,-0.0002231118034648,Control,bridges
111,A,114,3,3,DG,EC,-0.0523617116541515,Control,forests
119,A,122,3,3,DG,EC,2.407060902496547,Control,parks
126,A,129,3,3,DG,EC,-0.5784688330187483,Control,bridges
137,A,140,3,3,DG,EC,0.3965344521561094,Control,bridges
145,A,148,3,3,DG,EC,-0.7137008010968754,Control,forests
152,A,155,3,3,DG,EC,0.3723468209377736,Control,bridges
157,A,160,3,3,DG,EC,-0.1480114247074287,Control,parks
175,A,178,3,3,DG,EC,0.6354611466366034,Control,forests
198,A,201,3,3,DG,EC,-1.4266928988696277,Control,forests
205,A,208,3,3,DG,EC,0.6356507690113236,Control,parks
215,A,218,3,3,DG,EC,1.3091237271260991,Control,parks
225,A,228,3,3,DG,EC,0.1158031026686074,Control,bridges
9,A,12,3,4,DG,EC,-0.529966027465224,Control,bridges
25,A,28,3,4,DG,EC,-0.2928585858924496,Control,forests
36,A,39,3,4,DG,EC,-0.004562557377426,Control,parks
41,A,44,3,4,DG,EC,0.6112491950480461,Control,forests
46,A,49,3,4,DG,EC,0.629319666272155,Control,parks
52,A,55,3,4,DG,EC,1.3893969344484516,Control,bridges
64,A,67,3,4,DG,EC,-0.020430652691387,Control,bridges
80,A,83,3,4,DG,EC,-0.0619078657549228,Control,forests
87,A,90,3,4,DG,EC,-0.8888734722104579,Control,parks
96,A,99,3,4,DG,EC,0.2165514554116376,Control,parks
100,A,103,3,4,DG,EC,0.1115567466780392,Control,bridges
118,A,121,3,4,DG,EC,-0.8696012925638004,Control,forests
138,A,141,3,4,DG,EC,-0.1696348102615396,Control,parks
154,A,157,3,4,DG,EC,0.4892025974299835,Control,forests
168,A,171,3,4,DG,EC,-0.4334447102951972,Control,parks
184,A,187,3,4,DG,EC,0.9998168245227772,Control,parks
189,A,192,3,4,DG,EC,-0.894342994619886,Control,bridges
198,A,201,3,4,DG,EC,-0.2320236051369081,Control,forests
208,A,211,3,4,DG,EC,0.2808234422031042,Control,bridges
220,A,223,3,4,DG,EC,0.2121533132241045,Control,bridges
226,A,229,3,4,DG,EC,-1.8002296665066286,Control,forests
18,A,21,4,2,DG,EC,0.1854696472404318,Stress,fields
36,A,39,4,2,DG,EC,1.1664935104400067,Stress,fields
43,A,46,4,2,DG,EC,0.060975556050657,Stress,lakes
56,A,59,4,2,DG,EC,0.0782648772294154,Stress,bridges
99,A,102,4,2,DG,EC,1.1144414450005706,Stress,fields
111,A,114,4,2,DG,EC,-0.0590027905765242,Stress,lakes
116,A,119,4,2,DG,EC,-0.4200403569561509,Stress,bridges
121,A,124,4,2,DG,EC,0.0035058871053688,Stress,fields
128,A,131,4,2,DG,EC,0.7802495006486492,Stress,lakes
146,A,149,4,2,DG,EC,-1.4424846194775287,Stress,bridges
154,A,157,4,2,DG,EC,1.3437901357396151,Stress,lakes
161,A,164,4,2,DG,EC,0.34333905223354,Stress,fields
168,A,171,4,2,DG,EC,-1.8467772088802967,Stress,lakes
180,A,183,4,2,DG,EC,4.200224589232193,Stress,lakes
185,A,188,4,2,DG,EC,1.1095428152538334,Stress,bridges
195,A,198,4,2,DG,EC,0.3404569719884663,Stress,fields
204,A,207,4,2,DG,EC,-1.4554342970462166,Stress,bridges
208,A,211,4,2,DG,EC,0.7933388040830932,Stress,fields
218,A,221,4,2,DG,EC,1.1292526066675683,Stress,bridges
225,A,228,4,2,DG,EC,0.1930397938846423,Stress,lakes
233,A,236,4,2,DG,EC,0.1283457957250509,Stress,bridges
15,A,18,4,3,DG,EC,-0.4896962121397712,Stress,lakes
20,A,23,4,3,DG,EC,0.2830875248196314,Stress,bridges
27,A,30,4,3,DG,EC,-0.066689665922639,Stress,lakes
42,A,45,4,3,DG,EC,-0.0062509960811085,Stress,lakes
50,A,53,4,3,DG,EC,0.9565136319855494,Stress,bridges
60,A,63,4,3,DG,EC,0.1429149452315494,Stress,fields
71,A,74,4,3,DG,EC,-0.6742953192197088,Stress,fields
88,A,91,4,3,DG,EC,-0.0896740737077625,Stress,fields
105,A,108,4,3,DG,EC,-0.2503463721549423,Stress,bridges
116,A,119,4,3,DG,EC,-0.0594749159974422,Stress,lakes
122,A,125,4,3,DG,EC,-0.0761690310366053,Stress,fields
127,A,130,4,3,DG,EC,-1.278848804005864,Stress,bridges
140,A,143,4,3,DG,EC,0.6323399511235259,Stress,bridges
161,A,164,4,3,DG,EC,-0.3170143783024919,Stress,fields
170,A,173,4,3,DG,EC,1.8668755439647768,Stress,lakes
175,A,178,4,3,DG,EC,-0.1173966562187292,Stress,bridges
181,A,184,4,3,DG,EC,3.435172642037405,Stress,fields
188,A,191,4,3,DG,EC,-0.0160260342120988,Stress,lakes
203,A,206,4,3,DG,EC,0.1897308512639347,Stress,lakes
210,A,213,4,3,DG,EC,-2.5719575964938888,Stress,bridges
236,A,239,4,3,DG,EC,0.8234293747169752,Stress,fields
13,A,16,4,4,DG,EC,-0.1185156733194617,Stress,lakes
19,A,22,4,4,DG,EC,0.6296152757760299,Stress,fields
37,A,40,4,4,DG,EC,0.6675780284899474,Stress,fields
57,A,60,4,4,DG,EC,-0.4181737891745145,Stress,bridges
61,A,64,4,4,DG,EC,-0.3262563970594723,Stress,fields
67,A,70,4,4,DG,EC,0.0437900420456299,Stress,bridges
79,A,82,4,4,DG,EC,1.4988798098175575,Stress,bridges
93,A,96,4,4,DG,EC,-0.0001990756101833,Stress,lakes
107,A,110,4,4,DG,EC,0.0121486086101658,Stress,bridges
115,A,118,4,4,DG,EC,-0.6034509459975937,Stress,bridges
124,A,127,4,4,DG,EC,-0.0486585543238757,Stress,lakes
134,A,137,4,4,DG,EC,-9.76802212140392e-05,Stress,lakes
150,A,153,4,4,DG,EC,0.4234377135179106,Stress,bridges
167,A,170,4,4,DG,EC,0.2439797882481603,Stress,bridges
174,A,177,4,4,DG,EC,1.0184936701109066,Stress,lakes
186,A,189,4,4,DG,EC,0.068613772652699,Stress,fields
193,A,196,4,4,DG,EC,-0.0163086671260847,Stress,lakes
213,A,216,4,4,DG,EC,0.930124890911744,Stress,fields
220,A,223,4,4,DG,EC,0.0001350800169967,Stress,fields
227,A,230,4,4,DG,EC,-0.7531982148953862,Stress,fields
232,A,235,4,4,DG,EC,0.3492340579780791,Stress,lakes
21,A,24,5,2,DG,EC,1.471612199244261,Control,mountains
32,A,35,5,2,DG,EC,-1.3473082776933234,Control,lakes
37,A,40,5,2,DG,EC,-0.0772982398409854,Control,mountains
52,A,55,5,2,DG,EC,-0.4338766945066274,Control,waterfalls
58,A,61,5,2,DG,EC,-0.2514356030588199,Control,lakes
69,A,72,5,2,DG,EC,0.5175336691148262,Control,waterfalls
74,A,77,5,2,DG,EC,0.0060445525391179,Control,mountains
89,A,92,5,2,DG,EC,0.959592890824022,Control,mountains
94,A,97,5,2,DG,EC,0.735393616235157,Control,waterfalls
104,A,107,5,2,DG,EC,5.630838103859919e-06,Control,waterfalls
111,A,114,5,2,DG,EC,1.2190407248090018,Control,waterfalls
119,A,122,5,2,DG,EC,0.6456444352961036,Control,lakes
131,A,134,5,2,DG,EC,0.4390578473621005,Control,mountains
136,A,139,5,2,DG,EC,0.0097834344366227,Control,lakes
147,A,150,5,2,DG,EC,-0.2413856081583225,Control,lakes
167,A,170,5,2,DG,EC,2.7401904254640983,Control,mountains
174,A,177,5,2,DG,EC,-0.5284425531846736,Control,mountains
193,A,196,5,2,DG,EC,-0.1561377744036833,Control,lakes
213,A,216,5,2,DG,EC,-0.5069981444252275,Control,lakes
219,A,222,5,2,DG,EC,-0.8373678259095114,Control,waterfalls
234,A,237,5,2,DG,EC,-0.3738794074798329,Control,waterfalls
11,A,14,5,3,DG,EC,-1.168800923148886,Control,waterfalls
27,A,30,5,3,DG,EC,-0.1056295901008791,Control,mountains
33,A,36,5,3,DG,EC,-1.4112613054718333,Control,lakes
46,A,49,5,3,DG,EC,0.2439900177469249,Control,lakes
52,A,55,5,3,DG,EC,-0.005034309000548,Control,mountains
67,A,70,5,3,DG,EC,0.7899175829169665,Control,lakes
80,A,83,5,3,DG,EC,0.2351266509411071,Control,waterfalls
88,A,91,5,3,DG,EC,0.5681238783301649,Control,mountains
100,A,103,5,3,DG,EC,4.097157059110365,Control,lakes
105,A,108,5,3,DG,EC,-0.8751040129683073,Control,mountains
112,A,115,5,3,DG,EC,1.2900126897975557,Control,waterfalls
120,A,123,5,3,DG,EC,-0.4168394068214249,Control,mountains
138,A,141,5,3,DG,EC,0.7852809752564719,Control,waterfalls
147,A,150,5,3,DG,EC,0.2022343475264248,Control,lakes
153,A,156,5,3,DG,EC,-0.4463415199965338,Control,waterfalls
159,A,162,5,3,DG,EC,0.0178301646973036,Control,mountains
165,A,168,5,3,DG,EC,0.3549496303419254,Control,waterfalls
188,A,191,5,3,DG,EC,-0.5281030539002486,Control,waterfalls
200,A,203,5,3,DG,EC,0.0221969910042928,Control,lakes
204,A,207,5,3,DG,EC,0.6125680802698215,Control,mountains
220,A,223,5,3,DG,EC,0.7915142160935023,Control,lakes
5,A,8,5,4,DG,EC,-0.0409045072507807,Control,mountains
11,A,14,5,4,DG,EC,0.0185345572942147,Control,waterfalls
19,A,22,5,4,DG,EC,0.3588263707117176,Control,mountains
32,A,35,5,4,DG,EC,0.1463290495140709,Control,waterfalls
48,A,51,5,4,DG,EC,-0.5992615513187445,Control,waterfalls
60,A,63,5,4,DG,EC,0.0796038919908224,Control,lakes
65,A,68,5,4,DG,EC,0.002142623750593,Control,mountains
74,A,77,5,4,DG,EC,0.166851669002038,Control,waterfalls
91,A,94,5,4,DG,EC,0.0029810790686963,Control,mountains
108,A,111,5,4,DG,EC,0.0061263449444467,Control,lakes
125,A,128,5,4,DG,EC,0.0782173179078641,Control,lakes
137,A,140,5,4,DG,EC,0.3829259411674945,Control,lakes
143,A,146,5,4,DG,EC,2.1919059204604205,Control,mountains
150,A,153,5,4,DG,EC,2.291838715843717,Control,lakes
166,A,169,5,4,DG,EC,-0.0176463626982189,Control,waterfalls
170,A,173,5,4,DG,EC,-0.6996890977055208,Control,mountains
176,A,179,5,4,DG,EC,0.1201436097625254,Control,waterfalls
186,A,189,5,4,DG,EC,-0.0164488968855603,Control,lakes
197,A,200,5,4,DG,EC,1.1341516924072397,Control,mountains
221,A,224,5,4,DG,EC,-0.4921696537423076,Control,waterfalls
234,A,237,5,4,DG,EC,-0.0392689203806528,Control,lakes
13,A,16,7,2,DG,EC,0.601035850424,Control,lighthouses
20,A,23,7,2,DG,EC,0.0013901086576334,Control,lighthouses
25,A,28,7,2,DG,EC,-0.5690376232110022,Control,parks
39,A,42,7,2,DG,EC,0.3037821237473585,Control,lighthouses
46,A,49,7,2,DG,EC,-0.0007874189023123,Control,forests
57,A,60,7,2,DG,EC,0.149649816596985,Control,forests
81,A,84,7,2,DG,EC,-0.2690693924675946,Control,parks
93,A,96,7,2,DG,EC,-0.0207916823859043,Control,parks
104,A,107,7,2,DG,EC,0.1972036229755908,Control,parks
121,A,124,7,2,DG,EC,-0.2687708777771073,Control,forests
127,A,130,7,2,DG,EC,1.1343956140409506,Control,lighthouses
132,A,135,7,2,DG,EC,0.0118223832346552,Control,forests
141,A,144,7,2,DG,EC,0.202255189699842,Control,lighthouses
147,A,150,7,2,DG,EC,-0.7051388645843972,Control,forests
159,A,162,7,2,DG,EC,0.5281127709543995,Control,lighthouses
171,A,174,7,2,DG,EC,0.9423245443280868,Control,forests
179,A,182,7,2,DG,EC,0.5811191982472476,Control,lighthouses
194,A,197,7,2,DG,EC,-3.4003180019056742,Control,parks
200,A,203,7,2,DG,EC,0.9544483857477528,Control,forests
216,A,219,7,2,DG,EC,0.4320539325070069,Control,parks
236,A,239,7,2,DG,EC,-0.1830020346999414,Control,parks
5,A,8,7,3,DG,EC,0.0123310718333314,Control,forests
13,A,16,7,3,DG,EC,0.0661013373100506,Control,parks
22,A,25,7,3,DG,EC,-0.1821910793368669,Control,lighthouses
33,A,36,7,3,DG,EC,0.4817686107890069,Control,forests
40,A,43,7,3,DG,EC,0.692974223126206,Control,lighthouses
45,A,48,7,3,DG,EC,5.313880540992302,Control,parks
54,A,57,7,3,DG,EC,0.3718119920636422,Control,lighthouses
58,A,61,7,3,DG,EC,0.1837495849271618,Control,forests
69,A,72,7,3,DG,EC,0.0709944780045398,Control,forests
89,A,92,7,3,DG,EC,2.5139274534977787,Control,parks
96,A,99,7,3,DG,EC,-0.0625168938886509,Control,lighthouses
108,A,111,7,3,DG,EC,0.348562238351198,Control,lighthouses
114,A,117,7,3,DG,EC,-0.4635566085435921,Control,parks
120,A,123,7,3,DG,EC,0.0009631696262655,Control,forests
129,A,132,7,3,DG,EC,2.0729640613395293,Control,lighthouses
136,A,139,7,3,DG,EC,-0.1626837979637354,Control,forests
154,A,157,7,3,DG,EC,0.9011894363513512,Control,parks
184,A,187,7,3,DG,EC,-1.5524324737080164,Control,forests
190,A,193,7,3,DG,EC,0.3538548992723428,Control,parks
195,A,198,7,3,DG,EC,-1.6519984023208865,Control,lighthouses
208,A,211,7,3,DG,EC,0.410434495308815,Control,parks
5,A,8,7,4,DG,EC,-0.0012238489843304,Control,lighthouses
12,A,15,7,4,DG,EC,0.4708199846257854,Control,forests
23,A,26,7,4,DG,EC,0.2811930371061247,Control,parks
36,A,39,7,4,DG,EC,-0.136535413538878,Control,forests
47,A,50,7,4,DG,EC,-0.6129619627301881,Control,lighthouses
65,A,68,7,4,DG,EC,0.0438799654297785,Control,lighthouses
84,A,87,7,4,DG,EC,-0.1924355974210084,Control,parks
92,A,95,7,4,DG,EC,-0.1266086242926863,Control,parks
115,A,118,7,4,DG,EC,0.0407044270615587,Control,lighthouses
122,A,125,7,4,DG,EC,0.4677177275692789,Control,forests
144,A,147,7,4,DG,EC,1.5190162579949156,Control,forests
151,A,154,7,4,DG,EC,0.1355316437123109,Control,lighthouses
163,A,166,7,4,DG,EC,-1.4812062229549046,Control,lighthouses
169,A,172,7,4,DG,EC,1.0693134845054506,Control,forests
173,A,176,7,4,DG,EC,-0.0961943684549225,Control,parks
178,A,181,7,4,DG,EC,1.0092242103619922,Control,lighthouses
182,A,185,7,4,DG,EC,2.243307190963186,Control,forests
203,A,206,7,4,DG,EC,-0.145525518270244,Control,parks
213,A,216,7,4,DG,EC,0.4082554241187329,Control,parks
224,A,227,7,4,DG,EC,-1.4668516020195097,Control,parks
235,A,238,7,4,DG,EC,2.493557273748977,Control,forests
11,A,14,8,2,DG,EC,0.4511513569364522,Control,lakes
17,A,20,8,2,DG,EC,0.4564420109878074,Control,beaches
26,A,29,8,2,DG,EC,0.0969126252584764,Control,lakes
38,A,41,8,2,DG,EC,-0.0149935887163397,Control,beaches
49,A,52,8,2,DG,EC,-0.3193909269108281,Control,lighthouses
63,A,66,8,2,DG,EC,-1.1173562051770791,Control,lighthouses
83,A,86,8,2,DG,EC,0.39088644337069,Control,lighthouses
93,A,96,8,2,DG,EC,0.2402269613746044,Control,beaches
97,A,100,8,2,DG,EC,1.825200069013648,Control,lighthouses
112,A,115,8,2,DG,EC,-0.112248430405052,Control,lighthouses
123,A,126,8,2,DG,EC,-1.797424926402041,Control,beaches
131,A,134,8,2,DG,EC,0.4800431801041466,Control,lakes
140,A,143,8,2,DG,EC,-0.3691702261337709,Control,beaches
152,A,155,8,2,DG,EC,0.4293265717697495,Control,lakes
163,A,166,8,2,DG,EC,0.8044202966630479,Control,lighthouses
172,A,175,8,2,DG,EC,0.0457355437616721,Control,lakes
182,A,185,8,2,DG,EC,0.2408572027791899,Control,lighthouses
194,A,197,8,2,DG,EC,1.2213029599508534,Control,lakes
218,A,221,8,2,DG,EC,-0.5247442836885665,Control,beaches
235,A,238,8,2,DG,EC,1.8244583351882135,Control,beaches
5,A,8,8,3,DG,EC,-0.0608379602324543,Control,lakes
32,A,35,8,3,DG,EC,0.0087698365345893,Control,lighthouses
46,A,49,8,3,DG,EC,-0.1449556267027991,Control,beaches
57,A,60,8,3,DG,EC,0.3934372560301336,Control,lakes
61,A,64,8,3,DG,EC,-0.5163977597841334,Control,lighthouses
67,A,70,8,3,DG,EC,2.134127462382018,Control,beaches
72,A,75,8,3,DG,EC,0.0977672960292493,Control,lighthouses
87,A,90,8,3,DG,EC,4.1239159710695,Control,lakes
98,A,101,8,3,DG,EC,0.0007967256500768,Control,lakes
105,A,108,8,3,DG,EC,4.0688462195570905,Control,beaches
114,A,117,8,3,DG,EC,0.4068832313240976,Control,lighthouses
126,A,129,8,3,DG,EC,-0.3831245034606975,Control,beaches
149,A,152,8,3,DG,EC,0.0081592806685497,Control,lakes
154,A,157,8,3,DG,EC,0.9979225009734324,Control,lighthouses
167,A,170,8,3,DG,EC,0.6028930583044454,Control,beaches
179,A,182,8,3,DG,EC,0.892482802646642,Control,lighthouses
188,A,191,8,3,DG,EC,-0.2290298778159595,Control,lighthouses
197,A,200,8,3,DG,EC,-0.056507533813307,Control,lakes
207,A,210,8,3,DG,EC,1.401278085313748,Control,beaches
213,A,216,8,3,DG,EC,0.2733124186009675,Control,lakes
226,A,229,8,3,DG,EC,0.6887740064667881,Control,beaches
9,A,12,8,4,DG,EC,0.0349867986513171,Control,lighthouses
18,A,21,8,4,DG,EC,0.0842996569644448,Control,lighthouses
24,A,27,8,4,DG,EC,1.8782097662256476,Control,lakes
33,A,36,8,4,DG,EC,0.0092444796643646,Control,beaches
55,A,58,8,4,DG,EC,-0.0119898975054777,Control,beaches
70,A,73,8,4,DG,EC,0.3649330680914133,Control,beaches
78,A,81,8,4,DG,EC,0.6107114223783515,Control,beaches
84,A,87,8,4,DG,EC,0.8859311765751952,Control,lakes
104,A,107,8,4,DG,EC,0.847757907229435,Control,lakes
111,A,114,8,4,DG,EC,0.0224753948874123,Control,lighthouses
122,A,125,8,4,DG,EC,-0.0004253943189012,Control,lighthouses
133,A,136,8,4,DG,EC,0.0058518003694068,Control,lighthouses
145,A,148,8,4,DG,EC,0.5960210493601938,Control,lakes
151,A,154,8,4,DG,EC,-1.1954237237244454,Control,lighthouses
180,A,183,8,4,DG,EC,-0.0011528051471723,Control,lakes
184,A,187,8,4,DG,EC,0.2270981320124437,Control,lighthouses
192,A,195,8,4,DG,EC,0.072620100046926,Control,beaches
209,A,212,8,4,DG,EC,0.2809029416255317,Control,lakes
215,A,218,8,4,DG,EC,-0.0280795573399982,Control,beaches
221,A,224,8,4,DG,EC,0.3391451756852782,Control,lakes
236,A,239,8,4,DG,EC,-0.3275459991778033,Control,beaches
15,A,18,10,2,DG,EC,0.1688571441984701,Stress,lighthouses
23,A,26,10,2,DG,EC,-1.4601127708352089,Stress,mountains
43,A,46,10,2,DG,EC,0.002509661173893,Stress,lighthouses
51,A,54,10,2,DG,EC,-0.0555147488605929,Stress,mountains
62,A,65,10,2,DG,EC,0.8576339414422287,Stress,lighthouses
72,A,75,10,2,DG,EC,-0.7984164645474806,Stress,mountains
78,A,81,10,2,DG,EC,2.207080566434648,Stress,lighthouses
83,A,86,10,2,DG,EC,0.1984376333692809,Stress,mountains
122,A,125,10,2,DG,EC,1.2477858078888215,Stress,fields
135,A,138,10,2,DG,EC,2.321478892798834,Stress,lighthouses
150,A,153,10,2,DG,EC,1.119768522602093,Stress,fields
163,A,166,10,2,DG,EC,-0.0108494845386918,Stress,mountains
168,A,171,10,2,DG,EC,1.9587103581139789,Stress,fields
172,A,175,10,2,DG,EC,0.6721454638042763,Stress,mountains
178,A,181,10,2,DG,EC,0.0198686812386428,Stress,lighthouses
196,A,199,10,2,DG,EC,-0.1896781743906766,Stress,fields
210,A,213,10,2,DG,EC,0.2831538785660563,Stress,fields
214,A,217,10,2,DG,EC,-0.1462605845701103,Stress,mountains
229,A,232,10,2,DG,EC,0.4338962419727801,Stress,lighthouses
236,A,239,10,2,DG,EC,0.0876636297113902,Stress,fields
5,A,8,10,3,DG,EC,0.6011470108322936,Stress,lighthouses
19,A,22,10,3,DG,EC,0.6167001350699846,Stress,mountains
25,A,28,10,3,DG,EC,-0.0048032156381027,Stress,lighthouses
35,A,38,10,3,DG,EC,0.1153001015296799,Stress,fields
42,A,45,10,3,DG,EC,0.4247620513559713,Stress,mountains
53,A,56,10,3,DG,EC,0.6268443927280198,Stress,lighthouses
67,A,70,10,3,DG,EC,-0.0125006755104779,Stress,lighthouses
75,A,78,10,3,DG,EC,0.1262167924856604,Stress,mountains
141,A,144,10,3,DG,EC,0.8772165112959825,Stress,fields
160,A,163,10,3,DG,EC,4.406190412821173,Stress,fields
174,A,177,10,3,DG,EC,-0.0363121650857792,Stress,lighthouses
179,A,182,10,3,DG,EC,0.0008212299274077,Stress,mountains
227,A,230,10,3,DG,EC,-0.1480447363170012,Stress,fields
234,A,237,10,3,DG,EC,0.0120210006869872,Stress,mountains
5,A,8,10,4,DG,EC,0.1713658815784286,Stress,lighthouses
22,A,25,10,4,DG,EC,-0.1120642453458272,Stress,fields
27,A,30,10,4,DG,EC,0.1950393584578414,Stress,mountains
54,A,57,10,4,DG,EC,0.197662747571294,Stress,mountains
59,A,62,10,4,DG,EC,-0.0846821095243795,Stress,lighthouses
76,A,79,10,4,DG,EC,1.3887516986500013,Stress,mountains
83,A,86,10,4,DG,EC,-0.0754739926837415,Stress,lighthouses
93,A,96,10,4,DG,EC,0.458501248791763,Stress,lighthouses
113,A,116,10,4,DG,EC,0.0376279128796255,Stress,mountains
144,A,147,10,4,DG,EC,0.0007756368547933,Stress,fields
153,A,156,10,4,DG,EC,3.532789063378283,Stress,mountains
160,A,163,10,4,DG,EC,0.0486176801841139,Stress,mountains
168,A,171,10,4,DG,EC,0.0744834686530761,Stress,lighthouses
177,A,180,10,4,DG,EC,0.9846628339048276,Stress,fields
223,A,226,10,4,DG,EC,2.260768287393101,Stress,mountains
233,A,236,10,4,DG,EC,2.8643113521880146,Stress,fields
13,A,16,13,2,DG,EC,-0.1515016355014574,Control,fields
21,A,24,13,2,DG,EC,-0.0356183213291044,Control,forests
29,A,32,13,2,DG,EC,0.6499939260523614,Control,waterfalls
40,A,43,13,2,DG,EC,0.9248313274785396,Control,waterfalls
44,A,47,13,2,DG,EC,-0.915411108482801,Control,forests
62,A,65,13,2,DG,EC,0.3273672980287856,Control,fields
74,A,77,13,2,DG,EC,0.0113713133874087,Control,fields
94,A,97,13,2,DG,EC,-0.0904202976664565,Control,forests
109,A,112,13,2,DG,EC,-0.2687449657894071,Control,waterfalls
117,A,120,13,2,DG,EC,-0.2632136208646525,Control,waterfalls
125,A,128,13,2,DG,EC,0.7404084855056783,Control,forests
151,A,154,13,2,DG,EC,-0.0007015279496558,Control,fields
160,A,163,13,2,DG,EC,0.0013634294052032,Control,forests
165,A,168,13,2,DG,EC,-0.5105400754761557,Control,waterfalls
172,A,175,13,2,DG,EC,-0.3063699389482668,Control,forests
184,A,187,13,2,DG,EC,0.5211697258779058,Control,fields
196,A,199,13,2,DG,EC,0.0948676504461695,Control,waterfalls
207,A,210,13,2,DG,EC,0.5370130521301376,Control,fields
218,A,221,13,2,DG,EC,0.1119272444719373,Control,waterfalls
223,A,226,13,2,DG,EC,-0.0462556939631828,Control,forests
233,A,236,13,2,DG,EC,-0.8227542960312317,Control,fields
5,A,8,13,3,DG,EC,2.6858832243983497,Control,fields
19,A,22,13,3,DG,EC,-0.3403361937369094,Control,forests
37,A,40,13,3,DG,EC,0.0035204479349659,Control,fields
65,A,68,13,3,DG,EC,0.1190573216098724,Control,waterfalls
77,A,80,13,3,DG,EC,2.9539455297664325,Control,waterfalls
88,A,91,13,3,DG,EC,1.6910320619956565,Control,fields
101,A,104,13,3,DG,EC,0.0017878805871164,Control,fields
117,A,120,13,3,DG,EC,0.0007068763138263,Control,waterfalls
127,A,130,13,3,DG,EC,1.180271848301743,Control,waterfalls
136,A,139,13,3,DG,EC,0.0088009552219898,Control,forests
145,A,148,13,3,DG,EC,-5.506898401294681e-07,Control,forests
154,A,157,13,3,DG,EC,0.2384143529734451,Control,waterfalls
164,A,167,13,3,DG,EC,-1.2638882116152803,Control,forests
170,A,173,13,3,DG,EC,1.0572155955320854,Control,fields
176,A,179,13,3,DG,EC,0.0141546606101127,Control,forests
182,A,185,13,3,DG,EC,-0.0511907808563942,Control,waterfalls
187,A,190,13,3,DG,EC,-1.4121401887347398,Control,fields
201,A,204,13,3,DG,EC,0.2976348080271334,Control,fields
206,A,209,13,3,DG,EC,-0.0154979851799948,Control,waterfalls
217,A,220,13,3,DG,EC,-3.2058237225431667,Control,forests
230,A,233,13,3,DG,EC,-0.1073975952635872,Control,forests
8,A,11,13,4,DG,EC,0.5089361191455054,Control,forests
14,A,17,13,4,DG,EC,0.5925942564646174,Control,fields
28,A,31,13,4,DG,EC,-1.2084964868016397,Control,forests
38,A,41,13,4,DG,EC,-0.0214113388028133,Control,fields
46,A,49,13,4,DG,EC,-0.0142430940196927,Control,waterfalls
61,A,64,13,4,DG,EC,2.23947404090245,Control,waterfalls
70,A,73,13,4,DG,EC,6.251228031392516,Control,fields
78,A,81,13,4,DG,EC,5.019971204736186,Control,fields
90,A,93,13,4,DG,EC,0.9057775159009842,Control,fields
96,A,99,13,4,DG,EC,2.1556313088226857,Control,waterfalls
102,A,105,13,4,DG,EC,-0.1042285856933274,Control,forests
110,A,113,13,4,DG,EC,0.5902954323697014,Control,waterfalls
118,A,121,13,4,DG,EC,1.7613959898195335,Control,fields
144,A,147,13,4,DG,EC,0.3794403310004752,Control,forests
155,A,158,13,4,DG,EC,1.9106114068147089,Control,forests
161,A,164,13,4,DG,EC,1.499230946452754,Control,forests
170,A,173,13,4,DG,EC,-0.1289896431315472,Control,fields
197,A,200,13,4,DG,EC,0.0069829121727811,Control,waterfalls
210,A,213,13,4,DG,EC,0.1960738960993234,Control,waterfalls
219,A,222,13,4,DG,EC,-0.3431717199694598,Control,forests
228,A,231,13,4,DG,EC,-0.5001597834348189,Control,waterfalls
8,A,11,14,2,DG,EC,-0.2682486835275278,Stress,bridges
16,A,19,14,2,DG,EC,0.0055845721476517,Stress,fields
26,A,29,14,2,DG,EC,0.5002058961340836,Stress,fields
36,A,39,14,2,DG,EC,-0.965609385473074,Stress,bridges
46,A,49,14,2,DG,EC,-0.7606299169494273,Stress,bridges
58,A,61,14,2,DG,EC,-0.0450237343252064,Stress,waterfalls
67,A,70,14,2,DG,EC,0.2648643706193236,Stress,fields
86,A,89,14,2,DG,EC,-2.2820302372695305,Stress,fields
98,A,101,14,2,DG,EC,0.7014267369246233,Stress,fields
115,A,118,14,2,DG,EC,0.3527732886719767,Stress,waterfalls
126,A,129,14,2,DG,EC,0.0491838901856098,Stress,bridges
132,A,135,14,2,DG,EC,-1.3114763360906343,Stress,fields
140,A,143,14,2,DG,EC,0.0160988400673297,Stress,bridges
152,A,155,14,2,DG,EC,0.694591739006474,Stress,waterfalls
161,A,164,14,2,DG,EC,-0.4364072362501184,Stress,waterfalls
186,A,189,14,2,DG,EC,1.666125907505709,Stress,bridges
196,A,199,14,2,DG,EC,-0.2065084527466936,Stress,waterfalls
209,A,212,14,2,DG,EC,-0.1465180385637825,Stress,waterfalls
216,A,219,14,2,DG,EC,5.139244451976099,Stress,fields
224,A,227,14,2,DG,EC,-0.0479310599619882,Stress,waterfalls
228,A,231,14,2,DG,EC,-0.0426988195500828,Stress,bridges
5,A,8,14,3,DG,EC,0.278999840815094,Stress,fields
18,A,21,14,3,DG,EC,0.4279290132717464,Stress,fields
22,A,25,14,3,DG,EC,0.1052695378694888,Stress,bridges
30,A,33,14,3,DG,EC,-0.079246025072315,Stress,bridges
35,A,38,14,3,DG,EC,1.2941016308573614,Stress,fields
56,A,59,14,3,DG,EC,-0.1505030958220026,Stress,waterfalls
74,A,77,14,3,DG,EC,-0.3579068019919959,Stress,fields
83,A,86,14,3,DG,EC,0.7715346580409068,Stress,bridges
89,A,92,14,3,DG,EC,-0.4791986734734795,Stress,waterfalls
103,A,106,14,3,DG,EC,0.1782659663433117,Stress,bridges
111,A,114,14,3,DG,EC,0.1354910018661162,Stress,fields
131,A,134,14,3,DG,EC,1.157070604204638,Stress,waterfalls
143,A,146,14,3,DG,EC,-0.4554962789236341,Stress,fields
159,A,162,14,3,DG,EC,1.3268031262309623,Stress,waterfalls
168,A,171,14,3,DG,EC,0.2516650875855576,Stress,bridges
181,A,184,14,3,DG,EC,-0.2392502409759135,Stress,bridges
187,A,190,14,3,DG,EC,-0.5544724944609004,Stress,waterfalls
194,A,197,14,3,DG,EC,5.570366476168925,Stress,bridges
210,A,213,14,3,DG,EC,-0.3423331994198926,Stress,waterfalls
230,A,233,14,3,DG,EC,-0.0071218487798722,Stress,waterfalls
236,A,239,14,3,DG,EC,-0.7870940536961155,Stress,fields
10,A,13,14,4,DG,EC,2.4564032199882693,Stress,fields
14,A,17,14,4,DG,EC,0.7586568341531678,Stress,bridges
31,A,34,14,4,DG,EC,-0.2762991540077562,Stress,waterfalls
36,A,39,14,4,DG,EC,0.1962087720827209,Stress,fields
43,A,46,14,4,DG,EC,-0.1480520851894721,Stress,bridges
51,A,54,14,4,DG,EC,0.1018989225938298,Stress,fields
56,A,59,14,4,DG,EC,0.9427166471049532,Stress,waterfalls
67,A,70,14,4,DG,EC,0.0655581508486537,Stress,waterfalls
77,A,80,14,4,DG,EC,0.1777141780001449,Stress,bridges
86,A,89,14,4,DG,EC,0.2698753286648545,Stress,fields
104,A,107,14,4,DG,EC,-0.5862792168160201,Stress,waterfalls
113,A,116,14,4,DG,EC,0.2409298152707924,Stress,waterfalls
146,A,149,14,4,DG,EC,-0.0558888457926024,Stress,fields
157,A,160,14,4,DG,EC,2.363401629002217,Stress,bridges
167,A,170,14,4,DG,EC,-1.0351931950565858,Stress,bridges
176,A,179,14,4,DG,EC,-0.5255944358858632,Stress,fields
184,A,187,14,4,DG,EC,0.2640471499797871,Stress,bridges
204,A,207,14,4,DG,EC,3.444527630791706,Stress,waterfalls
216,A,219,14,4,DG,EC,-0.521167338494782,Stress,waterfalls
5,A,8,15,2,DG,EC,0.1888618576473494,Control,lakes
13,A,16,15,2,DG,EC,-0.574754614782191,Control,lakes
19,A,22,15,2,DG,EC,0.1686377011078107,Control,mountains
34,A,37,15,2,DG,EC,-0.2333176761982274,Control,lakes
45,A,48,15,2,DG,EC,0.9669685881705524,Control,lakes
54,A,57,15,2,DG,EC,-0.3114008042402547,Control,deserts
63,A,66,15,2,DG,EC,0.5247995348061342,Control,deserts
82,A,85,15,2,DG,EC,1.4566953925489945,Control,mountains
89,A,92,15,2,DG,EC,0.0142352995938143,Control,mountains
118,A,121,15,2,DG,EC,-1.1979501196932416,Control,deserts
128,A,131,15,2,DG,EC,0.814535145829313,Control,mountains
141,A,144,15,2,DG,EC,0.1776295690824525,Control,deserts
146,A,149,15,2,DG,EC,1.339722403356431,Control,lakes
153,A,156,15,2,DG,EC,0.3560746861317244,Control,deserts
161,A,164,15,2,DG,EC,-0.0725348007718456,Control,lakes
180,A,183,15,2,DG,EC,0.3088111232332103,Control,deserts
192,A,195,15,2,DG,EC,-0.943406622010672,Control,mountains
198,A,201,15,2,DG,EC,-0.0013524254996426,Control,deserts
204,A,207,15,2,DG,EC,-0.0589707669334586,Control,mountains
212,A,215,15,2,DG,EC,0.4136656935930111,Control,lakes
229,A,232,15,2,DG,EC,0.7282724666119019,Control,mountains
13,A,16,15,3,DG,EC,4.019146360491825,Control,lakes
32,A,35,15,3,DG,EC,-1.086208976489467,Control,mountains
40,A,43,15,3,DG,EC,0.008352095454473,Control,lakes
52,A,55,15,3,DG,EC,1.434499427395713,Control,deserts
60,A,63,15,3,DG,EC,0.1808719322959957,Control,mountains
69,A,72,15,3,DG,EC,-0.0335371771124232,Control,mountains
79,A,82,15,3,DG,EC,1.0546022584304886,Control,lakes
91,A,94,15,3,DG,EC,-0.1422727027139469,Control,deserts
106,A,109,15,3,DG,EC,-0.0145892696788476,Control,lakes
110,A,113,15,3,DG,EC,-0.5556209597697295,Control,deserts
126,A,129,15,3,DG,EC,-0.615192049569132,Control,lakes
141,A,144,15,3,DG,EC,0.5465952464496159,Control,deserts
155,A,158,15,3,DG,EC,0.0278450149643972,Control,mountains
165,A,168,15,3,DG,EC,-0.3242484345860513,Control,deserts
181,A,184,15,3,DG,EC,1.1715081047885496,Control,mountains
194,A,197,15,3,DG,EC,0.5077124740711013,Control,deserts
201,A,204,15,3,DG,EC,0.753660598547183,Control,lakes
206,A,209,15,3,DG,EC,4.08963835227257,Control,mountains
225,A,228,15,3,DG,EC,-0.4138372710737773,Control,mountains
230,A,233,15,3,DG,EC,1.857240398592869,Control,deserts
236,A,239,15,3,DG,EC,0.4360170762428493,Control,lakes
9,A,12,15,4,DG,EC,-0.767810993834368,Control,mountains
17,A,20,15,4,DG,EC,-0.1598175345590615,Control,deserts
27,A,30,15,4,DG,EC,-0.3157860828492097,Control,mountains
34,A,37,15,4,DG,EC,0.2869584555135334,Control,lakes
38,A,41,15,4,DG,EC,-0.4748084431290269,Control,deserts
50,A,53,15,4,DG,EC,0.6414315785088336,Control,lakes
62,A,65,15,4,DG,EC,0.1455274353412707,Control,lakes
78,A,81,15,4,DG,EC,0.7179099071327407,Control,deserts
96,A,99,15,4,DG,EC,0.2590875937564318,Control,lakes
101,A,104,15,4,DG,EC,-0.3131956867953858,Control,mountains
110,A,113,15,4,DG,EC,1.592108898002583,Control,mountains
130,A,133,15,4,DG,EC,-0.4268573291527463,Control,mountains
141,A,144,15,4,DG,EC,-1.088585010572718,Control,mountains
150,A,153,15,4,DG,EC,0.0352851209251292,Control,deserts
158,A,161,15,4,DG,EC,2.087186665014063,Control,lakes
163,A,166,15,4,DG,EC,0.963040643959612,Control,deserts
173,A,176,15,4,DG,EC,0.3789360658461199,Control,deserts
196,A,199,15,4,DG,EC,-0.0932178967064931,Control,lakes
203,A,206,15,4,DG,EC,0.4030181684048924,Control,deserts
225,A,228,15,4,DG,EC,-0.3358007027940774,Control,lakes
233,A,236,15,4,DG,EC,4.2125365547878095,Control,mountains
16,A,19,17,2,DG,EC,0.1509982090173694,Control,marshes
36,A,39,17,2,DG,EC,-0.0859546790100593,Control,canyons
43,A,46,17,2,DG,EC,-0.8969940871767655,Control,fields
49,A,52,17,2,DG,EC,0.5260041292588914,Control,canyons
63,A,66,17,2,DG,EC,-0.0815246591041529,Control,canyons
81,A,84,17,2,DG,EC,-0.667980557367815,Control,marshes
91,A,94,17,2,DG,EC,1.5614562729054566,Control,fields
97,A,100,17,2,DG,EC,-0.3942833086788375,Control,canyons
107,A,110,17,2,DG,EC,-0.7474260677200458,Control,fields
111,A,114,17,2,DG,EC,0.145226499620613,Control,canyons
118,A,121,17,2,DG,EC,0.1033950036790677,Control,fields
122,A,125,17,2,DG,EC,1.9413388054272835,Control,marshes
133,A,136,17,2,DG,EC,-1.7092950112990608,Control,fields
139,A,142,17,2,DG,EC,0.0726055576865367,Control,marshes
152,A,155,17,2,DG,EC,0.0017512018042935,Control,canyons
182,A,185,17,2,DG,EC,0.0632761787575292,Control,marshes
192,A,195,17,2,DG,EC,-1.1557398188258314,Control,fields
206,A,209,17,2,DG,EC,0.1043128060595402,Control,canyons
211,A,214,17,2,DG,EC,0.1126444124980828,Control,fields
217,A,220,17,2,DG,EC,-1.0834813510840575,Control,marshes
228,A,231,17,2,DG,EC,-0.8258649700375301,Control,marshes
7,A,10,17,3,DG,EC,0.4811090943222333,Control,fields
15,A,18,17,3,DG,EC,0.6491516055368616,Control,fields
24,A,27,17,3,DG,EC,-0.1145425158434596,Control,marshes
49,A,52,17,3,DG,EC,-0.0595795807458486,Control,marshes
60,A,63,17,3,DG,EC,-0.1137451812165913,Control,fields
76,A,79,17,3,DG,EC,-0.2817684293860016,Control,canyons
81,A,84,17,3,DG,EC,-0.1054744574888143,Control,marshes
88,A,91,17,3,DG,EC,-0.2252905278919667,Control,marshes
99,A,102,17,3,DG,EC,1.1439202135252469,Control,marshes
109,A,112,17,3,DG,EC,-0.1388762146432085,Control,fields
115,A,118,17,3,DG,EC,-0.1577137246722415,Control,canyons
125,A,128,17,3,DG,EC,0.2986977502909987,Control,fields
142,A,145,17,3,DG,EC,-1.157990919598164,Control,canyons
177,A,180,17,3,DG,EC,0.1489888374383428,Control,canyons
186,A,189,17,3,DG,EC,0.0178440454988012,Control,fields
199,A,202,17,3,DG,EC,1.410056243005844,Control,canyons
219,A,222,17,3,DG,EC,-0.29127366841311,Control,canyons
223,A,226,17,3,DG,EC,1.728494253937193,Control,marshes
228,A,231,17,3,DG,EC,0.6362003558753979,Control,canyons
237,A,240,17,3,DG,EC,0.3383152337853304,Control,fields
9,A,12,17,4,DG,EC,1.079980118798891,Control,fields
17,A,20,17,4,DG,EC,-0.2550265830510781,Control,marshes
25,A,28,17,4,DG,EC,0.0469286501962138,Control,canyons
41,A,44,17,4,DG,EC,-0.6978452319187549,Control,fields
50,A,53,17,4,DG,EC,-0.0604214312406219,Control,marshes
60,A,63,17,4,DG,EC,-0.0455897885562152,Control,fields
72,A,75,17,4,DG,EC,0.3703629202037208,Control,marshes
88,A,91,17,4,DG,EC,0.0571309210136915,Control,marshes
93,A,96,17,4,DG,EC,1.931172820696948,Control,fields
105,A,108,17,4,DG,EC,0.3130380150655305,Control,marshes
131,A,134,17,4,DG,EC,-0.0423022865893574,Control,marshes
181,A,184,17,4,DG,EC,0.1738519044018056,Control,canyons
202,A,205,17,4,DG,EC,-0.013606133004578,Control,fields
219,A,222,17,4,DG,EC,1.2159174049833883,Control,canyons
233,A,236,17,4,DG,EC,0.0930279118926307,Control,marshes
8,A,11,20,2,DG,EC,0.1052458857968446,Control,parks
16,A,19,20,2,DG,EC,0.0950915436466627,Control,beaches
33,A,36,20,2,DG,EC,-0.0051046070225761,Control,deserts
40,A,43,20,2,DG,EC,-0.2063961093481306,Control,beaches
55,A,58,20,2,DG,EC,-0.042838223181636,Control,parks
73,A,76,20,2,DG,EC,-0.2004068333958163,Control,beaches
80,A,83,20,2,DG,EC,-0.0953869673367155,Control,deserts
86,A,89,20,2,DG,EC,-0.1942993111623926,Control,parks
104,A,107,20,2,DG,EC,-0.1454031665552261,Control,beaches
110,A,113,20,2,DG,EC,0.2840722601875165,Control,parks
124,A,127,20,2,DG,EC,0.0640930328512853,Control,deserts
132,A,135,20,2,DG,EC,-0.0640972100354719,Control,beaches
157,A,160,20,2,DG,EC,1.614330169695129,Control,parks
162,A,165,20,2,DG,EC,-0.2482993409413854,Control,deserts
174,A,177,20,2,DG,EC,-0.3974641209601375,Control,parks
193,A,196,20,2,DG,EC,0.7172252258738616,Control,deserts
199,A,202,20,2,DG,EC,0.2991116040940827,Control,parks
205,A,208,20,2,DG,EC,-0.1352534454173922,Control,deserts
214,A,217,20,2,DG,EC,2.1998305910468168,Control,beaches
220,A,223,20,2,DG,EC,0.1589356609753116,Control,deserts
228,A,231,20,2,DG,EC,-0.2870690923005572,Control,beaches
32,A,35,20,3,DG,EC,0.7947046838732101,Control,parks
42,A,45,20,3,DG,EC,0.4093647960637371,Control,deserts
47,A,50,20,3,DG,EC,0.4545784733979167,Control,beaches
68,A,71,20,3,DG,EC,0.7227672652787683,Control,deserts
74,A,77,20,3,DG,EC,2.783532811654624,Control,beaches
88,A,91,20,3,DG,EC,2.3542347222016886,Control,parks
102,A,105,20,3,DG,EC,0.795407394352798,Control,beaches
110,A,113,20,3,DG,EC,0.1990917014894325,Control,parks
124,A,127,20,3,DG,EC,0.8583724838268668,Control,deserts
135,A,138,20,3,DG,EC,-0.1222921689278565,Control,parks
142,A,145,20,3,DG,EC,-0.0139433222860111,Control,beaches
162,A,165,20,3,DG,EC,-0.7326732299421922,Control,deserts
168,A,171,20,3,DG,EC,-0.0907278595976128,Control,beaches
176,A,179,20,3,DG,EC,0.3279430822048517,Control,beaches
184,A,187,20,3,DG,EC,0.0576342218758925,Control,parks
201,A,204,20,3,DG,EC,0.0405508632238949,Control,deserts
206,A,209,20,3,DG,EC,-0.2210891530645012,Control,parks
210,A,213,20,3,DG,EC,-2.766593558319109,Control,deserts
218,A,221,20,3,DG,EC,0.2347873160291757,Control,deserts
226,A,229,20,3,DG,EC,0.0356567903678531,Control,beaches
234,A,237,20,3,DG,EC,0.0726764794149141,Control,parks
5,A,8,20,4,DG,EC,0.0031846679397659,Control,parks
14,A,17,20,4,DG,EC,1.3454004670615662,Control,deserts
37,A,40,20,4,DG,EC,0.0657764133732737,Control,parks
57,A,60,20,4,DG,EC,0.1493354259126618,Control,beaches
66,A,69,20,4,DG,EC,0.0329378751354033,Control,beaches
76,A,79,20,4,DG,EC,-0.0491288590495351,Control,deserts
81,A,84,20,4,DG,EC,0.7978301064542875,Control,beaches
97,A,100,20,4,DG,EC,-1.1635808760135062,Control,parks
114,A,117,20,4,DG,EC,0.0482240098913354,Control,beaches
138,A,141,20,4,DG,EC,0.0114917022979885,Control,deserts
144,A,147,20,4,DG,EC,-0.4121648605983564,Control,beaches
157,A,160,20,4,DG,EC,1.368229275336624,Control,parks
164,A,167,20,4,DG,EC,1.941663216216717,Control,parks
170,A,173,20,4,DG,EC,0.7948119226066802,Control,beaches
177,A,180,20,4,DG,EC,0.9200438905304908,Control,parks
185,A,188,20,4,DG,EC,-0.1404414390633384,Control,beaches
190,A,193,20,4,DG,EC,-0.0170626886059396,Control,deserts
207,A,210,20,4,DG,EC,0.4866422269433301,Control,deserts
212,A,215,20,4,DG,EC,-0.3440137014881049,Control,parks
220,A,223,20,4,DG,EC,0.3051284915899971,Control,deserts
228,A,231,20,4,DG,EC,0.4799838193907602,Control,deserts
10,A,13,21,2,DG,EC,0.8285188497877052,Stress,beaches
28,A,31,21,2,DG,EC,0.7816882021299006,Stress,deserts
43,A,46,21,2,DG,EC,-0.8022416683959429,Stress,deserts
51,A,54,21,2,DG,EC,0.1097923777342286,Stress,beaches
59,A,62,21,2,DG,EC,0.3936289951709535,Stress,beaches
75,A,78,21,2,DG,EC,1.44829829811795,Stress,deserts
82,A,85,21,2,DG,EC,-0.1797309791794216,Stress,marshes
93,A,96,21,2,DG,EC,-0.2044078776539193,Stress,marshes
99,A,102,21,2,DG,EC,-0.3726854823811287,Stress,beaches
107,A,110,21,2,DG,EC,0.8612707905367808,Stress,beaches
114,A,117,21,2,DG,EC,-0.1789859618135523,Stress,deserts
127,A,130,21,2,DG,EC,-0.7687041842838076,Stress,beaches
136,A,139,21,2,DG,EC,0.0497155561635742,Stress,marshes
152,A,155,21,2,DG,EC,0.062307861044362,Stress,deserts
164,A,167,21,2,DG,EC,-0.0064061182543256,Stress,deserts
190,A,193,21,2,DG,EC,2.220232803178774,Stress,marshes
206,A,209,21,2,DG,EC,-0.1147293020669227,Stress,marshes
217,A,220,21,2,DG,EC,0.1940867896749847,Stress,marshes
227,A,230,21,2,DG,EC,-0.5748625223035556,Stress,deserts
232,A,235,21,2,DG,EC,-2.5797212889666885,Stress,marshes
238,A,241,21,2,DG,EC,0.0041478968582356,Stress,beaches
10,A,13,21,3,DG,EC,2.223084401506958,Stress,deserts
16,A,19,21,3,DG,EC,0.1998391233337838,Stress,marshes
35,A,38,21,3,DG,EC,-0.7504854634714869,Stress,beaches
46,A,49,21,3,DG,EC,3.179548435604516,Stress,deserts
51,A,54,21,3,DG,EC,0.1073066107938694,Stress,marshes
61,A,64,21,3,DG,EC,0.5891353514607723,Stress,beaches
70,A,73,21,3,DG,EC,0.7600765707494374,Stress,marshes
93,A,96,21,3,DG,EC,-0.3236652178468908,Stress,marshes
102,A,105,21,3,DG,EC,0.2421592535112274,Stress,deserts
124,A,127,21,3,DG,EC,-0.5836864659608694,Stress,beaches
134,A,137,21,3,DG,EC,1.487808781408021,Stress,beaches
143,A,146,21,3,DG,EC,-0.012423480317361,Stress,beaches
149,A,152,21,3,DG,EC,-0.8217294292272779,Stress,beaches
155,A,158,21,3,DG,EC,-0.0103510474183755,Stress,deserts
166,A,169,21,3,DG,EC,0.5522298033460381,Stress,deserts
170,A,173,21,3,DG,EC,-0.148646348553112,Stress,marshes
179,A,182,21,3,DG,EC,-0.8426591016503593,Stress,beaches
207,A,210,21,3,DG,EC,0.8750127632100654,Stress,marshes
215,A,218,21,3,DG,EC,0.0944753627018856,Stress,deserts
224,A,227,21,3,DG,EC,-0.3014298211127128,Stress,marshes
229,A,232,21,3,DG,EC,-0.4243519385959473,Stress,deserts
18,A,21,21,4,DG,EC,-0.0339252813705751,Stress,marshes
28,A,31,21,4,DG,EC,0.1879989114446749,Stress,beaches
34,A,37,21,4,DG,EC,-0.0083128231809271,Stress,marshes
43,A,46,21,4,DG,EC,1.7571854814902323,Stress,beaches
48,A,51,21,4,DG,EC,-0.2327651403923383,Stress,deserts
57,A,60,21,4,DG,EC,0.813091175720178,Stress,marshes
68,A,71,21,4,DG,EC,0.0887096339871118,Stress,deserts
82,A,85,21,4,DG,EC,0.3974266667886795,Stress,deserts
90,A,93,21,4,DG,EC,2.2120547871016947,Stress,beaches
99,A,102,21,4,DG,EC,-0.0959891529182619,Stress,marshes
115,A,118,21,4,DG,EC,-0.0021376042968347,Stress,beaches
120,A,123,21,4,DG,EC,-0.069002470920522,Stress,marshes
133,A,136,21,4,DG,EC,-0.4634405997589608,Stress,deserts
154,A,157,21,4,DG,EC,-0.1105378737991323,Stress,marshes
164,A,167,21,4,DG,EC,0.2928691690758591,Stress,deserts
174,A,177,21,4,DG,EC,0.3040825187586302,Stress,deserts
183,A,186,21,4,DG,EC,1.52813542382225,Stress,beaches
195,A,198,21,4,DG,EC,0.963983362971342,Stress,marshes
208,A,211,21,4,DG,EC,5.360593894150377,Stress,beaches
229,A,232,21,4,DG,EC,0.1823207712027598,Stress,deserts
236,A,239,21,4,DG,EC,0.4242807852292812,Stress,beaches
11,A,14,23,2,DG,EC,-0.0050644136740715,Stress,parks
22,A,25,23,2,DG,EC,0.2646543051667348,Stress,lighthouses
34,A,37,23,2,DG,EC,-0.1610484374633236,Stress,parks
39,A,42,23,2,DG,EC,0.0536609984874417,Stress,canyons
48,A,51,23,2,DG,EC,0.884760693328988,Stress,parks
58,A,61,23,2,DG,EC,1.7654805853033793,Stress,canyons
74,A,77,23,2,DG,EC,-0.3076667321399244,Stress,parks
92,A,95,23,2,DG,EC,-0.1347725579161853,Stress,canyons
101,A,104,23,2,DG,EC,-0.2276336339720333,Stress,lighthouses
114,A,117,23,2,DG,EC,-0.3524809284716578,Stress,canyons
124,A,127,23,2,DG,EC,-0.0753827133001307,Stress,parks
132,A,135,23,2,DG,EC,-0.5833122434324318,Stress,lighthouses
141,A,144,23,2,DG,EC,0.7985074486236209,Stress,lighthouses
169,A,172,23,2,DG,EC,0.7196608099196211,Stress,canyons
175,A,178,23,2,DG,EC,-1.1036372490458637,Stress,lighthouses
185,A,188,23,2,DG,EC,3.732496620878435,Stress,lighthouses
195,A,198,23,2,DG,EC,6.928000332410552,Stress,canyons
205,A,208,23,2,DG,EC,0.0115391268978601,Stress,parks
211,A,214,23,2,DG,EC,0.4134491426163758,Stress,canyons
224,A,227,23,2,DG,EC,0.8290440455605927,Stress,lighthouses
232,A,235,23,2,DG,EC,-1.4240368437495912,Stress,parks
5,A,8,23,3,DG,EC,-0.1275272031737579,Stress,lighthouses
22,A,25,23,3,DG,EC,0.0053066621884102,Stress,parks
36,A,39,23,3,DG,EC,0.0630168337431915,Stress,canyons
45,A,48,23,3,DG,EC,0.4839747015282644,Stress,parks
61,A,64,23,3,DG,EC,0.459028236865068,Stress,lighthouses
68,A,71,23,3,DG,EC,0.0052436822692659,Stress,lighthouses
83,A,86,23,3,DG,EC,-0.4758390748329162,Stress,canyons
93,A,96,23,3,DG,EC,-0.8916334057055774,Stress,lighthouses
100,A,103,23,3,DG,EC,-0.5738793157396128,Stress,parks
107,A,110,23,3,DG,EC,-1.5659925529510712,Stress,canyons
129,A,132,23,3,DG,EC,3.729067393620812,Stress,lighthouses
139,A,142,23,3,DG,EC,0.4931589030462111,Stress,parks
144,A,147,23,3,DG,EC,-0.1226744955389012,Stress,canyons
149,A,152,23,3,DG,EC,5.243284028638772,Stress,parks
164,A,167,23,3,DG,EC,-0.6746899481763129,Stress,parks
171,A,174,23,3,DG,EC,-0.1606741513605031,Stress,canyons
195,A,198,23,3,DG,EC,-1.185839504107234,Stress,lighthouses
211,A,214,23,3,DG,EC,0.0065769089071456,Stress,canyons
219,A,222,23,3,DG,EC,0.0023288880419857,Stress,lighthouses
226,A,229,23,3,DG,EC,-2.394450367291848,Stress,canyons
230,A,233,23,3,DG,EC,1.3073113744745235,Stress,parks
10,A,13,23,4,DG,EC,0.2684121986322562,Stress,lighthouses
20,A,23,23,4,DG,EC,-0.2919000560365787,Stress,parks
32,A,35,23,4,DG,EC,-0.8824572760393955,Stress,lighthouses
40,A,43,23,4,DG,EC,2.857248684448936,Stress,parks
52,A,55,23,4,DG,EC,0.0218482996457254,Stress,canyons
70,A,73,23,4,DG,EC,-0.0018057719738396,Stress,canyons
77,A,80,23,4,DG,EC,1.6498308541256947,Stress,canyons
89,A,92,23,4,DG,EC,-0.2004643693052098,Stress,lighthouses
94,A,97,23,4,DG,EC,0.009511180992253,Stress,parks
99,A,102,23,4,DG,EC,0.0083694755718906,Stress,canyons
107,A,110,23,4,DG,EC,-3.331041101095935,Stress,lighthouses
113,A,116,23,4,DG,EC,-0.0001630795491051,Stress,canyons
119,A,122,23,4,DG,EC,0.5672273166130883,Stress,lighthouses
127,A,130,23,4,DG,EC,-0.6215836452601721,Stress,lighthouses
171,A,174,23,4,DG,EC,-0.0996231459365722,Stress,canyons
186,A,189,23,4,DG,EC,0.1173462145121512,Stress,lighthouses
192,A,195,23,4,DG,EC,0.8514489646429041,Stress,parks
210,A,213,23,4,DG,EC,1.239789264589766,Stress,canyons
216,A,219,23,4,DG,EC,0.0106591287842801,Stress,parks
223,A,226,23,4,DG,EC,2.6803210005755944,Stress,parks
232,A,235,23,4,DG,EC,-0.0471577036620211,Stress,parks
5,A,8,24,2,DG,EC,-0.1641496435366053,Stress,waterfalls
33,A,36,24,2,DG,EC,1.0419166231736736,Stress,waterfalls
39,A,42,24,2,DG,EC,0.0035527602820422,Stress,lakes
69,A,72,24,2,DG,EC,-0.5097013748685478,Stress,waterfalls
75,A,78,24,2,DG,EC,0.2830478828872338,Stress,lakes
81,A,84,24,2,DG,EC,-0.3240830904749679,Stress,beaches
88,A,91,24,2,DG,EC,0.919093458479957,Stress,lakes
97,A,100,24,2,DG,EC,-1.1409454377521735,Stress,beaches
114,A,117,24,2,DG,EC,-0.0088365193399675,Stress,lakes
128,A,131,24,2,DG,EC,-1.714508490164789,Stress,waterfalls
146,A,149,24,2,DG,EC,-0.6008279554835507,Stress,beaches
152,A,155,24,2,DG,EC,-0.0001827055094024,Stress,lakes
165,A,168,24,2,DG,EC,-0.1650748511578747,Stress,beaches
169,A,172,24,2,DG,EC,0.4219454858723208,Stress,waterfalls
180,A,183,24,2,DG,EC,-1.5152527276086378,Stress,beaches
191,A,194,24,2,DG,EC,-2.0378121147870174,Stress,beaches
200,A,203,24,2,DG,EC,1.0187949278992094,Stress,waterfalls
213,A,216,24,2,DG,EC,-0.0291106022624849,Stress,lakes
220,A,223,24,2,DG,EC,0.0868793131333514,Stress,beaches
228,A,231,24,2,DG,EC,0.5083319243546399,Stress,lakes
234,A,237,24,2,DG,EC,0.6744938025320057,Stress,waterfalls
5,A,8,24,3,DG,EC,1.1349100582824618,Stress,waterfalls
47,A,50,24,3,DG,EC,2.400852672651569,Stress,beaches
52,A,55,24,3,DG,EC,0.4955969522909866,Stress,waterfalls
61,A,64,24,3,DG,EC,-0.5384749278524706,Stress,lakes
66,A,69,24,3,DG,EC,0.258402751191604,Stress,waterfalls
81,A,84,24,3,DG,EC,0.0330932701312976,Stress,beaches
101,A,104,24,3,DG,EC,0.3231441298470938,Stress,beaches
114,A,117,24,3,DG,EC,-0.3600068643318144,Stress,lakes
124,A,127,24,3,DG,EC,0.2812110442390653,Stress,beaches
134,A,137,24,3,DG,EC,1.816878936602936,Stress,lakes
141,A,144,24,3,DG,EC,0.0034595879827355,Stress,waterfalls
148,A,151,24,3,DG,EC,0.0340419094828836,Stress,lakes
156,A,159,24,3,DG,EC,1.861549647036744,Stress,waterfalls
164,A,167,24,3,DG,EC,-0.72491323803887,Stress,beaches
177,A,180,24,3,DG,EC,-0.3690812453331847,Stress,lakes
185,A,188,24,3,DG,EC,1.8084287945120645,Stress,waterfalls
191,A,194,24,3,DG,EC,-0.7515056105788945,Stress,lakes
203,A,206,24,3,DG,EC,0.0151713995947067,Stress,beaches
212,A,215,24,3,DG,EC,-0.1448514668197221,Stress,lakes
220,A,223,24,3,DG,EC,-0.1939538346506248,Stress,waterfalls
234,A,237,24,3,DG,EC,0.7278639369884129,Stress,beaches
5,A,8,24,4,DG,EC,-0.0661733818647212,Stress,waterfalls
15,A,18,24,4,DG,EC,0.0281400075266262,Stress,lakes
21,A,24,24,4,DG,EC,-0.3847564311150603,Stress,waterfalls
33,A,36,24,4,DG,EC,1.0965587475761496,Stress,lakes
47,A,50,24,4,DG,EC,1.7187765069473893,Stress,beaches
55,A,58,24,4,DG,EC,-0.2158389227931964,Stress,beaches
73,A,76,24,4,DG,EC,0.6139064453711178,Stress,beaches
80,A,83,24,4,DG,EC,0.5681837707463816,Stress,beaches
101,A,104,24,4,DG,EC,0.8696030714608544,Stress,waterfalls
118,A,121,24,4,DG,EC,1.587144928891703,Stress,lakes
132,A,135,24,4,DG,EC,-0.0254901767064553,Stress,waterfalls
143,A,146,24,4,DG,EC,2.6180090912577616,Stress,waterfalls
156,A,159,24,4,DG,EC,4.1018497029003417e-05,Stress,lakes
169,A,172,24,4,DG,EC,1.359809001081549e-06,Stress,beaches
177,A,180,24,4,DG,EC,0.2936111058851764,Stress,lakes
188,A,191,24,4,DG,EC,1.3821881965878926,Stress,lakes
196,A,199,24,4,DG,EC,0.1638763130899754,Stress,waterfalls
207,A,210,24,4,DG,EC,-0.4640343302769306,Stress,beaches
214,A,217,24,4,DG,EC,0.356050202154161,Stress,lakes
219,A,222,24,4,DG,EC,1.5907655796984486,Stress,beaches
223,A,226,24,4,DG,EC,-0.0660948802344919,Stress,waterfalls
10,A,13,28,2,DG,EC,2.6808349296147727,Stress,mountains
18,A,21,28,2,DG,EC,0.9138082294975102,Stress,canyons
27,A,30,28,2,DG,EC,0.2272518631634403,Stress,canyons
35,A,38,28,2,DG,EC,-0.0996719621800686,Stress,mountains
54,A,57,28,2,DG,EC,0.0038915490783478,Stress,canyons
65,A,68,28,2,DG,EC,0.4544307389672163,Stress,lighthouses
80,A,83,28,2,DG,EC,1.9321112152897848,Stress,lighthouses
85,A,88,28,2,DG,EC,-0.2920217474667399,Stress,canyons
93,A,96,28,2,DG,EC,-0.0029896201225425,Stress,lighthouses
106,A,109,28,2,DG,EC,1.0289362384596985,Stress,canyons
111,A,114,28,2,DG,EC,-0.3403763546491616,Stress,mountains
121,A,124,28,2,DG,EC,0.7721454465768202,Stress,canyons
135,A,138,28,2,DG,EC,-0.4186818577747084,Stress,lighthouses
141,A,144,28,2,DG,EC,0.9820504684112484,Stress,canyons
146,A,149,28,2,DG,EC,-0.0384383081200841,Stress,mountains
175,A,178,28,2,DG,EC,2.211147325195584,Stress,lighthouses
193,A,196,28,2,DG,EC,-1.115502532258955,Stress,lighthouses
203,A,206,28,2,DG,EC,0.6200920392839205,Stress,mountains
217,A,220,28,2,DG,EC,0.1364374439801824,Stress,mountains
224,A,227,28,2,DG,EC,0.893109162505735,Stress,lighthouses
233,A,236,28,2,DG,EC,-0.0440745170054939,Stress,mountains
7,A,10,28,3,DG,EC,0.0549303277806107,Stress,canyons
15,A,18,28,3,DG,EC,1.9353086017413184,Stress,canyons
22,A,25,28,3,DG,EC,4.786041730258231,Stress,lighthouses
27,A,30,28,3,DG,EC,-0.2551053967830772,Stress,canyons
54,A,57,28,3,DG,EC,1.6183548729542838,Stress,lighthouses
75,A,78,28,3,DG,EC,-0.3436153606316308,Stress,mountains
88,A,91,28,3,DG,EC,0.1167633393579981,Stress,canyons
92,A,95,28,3,DG,EC,-0.5442168882744557,Stress,mountains
104,A,107,28,3,DG,EC,-0.1544805440637061,Stress,canyons
126,A,129,28,3,DG,EC,1.0603599644723796,Stress,lighthouses
137,A,140,28,3,DG,EC,0.0019759218680141,Stress,mountains
149,A,152,28,3,DG,EC,0.0031401061919681,Stress,lighthouses
154,A,157,28,3,DG,EC,0.0939625583704023,Stress,mountains
164,A,167,28,3,DG,EC,0.0482791458185798,Stress,lighthouses
169,A,172,28,3,DG,EC,0.1614684694781263,Stress,canyons
183,A,186,28,3,DG,EC,0.1449216373190835,Stress,canyons
192,A,195,28,3,DG,EC,0.0160420866895778,Stress,mountains
199,A,202,28,3,DG,EC,0.0943735057933902,Stress,lighthouses
219,A,222,28,3,DG,EC,1.1156005689259008,Stress,mountains
233,A,236,28,3,DG,EC,-1.2666734706364595,Stress,mountains
238,A,241,28,3,DG,EC,2.32522517522065,Stress,lighthouses
5,A,8,28,4,DG,EC,-0.0408561355267558,Stress,mountains
17,A,20,28,4,DG,EC,1.8260654597077275,Stress,mountains
26,A,29,28,4,DG,EC,-0.838225883201198,Stress,lighthouses
41,A,44,28,4,DG,EC,0.330401841619686,Stress,canyons
47,A,50,28,4,DG,EC,1.3516577870053077,Stress,lighthouses
72,A,75,28,4,DG,EC,-0.0010204983775669,Stress,canyons
78,A,81,28,4,DG,EC,-0.0019289861326982,Stress,mountains
100,A,103,28,4,DG,EC,-0.8251101225201467,Stress,canyons
117,A,120,28,4,DG,EC,0.8243181373313423,Stress,canyons
138,A,141,28,4,DG,EC,0.1926795303266877,Stress,lighthouses
145,A,148,28,4,DG,EC,3.1108309031057195,Stress,canyons
154,A,157,28,4,DG,EC,1.0976926620549523,Stress,mountains
165,A,168,28,4,DG,EC,0.3965205312537246,Stress,lighthouses
170,A,173,28,4,DG,EC,-1.7641688573701146,Stress,canyons
176,A,179,28,4,DG,EC,-2.520980814645768,Stress,mountains
185,A,188,28,4,DG,EC,2.143839872744368,Stress,mountains
201,A,204,28,4,DG,EC,-0.7211859575199099,Stress,lighthouses
206,A,209,28,4,DG,EC,0.0518650482922125,Stress,canyons
211,A,214,28,4,DG,EC,-0.0009011985833896,Stress,lighthouses
224,A,227,28,4,DG,EC,0.5782076324621975,Stress,lighthouses
236,A,239,28,4,DG,EC,0.2252862673278675,Stress,mountains
5,A,8,29,2,DG,EC,-0.1183963002980445,Control,parks
17,A,20,29,2,DG,EC,0.0801521121443598,Control,parks
47,A,50,29,2,DG,EC,2.113865045313105,Control,mountains
54,A,57,29,2,DG,EC,0.2301167678763689,Control,deserts
80,A,83,29,2,DG,EC,-0.3390375062881167,Control,parks
94,A,97,29,2,DG,EC,1.404154453607375,Control,deserts
99,A,102,29,2,DG,EC,0.1945807169693895,Control,parks
104,A,107,29,2,DG,EC,-0.4833575157497652,Control,mountains
110,A,113,29,2,DG,EC,-0.2184353110628974,Control,deserts
124,A,127,29,2,DG,EC,-0.7204687761651586,Control,parks
131,A,134,29,2,DG,EC,1.4019118396097514,Control,deserts
137,A,140,29,2,DG,EC,0.2656709411915278,Control,parks
156,A,159,29,2,DG,EC,-0.06392985640356,Control,mountains
165,A,168,29,2,DG,EC,0.5137967652725823,Control,mountains
185,A,188,29,2,DG,EC,0.0207221178346392,Control,deserts
194,A,197,29,2,DG,EC,0.3947839787260725,Control,parks
200,A,203,29,2,DG,EC,-0.9071253600690586,Control,mountains
208,A,211,29,2,DG,EC,-0.5618712391198393,Control,mountains
213,A,216,29,2,DG,EC,0.1900168124211657,Control,deserts
223,A,226,29,2,DG,EC,2.7988815070474824,Control,deserts
228,A,231,29,2,DG,EC,2.013066634260129,Control,mountains
8,A,11,29,3,DG,EC,-0.1208782658570918,Control,mountains
14,A,17,29,3,DG,EC,-0.9980415115051292,Control,parks
20,A,23,29,3,DG,EC,0.348792721676341,Control,mountains
39,A,42,29,3,DG,EC,0.0753644635054733,Control,mountains
50,A,53,29,3,DG,EC,0.0320189882546417,Control,parks
71,A,74,29,3,DG,EC,-0.0362368610669827,Control,mountains
82,A,85,29,3,DG,EC,0.0553768568582891,Control,mountains
91,A,94,29,3,DG,EC,-0.0011706170550068,Control,parks
96,A,99,29,3,DG,EC,0.0079152032980324,Control,mountains
101,A,104,29,3,DG,EC,1.2771087779378496,Control,deserts
111,A,114,29,3,DG,EC,-0.5522762390197016,Control,deserts
116,A,119,29,3,DG,EC,2.378508336800917,Control,mountains
121,A,124,29,3,DG,EC,1.7105622260734337,Control,deserts
125,A,128,29,3,DG,EC,-0.3828432319540527,Control,parks
130,A,133,29,3,DG,EC,-0.2214581870229609,Control,deserts
143,A,146,29,3,DG,EC,0.4277320745724631,Control,deserts
153,A,156,29,3,DG,EC,0.689294636572184,Control,parks
168,A,171,29,3,DG,EC,1.1279826992675277,Control,parks
197,A,200,29,3,DG,EC,-0.1929666281306517,Control,deserts
203,A,206,29,3,DG,EC,0.0178767257481698,Control,parks
219,A,222,29,3,DG,EC,0.1295275753911137,Control,deserts
5,A,8,29,4,DG,EC,-0.0049832149429933,Control,deserts
11,A,14,29,4,DG,EC,1.3663530447198862,Control,parks
22,A,25,29,4,DG,EC,0.0272651574497432,Control,parks
28,A,31,29,4,DG,EC,-1.2222347524280044,Control,mountains
39,A,42,29,4,DG,EC,0.4227730575646152,Control,mountains
46,A,49,29,4,DG,EC,0.0099110340904563,Control,mountains
50,A,53,29,4,DG,EC,0.2034448370377665,Control,deserts
72,A,75,29,4,DG,EC,1.1816705982097233,Control,deserts
83,A,86,29,4,DG,EC,0.0242199113856542,Control,mountains
88,A,91,29,4,DG,EC,-0.2809299915862221,Control,parks
96,A,99,29,4,DG,EC,-0.6364123560639022,Control,mountains
110,A,113,29,4,DG,EC,0.0123571770267355,Control,deserts
114,A,117,29,4,DG,EC,3.880754162196957,Control,parks
120,A,123,29,4,DG,EC,1.5201095803197586,Control,deserts
173,A,176,29,4,DG,EC,-0.5663286407337145,Control,mountains
186,A,189,29,4,DG,EC,-0.918868166783351,Control,deserts
192,A,195,29,4,DG,EC,0.280077695468805,Control,deserts
201,A,204,29,4,DG,EC,0.7902142402261674,Control,parks
208,A,211,29,4,DG,EC,1.6151847378784072,Control,mountains
213,A,216,29,4,DG,EC,0.003752556049924,Control,parks
230,A,233,29,4,DG,EC,-0.0375541701973632,Control,parks
16,A,19,30,2,DG,EC,-0.0078871800783533,Stress,lighthouses
33,A,36,30,2,DG,EC,-1.5282988647906115,Stress,parks
48,A,51,30,2,DG,EC,0.177207904161311,Stress,parks
61,A,64,30,2,DG,EC,0.1974181253794054,Stress,lighthouses
65,A,68,30,2,DG,EC,0.0721276194742508,Stress,deserts
84,A,87,30,2,DG,EC,0.2384579296193967,Stress,parks
89,A,92,30,2,DG,EC,1.4689433652266355,Stress,deserts
96,A,99,30,2,DG,EC,-1.1051975557735652,Stress,lighthouses
101,A,104,30,2,DG,EC,-0.0382779264690591,Stress,deserts
125,A,128,30,2,DG,EC,-0.988411704541854,Stress,deserts
142,A,145,30,2,DG,EC,0.0235445284598822,Stress,deserts
154,A,157,30,2,DG,EC,0.5548461065926477,Stress,lighthouses
170,A,173,30,2,DG,EC,1.560652204823496,Stress,parks
178,A,181,30,2,DG,EC,2.4930322577360693,Stress,parks
183,A,186,30,2,DG,EC,-0.3406100670416359,Stress,lighthouses
194,A,197,30,2,DG,EC,-0.0150826265647341,Stress,parks
204,A,207,30,2,DG,EC,0.5719384445121809,Stress,lighthouses
213,A,216,30,2,DG,EC,-0.3466361646136523,Stress,deserts
219,A,222,30,2,DG,EC,-0.5641195143320051,Stress,deserts
227,A,230,30,2,DG,EC,-1.1032958325772189,Stress,lighthouses
24,A,27,30,3,DG,EC,-0.6191012867056231,Stress,parks
39,A,42,30,3,DG,EC,-0.192069791531589,Stress,deserts
45,A,48,30,3,DG,EC,-1.1707769237182353,Stress,lighthouses
56,A,59,30,3,DG,EC,-2.004419122729527,Stress,lighthouses
60,A,63,30,3,DG,EC,0.0048316623556961,Stress,deserts
71,A,74,30,3,DG,EC,0.0010629596729368,Stress,parks
88,A,91,30,3,DG,EC,2.3677392628705047,Stress,deserts
95,A,98,30,3,DG,EC,0.4066250653351508,Stress,parks
108,A,111,30,3,DG,EC,1.4855800101883758,Stress,lighthouses
118,A,121,30,3,DG,EC,0.2400211909515723,Stress,parks
128,A,131,30,3,DG,EC,0.3147771560365485,Stress,deserts
155,A,158,30,3,DG,EC,-0.0893971556752984,Stress,parks
163,A,166,30,3,DG,EC,-0.0139478024186422,Stress,lighthouses
167,A,170,30,3,DG,EC,0.0769152903936502,Stress,deserts
176,A,179,30,3,DG,EC,-1.902346583774566,Stress,lighthouses
202,A,205,30,3,DG,EC,1.5120074572036193,Stress,lighthouses
208,A,211,30,3,DG,EC,0.3031627821687862,Stress,deserts
225,A,228,30,3,DG,EC,0.7807514060167076,Stress,parks
230,A,233,30,3,DG,EC,-5.091293459753207,Stress,lighthouses
237,A,240,30,3,DG,EC,0.2229292602016816,Stress,parks
5,A,8,30,4,DG,EC,3.925830313440374,Stress,deserts
13,A,16,30,4,DG,EC,1.0604169755613777,Stress,lighthouses
23,A,26,30,4,DG,EC,-0.0891548877722637,Stress,deserts
30,A,33,30,4,DG,EC,0.6150109039969972,Stress,lighthouses
34,A,37,30,4,DG,EC,-0.4728458500874533,Stress,deserts
70,A,73,30,4,DG,EC,-0.4146151911071466,Stress,deserts
85,A,88,30,4,DG,EC,0.1370843086867083,Stress,deserts
103,A,106,30,4,DG,EC,0.5479953961638365,Stress,deserts
112,A,115,30,4,DG,EC,0.319709391680263,Stress,parks
142,A,145,30,4,DG,EC,0.4670683168673807,Stress,lighthouses
192,A,195,30,4,DG,EC,0.8115483880157973,Stress,lighthouses
196,A,199,30,4,DG,EC,0.0006806704673413,Stress,parks
210,A,213,30,4,DG,EC,1.726977311673139,Stress,parks
216,A,219,30,4,DG,EC,0.0034284526886432,Stress,deserts
228,A,231,30,4,DG,EC,0.2801478050233356,Stress,parks
237,A,240,30,4,DG,EC,-0.0250780309413511,Stress,lighthouses
5,A,8,31,2,DG,EC,0.2107338153373713,Control,marshes
19,A,22,31,2,DG,EC,-0.1960061130012204,Control,lakes
25,A,28,31,2,DG,EC,0.0010847774190678,Control,waterfalls
30,A,33,31,2,DG,EC,-0.0036474656007973,Control,marshes
43,A,46,31,2,DG,EC,-0.3139891890807537,Control,waterfalls
50,A,53,31,2,DG,EC,-0.2049228846559341,Control,lakes
56,A,59,31,2,DG,EC,0.3940672630064811,Control,marshes
67,A,70,31,2,DG,EC,-0.3273047138966558,Control,waterfalls
74,A,77,31,2,DG,EC,0.3010962752963353,Control,lakes
96,A,99,31,2,DG,EC,1.1760490587606454,Control,marshes
115,A,118,31,2,DG,EC,0.0416942200795634,Control,waterfalls
126,A,129,31,2,DG,EC,0.0104461458036703,Control,waterfalls
138,A,141,31,2,DG,EC,-0.0134358498017948,Control,lakes
159,A,162,31,2,DG,EC,-1.0702052249798155,Control,lakes
167,A,170,31,2,DG,EC,0.0002478374077654,Control,waterfalls
183,A,186,31,2,DG,EC,5.325939146819105,Control,lakes
188,A,191,31,2,DG,EC,0.5251143206503579,Control,waterfalls
199,A,202,31,2,DG,EC,-0.6199593590721574,Control,lakes
209,A,212,31,2,DG,EC,0.2323399928533384,Control,marshes
224,A,227,31,2,DG,EC,0.2186422303847371,Control,marshes
17,A,20,31,3,DG,EC,3.883308438980975,Control,lakes
27,A,30,31,3,DG,EC,0.41903642156672,Control,waterfalls
38,A,41,31,3,DG,EC,0.7829359644299725,Control,marshes
58,A,61,31,3,DG,EC,-0.962937724311595,Control,marshes
69,A,72,31,3,DG,EC,-0.5288735937712193,Control,lakes
75,A,78,31,3,DG,EC,0.0622938964587267,Control,marshes
87,A,90,31,3,DG,EC,9.540288352088302,Control,waterfalls
95,A,98,31,3,DG,EC,-0.053766743540507,Control,waterfalls
104,A,107,31,3,DG,EC,-0.181267359451555,Control,lakes
118,A,121,31,3,DG,EC,0.1753975810067518,Control,waterfalls
136,A,139,31,3,DG,EC,0.9543321664569896,Control,waterfalls
153,A,156,31,3,DG,EC,-0.6488966867725283,Control,waterfalls
169,A,172,31,3,DG,EC,0.0078932964060962,Control,lakes
175,A,178,31,3,DG,EC,0.0254174521132508,Control,waterfalls
195,A,198,31,3,DG,EC,-0.8368067719256432,Control,lakes
205,A,208,31,3,DG,EC,0.077907675667067,Control,marshes
209,A,212,31,3,DG,EC,0.2401951184838794,Control,lakes
218,A,221,31,3,DG,EC,-0.0065073190706113,Control,marshes
234,A,237,31,3,DG,EC,0.0026086454645132,Control,marshes
23,A,26,31,4,DG,EC,-0.0227009544348244,Control,marshes
31,A,34,31,4,DG,EC,-0.4222099103176046,Control,waterfalls
50,A,53,31,4,DG,EC,0.0005313599769617,Control,lakes
56,A,59,31,4,DG,EC,-3.3669846165731,Control,marshes
67,A,70,31,4,DG,EC,-0.0798342064643897,Control,lakes
73,A,76,31,4,DG,EC,2.9931965165763303,Control,marshes
85,A,88,31,4,DG,EC,-0.0005580278663093,Control,waterfalls
91,A,94,31,4,DG,EC,0.0669517251595558,Control,lakes
100,A,103,31,4,DG,EC,0.4062648578909481,Control,waterfalls
105,A,108,31,4,DG,EC,-0.0005006458094968,Control,lakes
113,A,116,31,4,DG,EC,-0.3074244680738508,Control,marshes
119,A,122,31,4,DG,EC,0.000205871805652,Control,waterfalls
156,A,159,31,4,DG,EC,0.2976205711924238,Control,marshes
169,A,172,31,4,DG,EC,0.0199076239413689,Control,waterfalls
175,A,178,31,4,DG,EC,0.0020303567567279,Control,lakes
182,A,185,31,4,DG,EC,-0.3430810051223257,Control,waterfalls
212,A,215,31,4,DG,EC,1.8149492711184163,Control,marshes
220,A,223,31,4,DG,EC,0.4578664527473077,Control,lakes
226,A,229,31,4,DG,EC,0.0026556017932931,Control,marshes
233,A,236,31,4,DG,EC,0.8733730967286508,Control,lakes
14,A,17,32,2,DG,EC,-0.9542838190130968,Stress,beaches
25,A,28,32,2,DG,EC,-1.5230385083501992,Stress,deserts
36,A,39,32,2,DG,EC,-0.8338881169705932,Stress,fields
46,A,49,32,2,DG,EC,-0.3540976639659979,Stress,deserts
53,A,56,32,2,DG,EC,-0.1335776776192758,Stress,beaches
58,A,61,32,2,DG,EC,0.4365107782908454,Stress,deserts
76,A,79,32,2,DG,EC,0.048557787981406,Stress,fields
82,A,85,32,2,DG,EC,-0.0398182632377042,Stress,deserts
92,A,95,32,2,DG,EC,2.9375194296581424,Stress,fields
98,A,101,32,2,DG,EC,0.3136651763118192,Stress,deserts
105,A,108,32,2,DG,EC,-0.8836157348932101,Stress,deserts
114,A,117,32,2,DG,EC,-0.2734373591515868,Stress,beaches
123,A,126,32,2,DG,EC,-0.5786894989394642,Stress,beaches
130,A,133,32,2,DG,EC,-0.0082427585256407,Stress,fields
136,A,139,32,2,DG,EC,0.7540569446151336,Stress,beaches
146,A,149,32,2,DG,EC,0.8513654750580755,Stress,deserts
159,A,162,32,2,DG,EC,-0.1576821177268536,Stress,fields
168,A,171,32,2,DG,EC,1.5037402086776994,Stress,beaches
180,A,183,32,2,DG,EC,0.0142686292656516,Stress,beaches
190,A,193,32,2,DG,EC,-0.1260392840479859,Stress,fields
202,A,205,32,2,DG,EC,1.2461595729541295,Stress,fields
18,A,21,32,3,DG,EC,0.195826860886691,Stress,beaches
28,A,31,32,3,DG,EC,-0.1281012025918926,Stress,deserts
39,A,42,32,3,DG,EC,0.4427722462992646,Stress,deserts
56,A,59,32,3,DG,EC,-0.7794504593512563,Stress,fields
62,A,65,32,3,DG,EC,0.1245760802756636,Stress,beaches
69,A,72,32,3,DG,EC,-0.5650578935066358,Stress,deserts
74,A,77,32,3,DG,EC,-0.8273531630172833,Stress,beaches
99,A,102,32,3,DG,EC,1.7220422101060229,Stress,deserts
110,A,113,32,3,DG,EC,-0.2752917148801604,Stress,beaches
128,A,131,32,3,DG,EC,0.81717857080202,Stress,deserts
138,A,141,32,3,DG,EC,0.3886297127657506,Stress,fields
146,A,149,32,3,DG,EC,-0.4293150997977828,Stress,fields
156,A,159,32,3,DG,EC,0.0011424622327233,Stress,deserts
162,A,165,32,3,DG,EC,1.5703158934516075,Stress,beaches
166,A,169,32,3,DG,EC,0.002779544560508,Stress,deserts
179,A,182,32,3,DG,EC,0.0123972453776144,Stress,beaches
189,A,192,32,3,DG,EC,-0.6678647540615136,Stress,beaches
207,A,210,32,3,DG,EC,0.0957854292073495,Stress,fields
216,A,219,32,3,DG,EC,1.3002295226455574,Stress,fields
235,A,238,32,3,DG,EC,1.5715042016590657,Stress,fields
5,A,8,32,4,DG,EC,0.0822588939619647,Stress,fields
18,A,21,32,4,DG,EC,-0.7636960665763916,Stress,fields
29,A,32,32,4,DG,EC,-0.5523366661154594,Stress,deserts
34,A,37,32,4,DG,EC,1.605772094048711,Stress,beaches
45,A,48,32,4,DG,EC,-0.307365298229257,Stress,beaches
50,A,53,32,4,DG,EC,-0.1311024261515696,Stress,deserts
62,A,65,32,4,DG,EC,-0.0071425876820115,Stress,deserts
70,A,73,32,4,DG,EC,0.1177769276306801,Stress,beaches
79,A,82,32,4,DG,EC,2.418904138833148,Stress,fields
90,A,93,32,4,DG,EC,-0.0840722731675019,Stress,deserts
96,A,99,32,4,DG,EC,0.0472887510153199,Stress,fields
111,A,114,32,4,DG,EC,-0.1646008521841683,Stress,beaches
129,A,132,32,4,DG,EC,0.93541825200719,Stress,deserts
169,A,172,32,4,DG,EC,2.748766393976904,Stress,beaches
177,A,180,32,4,DG,EC,1.5127072865602451,Stress,fields
186,A,189,32,4,DG,EC,0.5241660069991724,Stress,fields
197,A,200,32,4,DG,EC,0.4974989192091458,Stress,beaches
209,A,212,32,4,DG,EC,0.0754765325223644,Stress,deserts
214,A,217,32,4,DG,EC,0.0277853201779736,Stress,beaches
228,A,231,32,4,DG,EC,-0.2029487815310666,Stress,deserts
234,A,237,32,4,DG,EC,0.993286658244628,Stress,fields
5,A,8,33,2,DG,EC,0.2226069837147651,Stress,canyons
22,A,25,33,2,DG,EC,-0.1663201326514417,Stress,beaches
33,A,36,33,2,DG,EC,0.2538843696227926,Stress,waterfalls
42,A,45,33,2,DG,EC,0.7816002205541679,Stress,canyons
55,A,58,33,2,DG,EC,0.1009411347166446,Stress,waterfalls
59,A,62,33,2,DG,EC,-0.2296906377281506,Stress,beaches
67,A,70,33,2,DG,EC,2.0561079275389504,Stress,waterfalls
75,A,78,33,2,DG,EC,0.1459185629542324,Stress,waterfalls
83,A,86,33,2,DG,EC,-0.0456307173193317,Stress,canyons
114,A,117,33,2,DG,EC,0.2798140237905774,Stress,canyons
132,A,135,33,2,DG,EC,0.4752342272872619,Stress,beaches
139,A,142,33,2,DG,EC,0.0372179248860507,Stress,canyons
155,A,158,33,2,DG,EC,0.5380208848265798,Stress,waterfalls
175,A,178,33,2,DG,EC,-1.1270428429785986,Stress,beaches
193,A,196,33,2,DG,EC,-0.4472212180429973,Stress,beaches
201,A,204,33,2,DG,EC,-0.5168267674600213,Stress,canyons
213,A,216,33,2,DG,EC,0.137212447092393,Stress,beaches
217,A,220,33,2,DG,EC,0.1349757264495984,Stress,canyons
222,A,225,33,2,DG,EC,-0.2199521251896245,Stress,beaches
228,A,231,33,2,DG,EC,-0.0786483918995413,Stress,waterfalls
5,A,8,33,3,DG,EC,-0.1500370223946917,Stress,beaches
22,A,25,33,3,DG,EC,1.515420947602654,Stress,canyons
31,A,34,33,3,DG,EC,0.0487069418319528,Stress,beaches
53,A,56,33,3,DG,EC,0.6674778375441396,Stress,beaches
61,A,64,33,3,DG,EC,3.4449248764902483,Stress,canyons
70,A,73,33,3,DG,EC,0.2594653570144336,Stress,canyons
85,A,88,33,3,DG,EC,0.2332974346740409,Stress,beaches
94,A,97,33,3,DG,EC,0.055017279579643,Stress,canyons
99,A,102,33,3,DG,EC,-0.0085510334753386,Stress,beaches
108,A,111,33,3,DG,EC,0.4451069881409663,Stress,beaches
113,A,116,33,3,DG,EC,-0.0230173789737159,Stress,waterfalls
125,A,128,33,3,DG,EC,0.5748353969670756,Stress,canyons
138,A,141,33,3,DG,EC,0.5084436288999838,Stress,waterfalls
154,A,157,33,3,DG,EC,-1.5183251656562666,Stress,waterfalls
158,A,161,33,3,DG,EC,0.4788470098065749,Stress,canyons
162,A,165,33,3,DG,EC,-1.117498964044578,Stress,waterfalls
178,A,181,33,3,DG,EC,-0.2465258744204907,Stress,canyons
186,A,189,33,3,DG,EC,0.0712638085975464,Stress,waterfalls
203,A,206,33,3,DG,EC,1.3344855674347884,Stress,waterfalls
212,A,215,33,3,DG,EC,-0.5681109333105648,Stress,beaches
219,A,222,33,3,DG,EC,0.0467595674377245,Stress,waterfalls
7,A,10,33,4,DG,EC,0.5474855588616578,Stress,canyons
21,A,24,33,4,DG,EC,-0.0557082436379897,Stress,waterfalls
29,A,32,33,4,DG,EC,-0.0059756825063455,Stress,beaches
39,A,42,33,4,DG,EC,4.024521473299928,Stress,waterfalls
49,A,52,33,4,DG,EC,-2.236314509343545,Stress,canyons
56,A,59,33,4,DG,EC,-0.0055844880280284,Stress,waterfalls
67,A,70,33,4,DG,EC,-0.378131569324324,Stress,waterfalls
88,A,91,33,4,DG,EC,0.0279119070549405,Stress,canyons
95,A,98,33,4,DG,EC,0.2717571263206055,Stress,beaches
107,A,110,33,4,DG,EC,1.1260082556876727,Stress,canyons
116,A,119,33,4,DG,EC,-0.6002184192972371,Stress,waterfalls
130,A,133,33,4,DG,EC,-0.6719263991602865,Stress,canyons
140,A,143,33,4,DG,EC,0.5269747391869557,Stress,beaches
150,A,153,33,4,DG,EC,0.1512883252741173,Stress,beaches
162,A,165,33,4,DG,EC,-0.5678552184301298,Stress,canyons
180,A,183,33,4,DG,EC,-0.2137390635871283,Stress,waterfalls
189,A,192,33,4,DG,EC,-0.8999871440965528,Stress,beaches
199,A,202,33,4,DG,EC,-0.1181729617660477,Stress,waterfalls
211,A,214,33,4,DG,EC,0.4708760235037807,Stress,beaches
220,A,223,33,4,DG,EC,0.0044921690810622,Stress,beaches
236,A,239,33,4,DG,EC,0.1651599789587199,Stress,canyons
9,A,12,34,2,DG,EC,0.0045273573586281,Control,bridges
20,A,23,34,2,DG,EC,8.246427917688335,Control,lakes
27,A,30,34,2,DG,EC,0.0232237576638911,Control,fields
39,A,42,34,2,DG,EC,-0.0003351277103798,Control,lakes
49,A,52,34,2,DG,EC,0.0523344840315984,Control,lakes
63,A,66,34,2,DG,EC,-0.5838307530540179,Control,bridges
68,A,71,34,2,DG,EC,0.0161106832239386,Control,fields
91,A,94,34,2,DG,EC,-0.0851205887780798,Control,bridges
97,A,100,34,2,DG,EC,0.0277822654570077,Control,lakes
109,A,112,34,2,DG,EC,1.552095145859308,Control,bridges
131,A,134,34,2,DG,EC,2.0765954520470986,Control,lakes
142,A,145,34,2,DG,EC,0.0927417113774213,Control,bridges
146,A,149,34,2,DG,EC,-0.0079736991964596,Control,lakes
156,A,159,34,2,DG,EC,1.994582068136488,Control,bridges
161,A,164,34,2,DG,EC,-0.9092516615297654,Control,fields
174,A,177,34,2,DG,EC,-0.4044148040895351,Control,fields
190,A,193,34,2,DG,EC,-0.0821702922635175,Control,fields
213,A,216,34,2,DG,EC,-0.1138929292197596,Control,bridges
221,A,224,34,2,DG,EC,-0.2681223538932042,Control,lakes
226,A,229,34,2,DG,EC,0.285712212516875,Control,fields
234,A,237,34,2,DG,EC,-0.100339619661806,Control,fields
18,A,21,34,3,DG,EC,0.8046460811207372,Control,fields
31,A,34,34,3,DG,EC,-0.3204312810536842,Control,bridges
41,A,44,34,3,DG,EC,0.0088927864305368,Control,bridges
50,A,53,34,3,DG,EC,-1.540777630328379,Control,bridges
62,A,65,34,3,DG,EC,0.0040913824834292,Control,fields
67,A,70,34,3,DG,EC,0.5812402081225306,Control,lakes
81,A,84,34,3,DG,EC,0.6054526206311927,Control,lakes
93,A,96,34,3,DG,EC,-0.1634237581456986,Control,bridges
101,A,104,34,3,DG,EC,0.0006329891238991,Control,fields
114,A,117,34,3,DG,EC,1.8101536068920008,Control,bridges
122,A,125,34,3,DG,EC,0.2287471830810463,Control,lakes
130,A,133,34,3,DG,EC,2.166934011667572,Control,bridges
135,A,138,34,3,DG,EC,1.0433435921687793,Control,lakes
141,A,144,34,3,DG,EC,0.1110830739576666,Control,fields
153,A,156,34,3,DG,EC,-1.1746097604285548,Control,fields
163,A,166,34,3,DG,EC,0.088227637810456,Control,bridges
170,A,173,34,3,DG,EC,0.4295345802440169,Control,fields
187,A,190,34,3,DG,EC,0.219314559858895,Control,fields
193,A,196,34,3,DG,EC,0.0114399937281708,Control,lakes
222,A,225,34,3,DG,EC,1.664514359149031,Control,lakes
232,A,235,34,3,DG,EC,-1.079255483341211,Control,lakes
5,A,8,34,4,DG,EC,0.0632760883711946,Control,lakes
21,A,24,34,4,DG,EC,3.04244570094185,Control,bridges
27,A,30,34,4,DG,EC,0.0897107756736333,Control,lakes
32,A,35,34,4,DG,EC,0.7802304789140287,Control,fields
44,A,47,34,4,DG,EC,-0.0797512217960454,Control,bridges
51,A,54,34,4,DG,EC,-0.2005007164125822,Control,fields
80,A,83,34,4,DG,EC,0.0040499865331995,Control,fields
90,A,93,34,4,DG,EC,0.8044366158534938,Control,bridges
97,A,100,34,4,DG,EC,-0.4541510395895866,Control,lakes
106,A,109,34,4,DG,EC,0.9021253210586658,Control,fields
118,A,121,34,4,DG,EC,0.5469149469382438,Control,bridges
122,A,125,34,4,DG,EC,0.0028477746854235,Control,lakes
128,A,131,34,4,DG,EC,1.1977414725813862,Control,fields
135,A,138,34,4,DG,EC,4.0355598689978684,Control,bridges
159,A,162,34,4,DG,EC,3.759400715819499,Control,lakes
172,A,175,34,4,DG,EC,-0.0166441618912545,Control,fields
181,A,184,34,4,DG,EC,0.4845625162094809,Control,lakes
190,A,193,34,4,DG,EC,1.0711842793573314,Control,fields
203,A,206,34,4,DG,EC,1.4470007622798176,Control,bridges
211,A,214,34,4,DG,EC,0.4183217195779672,Control,lakes
236,A,239,34,4,DG,EC,0.7621462598235459,Control,bridges
5,A,8,36,2,DG,EC,1.7275704074108127,Control,forests
14,A,17,36,2,DG,EC,-0.1735669320805187,Control,forests
23,A,26,36,2,DG,EC,0.153430448674057,Control,fields
31,A,34,36,2,DG,EC,-0.1911150643909404,Control,forests
39,A,42,36,2,DG,EC,-0.1120327569812946,Control,lighthouses
43,A,46,36,2,DG,EC,-0.0301360533123999,Control,fields
53,A,56,36,2,DG,EC,-2.8001104488759205,Control,lighthouses
74,A,77,36,2,DG,EC,1.000630657524136,Control,fields
87,A,90,36,2,DG,EC,1.143055366094475,Control,lighthouses
94,A,97,36,2,DG,EC,0.2461514434974594,Control,lighthouses
109,A,112,36,2,DG,EC,-0.4514269834356988,Control,fields
127,A,130,36,2,DG,EC,2.626794541969223,Control,forests
132,A,135,36,2,DG,EC,0.4247108615439133,Control,lighthouses
138,A,141,36,2,DG,EC,1.676191326252262,Control,forests
173,A,176,36,2,DG,EC,-1.6486753123815956,Control,forests
178,A,181,36,2,DG,EC,-0.5371336514618328,Control,lighthouses
195,A,198,36,2,DG,EC,1.3036265326530077,Control,fields
208,A,211,36,2,DG,EC,0.1258470012185251,Control,lighthouses
223,A,226,36,2,DG,EC,-0.2679116064522109,Control,fields
228,A,231,36,2,DG,EC,0.6591149798079844,Control,forests
235,A,238,36,2,DG,EC,1.9460227203787008,Control,fields
13,A,16,36,3,DG,EC,0.2688584127608609,Control,forests
21,A,24,36,3,DG,EC,0.0138845702353015,Control,forests
42,A,45,36,3,DG,EC,0.1722187422949598,Control,lighthouses
48,A,51,36,3,DG,EC,-1.2085679474523487,Control,forests
71,A,74,36,3,DG,EC,-0.5369438266965992,Control,fields
83,A,86,36,3,DG,EC,0.2615607158198019,Control,fields
90,A,93,36,3,DG,EC,-0.9814032587861706,Control,lighthouses
100,A,103,36,3,DG,EC,0.2895679870540735,Control,lighthouses
110,A,113,36,3,DG,EC,0.3511161180859284,Control,forests
120,A,123,36,3,DG,EC,0.6005079754314703,Control,fields
127,A,130,36,3,DG,EC,0.2223205491670922,Control,forests
131,A,134,36,3,DG,EC,0.3551880855026989,Control,lighthouses
137,A,140,36,3,DG,EC,-0.0586695807291906,Control,fields
158,A,161,36,3,DG,EC,1.9577812486943007,Control,fields
167,A,170,36,3,DG,EC,-0.1668396842144571,Control,forests
175,A,178,36,3,DG,EC,2.241117992571484,Control,fields
179,A,182,36,3,DG,EC,-0.6584230288540281,Control,forests
184,A,187,36,3,DG,EC,0.2873893980055368,Control,lighthouses
212,A,215,36,3,DG,EC,0.1734800099299491,Control,lighthouses
217,A,220,36,3,DG,EC,0.2743049138568919,Control,fields
235,A,238,36,3,DG,EC,0.0300246874081583,Control,lighthouses
8,A,11,36,4,DG,EC,1.5757820600305692,Control,lighthouses
43,A,46,36,4,DG,EC,-0.0470416005106629,Control,lighthouses
59,A,62,36,4,DG,EC,0.2380423283910022,Control,fields
67,A,70,36,4,DG,EC,0.5349198277055837,Control,forests
71,A,74,36,4,DG,EC,0.4491176871965442,Control,lighthouses
79,A,82,36,4,DG,EC,0.5425252544633007,Control,forests
84,A,87,36,4,DG,EC,2.6411840986741293,Control,fields
99,A,102,36,4,DG,EC,2.5207823924430333,Control,forests
109,A,112,36,4,DG,EC,-0.3515738352674433,Control,forests
114,A,117,36,4,DG,EC,-0.1687510432288317,Control,lighthouses
136,A,139,36,4,DG,EC,-0.5682202655401467,Control,fields
152,A,155,36,4,DG,EC,-0.1455052035823368,Control,fields
156,A,159,36,4,DG,EC,-0.3016381154337563,Control,lighthouses
167,A,170,36,4,DG,EC,0.0131151515638733,Control,forests
175,A,178,36,4,DG,EC,2.7747966395756234,Control,lighthouses
183,A,186,36,4,DG,EC,-0.9731291035771514,Control,forests
189,A,192,36,4,DG,EC,2.385481995317128,Control,fields
208,A,211,36,4,DG,EC,2.6733180144174087,Control,fields
216,A,219,36,4,DG,EC,-0.1127412328084267,Control,lighthouses
226,A,229,36,4,DG,EC,-0.0064181643827261,Control,forests
237,A,240,36,4,DG,EC,0.0060597130153497,Control,fields
11,A,14,37,2,DG,EC,0.0249344820975978,Stress,deserts
21,A,24,37,2,DG,EC,-1.3450586411648264,Stress,waterfalls
30,A,33,37,2,DG,EC,0.1653696016915893,Stress,marshes
41,A,44,37,2,DG,EC,-1.6482013462689244,Stress,waterfalls
48,A,51,37,2,DG,EC,-0.0458064114840471,Stress,marshes
63,A,66,37,2,DG,EC,0.1424270888642455,Stress,marshes
69,A,72,37,2,DG,EC,-0.2367857469214948,Stress,deserts
78,A,81,37,2,DG,EC,0.4169030776968689,Stress,waterfalls
85,A,88,37,2,DG,EC,0.479070698732335,Stress,waterfalls
96,A,99,37,2,DG,EC,0.2415802180964523,Stress,deserts
103,A,106,37,2,DG,EC,0.517214733022869,Stress,marshes
115,A,118,37,2,DG,EC,0.3512534761894484,Stress,waterfalls
130,A,133,37,2,DG,EC,0.4850332070512667,Stress,deserts
135,A,138,37,2,DG,EC,0.226415337642886,Stress,waterfalls
144,A,147,37,2,DG,EC,0.1557789204394288,Stress,deserts
155,A,158,37,2,DG,EC,0.008305904729098,Stress,marshes
173,A,176,37,2,DG,EC,0.0009597009163219,Stress,deserts
186,A,189,37,2,DG,EC,1.919372704646776,Stress,marshes
198,A,201,37,2,DG,EC,1.3949381215151226,Stress,deserts
215,A,218,37,2,DG,EC,1.662858503743813,Stress,marshes
234,A,237,37,2,DG,EC,0.0151444521222471,Stress,waterfalls
18,A,21,37,3,DG,EC,-0.5995518451649371,Stress,waterfalls
29,A,32,37,3,DG,EC,3.607763696383247,Stress,deserts
39,A,42,37,3,DG,EC,0.0624806939336071,Stress,deserts
44,A,47,37,3,DG,EC,0.0666751578161585,Stress,marshes
50,A,53,37,3,DG,EC,-0.0627493507658379,Stress,deserts
61,A,64,37,3,DG,EC,-0.1547924614932504,Stress,waterfalls
69,A,72,37,3,DG,EC,0.2912191002877687,Stress,waterfalls
85,A,88,37,3,DG,EC,0.3798408778630571,Stress,waterfalls
94,A,97,37,3,DG,EC,0.2113612445194649,Stress,deserts
98,A,101,37,3,DG,EC,0.5312380597639901,Stress,marshes
106,A,109,37,3,DG,EC,-1.0549133003230144,Stress,marshes
123,A,126,37,3,DG,EC,0.3072081218811691,Stress,waterfalls
136,A,139,37,3,DG,EC,0.7706406345142595,Stress,deserts
141,A,144,37,3,DG,EC,0.3109592541201937,Stress,marshes
159,A,162,37,3,DG,EC,-0.3007533166452441,Stress,deserts
164,A,167,37,3,DG,EC,0.5869231942967776,Stress,marshes
170,A,173,37,3,DG,EC,-0.0115709061780584,Stress,waterfalls
181,A,184,37,3,DG,EC,1.8151055035006172,Stress,marshes
210,A,213,37,3,DG,EC,-0.0706471523343476,Stress,marshes
224,A,227,37,3,DG,EC,2.3162547701479386,Stress,waterfalls
237,A,240,37,3,DG,EC,-0.092162567730705,Stress,deserts
23,A,26,37,4,DG,EC,1.78881692868954,Stress,marshes
34,A,37,37,4,DG,EC,0.5852339865838515,Stress,deserts
41,A,44,37,4,DG,EC,-0.2050449064525142,Stress,marshes
52,A,55,37,4,DG,EC,2.5094735144999927,Stress,deserts
68,A,71,37,4,DG,EC,-0.4614347116145148,Stress,deserts
81,A,84,37,4,DG,EC,0.4867605167607745,Stress,waterfalls
96,A,99,37,4,DG,EC,0.002725024649698,Stress,marshes
102,A,105,37,4,DG,EC,0.1055337993268522,Stress,waterfalls
110,A,113,37,4,DG,EC,-0.0121030724014682,Stress,waterfalls
115,A,118,37,4,DG,EC,1.4436531396854004,Stress,deserts
119,A,122,37,4,DG,EC,0.7656017693914531,Stress,marshes
134,A,137,37,4,DG,EC,-0.0350928886088214,Stress,marshes
139,A,142,37,4,DG,EC,1.260020374073776,Stress,deserts
144,A,147,37,4,DG,EC,-1.1166718407226075,Stress,waterfalls
151,A,154,37,4,DG,EC,0.2195668064323028,Stress,marshes
166,A,169,37,4,DG,EC,-1.0629050109325344,Stress,deserts
172,A,175,37,4,DG,EC,-0.2117402506660117,Stress,marshes
187,A,190,37,4,DG,EC,-0.7212634446757742,Stress,waterfalls
202,A,205,37,4,DG,EC,0.0046896816862189,Stress,waterfalls
214,A,217,37,4,DG,EC,-0.916819204828256,Stress,waterfalls
229,A,232,37,4,DG,EC,-0.182921086934,Stress,deserts
5,A,8,38,2,DG,EC,0.1538483389885693,Stress,lighthouses
11,A,14,38,2,DG,EC,0.3603041531105428,Stress,lighthouses
16,A,19,38,2,DG,EC,-0.2441998267883357,Stress,bridges
24,A,27,38,2,DG,EC,-0.1776928440802918,Stress,lighthouses
31,A,34,38,2,DG,EC,0.2129124334382233,Stress,bridges
39,A,42,38,2,DG,EC,-0.7616739512654168,Stress,marshes
44,A,47,38,2,DG,EC,0.185714261178051,Stress,bridges
65,A,68,38,2,DG,EC,-0.5727973999853969,Stress,lighthouses
96,A,99,38,2,DG,EC,-0.0526526923642867,Stress,bridges
106,A,109,38,2,DG,EC,0.0650975190352841,Stress,marshes
118,A,121,38,2,DG,EC,-0.9036906550415004,Stress,lighthouses
139,A,142,38,2,DG,EC,-0.6896341561442186,Stress,bridges
150,A,153,38,2,DG,EC,0.9755064346635652,Stress,marshes
158,A,161,38,2,DG,EC,-0.0679605670303065,Stress,marshes
164,A,167,38,2,DG,EC,-1.8729134019303055,Stress,lighthouses
177,A,180,38,2,DG,EC,0.7672557674063206,Stress,lighthouses
184,A,187,38,2,DG,EC,-0.4992915641685578,Stress,marshes
191,A,194,38,2,DG,EC,0.5616147802924203,Stress,bridges
203,A,206,38,2,DG,EC,-0.0661151638629213,Stress,marshes
211,A,214,38,2,DG,EC,-0.1884195024897864,Stress,marshes
225,A,228,38,2,DG,EC,0.077936472739499,Stress,bridges
5,A,8,38,3,DG,EC,-0.0185793201158866,Stress,lighthouses
12,A,15,38,3,DG,EC,0.0501533090953791,Stress,marshes
24,A,27,38,3,DG,EC,5.190128442625398,Stress,marshes
35,A,38,38,3,DG,EC,0.5635219411537395,Stress,bridges
43,A,46,38,3,DG,EC,0.0115768885725643,Stress,marshes
55,A,58,38,3,DG,EC,-1.0489720282972064,Stress,bridges
72,A,75,38,3,DG,EC,6.415707713007868,Stress,lighthouses
77,A,80,38,3,DG,EC,-0.6350972982307987,Stress,marshes
86,A,89,38,3,DG,EC,1.0231241653921133,Stress,lighthouses
104,A,107,38,3,DG,EC,-0.4502209851521804,Stress,marshes
110,A,113,38,3,DG,EC,0.3466920118689554,Stress,bridges
135,A,138,38,3,DG,EC,0.1289485361190584,Stress,bridges
147,A,150,38,3,DG,EC,0.2538807622362096,Stress,bridges
151,A,154,38,3,DG,EC,-0.1328268321993834,Stress,marshes
163,A,166,38,3,DG,EC,-0.0560775192673342,Stress,lighthouses
175,A,178,38,3,DG,EC,-0.5623984032885466,Stress,marshes
180,A,183,38,3,DG,EC,0.3276174937155268,Stress,bridges
186,A,189,38,3,DG,EC,-0.1462600531191513,Stress,lighthouses
203,A,206,38,3,DG,EC,0.7649295503397604,Stress,lighthouses
210,A,213,38,3,DG,EC,0.0676934548445454,Stress,bridges
226,A,229,38,3,DG,EC,1.2727156492493803,Stress,lighthouses
5,A,8,38,4,DG,EC,1.0807526211086915,Stress,lighthouses
10,A,13,38,4,DG,EC,-0.7795671278759018,Stress,marshes
16,A,19,38,4,DG,EC,-0.6549865265838464,Stress,lighthouses
27,A,30,38,4,DG,EC,-1.0655704801325592,Stress,lighthouses
44,A,47,38,4,DG,EC,0.0802381228984972,Stress,marshes
51,A,54,38,4,DG,EC,0.013214870455671,Stress,marshes
58,A,61,38,4,DG,EC,0.6956335044418854,Stress,bridges
69,A,72,38,4,DG,EC,0.1863475523965577,Stress,lighthouses
75,A,78,38,4,DG,EC,-0.1433906222218537,Stress,marshes
81,A,84,38,4,DG,EC,-0.1764623082957939,Stress,lighthouses
102,A,105,38,4,DG,EC,0.6224633335264133,Stress,bridges
128,A,131,38,4,DG,EC,-0.096177428961697,Stress,bridges
135,A,138,38,4,DG,EC,-0.2719725135311193,Stress,marshes
153,A,156,38,4,DG,EC,0.016802314771606,Stress,marshes
158,A,161,38,4,DG,EC,2.486886480501057,Stress,bridges
187,A,190,38,4,DG,EC,1.93413747825351,Stress,bridges
194,A,197,38,4,DG,EC,-0.0532715210697685,Stress,lighthouses
201,A,204,38,4,DG,EC,-0.2989529369590967,Stress,bridges
214,A,217,38,4,DG,EC,0.193217158780268,Stress,marshes
226,A,229,38,4,DG,EC,-0.5213217283466534,Stress,bridges
237,A,240,38,4,DG,EC,-0.8065210456862818,Stress,lighthouses
22,A,25,39,2,DG,EC,1.975860044963516,Control,lighthouses
47,A,50,39,2,DG,EC,0.2654390373593424,Control,waterfalls
62,A,65,39,2,DG,EC,0.559664952575488,Control,marshes
70,A,73,39,2,DG,EC,0.5722601940625938,Control,lighthouses
75,A,78,39,2,DG,EC,-0.4377814426484144,Control,marshes
79,A,82,39,2,DG,EC,0.3657354838992725,Control,waterfalls
85,A,88,39,2,DG,EC,0.9963829583136022,Control,lighthouses
104,A,107,39,2,DG,EC,1.3820797925571424,Control,marshes
116,A,119,39,2,DG,EC,-0.2143651356416109,Control,waterfalls
124,A,127,39,2,DG,EC,-0.0027379492090993,Control,lighthouses
142,A,145,39,2,DG,EC,9.7807426648082,Control,marshes
151,A,154,39,2,DG,EC,1.6399113441296738,Control,lighthouses
165,A,168,39,2,DG,EC,-0.5076805772301606,Control,lighthouses
176,A,179,39,2,DG,EC,0.0384756035673426,Control,marshes
180,A,183,39,2,DG,EC,0.7823653654483038,Control,waterfalls
188,A,191,39,2,DG,EC,-0.0390300476838704,Control,marshes
200,A,203,39,2,DG,EC,0.5482139230812152,Control,waterfalls
216,A,219,39,2,DG,EC,-0.0093050840451822,Control,lighthouses
226,A,229,39,2,DG,EC,-0.1457819928241769,Control,waterfalls
233,A,236,39,2,DG,EC,0.3989570041470407,Control,marshes
238,A,241,39,2,DG,EC,-0.1474361088191339,Control,waterfalls
19,A,22,39,3,DG,EC,-0.9202716427708556,Control,marshes
30,A,33,39,3,DG,EC,2.336905972410188,Control,marshes
37,A,40,39,3,DG,EC,0.0419261067092275,Control,waterfalls
47,A,50,39,3,DG,EC,0.2244633618167403,Control,marshes
53,A,56,39,3,DG,EC,-0.0101325927877997,Control,waterfalls
62,A,65,39,3,DG,EC,-0.7584742688952275,Control,lighthouses
70,A,73,39,3,DG,EC,0.0003848838351207,Control,lighthouses
86,A,89,39,3,DG,EC,1.6247334171978152,Control,waterfalls
98,A,101,39,3,DG,EC,1.5527183012473489,Control,lighthouses
102,A,105,39,3,DG,EC,0.0770576854653597,Control,waterfalls
116,A,119,39,3,DG,EC,-0.4145117778345889,Control,marshes
138,A,141,39,3,DG,EC,0.2795164605532818,Control,marshes
146,A,149,39,3,DG,EC,0.7381274582674568,Control,lighthouses
162,A,165,39,3,DG,EC,0.0001484496577101,Control,waterfalls
171,A,174,39,3,DG,EC,-0.1592590714768613,Control,waterfalls
180,A,183,39,3,DG,EC,0.1260279407122889,Control,lighthouses
186,A,189,39,3,DG,EC,-1.1476452843387743,Control,marshes
194,A,197,39,3,DG,EC,0.0250037711987816,Control,lighthouses
201,A,204,39,3,DG,EC,-0.3973171373170007,Control,waterfalls
206,A,209,39,3,DG,EC,0.2378433430328585,Control,lighthouses
220,A,223,39,3,DG,EC,0.439319992195668,Control,marshes
7,A,10,39,4,DG,EC,-0.81453758462034,Control,waterfalls
12,A,15,39,4,DG,EC,0.436463332888322,Control,lighthouses
18,A,21,39,4,DG,EC,-0.3552507251615679,Control,marshes
23,A,26,39,4,DG,EC,-0.0025686091068482,Control,waterfalls
30,A,33,39,4,DG,EC,0.3591243529657569,Control,marshes
38,A,41,39,4,DG,EC,0.5077417489955061,Control,lighthouses
45,A,48,39,4,DG,EC,0.1565318249078166,Control,lighthouses
58,A,61,39,4,DG,EC,1.0088222090849113,Control,lighthouses
77,A,80,39,4,DG,EC,1.5088248412534806,Control,marshes
83,A,86,39,4,DG,EC,0.2360302932823033,Control,waterfalls
91,A,94,39,4,DG,EC,0.1006752145863134,Control,marshes
103,A,106,39,4,DG,EC,0.6003133003312804,Control,waterfalls
109,A,112,39,4,DG,EC,0.6844403133284808,Control,lighthouses
113,A,116,39,4,DG,EC,0.4267702023070018,Control,marshes
119,A,122,39,4,DG,EC,-1.2808443438823331,Control,waterfalls
158,A,161,39,4,DG,EC,0.5253244650016335,Control,waterfalls
177,A,180,39,4,DG,EC,-0.0020837071909733,Control,lighthouses
203,A,206,39,4,DG,EC,1.3714753554928805,Control,marshes
208,A,211,39,4,DG,EC,0.4007847376889107,Control,lighthouses
217,A,220,39,4,DG,EC,-0.0159962662144245,Control,waterfalls
222,A,225,39,4,DG,EC,0.9572155895035608,Control,marshes
8,A,11,40,2,DG,EC,0.5713029556850961,Stress,beaches
14,A,17,40,2,DG,EC,-0.016147949423044,Stress,fields
41,A,44,40,2,DG,EC,0.1933414543472757,Stress,beaches
59,A,62,40,2,DG,EC,-0.0239453502471304,Stress,fields
82,A,85,40,2,DG,EC,0.0624533106728086,Stress,parks
87,A,90,40,2,DG,EC,0.5544525465384254,Stress,beaches
98,A,101,40,2,DG,EC,0.3001405664101931,Stress,beaches
107,A,110,40,2,DG,EC,-1.011096009384669,Stress,parks
112,A,115,40,2,DG,EC,-0.338856025615678,Stress,fields
116,A,119,40,2,DG,EC,-0.6221746732687123,Stress,beaches
122,A,125,40,2,DG,EC,0.5173708971891745,Stress,parks
128,A,131,40,2,DG,EC,0.2290339913817958,Stress,parks
139,A,142,40,2,DG,EC,0.0937557449819795,Stress,parks
144,A,147,40,2,DG,EC,-0.2694106403624298,Stress,fields
157,A,160,40,2,DG,EC,-0.151811383471764,Stress,fields
171,A,174,40,2,DG,EC,-0.1514800591546925,Stress,parks
175,A,178,40,2,DG,EC,0.835219347364358,Stress,beaches
186,A,189,40,2,DG,EC,0.3093945130017426,Stress,parks
191,A,194,40,2,DG,EC,5.231969813485985,Stress,fields
209,A,212,40,2,DG,EC,5.01015419924245,Stress,fields
220,A,223,40,2,DG,EC,0.2649701843432111,Stress,beaches
13,A,16,40,3,DG,EC,-0.6516560412236455,Stress,parks
21,A,24,40,3,DG,EC,0.2651598930243066,Stress,fields
31,A,34,40,3,DG,EC,0.4425712181543777,Stress,fields
49,A,52,40,3,DG,EC,-0.3283762618576214,Stress,beaches
58,A,61,40,3,DG,EC,-0.362479081648089,Stress,beaches
62,A,65,40,3,DG,EC,0.0052489636554922,Stress,fields
68,A,71,40,3,DG,EC,0.5177769798772812,Stress,beaches
77,A,80,40,3,DG,EC,0.9387065077359866,Stress,beaches
90,A,93,40,3,DG,EC,2.7223429087964077,Stress,beaches
98,A,101,40,3,DG,EC,-0.0791806073691869,Stress,beaches
103,A,106,40,3,DG,EC,0.2232801740660147,Stress,parks
119,A,122,40,3,DG,EC,0.4049134693138975,Stress,parks
129,A,132,40,3,DG,EC,0.1072084233123111,Stress,fields
144,A,147,40,3,DG,EC,-0.3059648887914944,Stress,fields
154,A,157,40,3,DG,EC,1.145594082017548,Stress,parks
172,A,175,40,3,DG,EC,0.6974009735637123,Stress,parks
180,A,183,40,3,DG,EC,0.0031843568818219,Stress,parks
190,A,193,40,3,DG,EC,-0.2918271154460373,Stress,fields
209,A,212,40,3,DG,EC,-1.328008776390719,Stress,fields
227,A,230,40,3,DG,EC,0.5835754403010431,Stress,parks
232,A,235,40,3,DG,EC,0.5380958578480668,Stress,beaches
7,A,10,40,4,DG,EC,-0.1203485351272799,Stress,beaches
14,A,17,40,4,DG,EC,1.3178432362174255,Stress,parks
22,A,25,40,4,DG,EC,1.5915892375470846,Stress,fields
38,A,41,40,4,DG,EC,1.81602989184528,Stress,fields
46,A,49,40,4,DG,EC,-0.2094304425930823,Stress,beaches
59,A,62,40,4,DG,EC,0.0703686793428422,Stress,fields
80,A,83,40,4,DG,EC,0.381399473581266,Stress,parks
89,A,92,40,4,DG,EC,0.0783548705013898,Stress,parks
105,A,108,40,4,DG,EC,-0.0752217022535974,Stress,fields
117,A,120,40,4,DG,EC,0.3963271058648478,Stress,beaches
125,A,128,40,4,DG,EC,-0.5924049445242373,Stress,beaches
132,A,135,40,4,DG,EC,0.5394639332145559,Stress,parks
152,A,155,40,4,DG,EC,0.1200881972608033,Stress,fields
165,A,168,40,4,DG,EC,0.1225705672747252,Stress,parks
170,A,173,40,4,DG,EC,-0.5808670830151368,Stress,fields
179,A,182,40,4,DG,EC,0.4845160193643036,Stress,fields
196,A,199,40,4,DG,EC,0.5004807050726158,Stress,beaches
211,A,214,40,4,DG,EC,-0.0066067501602949,Stress,beaches
227,A,230,40,4,DG,EC,0.0020748797386847,Stress,parks
231,A,234,40,4,DG,EC,3.0474110752575383,Stress,beaches
27,A,30,41,2,DG,EC,-0.383474935835334,Control,lakes
45,A,48,41,2,DG,EC,1.3666359916982005,Control,lakes
50,A,53,41,2,DG,EC,-0.1882158650465265,Control,beaches
54,A,57,41,2,DG,EC,-0.3829555631564715,Control,lakes
76,A,79,41,2,DG,EC,-0.3267553558406733,Control,lakes
92,A,95,41,2,DG,EC,0.7517656797068366,Control,beaches
100,A,103,41,2,DG,EC,0.0753840523552114,Control,mountains
106,A,109,41,2,DG,EC,1.6295792686340262,Control,lakes
114,A,117,41,2,DG,EC,-0.1224593237108662,Control,beaches
130,A,133,41,2,DG,EC,-1.948263854681108,Control,mountains
138,A,141,41,2,DG,EC,0.7354163628013753,Control,beaches
152,A,155,41,2,DG,EC,0.2520863996138363,Control,mountains
165,A,168,41,2,DG,EC,-0.0030942285905048,Control,beaches
172,A,175,41,2,DG,EC,1.0141699700790918,Control,lakes
188,A,191,41,2,DG,EC,0.0003904047028369,Control,beaches
197,A,200,41,2,DG,EC,2.6652606846901863,Control,mountains
205,A,208,41,2,DG,EC,1.8745060075993123,Control,beaches
211,A,214,41,2,DG,EC,-0.1501627314544766,Control,mountains
217,A,220,41,2,DG,EC,-0.2678053655268267,Control,mountains
232,A,235,41,2,DG,EC,0.9147811402353808,Control,mountains
236,A,239,41,2,DG,EC,1.545162493973458,Control,lakes
12,A,15,41,3,DG,EC,0.03541055108372,Control,lakes
28,A,31,41,3,DG,EC,-0.1940164072984035,Control,mountains
38,A,41,41,3,DG,EC,2.7228014097328663,Control,lakes
45,A,48,41,3,DG,EC,0.2862433655988224,Control,beaches
50,A,53,41,3,DG,EC,-1.4795648327719813,Control,mountains
72,A,75,41,3,DG,EC,-0.6436956392458578,Control,beaches
88,A,91,41,3,DG,EC,0.4268859205233769,Control,beaches
94,A,97,41,3,DG,EC,-0.3573611323253955,Control,mountains
108,A,111,41,3,DG,EC,-0.6555098615977022,Control,mountains
117,A,120,41,3,DG,EC,0.0615826313327024,Control,lakes
128,A,131,41,3,DG,EC,-0.0646861175548717,Control,lakes
152,A,155,41,3,DG,EC,1.7648092702339702,Control,beaches
161,A,164,41,3,DG,EC,0.1505433048717534,Control,lakes
168,A,171,41,3,DG,EC,3.0686512494232847,Control,mountains
193,A,196,41,3,DG,EC,0.3282546403533463,Control,beaches
197,A,200,41,3,DG,EC,0.1681978038575565,Control,mountains
204,A,207,41,3,DG,EC,0.4343694174139105,Control,lakes
211,A,214,41,3,DG,EC,1.3674074432839491,Control,mountains
220,A,223,41,3,DG,EC,-0.0325510095880323,Control,lakes
225,A,228,41,3,DG,EC,0.7409199693706106,Control,beaches
235,A,238,41,3,DG,EC,0.3406407306229778,Control,beaches
7,A,10,41,4,DG,EC,0.5444593535528736,Control,beaches
26,A,29,41,4,DG,EC,-0.1619508802272337,Control,mountains
38,A,41,41,4,DG,EC,1.6208503095896076,Control,lakes
46,A,49,41,4,DG,EC,0.5084212871718828,Control,beaches
61,A,64,41,4,DG,EC,1.371705625807054,Control,lakes
73,A,76,41,4,DG,EC,0.0547198766495709,Control,lakes
81,A,84,41,4,DG,EC,3.061193221083274,Control,beaches
94,A,97,41,4,DG,EC,-2.3132615253125364,Control,beaches
101,A,104,41,4,DG,EC,1.1483319250143056,Control,mountains
117,A,120,41,4,DG,EC,-0.0143569683666196,Control,lakes
123,A,126,41,4,DG,EC,0.5877094225313846,Control,mountains
162,A,165,41,4,DG,EC,1.3046358487370588,Control,lakes
170,A,173,41,4,DG,EC,0.4054419422885993,Control,beaches
183,A,186,41,4,DG,EC,-0.7143117381887463,Control,mountains
190,A,193,41,4,DG,EC,0.2318362559912417,Control,beaches
197,A,200,41,4,DG,EC,-0.4174565234045265,Control,mountains
202,A,205,41,4,DG,EC,0.0829931098761836,Control,lakes
218,A,221,41,4,DG,EC,-0.0862191833853662,Control,lakes
224,A,227,41,4,DG,EC,5.715751654713081,Control,mountains
229,A,232,41,4,DG,EC,0.0089788062215613,Control,beaches
237,A,240,41,4,DG,EC,3.359746905713126,Control,mountains
9,A,12,42,2,DG,EC,-0.6515041175171641,Stress,canyons
15,A,18,42,2,DG,EC,-0.4574149784236451,Stress,parks
31,A,34,42,2,DG,EC,0.1290578895890923,Stress,canyons
42,A,45,42,2,DG,EC,0.5074900484747492,Stress,parks
56,A,59,42,2,DG,EC,-0.0178244697659503,Stress,parks
61,A,64,42,2,DG,EC,0.7339558075841401,Stress,canyons
71,A,74,42,2,DG,EC,-0.2263189870423161,Stress,parks
88,A,91,42,2,DG,EC,0.4424190042490418,Stress,parks
97,A,100,42,2,DG,EC,3.611623774408372,Stress,canyons
110,A,113,42,2,DG,EC,-2.0877069014520684,Stress,waterfalls
128,A,131,42,2,DG,EC,-0.0014636309398939,Stress,canyons
140,A,143,42,2,DG,EC,0.0074487126730766,Stress,parks
146,A,149,42,2,DG,EC,0.5483590430996063,Stress,waterfalls
158,A,161,42,2,DG,EC,0.0305721874567282,Stress,waterfalls
166,A,169,42,2,DG,EC,0.0287571581112985,Stress,waterfalls
177,A,180,42,2,DG,EC,0.347375453930746,Stress,canyons
200,A,203,42,2,DG,EC,1.2550583419539263,Stress,parks
211,A,214,42,2,DG,EC,0.5955146790917765,Stress,waterfalls
220,A,223,42,2,DG,EC,0.2425040101512381,Stress,canyons
225,A,228,42,2,DG,EC,0.1748226065351839,Stress,waterfalls
236,A,239,42,2,DG,EC,0.4987739859859904,Stress,waterfalls
8,A,11,42,3,DG,EC,0.06758786086735,Stress,waterfalls
24,A,27,42,3,DG,EC,0.4851355850368229,Stress,waterfalls
37,A,40,42,3,DG,EC,0.131626968014995,Stress,canyons
52,A,55,42,3,DG,EC,0.0790165875325741,Stress,canyons
62,A,65,42,3,DG,EC,4.012645954789796,Stress,parks
68,A,71,42,3,DG,EC,-0.998825297958516,Stress,canyons
77,A,80,42,3,DG,EC,0.0116055990204644,Stress,canyons
93,A,96,42,3,DG,EC,-0.1148583165602398,Stress,canyons
98,A,101,42,3,DG,EC,-0.1257313339775138,Stress,waterfalls
105,A,108,42,3,DG,EC,-0.3351232639875961,Stress,parks
112,A,115,42,3,DG,EC,1.4509292854596063,Stress,waterfalls
119,A,122,42,3,DG,EC,0.4308459750899626,Stress,parks
138,A,141,42,3,DG,EC,-0.0647616707108775,Stress,parks
144,A,147,42,3,DG,EC,0.5304960291992825,Stress,parks
165,A,168,42,3,DG,EC,0.5580614731386849,Stress,parks
177,A,180,42,3,DG,EC,-0.284717159448794,Stress,canyons
200,A,203,42,3,DG,EC,-1.5705069865667527,Stress,canyons
210,A,213,42,3,DG,EC,1.5614250209890803,Stress,waterfalls
230,A,233,42,3,DG,EC,-0.1154947547887563,Stress,parks
236,A,239,42,3,DG,EC,-0.3863404614733266,Stress,waterfalls
5,A,8,42,4,DG,EC,-0.0944961557617386,Stress,canyons
13,A,16,42,4,DG,EC,0.5802500865789928,Stress,canyons
29,A,32,42,4,DG,EC,1.7726762436279528,Stress,canyons
41,A,44,42,4,DG,EC,0.5737788917737516,Stress,parks
54,A,57,42,4,DG,EC,-1.601915803802203,Stress,waterfalls
61,A,64,42,4,DG,EC,-0.5201363494810236,Stress,parks
69,A,72,42,4,DG,EC,-0.0987841484196982,Stress,parks
73,A,76,42,4,DG,EC,-0.5598748508287734,Stress,canyons
110,A,113,42,4,DG,EC,0.0358767253707213,Stress,canyons
121,A,124,42,4,DG,EC,-0.3656480308123609,Stress,canyons
141,A,144,42,4,DG,EC,-0.3648441892504116,Stress,canyons
146,A,149,42,4,DG,EC,0.3769440354350818,Stress,waterfalls
151,A,154,42,4,DG,EC,0.5723409126833101,Stress,parks
165,A,168,42,4,DG,EC,-0.7404545339568932,Stress,waterfalls
176,A,179,42,4,DG,EC,0.9016169009379966,Stress,parks
183,A,186,42,4,DG,EC,1.409031122778179,Stress,waterfalls
198,A,201,42,4,DG,EC,-0.6756597956859972,Stress,parks
211,A,214,42,4,DG,EC,4.314200957444946,Stress,waterfalls
228,A,231,42,4,DG,EC,0.0010869894328675,Stress,waterfalls
5,A,8,43,2,DG,EC,0.0227471729160088,Stress,lakes
14,A,17,43,2,DG,EC,-0.557761244481254,Stress,lakes
22,A,25,43,2,DG,EC,-0.5882070511204434,Stress,lighthouses
30,A,33,43,2,DG,EC,0.059039369414586,Stress,lighthouses
35,A,38,43,2,DG,EC,0.2165340483473113,Stress,deserts
45,A,48,43,2,DG,EC,-0.9182708398492369,Stress,deserts
67,A,70,43,2,DG,EC,0.053492904521388,Stress,deserts
84,A,87,43,2,DG,EC,0.6780868329029527,Stress,deserts
92,A,95,43,2,DG,EC,1.0452579943588545,Stress,deserts
101,A,104,43,2,DG,EC,0.6738848562240441,Stress,deserts
106,A,109,43,2,DG,EC,0.1235398623374446,Stress,lighthouses
113,A,116,43,2,DG,EC,-0.0057831863872701,Stress,lakes
131,A,134,43,2,DG,EC,0.089571716065234,Stress,lighthouses
140,A,143,43,2,DG,EC,0.0906581611244098,Stress,lighthouses
149,A,152,43,2,DG,EC,0.4061053918026076,Stress,lakes
157,A,160,43,2,DG,EC,1.3180574217760268,Stress,deserts
177,A,180,43,2,DG,EC,-0.0135069112379165,Stress,lighthouses
189,A,192,43,2,DG,EC,3.067113233481705,Stress,lakes
200,A,203,43,2,DG,EC,0.4582028213263168,Stress,lakes
220,A,223,43,2,DG,EC,0.5363739680462439,Stress,lighthouses
237,A,240,43,2,DG,EC,2.498178766161716,Stress,lakes
5,A,8,43,3,DG,EC,1.5641504474909504,Stress,deserts
21,A,24,43,3,DG,EC,2.9248943404576204,Stress,deserts
40,A,43,43,3,DG,EC,0.0133632992600156,Stress,lakes
46,A,49,43,3,DG,EC,-0.025870989771448,Stress,lakes
58,A,61,43,3,DG,EC,0.0340887386927068,Stress,deserts
75,A,78,43,3,DG,EC,1.001772639911262,Stress,lakes
87,A,90,43,3,DG,EC,-0.0401380941865335,Stress,lighthouses
92,A,95,43,3,DG,EC,0.0362499466348737,Stress,lakes
97,A,100,43,3,DG,EC,-1.9775088539541137,Stress,lighthouses
107,A,110,43,3,DG,EC,-0.9477235456921852,Stress,lighthouses
113,A,116,43,3,DG,EC,0.3331028088032644,Stress,lakes
118,A,121,43,3,DG,EC,0.0003391723375676,Stress,lighthouses
148,A,151,43,3,DG,EC,-0.1077928500185846,Stress,lighthouses
163,A,166,43,3,DG,EC,0.1280047195414436,Stress,lighthouses
172,A,175,43,3,DG,EC,0.7797183651339672,Stress,deserts
192,A,195,43,3,DG,EC,-1.0862182599306018,Stress,deserts
201,A,204,43,3,DG,EC,0.000906894843989,Stress,lighthouses
214,A,217,43,3,DG,EC,-0.925298229119664,Stress,lakes
220,A,223,43,3,DG,EC,-0.3953233720712473,Stress,deserts
227,A,230,43,3,DG,EC,0.4776687159549141,Stress,lakes
235,A,238,43,3,DG,EC,0.0754929351941229,Stress,deserts
14,A,17,43,4,DG,EC,0.1842714153236044,Stress,lakes
18,A,21,43,4,DG,EC,-0.4691509399613927,Stress,deserts
32,A,35,43,4,DG,EC,1.2682113784342426,Stress,lakes
37,A,40,43,4,DG,EC,-1.2455570436366843,Stress,lighthouses
46,A,49,43,4,DG,EC,-0.0446194764769428,Stress,deserts
67,A,70,43,4,DG,EC,-0.0048778283314282,Stress,lakes
76,A,79,43,4,DG,EC,-3.370240082038406,Stress,lakes
101,A,104,43,4,DG,EC,0.5279015825817098,Stress,lakes
112,A,115,43,4,DG,EC,0.0755335004485238,Stress,deserts
117,A,120,43,4,DG,EC,-0.8005723032389985,Stress,lighthouses
124,A,127,43,4,DG,EC,-0.0583014328027243,Stress,deserts
141,A,144,43,4,DG,EC,3.853184677503121,Stress,lighthouses
147,A,150,43,4,DG,EC,0.991737851211948,Stress,deserts
153,A,156,43,4,DG,EC,-0.0019776385277705,Stress,lighthouses
158,A,161,43,4,DG,EC,1.8314420771684288,Stress,deserts
172,A,175,43,4,DG,EC,0.3859328843612737,Stress,lakes
179,A,182,43,4,DG,EC,-0.1302002327850016,Stress,lighthouses
206,A,209,43,4,DG,EC,-0.8034178976672952,Stress,lighthouses
212,A,215,43,4,DG,EC,0.2365994447475799,Stress,lakes
223,A,226,43,4,DG,EC,-0.2747094932663111,Stress,lighthouses
8,A,11,44,2,DG,EC,-1.111292088841785,Control,canyons
31,A,34,44,2,DG,EC,-0.1867957025311786,Control,lakes
42,A,45,44,2,DG,EC,0.7219297194820601,Control,bridges
47,A,50,44,2,DG,EC,0.0380293712527489,Control,canyons
54,A,57,44,2,DG,EC,-0.2845481002003529,Control,bridges
74,A,77,44,2,DG,EC,-0.3159525437755723,Control,canyons
79,A,82,44,2,DG,EC,-0.0256617553472196,Control,bridges
98,A,101,44,2,DG,EC,0.6822216502489424,Control,canyons
104,A,107,44,2,DG,EC,0.689873824924988,Control,lakes
117,A,120,44,2,DG,EC,0.4063770473715026,Control,bridges
122,A,125,44,2,DG,EC,0.6299521954589312,Control,lakes
132,A,135,44,2,DG,EC,0.9286495145378294,Control,bridges
144,A,147,44,2,DG,EC,-0.0022272309988456,Control,lakes
152,A,155,44,2,DG,EC,-0.230557002550397,Control,lakes
166,A,169,44,2,DG,EC,-0.3101017889330965,Control,lakes
178,A,181,44,2,DG,EC,0.0473119268762817,Control,bridges
185,A,188,44,2,DG,EC,-0.2550047335767861,Control,canyons
197,A,200,44,2,DG,EC,0.0081191232002632,Control,bridges
204,A,207,44,2,DG,EC,0.2893680733298788,Control,canyons
209,A,212,44,2,DG,EC,-1.8685993703149544,Control,lakes
222,A,225,44,2,DG,EC,-0.8257836526555631,Control,canyons
5,A,8,44,3,DG,EC,2.4296007527540904,Control,canyons
17,A,20,44,3,DG,EC,-0.1599684542274627,Control,bridges
43,A,46,44,3,DG,EC,2.261594463226998,Control,canyons
51,A,54,44,3,DG,EC,0.0130282453024916,Control,bridges
57,A,60,44,3,DG,EC,0.8159542533682159,Control,canyons
85,A,88,44,3,DG,EC,0.0051340769097489,Control,lakes
95,A,98,44,3,DG,EC,-0.102285154758904,Control,canyons
102,A,105,44,3,DG,EC,0.0102721936898885,Control,lakes
111,A,114,44,3,DG,EC,-0.2551421826846987,Control,lakes
118,A,121,44,3,DG,EC,1.0182476321650251,Control,lakes
124,A,127,44,3,DG,EC,1.3066802423085364,Control,bridges
131,A,134,44,3,DG,EC,1.3326945320072674,Control,canyons
139,A,142,44,3,DG,EC,1.2435997799184038,Control,lakes
145,A,148,44,3,DG,EC,-0.7646219159400128,Control,canyons
168,A,171,44,3,DG,EC,-0.7481767591911644,Control,bridges
177,A,180,44,3,DG,EC,-0.0056300495520617,Control,lakes
184,A,187,44,3,DG,EC,-0.6395810613761573,Control,canyons
188,A,191,44,3,DG,EC,0.0873613382485264,Control,lakes
197,A,200,44,3,DG,EC,-0.0876756036711863,Control,bridges
205,A,208,44,3,DG,EC,1.916742072283204,Control,bridges
234,A,237,44,3,DG,EC,-0.115140846157525,Control,bridges
5,A,8,44,4,DG,EC,1.2252518869647293,Control,canyons
23,A,26,44,4,DG,EC,-1.0757634938215537,Control,lakes
52,A,55,44,4,DG,EC,0.0099156851926291,Control,bridges
66,A,69,44,4,DG,EC,0.928005957684602,Control,lakes
70,A,73,44,4,DG,EC,-1.0909966971219844,Control,canyons
81,A,84,44,4,DG,EC,0.5687419999147224,Control,lakes
91,A,94,44,4,DG,EC,2.3448533744256483,Control,canyons
117,A,120,44,4,DG,EC,2.1170235207093677,Control,canyons
126,A,129,44,4,DG,EC,-1.0896072270283197,Control,lakes
133,A,136,44,4,DG,EC,-0.0268529089370861,Control,lakes
150,A,153,44,4,DG,EC,0.5296805490916086,Control,canyons
157,A,160,44,4,DG,EC,0.4285042441496439,Control,bridges
165,A,168,44,4,DG,EC,0.2733558384520459,Control,lakes
175,A,178,44,4,DG,EC,-0.0622041243216026,Control,bridges
185,A,188,44,4,DG,EC,-0.4007314658393909,Control,bridges
190,A,193,44,4,DG,EC,0.3184188658830787,Control,canyons
199,A,202,44,4,DG,EC,0.0039577836717333,Control,bridges
209,A,212,44,4,DG,EC,0.7668047686230073,Control,canyons
216,A,219,44,4,DG,EC,1.979159583715488,Control,bridges
227,A,230,44,4,DG,EC,-0.5770680102628617,Control,lakes
233,A,236,44,4,DG,EC,-0.2008004511442795,Control,bridges
11,A,14,45,2,DG,EC,0.5448092056875025,Control,beaches
16,A,19,45,2,DG,EC,0.0699961654645422,Control,fields
30,A,33,45,2,DG,EC,-0.0524816621731927,Control,deserts
43,A,46,45,2,DG,EC,0.7948607065918603,Control,beaches
51,A,54,45,2,DG,EC,1.860818252424865,Control,fields
69,A,72,45,2,DG,EC,1.611666294751494,Control,beaches
75,A,78,45,2,DG,EC,1.9732702528605903,Control,fields
81,A,84,45,2,DG,EC,0.0576169913526559,Control,deserts
88,A,91,45,2,DG,EC,0.0159834954338828,Control,deserts
99,A,102,45,2,DG,EC,3.0228374910420395,Control,beaches
119,A,122,45,2,DG,EC,-2.8412092450303003e-05,Control,beaches
133,A,136,45,2,DG,EC,0.2844424550218969,Control,beaches
141,A,144,45,2,DG,EC,-0.1737975835330882,Control,deserts
150,A,153,45,2,DG,EC,0.1765308808305884,Control,fields
164,A,167,45,2,DG,EC,1.573958522221405,Control,fields
180,A,183,45,2,DG,EC,0.0219941306932539,Control,deserts
187,A,190,45,2,DG,EC,-1.4948360098530848,Control,deserts
196,A,199,45,2,DG,EC,-0.0933231898504425,Control,deserts
202,A,205,45,2,DG,EC,-0.0684395033369621,Control,beaches
212,A,215,45,2,DG,EC,-0.0058824971474392,Control,fields
236,A,239,45,2,DG,EC,-0.1661719931339628,Control,fields
5,A,8,45,3,DG,EC,-1.292143167764232,Control,deserts
10,A,13,45,3,DG,EC,3.0052875831341943,Control,fields
18,A,21,45,3,DG,EC,0.8598983972840395,Control,deserts
31,A,34,45,3,DG,EC,-0.5078600858023518,Control,deserts
46,A,49,45,3,DG,EC,1.399148605149091,Control,deserts
61,A,64,45,3,DG,EC,0.0217745309752485,Control,fields
67,A,70,45,3,DG,EC,0.0280437262551904,Control,beaches
75,A,78,45,3,DG,EC,0.4391422427928048,Control,deserts
93,A,96,45,3,DG,EC,0.3407342070243844,Control,deserts
109,A,112,45,3,DG,EC,1.3075446220632954,Control,beaches
115,A,118,45,3,DG,EC,-0.06526488006685,Control,fields
131,A,134,45,3,DG,EC,-0.697694332107865,Control,fields
139,A,142,45,3,DG,EC,0.9972879110679248,Control,beaches
147,A,150,45,3,DG,EC,0.0848736668385007,Control,beaches
161,A,164,45,3,DG,EC,2.324263802346783,Control,deserts
172,A,175,45,3,DG,EC,5.371879776244213,Control,beaches
179,A,182,45,3,DG,EC,0.4260251018619403,Control,fields
221,A,224,45,3,DG,EC,0.0742450375325619,Control,beaches
227,A,230,45,3,DG,EC,0.1574522012222273,Control,fields
232,A,235,45,3,DG,EC,0.0250507023647942,Control,beaches
238,A,241,45,3,DG,EC,1.8676889257747007,Control,fields
7,A,10,45,4,DG,EC,-0.0211082107651137,Control,fields
11,A,14,45,4,DG,EC,0.9081590586496656,Control,deserts
28,A,31,45,4,DG,EC,2.796629850298592,Control,fields
46,A,49,45,4,DG,EC,1.0055119847416512,Control,fields
54,A,57,45,4,DG,EC,0.0126455350598477,Control,beaches
65,A,68,45,4,DG,EC,1.148756588421588,Control,deserts
70,A,73,45,4,DG,EC,4.211801702891619,Control,beaches
82,A,85,45,4,DG,EC,1.5588911282415527,Control,beaches
93,A,96,45,4,DG,EC,-0.8873653429062536,Control,beaches
106,A,109,45,4,DG,EC,-0.0237110649739227,Control,deserts
113,A,116,45,4,DG,EC,0.4731810245640795,Control,fields
123,A,126,45,4,DG,EC,0.6420488640291712,Control,deserts
134,A,137,45,4,DG,EC,-0.2526738133955816,Control,fields
140,A,143,45,4,DG,EC,-0.489938110586424,Control,deserts
146,A,149,45,4,DG,EC,0.110892475303406,Control,beaches
174,A,177,45,4,DG,EC,2.057711685029625,Control,beaches
178,A,181,45,4,DG,EC,-0.0291493254175644,Control,fields
187,A,190,45,4,DG,EC,-0.2510162276638829,Control,deserts
200,A,203,45,4,DG,EC,1.51165280879633,Control,beaches
216,A,219,45,4,DG,EC,0.0097296685698353,Control,fields
232,A,235,45,4,DG,EC,0.0956731329045964,Control,deserts
5,A,8,46,2,DG,EC,0.0842327511158895,Stress,forests
13,A,16,46,2,DG,EC,-0.2395972367849139,Stress,parks
20,A,23,46,2,DG,EC,0.4345890994554566,Stress,mountains
36,A,39,46,2,DG,EC,0.74431692331421,Stress,forests
50,A,53,46,2,DG,EC,0.7651476873576208,Stress,forests
59,A,62,46,2,DG,EC,1.2307047743168311,Stress,mountains
64,A,67,46,2,DG,EC,-0.0545138545677772,Stress,parks
82,A,85,46,2,DG,EC,-0.0134131702765611,Stress,mountains
88,A,91,46,2,DG,EC,1.0099770918339352,Stress,parks
101,A,104,46,2,DG,EC,-0.5536955647308712,Stress,mountains
111,A,114,46,2,DG,EC,-0.4534666648794112,Stress,mountains
119,A,122,46,2,DG,EC,-0.3147249538888375,Stress,parks
128,A,131,46,2,DG,EC,0.0079830216566384,Stress,forests
147,A,150,46,2,DG,EC,0.0415138680340663,Stress,mountains
157,A,160,46,2,DG,EC,2.749877376876922,Stress,parks
170,A,173,46,2,DG,EC,0.2665696639145334,Stress,mountains
189,A,192,46,2,DG,EC,0.1145989886041,Stress,parks
195,A,198,46,2,DG,EC,1.0675238244692375,Stress,forests
209,A,212,46,2,DG,EC,-0.0361760893927037,Stress,forests
233,A,236,46,2,DG,EC,-0.0949157045408254,Stress,parks
237,A,240,46,2,DG,EC,2.066703629759609,Stress,forests
10,A,13,46,3,DG,EC,-0.0433172847712281,Stress,parks
18,A,21,46,3,DG,EC,0.0654217994752163,Stress,mountains
27,A,30,46,3,DG,EC,-1.9602556900639143,Stress,forests
44,A,47,46,3,DG,EC,0.6015680930657532,Stress,mountains
57,A,60,46,3,DG,EC,0.6446456446920352,Stress,mountains
64,A,67,46,3,DG,EC,-0.0584713308375422,Stress,forests
73,A,76,46,3,DG,EC,0.9390864866223978,Stress,parks
85,A,88,46,3,DG,EC,1.027053099620925,Stress,parks
92,A,95,46,3,DG,EC,0.0019832484932881,Stress,forests
98,A,101,46,3,DG,EC,-0.1817846242723193,Stress,mountains
117,A,120,46,3,DG,EC,-0.4588072159019282,Stress,forests
124,A,127,46,3,DG,EC,0.0612030788776994,Stress,parks
132,A,135,46,3,DG,EC,1.3769687754196769,Stress,parks
136,A,139,46,3,DG,EC,-0.9246225959382828,Stress,mountains
152,A,155,46,3,DG,EC,-0.539168885197041,Stress,parks
160,A,163,46,3,DG,EC,-0.8590284409757122,Stress,forests
180,A,183,46,3,DG,EC,0.5507686122349371,Stress,mountains
187,A,190,46,3,DG,EC,-0.341524549206358,Stress,forests
191,A,194,46,3,DG,EC,2.569699008697712,Stress,parks
198,A,201,46,3,DG,EC,0.1704532658997103,Stress,forests
237,A,240,46,3,DG,EC,0.0006874468896188,Stress,mountains
16,A,19,46,4,DG,EC,0.939259562637442,Stress,mountains
22,A,25,46,4,DG,EC,0.7026047825843725,Stress,parks
34,A,37,46,4,DG,EC,0.7260778449744663,Stress,forests
49,A,52,46,4,DG,EC,0.4303471001176531,Stress,parks
60,A,63,46,4,DG,EC,0.0570068353868358,Stress,forests
74,A,77,46,4,DG,EC,0.5251866688698864,Stress,mountains
97,A,100,46,4,DG,EC,3.503103604737004,Stress,parks
111,A,114,46,4,DG,EC,-0.0025213689968558,Stress,parks
119,A,122,46,4,DG,EC,0.0757259863674005,Stress,parks
127,A,130,46,4,DG,EC,-0.224956929580526,Stress,forests
132,A,135,46,4,DG,EC,0.0685876793418573,Stress,mountains
142,A,145,46,4,DG,EC,0.073086493798742,Stress,forests
156,A,159,46,4,DG,EC,-0.0531946195925179,Stress,parks
162,A,165,46,4,DG,EC,0.8514047895606747,Stress,mountains
175,A,178,46,4,DG,EC,-0.0409430747882106,Stress,mountains
185,A,188,46,4,DG,EC,-0.1509493369868502,Stress,mountains
196,A,199,46,4,DG,EC,0.7071375885604253,Stress,forests
200,A,203,46,4,DG,EC,1.5387846328990942,Stress,mountains
210,A,213,46,4,DG,EC,0.0063539820774983,Stress,forests
221,A,224,46,4,DG,EC,-1.048278766234088,Stress,parks
228,A,231,46,4,DG,EC,0.60703435609101,Stress,forests
27,A,30,47,2,DG,EC,1.1186441043424806,Stress,forests
37,A,40,47,2,DG,EC,0.0257090899013707,Stress,fields
46,A,49,47,2,DG,EC,0.5393600405242446,Stress,forests
55,A,58,47,2,DG,EC,2.2295769102836647,Stress,forests
64,A,67,47,2,DG,EC,0.8011990642598872,Stress,fields
71,A,74,47,2,DG,EC,1.0003987597898936,Stress,mountains
81,A,84,47,2,DG,EC,1.4704909728225009,Stress,fields
87,A,90,47,2,DG,EC,0.1103819229092399,Stress,mountains
94,A,97,47,2,DG,EC,-0.3747990796369291,Stress,fields
103,A,106,47,2,DG,EC,-0.009586501737082,Stress,fields
110,A,113,47,2,DG,EC,-0.9987066173773126,Stress,mountains
120,A,123,47,2,DG,EC,0.1246446247047237,Stress,mountains
131,A,134,47,2,DG,EC,-0.1093992433283948,Stress,forests
138,A,141,47,2,DG,EC,-0.3274416637534121,Stress,mountains
161,A,164,47,2,DG,EC,-0.428370127900726,Stress,fields
168,A,171,47,2,DG,EC,-0.0338911082720037,Stress,forests
175,A,178,47,2,DG,EC,0.0038746409794767,Stress,mountains
186,A,189,47,2,DG,EC,0.0243505094861115,Stress,fields
196,A,199,47,2,DG,EC,0.145230695138768,Stress,forests
219,A,222,47,2,DG,EC,0.2853286806079176,Stress,forests
235,A,238,47,2,DG,EC,0.5517155634904608,Stress,mountains
5,A,8,47,3,DG,EC,-0.9018149673119088,Stress,fields
11,A,14,47,3,DG,EC,-0.000443668280058,Stress,forests
49,A,52,47,3,DG,EC,0.0297482614033357,Stress,fields
63,A,66,47,3,DG,EC,0.0301027104952953,Stress,forests
67,A,70,47,3,DG,EC,-0.2480446276175473,Stress,mountains
72,A,75,47,3,DG,EC,-1.8998256475498343,Stress,fields
77,A,80,47,3,DG,EC,1.6987683738528028,Stress,mountains
86,A,89,47,3,DG,EC,-0.6336781512556525,Stress,mountains
94,A,97,47,3,DG,EC,0.0400115772982391,Stress,fields
106,A,109,47,3,DG,EC,-0.3839090092428649,Stress,mountains
117,A,120,47,3,DG,EC,0.1478894768751307,Stress,forests
134,A,137,47,3,DG,EC,4.015864465348484,Stress,mountains
147,A,150,47,3,DG,EC,0.7158072033342447,Stress,fields
179,A,182,47,3,DG,EC,0.3608776655920992,Stress,mountains
186,A,189,47,3,DG,EC,-0.2397109596245947,Stress,fields
192,A,195,47,3,DG,EC,-1.5173234622244651,Stress,forests
203,A,206,47,3,DG,EC,1.4767027856734791,Stress,forests
213,A,216,47,3,DG,EC,1.6914617911250485,Stress,mountains
217,A,220,47,3,DG,EC,0.0548090921973347,Stress,forests
222,A,225,47,3,DG,EC,-1.4993423120766936,Stress,fields
230,A,233,47,3,DG,EC,-0.0111284422471932,Stress,forests
8,A,11,47,4,DG,EC,0.7961928600697404,Stress,mountains
31,A,34,47,4,DG,EC,4.051549441168531,Stress,mountains
38,A,41,47,4,DG,EC,0.1060875630080427,Stress,fields
46,A,49,47,4,DG,EC,1.247519431379601,Stress,mountains
65,A,68,47,4,DG,EC,0.2361837775902047,Stress,fields
74,A,77,47,4,DG,EC,0.3879261784376992,Stress,forests
82,A,85,47,4,DG,EC,0.8981702957588898,Stress,fields
87,A,90,47,4,DG,EC,-0.2259616648385762,Stress,forests
92,A,95,47,4,DG,EC,1.0341297123623494,Stress,fields
109,A,112,47,4,DG,EC,0.5112380600953308,Stress,mountains
117,A,120,47,4,DG,EC,0.0720566438964952,Stress,forests
133,A,136,47,4,DG,EC,-0.7653935894392636,Stress,fields
138,A,141,47,4,DG,EC,0.3548215820698286,Stress,mountains
151,A,154,47,4,DG,EC,-0.2529881379321165,Stress,fields
166,A,169,47,4,DG,EC,-0.4794558835269911,Stress,mountains
188,A,191,47,4,DG,EC,-0.518829020508706,Stress,mountains
198,A,201,47,4,DG,EC,0.3604328860697998,Stress,forests
204,A,207,47,4,DG,EC,0.0121728068148908,Stress,forests
224,A,227,47,4,DG,EC,-0.1543430705462284,Stress,fields
231,A,234,47,4,DG,EC,-0.4167790474240929,Stress,forests
8,A,11,48,2,DG,EC,-0.200161264981754,Control,bridges
16,A,19,48,2,DG,EC,0.1156912447401055,Control,forests
21,A,24,48,2,DG,EC,1.416493788555042,Control,canyons
36,A,39,48,2,DG,EC,1.7161836971447924,Control,forests
46,A,49,48,2,DG,EC,0.0541085948770925,Control,forests
52,A,55,48,2,DG,EC,-0.1358146775646668,Control,canyons
59,A,62,48,2,DG,EC,0.1790038986697766,Control,forests
69,A,72,48,2,DG,EC,-0.0559220334262986,Control,canyons
75,A,78,48,2,DG,EC,0.0008502765343069,Control,bridges
84,A,87,48,2,DG,EC,0.556792258778204,Control,bridges
104,A,107,48,2,DG,EC,0.3886144019446039,Control,forests
110,A,113,48,2,DG,EC,0.4907177613577708,Control,canyons
121,A,124,48,2,DG,EC,0.1008837256758057,Control,bridges
134,A,137,48,2,DG,EC,0.5263423088196569,Control,canyons
147,A,150,48,2,DG,EC,-0.1563594600711701,Control,canyons
152,A,155,48,2,DG,EC,1.6776886382084213,Control,bridges
159,A,162,48,2,DG,EC,1.7142265509712182,Control,forests
164,A,167,48,2,DG,EC,0.5387259200099698,Control,bridges
187,A,190,48,2,DG,EC,-0.3619742890874,Control,bridges
198,A,201,48,2,DG,EC,-0.8250505059312065,Control,forests
234,A,237,48,2,DG,EC,-0.7705234043341319,Control,canyons
13,A,16,48,3,DG,EC,-0.1139398787123147,Control,canyons
30,A,33,48,3,DG,EC,0.1436638949855015,Control,forests
35,A,38,48,3,DG,EC,-3.615168182776529,Control,canyons
45,A,48,48,3,DG,EC,-0.6010427110706329,Control,forests
51,A,54,48,3,DG,EC,0.0552940110916228,Control,bridges
58,A,61,48,3,DG,EC,-0.8300141324655853,Control,forests
78,A,81,48,3,DG,EC,0.4153510833025684,Control,canyons
82,A,85,48,3,DG,EC,0.1321329094778277,Control,bridges
112,A,115,48,3,DG,EC,-0.3090436846179054,Control,canyons
116,A,119,48,3,DG,EC,-0.3147062718642517,Control,bridges
120,A,123,48,3,DG,EC,0.9058162944593352,Control,forests
129,A,132,48,3,DG,EC,0.0616673667936897,Control,bridges
145,A,148,48,3,DG,EC,0.7826476373503664,Control,bridges
150,A,153,48,3,DG,EC,0.0003222227908664,Control,canyons
155,A,158,48,3,DG,EC,1.4129371174093064,Control,forests
174,A,177,48,3,DG,EC,-0.39702139257445,Control,bridges
179,A,182,48,3,DG,EC,1.8682689740121816,Control,forests
188,A,191,48,3,DG,EC,4.219467087072918,Control,canyons
203,A,206,48,3,DG,EC,0.4480513989770491,Control,bridges
211,A,214,48,3,DG,EC,0.0943047659224392,Control,canyons
222,A,225,48,3,DG,EC,-0.0120665560725503,Control,forests
5,A,8,48,4,DG,EC,0.0384001020678326,Control,canyons
12,A,15,48,4,DG,EC,-0.0208813192484115,Control,bridges
21,A,24,48,4,DG,EC,1.3895920331553442,Control,forests
35,A,38,48,4,DG,EC,-0.3980200788326402,Control,forests
42,A,45,48,4,DG,EC,0.0300924533833125,Control,bridges
61,A,64,48,4,DG,EC,0.3639520373738182,Control,canyons
80,A,83,48,4,DG,EC,0.6030032694438708,Control,canyons
88,A,91,48,4,DG,EC,-0.4977992155340549,Control,bridges
101,A,104,48,4,DG,EC,0.3142452996790167,Control,bridges
112,A,115,48,4,DG,EC,-0.4166283963829335,Control,bridges
129,A,132,48,4,DG,EC,-0.7688008822246977,Control,forests
135,A,138,48,4,DG,EC,1.01570934507987,Control,bridges
147,A,150,48,4,DG,EC,0.0307731082707822,Control,forests
159,A,162,48,4,DG,EC,0.982684197196426,Control,forests
169,A,172,48,4,DG,EC,0.7368829884960157,Control,canyons
180,A,183,48,4,DG,EC,0.243070613685422,Control,forests
186,A,189,48,4,DG,EC,0.1177944609000488,Control,bridges
207,A,210,48,4,DG,EC,0.2144290884437158,Control,canyons
219,A,222,48,4,DG,EC,1.9575480660466371,Control,canyons
230,A,233,48,4,DG,EC,0.1712802089546887,Control,canyons
235,A,238,48,4,DG,EC,0.8089050533852405,Control,forests
8,A,11,49,2,DG,EC,2.5417306010804466,Control,beaches
32,A,35,49,2,DG,EC,0.1746936366440535,Control,fields
38,A,41,49,2,DG,EC,1.6377101571068964,Control,fields
59,A,62,49,2,DG,EC,0.7868742650054612,Control,waterfalls
65,A,68,49,2,DG,EC,0.9721993337914924,Control,fields
70,A,73,49,2,DG,EC,-0.3027590594577592,Control,waterfalls
93,A,96,49,2,DG,EC,-0.0233997981113473,Control,beaches
106,A,109,49,2,DG,EC,1.839125872599748,Control,waterfalls
111,A,114,49,2,DG,EC,-1.068029965229385,Control,beaches
116,A,119,49,2,DG,EC,-0.3471090407153919,Control,waterfalls
134,A,137,49,2,DG,EC,0.9726536874353056,Control,beaches
146,A,149,49,2,DG,EC,-0.0919055413979762,Control,beaches
158,A,161,49,2,DG,EC,-0.1677186649682245,Control,fields
170,A,173,49,2,DG,EC,-0.0773427183843404,Control,fields
180,A,183,49,2,DG,EC,1.2783985751634084,Control,beaches
191,A,194,49,2,DG,EC,0.6401202550660461,Control,waterfalls
197,A,200,49,2,DG,EC,1.3029199867503511,Control,fields
202,A,205,49,2,DG,EC,-1.0825926395416026,Control,beaches
218,A,221,49,2,DG,EC,0.7364954240868191,Control,fields
228,A,231,49,2,DG,EC,-1.3928919365202037,Control,waterfalls
235,A,238,49,2,DG,EC,-0.0034165528561642,Control,waterfalls
9,A,12,49,3,DG,EC,0.4147217246207946,Control,beaches
15,A,18,49,3,DG,EC,0.0299648278545236,Control,waterfalls
26,A,29,49,3,DG,EC,1.6928451127896065,Control,fields
36,A,39,49,3,DG,EC,0.5461238691829324,Control,fields
45,A,48,49,3,DG,EC,0.2550174512725588,Control,waterfalls
70,A,73,49,3,DG,EC,-0.1882840970828474,Control,beaches
76,A,79,49,3,DG,EC,-0.0018439576283905,Control,waterfalls
86,A,89,49,3,DG,EC,0.2887246851389461,Control,beaches
99,A,102,49,3,DG,EC,1.0438467650878227,Control,beaches
107,A,110,49,3,DG,EC,0.928676454221626,Control,fields
118,A,121,49,3,DG,EC,-0.3463640727843635,Control,waterfalls
128,A,131,49,3,DG,EC,0.7779194877586438,Control,beaches
137,A,140,49,3,DG,EC,-2.917137300232579,Control,beaches
154,A,157,49,3,DG,EC,-0.2930081912421718,Control,waterfalls
163,A,166,49,3,DG,EC,-0.1160537837749479,Control,fields
178,A,181,49,3,DG,EC,0.3832703985953505,Control,waterfalls
186,A,189,49,3,DG,EC,0.8861124966339737,Control,beaches
192,A,195,49,3,DG,EC,1.443265425611394,Control,fields
200,A,203,49,3,DG,EC,0.5169907480144662,Control,waterfalls
208,A,211,49,3,DG,EC,-0.1737713829562562,Control,fields
217,A,220,49,3,DG,EC,1.881948180965648,Control,fields
22,A,25,49,4,DG,EC,-0.0054125424842399,Control,beaches
31,A,34,49,4,DG,EC,2.602181035245421,Control,waterfalls
45,A,48,49,4,DG,EC,0.0554998457604836,Control,waterfalls
54,A,57,49,4,DG,EC,0.6889653658510912,Control,beaches
67,A,70,49,4,DG,EC,0.5115899011925317,Control,waterfalls
73,A,76,49,4,DG,EC,2.248711338134816,Control,fields
85,A,88,49,4,DG,EC,-0.0274566666655497,Control,fields
95,A,98,49,4,DG,EC,3.0762394353606783,Control,fields
106,A,109,49,4,DG,EC,0.3890111108975953,Control,waterfalls
143,A,146,49,4,DG,EC,-0.9133819791558152,Control,waterfalls
150,A,153,49,4,DG,EC,-0.0470685932260952,Control,waterfalls
158,A,161,49,4,DG,EC,-0.2248071838605522,Control,beaches
170,A,173,49,4,DG,EC,1.3337951816426217,Control,fields
174,A,177,49,4,DG,EC,0.134950027131104,Control,beaches
182,A,185,49,4,DG,EC,-0.0028527369703168,Control,fields
194,A,197,49,4,DG,EC,0.015872979832217,Control,beaches
202,A,205,49,4,DG,EC,-0.3515973160028055,Control,beaches
214,A,217,49,4,DG,EC,0.6219975465475479,Control,fields
223,A,226,49,4,DG,EC,0.1391262286451947,Control,fields
229,A,232,49,4,DG,EC,1.1876850556145009,Control,beaches
12,A,15,50,2,DG,EC,0.644228248047396,Stress,waterfalls
34,A,37,50,2,DG,EC,0.6513348766514337,Stress,waterfalls
39,A,42,50,2,DG,EC,1.034611396079095,Stress,lighthouses
48,A,51,50,2,DG,EC,-0.2814076403931942,Stress,canyons
53,A,56,50,2,DG,EC,-0.0007357846368131,Stress,waterfalls
62,A,65,50,2,DG,EC,0.0730694337071604,Stress,waterfalls
70,A,73,50,2,DG,EC,-0.1757140841262248,Stress,lighthouses
90,A,93,50,2,DG,EC,-1.01893088717181,Stress,canyons
105,A,108,50,2,DG,EC,1.2920140203507688,Stress,canyons
114,A,117,50,2,DG,EC,0.2705169328282279,Stress,canyons
128,A,131,50,2,DG,EC,0.1145042677329265,Stress,waterfalls
136,A,139,50,2,DG,EC,0.1598312624752221,Stress,lighthouses
146,A,149,50,2,DG,EC,3.3584422342729825,Stress,waterfalls
165,A,168,50,2,DG,EC,-0.0642714981358026,Stress,lighthouses
173,A,176,50,2,DG,EC,-0.2603458921582814,Stress,lighthouses
195,A,198,50,2,DG,EC,0.1052530940344902,Stress,waterfalls
200,A,203,50,2,DG,EC,0.7915009725130426,Stress,canyons
206,A,209,50,2,DG,EC,0.5425850641020928,Stress,lighthouses
214,A,217,50,2,DG,EC,-1.0304900765539935,Stress,canyons
221,A,224,50,2,DG,EC,0.1400982995469556,Stress,canyons
231,A,234,50,2,DG,EC,-0.2605800675013031,Stress,lighthouses
16,A,19,50,3,DG,EC,1.2379804722699153,Stress,waterfalls
32,A,35,50,3,DG,EC,1.610053409674222,Stress,waterfalls
49,A,52,50,3,DG,EC,-0.1037602456823093,Stress,lighthouses
59,A,62,50,3,DG,EC,-0.5347272313418,Stress,canyons
68,A,71,50,3,DG,EC,-1.0295694102050823,Stress,canyons
75,A,78,50,3,DG,EC,0.0116118095053178,Stress,lighthouses
105,A,108,50,3,DG,EC,0.0062763114780049,Stress,lighthouses
113,A,116,50,3,DG,EC,0.044173097447951,Stress,waterfalls
131,A,134,50,3,DG,EC,-1.6782639685103349,Stress,canyons
155,A,158,50,3,DG,EC,0.3827229291684509,Stress,lighthouses
160,A,163,50,3,DG,EC,1.022217529883551,Stress,canyons
165,A,168,50,3,DG,EC,0.0866406877708743,Stress,waterfalls
175,A,178,50,3,DG,EC,-0.1477371446308575,Stress,waterfalls
181,A,184,50,3,DG,EC,0.8488124537879982,Stress,lighthouses
193,A,196,50,3,DG,EC,1.253649369984052,Stress,canyons
197,A,200,50,3,DG,EC,-0.2255272104085285,Stress,waterfalls
209,A,212,50,3,DG,EC,0.0116774769421908,Stress,waterfalls
215,A,218,50,3,DG,EC,-0.1250648831786219,Stress,canyons
220,A,223,50,3,DG,EC,-1.256566722336116,Stress,lighthouses
229,A,232,50,3,DG,EC,0.0100370445703519,Stress,lighthouses
234,A,237,50,3,DG,EC,0.3012620999217174,Stress,canyons
5,A,8,50,4,DG,EC,-0.0354143586114348,Stress,lighthouses
15,A,18,50,4,DG,EC,-0.0490916545751417,Stress,canyons
29,A,32,50,4,DG,EC,1.2874070185637845,Stress,lighthouses
50,A,53,50,4,DG,EC,0.1606639796132676,Stress,waterfalls
57,A,60,50,4,DG,EC,0.1659566875617779,Stress,canyons
62,A,65,50,4,DG,EC,-2.9986441173724923,Stress,waterfalls
68,A,71,50,4,DG,EC,-0.0265302077217106,Stress,lighthouses
81,A,84,50,4,DG,EC,0.0441009060952598,Stress,lighthouses
93,A,96,50,4,DG,EC,0.3962916914039647,Stress,waterfalls
104,A,107,50,4,DG,EC,1.8869099935919629,Stress,canyons
109,A,112,50,4,DG,EC,-1.3322571392092006,Stress,lighthouses
117,A,120,50,4,DG,EC,0.0717402775192304,Stress,canyons
123,A,126,50,4,DG,EC,-0.2432164204920975,Stress,waterfalls
129,A,132,50,4,DG,EC,0.0245747898687228,Stress,canyons
136,A,139,50,4,DG,EC,0.6488031317316674,Stress,waterfalls
146,A,149,50,4,DG,EC,0.0731326570965457,Stress,lighthouses
151,A,154,50,4,DG,EC,0.4806049774797375,Stress,waterfalls
157,A,160,50,4,DG,EC,-0.8994640700917733,Stress,canyons
169,A,172,50,4,DG,EC,-0.4615402124963538,Stress,waterfalls
182,A,185,50,4,DG,EC,0.278196544069482,Stress,canyons
194,A,197,50,4,DG,EC,-1.2683801938951726,Stress,lighthouses
21,A,24,52,2,DG,EC,0.2395955310044544,Control,lakes
28,A,31,52,2,DG,EC,2.750921855488297,Control,mountains
38,A,41,52,2,DG,EC,-0.6437740027980263,Control,deserts
45,A,48,52,2,DG,EC,1.02312282714985,Control,lakes
52,A,55,52,2,DG,EC,3.2736244908224,Control,mountains
64,A,67,52,2,DG,EC,1.3217396847647802,Control,deserts
81,A,84,52,2,DG,EC,-0.3501556206207705,Control,mountains
98,A,101,52,2,DG,EC,0.0007929280117555,Control,deserts
110,A,113,52,2,DG,EC,-0.1977442946966073,Control,deserts
126,A,129,52,2,DG,EC,1.3378948270480209,Control,lakes
135,A,138,52,2,DG,EC,0.0006751804169901,Control,lakes
149,A,152,52,2,DG,EC,-0.0519904965286479,Control,deserts
153,A,156,52,2,DG,EC,0.6300869029884293,Control,mountains
167,A,170,52,2,DG,EC,-0.0393651444716548,Control,deserts
178,A,181,52,2,DG,EC,-0.1018388977023236,Control,mountains
201,A,204,52,2,DG,EC,0.8092479340602915,Control,lakes
210,A,213,52,2,DG,EC,0.0083272361568044,Control,mountains
223,A,226,52,2,DG,EC,1.6458660618821983,Control,deserts
232,A,235,52,2,DG,EC,-0.0474953935146515,Control,mountains
10,A,13,52,3,DG,EC,-0.2164636813862814,Control,mountains
18,A,21,52,3,DG,EC,-0.2935958288516688,Control,deserts
23,A,26,52,3,DG,EC,1.3881498245791015,Control,lakes
50,A,53,52,3,DG,EC,1.0287089814490913,Control,mountains
55,A,58,52,3,DG,EC,2.606944043460109,Control,lakes
67,A,70,52,3,DG,EC,0.9683893372884592,Control,mountains
72,A,75,52,3,DG,EC,-0.0019437421936263,Control,deserts
82,A,85,52,3,DG,EC,0.6339773455778935,Control,mountains
88,A,91,52,3,DG,EC,0.0021004137408104,Control,lakes
95,A,98,52,3,DG,EC,-0.2497074818479485,Control,mountains
111,A,114,52,3,DG,EC,-1.7022533938323594,Control,deserts
122,A,125,52,3,DG,EC,0.6865599028039957,Control,mountains
142,A,145,52,3,DG,EC,-0.8544668862398095,Control,lakes
150,A,153,52,3,DG,EC,-0.0055122852942406,Control,deserts
157,A,160,52,3,DG,EC,1.1289992822589543,Control,lakes
168,A,171,52,3,DG,EC,-0.191028468165549,Control,mountains
180,A,183,52,3,DG,EC,2.542988191298972,Control,deserts
191,A,194,52,3,DG,EC,-0.0402421886078268,Control,lakes
200,A,203,52,3,DG,EC,1.8293607310077176,Control,deserts
211,A,214,52,3,DG,EC,0.8705002907514722,Control,deserts
231,A,234,52,3,DG,EC,-1.890532318226,Control,lakes
7,A,10,52,4,DG,EC,0.1125811518799328,Control,deserts
25,A,28,52,4,DG,EC,0.0326001344732326,Control,deserts
35,A,38,52,4,DG,EC,0.3046779770742858,Control,deserts
48,A,51,52,4,DG,EC,0.4278946290219508,Control,lakes
56,A,59,52,4,DG,EC,0.8862320062218085,Control,deserts
63,A,66,52,4,DG,EC,1.2976185371026836,Control,mountains
73,A,76,52,4,DG,EC,-2.6041473898679826,Control,lakes
81,A,84,52,4,DG,EC,0.3269380470409053,Control,lakes
100,A,103,52,4,DG,EC,0.0049899929418103,Control,lakes
110,A,113,52,4,DG,EC,1.5151779502496758,Control,deserts
120,A,123,52,4,DG,EC,-0.560194329596833,Control,mountains
126,A,129,52,4,DG,EC,-0.0107439289925913,Control,lakes
133,A,136,52,4,DG,EC,2.812802955782814,Control,mountains
142,A,145,52,4,DG,EC,0.6847428993135989,Control,deserts
149,A,152,52,4,DG,EC,0.7826160504872954,Control,deserts
160,A,163,52,4,DG,EC,-0.2475375877162324,Control,lakes
185,A,188,52,4,DG,EC,0.2220929535482627,Control,mountains
206,A,209,52,4,DG,EC,0.2317994647848677,Control,lakes
211,A,214,52,4,DG,EC,0.553102810986573,Control,mountains
224,A,227,52,4,DG,EC,1.350701378955066,Control,mountains
237,A,240,52,4,DG,EC,-0.2622271974726785,Control,mountains
5,A,8,53,2,DG,EC,-1.6716403693055488,Control,lakes
12,A,15,53,2,DG,EC,-0.5434577997534309,Control,fields
20,A,23,53,2,DG,EC,2.533499310956627,Control,parks
37,A,40,53,2,DG,EC,0.594386050396959,Control,parks
48,A,51,53,2,DG,EC,-0.0239231642929858,Control,lakes
55,A,58,53,2,DG,EC,-1.1438716524423749,Control,parks
65,A,68,53,2,DG,EC,-0.5761276432491556,Control,lakes
75,A,78,53,2,DG,EC,-0.5480476407160134,Control,fields
82,A,85,53,2,DG,EC,-0.0737127251490569,Control,lakes
91,A,94,53,2,DG,EC,0.3155528403909141,Control,parks
107,A,110,53,2,DG,EC,0.105044494662822,Control,fields
124,A,127,53,2,DG,EC,-0.0371182656600089,Control,fields
129,A,132,53,2,DG,EC,-0.184458741849706,Control,parks
134,A,137,53,2,DG,EC,-0.2640865685514407,Control,fields
144,A,147,53,2,DG,EC,-2.1439419801142314,Control,fields
163,A,166,53,2,DG,EC,0.0183693381324798,Control,lakes
167,A,170,53,2,DG,EC,0.0180972502104033,Control,parks
199,A,202,53,2,DG,EC,0.4555769515465628,Control,fields
204,A,207,53,2,DG,EC,0.0496561241256556,Control,parks
219,A,222,53,2,DG,EC,-0.2919784641830197,Control,lakes
234,A,237,53,2,DG,EC,0.0865983294123896,Control,lakes
11,A,14,53,3,DG,EC,0.0659593869531702,Control,parks
21,A,24,53,3,DG,EC,0.2724958637820496,Control,fields
28,A,31,53,3,DG,EC,3.8096166382099614,Control,fields
53,A,56,53,3,DG,EC,0.0312252648219383,Control,parks
72,A,75,53,3,DG,EC,-0.3290549900644738,Control,parks
77,A,80,53,3,DG,EC,-1.5944580653264593,Control,lakes
84,A,87,53,3,DG,EC,-0.391224341289295,Control,lakes
98,A,101,53,3,DG,EC,0.6748551357680206,Control,parks
111,A,114,53,3,DG,EC,9.572403837354584e-06,Control,parks
123,A,126,53,3,DG,EC,-0.1506056957888287,Control,parks
129,A,132,53,3,DG,EC,0.0384951333801918,Control,lakes
140,A,143,53,3,DG,EC,0.7982180339554656,Control,lakes
148,A,151,53,3,DG,EC,1.0519992510517442,Control,fields
153,A,156,53,3,DG,EC,0.3643361535729827,Control,lakes
166,A,169,53,3,DG,EC,-0.0007862774033514,Control,fields
172,A,175,53,3,DG,EC,-0.0597553916103082,Control,lakes
186,A,189,53,3,DG,EC,-0.6191971820258052,Control,fields
195,A,198,53,3,DG,EC,0.0153756500173404,Control,parks
202,A,205,53,3,DG,EC,0.4824487125385272,Control,fields
216,A,219,53,3,DG,EC,0.2196690062399506,Control,fields
231,A,234,53,3,DG,EC,-0.9585529656193796,Control,lakes
5,A,8,53,4,DG,EC,0.7749575058583175,Control,parks
15,A,18,53,4,DG,EC,0.4823279993904912,Control,fields
21,A,24,53,4,DG,EC,-1.771133709833218,Control,lakes
33,A,36,53,4,DG,EC,0.1238152146997936,Control,lakes
51,A,54,53,4,DG,EC,-0.424544860924286,Control,fields
57,A,60,53,4,DG,EC,-0.0546497749814436,Control,lakes
72,A,75,53,4,DG,EC,0.5800696920819525,Control,parks
77,A,80,53,4,DG,EC,0.0059054052930826,Control,lakes
90,A,93,53,4,DG,EC,0.0493736793606319,Control,parks
101,A,104,53,4,DG,EC,-0.8866636471906958,Control,fields
106,A,109,53,4,DG,EC,0.1046352707925286,Control,lakes
116,A,119,53,4,DG,EC,-1.2502539047433074,Control,parks
136,A,139,53,4,DG,EC,0.0164770768607355,Control,parks
143,A,146,53,4,DG,EC,-0.0150771500676306,Control,fields
158,A,161,53,4,DG,EC,-1.315683718317913,Control,lakes
166,A,169,53,4,DG,EC,0.0412612766048997,Control,fields
182,A,185,53,4,DG,EC,0.1382297149065506,Control,fields
188,A,191,53,4,DG,EC,3.207915011235199,Control,parks
208,A,211,53,4,DG,EC,0.7995256309533273,Control,fields
215,A,218,53,4,DG,EC,0.5211984385714208,Control,lakes
232,A,235,53,4,DG,EC,-0.2613579482132451,Control,parks
19,A,22,54,2,DG,EC,0.3151693516965514,Stress,deserts
32,A,35,54,2,DG,EC,-0.4476015388975606,Stress,bridges
39,A,42,54,2,DG,EC,1.7385709919436891,Stress,bridges
56,A,59,54,2,DG,EC,0.8084891347329217,Stress,lakes
63,A,66,54,2,DG,EC,1.097998636862176,Stress,bridges
77,A,80,54,2,DG,EC,2.135840572226867,Stress,deserts
84,A,87,54,2,DG,EC,0.4160269793512352,Stress,bridges
97,A,100,54,2,DG,EC,-0.1210530012434782,Stress,lakes
105,A,108,54,2,DG,EC,0.0449352575725032,Stress,deserts
120,A,123,54,2,DG,EC,0.8638530043749109,Stress,deserts
125,A,128,54,2,DG,EC,-0.2261006005175491,Stress,lakes
132,A,135,54,2,DG,EC,-0.0008774902560286,Stress,lakes
137,A,140,54,2,DG,EC,-0.2568834910261884,Stress,bridges
153,A,156,54,2,DG,EC,2.424956420231251,Stress,deserts
159,A,162,54,2,DG,EC,0.1681276979075515,Stress,lakes
184,A,187,54,2,DG,EC,-0.0045482176053818,Stress,deserts
189,A,192,54,2,DG,EC,-0.0008245642659982,Stress,bridges
198,A,201,54,2,DG,EC,-0.0006421735712123,Stress,lakes
204,A,207,54,2,DG,EC,1.8632972083150203,Stress,bridges
214,A,217,54,2,DG,EC,-0.0097462942266654,Stress,lakes
225,A,228,54,2,DG,EC,-0.1025679968986098,Stress,deserts
7,A,10,54,3,DG,EC,1.267135573296476,Stress,deserts
15,A,18,54,3,DG,EC,-0.1227677988414201,Stress,bridges
30,A,33,54,3,DG,EC,0.122745180632157,Stress,deserts
40,A,43,54,3,DG,EC,2.1639003537968864,Stress,lakes
74,A,77,54,3,DG,EC,-0.1840103184759099,Stress,deserts
83,A,86,54,3,DG,EC,1.019556974873442,Stress,lakes
89,A,92,54,3,DG,EC,0.0577368169603659,Stress,lakes
99,A,102,54,3,DG,EC,0.1221872436263426,Stress,bridges
106,A,109,54,3,DG,EC,0.0014196728198277,Stress,bridges
116,A,119,54,3,DG,EC,3.093334514518164,Stress,bridges
126,A,129,54,3,DG,EC,1.4295188676945998,Stress,deserts
131,A,134,54,3,DG,EC,-0.691869062739985,Stress,lakes
151,A,154,54,3,DG,EC,0.2272770974957699,Stress,deserts
164,A,167,54,3,DG,EC,1.27676082239986,Stress,lakes
176,A,179,54,3,DG,EC,0.3543397492202271,Stress,lakes
182,A,185,54,3,DG,EC,-0.0001200537198206,Stress,bridges
189,A,192,54,3,DG,EC,0.004651796796459,Stress,deserts
199,A,202,54,3,DG,EC,0.3474231929078997,Stress,deserts
211,A,214,54,3,DG,EC,0.5865558845280748,Stress,lakes
220,A,223,54,3,DG,EC,6.43989759181531,Stress,bridges
228,A,231,54,3,DG,EC,-0.1257160388592799,Stress,bridges
5,A,8,54,4,DG,EC,-0.0409733653433241,Stress,deserts
12,A,15,54,4,DG,EC,0.5318497902408653,Stress,lakes
20,A,23,54,4,DG,EC,-0.0009839884930474,Stress,deserts
28,A,31,54,4,DG,EC,-0.9398453543893835,Stress,deserts
36,A,39,54,4,DG,EC,-0.1194319884708436,Stress,bridges
73,A,76,54,4,DG,EC,0.0970153010874962,Stress,lakes
78,A,81,54,4,DG,EC,1.860980698414507,Stress,bridges
96,A,99,54,4,DG,EC,0.2377144948331009,Stress,lakes
105,A,108,54,4,DG,EC,0.0147752076882248,Stress,deserts
122,A,125,54,4,DG,EC,-0.1372785205859101,Stress,bridges
128,A,131,54,4,DG,EC,0.307536632170007,Stress,deserts
134,A,137,54,4,DG,EC,0.0886090240626479,Stress,bridges
149,A,152,54,4,DG,EC,-0.0726310232530168,Stress,bridges
167,A,170,54,4,DG,EC,0.0005695698612751,Stress,bridges
181,A,184,54,4,DG,EC,1.04707876331096,Stress,lakes
185,A,188,54,4,DG,EC,0.8000478441227957,Stress,deserts
196,A,199,54,4,DG,EC,2.235156663818929,Stress,bridges
205,A,208,54,4,DG,EC,0.2348088800124857,Stress,lakes
217,A,220,54,4,DG,EC,0.0099637787603792,Stress,lakes
231,A,234,54,4,DG,EC,0.0626244110179914,Stress,deserts
238,A,241,54,4,DG,EC,0.3861542091754715,Stress,lakes
8,A,11,55,2,DG,EC,-1.3644819297555155,Stress,canyons
19,A,22,55,2,DG,EC,0.4560333038207997,Stress,canyons
30,A,33,55,2,DG,EC,-0.3801281524324974,Stress,marshes
54,A,57,55,2,DG,EC,0.5063890203824284,Stress,parks
63,A,66,55,2,DG,EC,-0.4724776565486037,Stress,parks
70,A,73,55,2,DG,EC,0.5715506850913256,Stress,canyons
78,A,81,55,2,DG,EC,0.4494789342559663,Stress,parks
94,A,97,55,2,DG,EC,1.2242807732356045,Stress,parks
101,A,104,55,2,DG,EC,-0.0209244800552037,Stress,canyons
111,A,114,55,2,DG,EC,-0.022384882098572,Stress,marshes
118,A,121,55,2,DG,EC,0.1382643481549685,Stress,canyons
127,A,130,55,2,DG,EC,-0.6702370695105997,Stress,parks
136,A,139,55,2,DG,EC,-0.2015551454695562,Stress,marshes
161,A,164,55,2,DG,EC,-0.0042383933067393,Stress,canyons
166,A,169,55,2,DG,EC,0.8859348388179447,Stress,marshes
175,A,178,55,2,DG,EC,1.0700255251941,Stress,canyons
180,A,183,55,2,DG,EC,0.0626054719776329,Stress,parks
194,A,197,55,2,DG,EC,0.037365209195396,Stress,marshes
208,A,211,55,2,DG,EC,0.2275231367732378,Stress,marshes
219,A,222,55,2,DG,EC,1.6338851564492838,Stress,parks
224,A,227,55,2,DG,EC,-0.4021326620201067,Stress,marshes
5,A,8,55,3,DG,EC,3.981761646253492,Stress,marshes
10,A,13,55,3,DG,EC,-2.118010445915212,Stress,parks
17,A,20,55,3,DG,EC,0.0906880676552992,Stress,canyons
29,A,32,55,3,DG,EC,0.0110390100367351,Stress,marshes
34,A,37,55,3,DG,EC,0.2266615039889655,Stress,canyons
42,A,45,55,3,DG,EC,0.435606319269284,Stress,marshes
46,A,49,55,3,DG,EC,0.1135760685599541,Stress,parks
65,A,68,55,3,DG,EC,-0.8419723250067589,Stress,marshes
77,A,80,55,3,DG,EC,0.9499577672096098,Stress,canyons
83,A,86,55,3,DG,EC,2.4800974678672407,Stress,parks
90,A,93,55,3,DG,EC,-0.6095980878574773,Stress,parks
95,A,98,55,3,DG,EC,-0.0993083673634605,Stress,canyons
107,A,110,55,3,DG,EC,0.1646369536253356,Stress,canyons
116,A,119,55,3,DG,EC,0.0288278442818505,Stress,marshes
127,A,130,55,3,DG,EC,-0.0447767688412922,Stress,canyons
155,A,158,55,3,DG,EC,0.0132604785843602,Stress,marshes
179,A,182,55,3,DG,EC,-0.1134523717500949,Stress,canyons
195,A,198,55,3,DG,EC,0.0113233074547627,Stress,parks
209,A,212,55,3,DG,EC,-0.0001720362029035,Stress,parks
227,A,230,55,3,DG,EC,-0.0420683680916063,Stress,parks
235,A,238,55,3,DG,EC,-0.4792590580897546,Stress,marshes
15,A,18,55,4,DG,EC,-0.0277014858638469,Stress,marshes
22,A,25,55,4,DG,EC,0.5332384953763349,Stress,canyons
31,A,34,55,4,DG,EC,-0.0214872584715214,Stress,marshes
53,A,56,55,4,DG,EC,-1.8103913616065404,Stress,parks
68,A,71,55,4,DG,EC,1.6513294274164594,Stress,canyons
75,A,78,55,4,DG,EC,1.9706324329895777,Stress,marshes
92,A,95,55,4,DG,EC,2.277789169818229,Stress,canyons
105,A,108,55,4,DG,EC,2.2956819425850274,Stress,marshes
120,A,123,55,4,DG,EC,0.612965228903655,Stress,canyons
133,A,136,55,4,DG,EC,-0.0410433354624908,Stress,marshes
139,A,142,55,4,DG,EC,-0.0279857991420198,Stress,canyons
148,A,151,55,4,DG,EC,0.2865368103366922,Stress,marshes
152,A,155,55,4,DG,EC,1.4516200102531878,Stress,parks
163,A,166,55,4,DG,EC,-0.328150944660819,Stress,canyons
183,A,186,55,4,DG,EC,-1.0881770791721683,Stress,parks
190,A,193,55,4,DG,EC,0.799704338071272,Stress,parks
199,A,202,55,4,DG,EC,0.0427678849713381,Stress,parks
203,A,206,55,4,DG,EC,-1.4924335049837762,Stress,marshes
222,A,225,55,4,DG,EC,-0.0164052401611356,Stress,parks
227,A,230,55,4,DG,EC,-0.1544532015995778,Stress,canyons
234,A,237,55,4,DG,EC,-0.6767881592391253,Stress,parks
5,A,8,56,2,DG,EC,1.3458571546838762,Control,forests
11,A,14,56,2,DG,EC,0.9890718856457972,Control,marshes
26,A,29,56,2,DG,EC,0.597996101993812,Control,bridges
34,A,37,56,2,DG,EC,0.2414386140266482,Control,bridges
42,A,45,56,2,DG,EC,-0.2484526509475635,Control,forests
55,A,58,56,2,DG,EC,0.1583496094729204,Control,bridges
68,A,71,56,2,DG,EC,1.9269953675483595,Control,forests
75,A,78,56,2,DG,EC,-0.0138742314520864,Control,marshes
90,A,93,56,2,DG,EC,-0.1504721115249426,Control,bridges
110,A,113,56,2,DG,EC,-0.2764747822991265,Control,bridges
121,A,124,56,2,DG,EC,-0.4344475224166004,Control,marshes
135,A,138,56,2,DG,EC,-0.3459633659874898,Control,marshes
139,A,142,56,2,DG,EC,-1.2428359634217625,Control,forests
148,A,151,56,2,DG,EC,0.0274102622136315,Control,bridges
154,A,157,56,2,DG,EC,-0.1225902458099051,Control,marshes
172,A,175,56,2,DG,EC,0.5927216708087651,Control,forests
183,A,186,56,2,DG,EC,-1.2191432967163236,Control,marshes
200,A,203,56,2,DG,EC,-0.002692540897616,Control,forests
210,A,213,56,2,DG,EC,0.130794890653432,Control,bridges
226,A,229,56,2,DG,EC,-1.005071613255793,Control,forests
236,A,239,56,2,DG,EC,-0.3962888111093611,Control,marshes
11,A,14,56,3,DG,EC,1.0693220325289317,Control,bridges
22,A,25,56,3,DG,EC,-0.403869581451021,Control,forests
40,A,43,56,3,DG,EC,0.0288696566524072,Control,bridges
46,A,49,56,3,DG,EC,1.4296088242106515,Control,marshes
72,A,75,56,3,DG,EC,0.2421406353617325,Control,marshes
81,A,84,56,3,DG,EC,0.4953016907486689,Control,forests
86,A,89,56,3,DG,EC,0.0015639628320329,Control,bridges
93,A,96,56,3,DG,EC,-0.0779351637652972,Control,marshes
115,A,118,56,3,DG,EC,-1.7382592820086242,Control,forests
121,A,124,56,3,DG,EC,-0.0402837537287109,Control,bridges
135,A,138,56,3,DG,EC,-0.5685514500797388,Control,bridges
140,A,143,56,3,DG,EC,0.0419999648858363,Control,marshes
154,A,157,56,3,DG,EC,-0.0699838924571902,Control,marshes
164,A,167,56,3,DG,EC,-0.0390408444776562,Control,bridges
170,A,173,56,3,DG,EC,0.3906212597083817,Control,forests
176,A,179,56,3,DG,EC,-0.5336498138904557,Control,bridges
181,A,184,56,3,DG,EC,-1.7442114670813629,Control,marshes
191,A,194,56,3,DG,EC,0.102579934414512,Control,marshes
199,A,202,56,3,DG,EC,0.5111830295542557,Control,forests
218,A,221,56,3,DG,EC,-3.0826324804464447,Control,forests
231,A,234,56,3,DG,EC,-0.5762852536882227,Control,forests
13,A,16,56,4,DG,EC,0.1954778038395064,Control,marshes
23,A,26,56,4,DG,EC,0.4114836402425686,Control,bridges
30,A,33,56,4,DG,EC,-0.3198302726428134,Control,forests
46,A,49,56,4,DG,EC,0.0896854435968082,Control,forests
54,A,57,56,4,DG,EC,1.0280332223381297,Control,bridges
59,A,62,56,4,DG,EC,0.1783969612648993,Control,forests
85,A,88,56,4,DG,EC,-0.2095316097377111,Control,bridges
91,A,94,56,4,DG,EC,0.4386411874534975,Control,bridges
100,A,103,56,4,DG,EC,1.328283273512272,Control,marshes
105,A,108,56,4,DG,EC,0.5219735883121734,Control,forests
118,A,121,56,4,DG,EC,1.2563131888784476,Control,bridges
125,A,128,56,4,DG,EC,-0.3903992301415009,Control,marshes
133,A,136,56,4,DG,EC,0.2431380534438111,Control,forests
144,A,147,56,4,DG,EC,-0.7203751879727616,Control,marshes
155,A,158,56,4,DG,EC,-0.1281871376933532,Control,forests
172,A,175,56,4,DG,EC,1.9131895023796104,Control,bridges
180,A,183,56,4,DG,EC,-0.4382407750508885,Control,marshes
196,A,199,56,4,DG,EC,-1.8147437702317448,Control,forests
204,A,207,56,4,DG,EC,0.1064627899020364,Control,marshes
217,A,220,56,4,DG,EC,1.854780109686967,Control,marshes
231,A,234,56,4,DG,EC,-0.032036351186012,Control,bridges
10,A,13,57,2,DG,EC,0.5305376511777325,Control,forests
22,A,25,57,2,DG,EC,-0.1943036415406442,Control,forests
29,A,32,57,2,DG,EC,1.273313136951259,Control,parks
38,A,41,57,2,DG,EC,0.3646867861185875,Control,forests
48,A,51,57,2,DG,EC,-0.2466942529969564,Control,parks
75,A,78,57,2,DG,EC,-0.7735206643315355,Control,parks
87,A,90,57,2,DG,EC,-0.0617074447754728,Control,parks
92,A,95,57,2,DG,EC,-0.4796615463217243,Control,canyons
98,A,101,57,2,DG,EC,0.0057904217178115,Control,forests
117,A,120,57,2,DG,EC,0.6537096980916857,Control,parks
123,A,126,57,2,DG,EC,2.5331676249021173,Control,canyons
131,A,134,57,2,DG,EC,0.0019641801587657,Control,forests
144,A,147,57,2,DG,EC,1.1834831990546195,Control,canyons
159,A,162,57,2,DG,EC,0.829411758652482,Control,parks
164,A,167,57,2,DG,EC,0.4422946589208895,Control,canyons
173,A,176,57,2,DG,EC,-0.2453406588626392,Control,forests
193,A,196,57,2,DG,EC,3.787264794878314,Control,canyons
207,A,210,57,2,DG,EC,-0.0513237959392022,Control,parks
213,A,216,57,2,DG,EC,0.01441266725227,Control,canyons
222,A,225,57,2,DG,EC,0.0010767984839306,Control,forests
235,A,238,57,2,DG,EC,0.6393752884088331,Control,canyons
5,A,8,57,3,DG,EC,-0.805919365691389,Control,canyons
12,A,15,57,3,DG,EC,0.7295333192181204,Control,parks
26,A,29,57,3,DG,EC,0.5524780015951218,Control,canyons
31,A,34,57,3,DG,EC,-0.2669688823038259,Control,forests
38,A,41,57,3,DG,EC,-0.1910078815613036,Control,forests
51,A,54,57,3,DG,EC,0.0090211206212956,Control,parks
56,A,59,57,3,DG,EC,2.778870324177387,Control,canyons
67,A,70,57,3,DG,EC,0.3808664090228412,Control,parks
73,A,76,57,3,DG,EC,-0.1040617044883496,Control,forests
84,A,87,57,3,DG,EC,-0.6332359620341848,Control,forests
108,A,111,57,3,DG,EC,0.2322713059868944,Control,parks
118,A,121,57,3,DG,EC,-0.5074682123251408,Control,forests
136,A,139,57,3,DG,EC,0.3020680468454532,Control,parks
147,A,150,57,3,DG,EC,-0.2194508144353316,Control,canyons
154,A,157,57,3,DG,EC,0.3188872337342855,Control,parks
168,A,171,57,3,DG,EC,3.5297101003978364,Control,forests
180,A,183,57,3,DG,EC,1.7086115226307077,Control,forests
186,A,189,57,3,DG,EC,0.2366684111156368,Control,parks
203,A,206,57,3,DG,EC,0.9645808629137976,Control,canyons
226,A,229,57,3,DG,EC,2.002413978397133,Control,canyons
235,A,238,57,3,DG,EC,0.9608241414051114,Control,canyons
8,A,11,57,4,DG,EC,-0.4440919426660655,Control,forests
18,A,21,57,4,DG,EC,-0.6403840664789957,Control,forests
24,A,27,57,4,DG,EC,1.1804616046653762,Control,parks
35,A,38,57,4,DG,EC,0.5544903746489684,Control,forests
51,A,54,57,4,DG,EC,0.0485493402373429,Control,parks
63,A,66,57,4,DG,EC,-0.3971630696900163,Control,canyons
68,A,71,57,4,DG,EC,1.1836908171799363,Control,parks
82,A,85,57,4,DG,EC,-0.0095440535465594,Control,canyons
91,A,94,57,4,DG,EC,5.176547861650545e-05,Control,canyons
104,A,107,57,4,DG,EC,0.0639388428907272,Control,forests
109,A,112,57,4,DG,EC,-0.3667224454910503,Control,canyons
129,A,132,57,4,DG,EC,-0.2964853259775683,Control,parks
134,A,137,57,4,DG,EC,-0.9609120772255908,Control,canyons
144,A,147,57,4,DG,EC,1.557847502451329,Control,parks
148,A,151,57,4,DG,EC,-0.43418739980601,Control,forests
169,A,172,57,4,DG,EC,0.5562341898744612,Control,canyons
176,A,179,57,4,DG,EC,0.2205505979308041,Control,parks
186,A,189,57,4,DG,EC,0.7188157936013233,Control,forests
194,A,197,57,4,DG,EC,7.614086264551838,Control,canyons
220,A,223,57,4,DG,EC,-0.6309488577037318,Control,forests
228,A,231,57,4,DG,EC,-0.023288072048316,Control,parks
11,A,14,58,2,DG,EC,0.1318007213852841,Stress,lighthouses
25,A,28,58,2,DG,EC,0.000104980938949,Stress,lighthouses
33,A,36,58,2,DG,EC,0.8125768554701507,Stress,beaches
53,A,56,58,2,DG,EC,-0.0564602892444705,Stress,lighthouses
73,A,76,58,2,DG,EC,0.1345133064982216,Stress,forests
78,A,81,58,2,DG,EC,0.94773333428406,Stress,lighthouses
90,A,93,58,2,DG,EC,0.0838792847806601,Stress,beaches
95,A,98,58,2,DG,EC,-1.779840048848511,Stress,forests
119,A,122,58,2,DG,EC,0.185040855628017,Stress,lighthouses
129,A,132,58,2,DG,EC,0.5311899192533067,Stress,beaches
134,A,137,58,2,DG,EC,1.5165629515067711,Stress,forests
139,A,142,58,2,DG,EC,-0.0004035112421574,Stress,beaches
148,A,151,58,2,DG,EC,-0.0171798722934167,Stress,forests
179,A,182,58,2,DG,EC,-1.0039115081372365,Stress,forests
188,A,191,58,2,DG,EC,-0.0631948335241357,Stress,beaches
195,A,198,58,2,DG,EC,-0.2342964236958563,Stress,beaches
201,A,204,58,2,DG,EC,-0.4749451251083388,Stress,forests
208,A,211,58,2,DG,EC,-0.4445738853192468,Stress,lighthouses
214,A,217,58,2,DG,EC,0.7619206433208499,Stress,beaches
223,A,226,58,2,DG,EC,0.0852809195422279,Stress,forests
229,A,232,58,2,DG,EC,0.012449209501626,Stress,lighthouses
11,A,14,58,3,DG,EC,-0.0042109328200217,Stress,forests
22,A,25,58,3,DG,EC,0.8457552483984213,Stress,lighthouses
31,A,34,58,3,DG,EC,0.1923205485665199,Stress,forests
38,A,41,58,3,DG,EC,-0.4535613117040997,Stress,lighthouses
49,A,52,58,3,DG,EC,0.5706372975699925,Stress,forests
59,A,62,58,3,DG,EC,2.0752554030949946,Stress,beaches
66,A,69,58,3,DG,EC,0.0394492743797582,Stress,forests
71,A,74,58,3,DG,EC,-0.4036751002489241,Stress,lighthouses
77,A,80,58,3,DG,EC,0.0726685651081347,Stress,beaches
100,A,103,58,3,DG,EC,-0.0225617244014139,Stress,lighthouses
108,A,111,58,3,DG,EC,0.3740786238863646,Stress,beaches
130,A,133,58,3,DG,EC,0.2653374837946205,Stress,lighthouses
141,A,144,58,3,DG,EC,1.8830766541670765,Stress,beaches
150,A,153,58,3,DG,EC,-0.3845270743034826,Stress,beaches
158,A,161,58,3,DG,EC,0.2003125312352897,Stress,forests
168,A,171,58,3,DG,EC,-0.1085785655471048,Stress,lighthouses
188,A,191,58,3,DG,EC,0.5946879355057549,Stress,forests
193,A,196,58,3,DG,EC,0.2763996507541592,Stress,lighthouses
198,A,201,58,3,DG,EC,-0.1316548147050274,Stress,forests
218,A,221,58,3,DG,EC,-0.2455878570642503,Stress,beaches
235,A,238,58,3,DG,EC,-0.0093970599514901,Stress,beaches
13,A,16,58,4,DG,EC,-1.420614586885087,Stress,forests
19,A,22,58,4,DG,EC,1.4012811369817588,Stress,beaches
30,A,33,58,4,DG,EC,1.3387589485042053,Stress,forests
45,A,48,58,4,DG,EC,-0.0359851855720177,Stress,lighthouses
49,A,52,58,4,DG,EC,0.2361647490535897,Stress,beaches
55,A,58,58,4,DG,EC,2.374104267022265,Stress,lighthouses
67,A,70,58,4,DG,EC,-0.0015678272212481,Stress,lighthouses
71,A,74,58,4,DG,EC,2.3531258650174127,Stress,forests
82,A,85,58,4,DG,EC,0.8152401550016043,Stress,lighthouses
89,A,92,58,4,DG,EC,-0.1295529250235014,Stress,forests
103,A,106,58,4,DG,EC,0.3016462689511247,Stress,lighthouses
114,A,117,58,4,DG,EC,0.0081060698428591,Stress,beaches
121,A,124,58,4,DG,EC,-0.3539984268699109,Stress,lighthouses
140,A,143,58,4,DG,EC,-0.1147491053788056,Stress,beaches
152,A,155,58,4,DG,EC,0.7706847577098955,Stress,beaches
159,A,162,58,4,DG,EC,0.0644946675354223,Stress,forests
176,A,179,58,4,DG,EC,-1.4438298433395482,Stress,beaches
182,A,185,58,4,DG,EC,-0.1593244260953639,Stress,forests
194,A,197,58,4,DG,EC,3.16531506476737,Stress,beaches
221,A,224,58,4,DG,EC,0.3259158535193981,Stress,forests
229,A,232,58,4,DG,EC,-6.784519667117686e-05,Stress,lighthouses
8,A,11,59,2,DG,EC,0.4862027348495435,Stress,lighthouses
19,A,22,59,2,DG,EC,0.927690636650484,Stress,mountains
28,A,31,59,2,DG,EC,0.1291550586032214,Stress,mountains
40,A,43,59,2,DG,EC,0.2066600552685188,Stress,mountains
48,A,51,59,2,DG,EC,0.5591041010333301,Stress,lighthouses
56,A,59,59,2,DG,EC,2.176684354259545,Stress,beaches
92,A,95,59,2,DG,EC,-2.234603244789277,Stress,beaches
98,A,101,59,2,DG,EC,-0.5388180294385072,Stress,lighthouses
106,A,109,59,2,DG,EC,1.721796853975889,Stress,lighthouses
118,A,121,59,2,DG,EC,1.4948791201421554,Stress,mountains
124,A,127,59,2,DG,EC,-0.043290460270226,Stress,beaches
130,A,133,59,2,DG,EC,0.0125049899092624,Stress,mountains
141,A,144,59,2,DG,EC,-0.5357152713561341,Stress,beaches
152,A,155,59,2,DG,EC,0.8932069118155386,Stress,lighthouses
162,A,165,59,2,DG,EC,-0.1321481470489328,Stress,beaches
175,A,178,59,2,DG,EC,-0.1770800043380096,Stress,mountains
187,A,190,59,2,DG,EC,0.459812441796144,Stress,beaches
205,A,208,59,2,DG,EC,-2.9155091911184106,Stress,mountains
212,A,215,59,2,DG,EC,0.0001170636000214,Stress,lighthouses
217,A,220,59,2,DG,EC,0.0119078129102634,Stress,beaches
230,A,233,59,2,DG,EC,-0.2816374237728443,Stress,lighthouses
11,A,14,59,3,DG,EC,-0.1362832112991892,Stress,lighthouses
19,A,22,59,3,DG,EC,3.787742318866429,Stress,beaches
27,A,30,59,3,DG,EC,0.2375905456877122,Stress,lighthouses
48,A,51,59,3,DG,EC,-2.1982208964031795e-05,Stress,mountains
62,A,65,59,3,DG,EC,0.4777582825456479,Stress,lighthouses
68,A,71,59,3,DG,EC,-0.1001781039293595,Stress,mountains
83,A,86,59,3,DG,EC,-0.7555062251764062,Stress,lighthouses
93,A,96,59,3,DG,EC,1.1986706290376317,Stress,mountains
115,A,118,59,3,DG,EC,-0.3635883696885012,Stress,beaches
120,A,123,59,3,DG,EC,0.1257679774914246,Stress,mountains
133,A,136,59,3,DG,EC,-0.3023282684424609,Stress,beaches
143,A,146,59,3,DG,EC,-0.734004808493985,Stress,mountains
154,A,157,59,3,DG,EC,-3.4282612406444386,Stress,lighthouses
163,A,166,59,3,DG,EC,-1.2275587236250616,Stress,beaches
186,A,189,59,3,DG,EC,0.0156216244621875,Stress,beaches
197,A,200,59,3,DG,EC,1.229694049795424,Stress,mountains
202,A,205,59,3,DG,EC,-0.1566541547584815,Stress,lighthouses
210,A,213,59,3,DG,EC,-0.9369119219014088,Stress,mountains
222,A,225,59,3,DG,EC,-0.3592355580025632,Stress,beaches
227,A,230,59,3,DG,EC,0.1231867702819145,Stress,lighthouses
237,A,240,59,3,DG,EC,0.3959326320304315,Stress,beaches
7,A,10,59,4,DG,EC,-0.214535910397014,Stress,lighthouses
13,A,16,59,4,DG,EC,-0.3708933868255525,Stress,mountains
22,A,25,59,4,DG,EC,1.420636788391941,Stress,mountains
30,A,33,59,4,DG,EC,-0.5664474109433313,Stress,lighthouses
40,A,43,59,4,DG,EC,4.299678977532312,Stress,beaches
48,A,51,59,4,DG,EC,-0.2495814210207023,Stress,mountains
53,A,56,59,4,DG,EC,0.0833491372536766,Stress,beaches
59,A,62,59,4,DG,EC,-0.3316545306276041,Stress,lighthouses
72,A,75,59,4,DG,EC,-0.0487596923064753,Stress,beaches
93,A,96,59,4,DG,EC,-0.1947299716993517,Stress,mountains
105,A,108,59,4,DG,EC,1.0174364166802634,Stress,beaches
112,A,115,59,4,DG,EC,-0.1074389876949116,Stress,lighthouses
128,A,131,59,4,DG,EC,0.3977882206884912,Stress,beaches
145,A,148,59,4,DG,EC,2.0095858416149786,Stress,beaches
156,A,159,59,4,DG,EC,0.0527355692006239,Stress,lighthouses
161,A,164,59,4,DG,EC,0.0104723550001099,Stress,mountains
165,A,168,59,4,DG,EC,-0.1885697705526262,Stress,beaches
172,A,175,59,4,DG,EC,-0.4072867155620486,Stress,lighthouses
192,A,195,59,4,DG,EC,0.480009652903283,Stress,mountains
212,A,215,59,4,DG,EC,-3.3044508711289406,Stress,lighthouses
227,A,230,59,4,DG,EC,-0.1449392983810808,Stress,mountains
12,A,15,60,2,DG,EC,1.804551792676537,Stress,deserts
29,A,32,60,2,DG,EC,0.0571883191219787,Stress,mountains
33,A,36,60,2,DG,EC,1.2934091116512227,Stress,bridges
41,A,44,60,2,DG,EC,-0.0724532360473509,Stress,mountains
58,A,61,60,2,DG,EC,2.09056862972337,Stress,mountains
75,A,78,60,2,DG,EC,0.2019629943825847,Stress,deserts
83,A,86,60,2,DG,EC,-0.6201670728694825,Stress,mountains
93,A,96,60,2,DG,EC,0.1103534270785831,Stress,bridges
108,A,111,60,2,DG,EC,0.0074893164674374,Stress,deserts
115,A,118,60,2,DG,EC,-1.0152903459354408,Stress,bridges
125,A,128,60,2,DG,EC,-0.1680717746164758,Stress,deserts
136,A,139,60,2,DG,EC,0.0043554815867899,Stress,mountains
144,A,147,60,2,DG,EC,-0.8384365246136156,Stress,deserts
157,A,160,60,2,DG,EC,-0.6538084295466882,Stress,bridges
162,A,165,60,2,DG,EC,0.6807102090133019,Stress,mountains
170,A,173,60,2,DG,EC,0.2513105526053969,Stress,bridges
175,A,178,60,2,DG,EC,-0.3444889649122797,Stress,deserts
185,A,188,60,2,DG,EC,-0.2615685633561158,Stress,deserts
200,A,203,60,2,DG,EC,0.0067009187401852,Stress,bridges
220,A,223,60,2,DG,EC,0.4273724393793811,Stress,mountains
233,A,236,60,2,DG,EC,-0.0041255965694973,Stress,bridges
7,A,10,60,3,DG,EC,0.6274978386053037,Stress,deserts
16,A,19,60,3,DG,EC,-1.231828054035891,Stress,mountains
28,A,31,60,3,DG,EC,-0.0189440696184388,Stress,bridges
53,A,56,60,3,DG,EC,0.0774881592322721,Stress,mountains
64,A,67,60,3,DG,EC,-0.3502387110597473,Stress,mountains
88,A,91,60,3,DG,EC,1.1462412952622518,Stress,bridges
99,A,102,60,3,DG,EC,0.7400201797111794,Stress,bridges
105,A,108,60,3,DG,EC,0.0714309509562678,Stress,mountains
111,A,114,60,3,DG,EC,0.3937032656087635,Stress,bridges
137,A,140,60,3,DG,EC,0.1346588699107399,Stress,deserts
155,A,158,60,3,DG,EC,0.6089373711897517,Stress,bridges
161,A,164,60,3,DG,EC,-0.5124036720264047,Stress,deserts
165,A,168,60,3,DG,EC,-0.2358759925022173,Stress,mountains
178,A,181,60,3,DG,EC,0.167767122767267,Stress,bridges
184,A,187,60,3,DG,EC,-0.6458310333151874,Stress,deserts
191,A,194,60,3,DG,EC,-0.4816474738765198,Stress,mountains
198,A,201,60,3,DG,EC,0.1537035332215766,Stress,deserts
209,A,212,60,3,DG,EC,-0.4676500929236244,Stress,mountains
217,A,220,60,3,DG,EC,-0.3733533490593131,Stress,bridges
221,A,224,60,3,DG,EC,0.8379516375188055,Stress,deserts
229,A,232,60,3,DG,EC,-0.3245436673740897,Stress,deserts
5,A,8,60,4,DG,EC,0.0521906658132804,Stress,bridges
14,A,17,60,4,DG,EC,0.8223395024956734,Stress,mountains
22,A,25,60,4,DG,EC,0.4779328956814393,Stress,deserts
33,A,36,60,4,DG,EC,-0.3361087019791523,Stress,mountains
41,A,44,60,4,DG,EC,-0.2639774199113049,Stress,bridges
49,A,52,60,4,DG,EC,-0.6920998527876142,Stress,deserts
57,A,60,60,4,DG,EC,1.0758367585082813,Stress,bridges
66,A,69,60,4,DG,EC,0.1686638975687178,Stress,deserts
79,A,82,60,4,DG,EC,0.4875037938289722,Stress,deserts
94,A,97,60,4,DG,EC,-0.0492786382334208,Stress,mountains
103,A,106,60,4,DG,EC,-0.1426454924945187,Stress,bridges
127,A,130,60,4,DG,EC,-1.5118313442948104,Stress,mountains
138,A,141,60,4,DG,EC,0.0504110274863791,Stress,mountains
146,A,149,60,4,DG,EC,0.0144672952156277,Stress,mountains
157,A,160,60,4,DG,EC,0.3824766075256723,Stress,bridges
162,A,165,60,4,DG,EC,0.4520060437810655,Stress,deserts
176,A,179,60,4,DG,EC,0.0401175907725831,Stress,bridges
197,A,200,60,4,DG,EC,-0.3892148424934625,Stress,mountains
217,A,220,60,4,DG,EC,3.574817139708927,Stress,deserts
223,A,226,60,4,DG,EC,0.0154229678902997,Stress,bridges
230,A,233,60,4,DG,EC,0.0328911401733013,Stress,deserts
5,A,8,61,2,DG,EC,0.1484810812069989,Stress,canyons
10,A,13,61,2,DG,EC,-1.4055176638862907,Stress,lighthouses
15,A,18,61,2,DG,EC,-0.2863543713226964,Stress,parks
23,A,26,61,2,DG,EC,-1.0876447833072476,Stress,canyons
36,A,39,61,2,DG,EC,0.8422631929806587,Stress,parks
50,A,53,61,2,DG,EC,0.6188444691217111,Stress,lighthouses
63,A,66,61,2,DG,EC,0.598108588236846,Stress,lighthouses
73,A,76,61,2,DG,EC,-0.2152785059921401,Stress,parks
81,A,84,61,2,DG,EC,2.067384516710066,Stress,parks
91,A,94,61,2,DG,EC,0.2121911677763775,Stress,canyons
118,A,121,61,2,DG,EC,0.1495853037453869,Stress,canyons
132,A,135,61,2,DG,EC,-0.0715328210878111,Stress,parks
138,A,141,61,2,DG,EC,-0.0162137232393518,Stress,lighthouses
149,A,152,61,2,DG,EC,-0.6443481026524162,Stress,parks
157,A,160,61,2,DG,EC,-0.0237666099807658,Stress,lighthouses
171,A,174,61,2,DG,EC,1.40771255585957,Stress,canyons
179,A,182,61,2,DG,EC,-1.1329481958895051,Stress,lighthouses
189,A,192,61,2,DG,EC,1.5655947107205963,Stress,parks
205,A,208,61,2,DG,EC,0.010809349774897,Stress,lighthouses
217,A,220,61,2,DG,EC,2.1500826024855626,Stress,canyons
226,A,229,61,2,DG,EC,-0.4764174882669321,Stress,canyons
10,A,13,61,3,DG,EC,0.0052084191683313,Stress,canyons
16,A,19,61,3,DG,EC,2.77275617113994,Stress,lighthouses
22,A,25,61,3,DG,EC,-2.4870195650568365,Stress,canyons
43,A,46,61,3,DG,EC,-0.758938774258052,Stress,canyons
48,A,51,61,3,DG,EC,-0.0219444076659588,Stress,parks
56,A,59,61,3,DG,EC,0.5031501048798684,Stress,lighthouses
66,A,69,61,3,DG,EC,0.3284333425218692,Stress,parks
77,A,80,61,3,DG,EC,0.1703502844067815,Stress,parks
81,A,84,61,3,DG,EC,-0.0730398992788172,Stress,lighthouses
100,A,103,61,3,DG,EC,0.0137269537764098,Stress,parks
113,A,116,61,3,DG,EC,0.010074951348013,Stress,lighthouses
130,A,133,61,3,DG,EC,1.0225215701283832,Stress,lighthouses
138,A,141,61,3,DG,EC,2.0011238695064986,Stress,canyons
171,A,174,61,3,DG,EC,0.2823352548023718,Stress,parks
178,A,181,61,3,DG,EC,-0.1819740731026529,Stress,parks
187,A,190,61,3,DG,EC,-0.5998959395090661,Stress,canyons
193,A,196,61,3,DG,EC,0.0016265213954299,Stress,parks
200,A,203,61,3,DG,EC,-1.014688473381121,Stress,lighthouses
214,A,217,61,3,DG,EC,-2.574892060734732,Stress,canyons
219,A,222,61,3,DG,EC,-0.0419958771521693,Stress,lighthouses
233,A,236,61,3,DG,EC,-0.0041489392982421,Stress,canyons
5,A,8,61,4,DG,EC,-0.551151670920558,Stress,canyons
15,A,18,61,4,DG,EC,0.2922188362787438,Stress,parks
24,A,27,61,4,DG,EC,-1.4966346200633116,Stress,lighthouses
46,A,49,61,4,DG,EC,0.7123231130170091,Stress,lighthouses
52,A,55,61,4,DG,EC,0.330258266592861,Stress,parks
67,A,70,61,4,DG,EC,4.11706120353402,Stress,canyons
75,A,78,61,4,DG,EC,1.1547871092655,Stress,parks
83,A,86,61,4,DG,EC,0.25621688418569,Stress,parks
93,A,96,61,4,DG,EC,-0.9981073740716532,Stress,parks
103,A,106,61,4,DG,EC,-0.9230108316626876,Stress,canyons
107,A,110,61,4,DG,EC,2.560422709928016,Stress,lighthouses
122,A,125,61,4,DG,EC,1.2520804440183493,Stress,lighthouses
144,A,147,61,4,DG,EC,0.0563710105185035,Stress,canyons
154,A,157,61,4,DG,EC,1.704511145297103,Stress,lighthouses
164,A,167,61,4,DG,EC,0.0008062045488145,Stress,canyons
177,A,180,61,4,DG,EC,0.078674657930267,Stress,canyons
186,A,189,61,4,DG,EC,-0.9784978482205308,Stress,lighthouses
199,A,202,61,4,DG,EC,-1.5412777942202778,Stress,lighthouses
219,A,222,61,4,DG,EC,-0.6199295347932113,Stress,canyons
224,A,227,61,4,DG,EC,-0.0059267903550226,Stress,parks
232,A,235,61,4,DG,EC,-0.4995044592138181,Stress,parks
23,A,26,62,2,DG,EC,-0.6515720101980375,Control,lighthouses
29,A,32,62,2,DG,EC,0.0920820071969856,Control,fields
49,A,52,62,2,DG,EC,-0.232120285639411,Control,fields
60,A,63,62,2,DG,EC,-9.28883995631427e-05,Control,mountains
65,A,68,62,2,DG,EC,0.3740429096332547,Control,lighthouses
74,A,77,62,2,DG,EC,1.2235102746102224,Control,lighthouses
88,A,91,62,2,DG,EC,-0.0086148331884967,Control,mountains
93,A,96,62,2,DG,EC,-0.1894012458567276,Control,lighthouses
100,A,103,62,2,DG,EC,0.4552905241604735,Control,fields
108,A,111,62,2,DG,EC,0.3147400805716186,Control,lighthouses
126,A,129,62,2,DG,EC,-0.0023412512109427,Control,fields
140,A,143,62,2,DG,EC,0.0002734761907358,Control,mountains
148,A,151,62,2,DG,EC,-1.3689396128659277,Control,fields
152,A,155,62,2,DG,EC,0.0500362927294651,Control,mountains
169,A,172,62,2,DG,EC,0.4900981027894078,Control,lighthouses
178,A,181,62,2,DG,EC,0.1302769683636221,Control,fields
184,A,187,62,2,DG,EC,0.1203508350038294,Control,mountains
203,A,206,62,2,DG,EC,1.1838826213044769,Control,mountains
209,A,212,62,2,DG,EC,0.2811024445067086,Control,fields
215,A,218,62,2,DG,EC,-0.6363903060621439,Control,lighthouses
230,A,233,62,2,DG,EC,0.4332348263459281,Control,mountains
5,A,8,62,3,DG,EC,3.524533127326303,Control,mountains
10,A,13,62,3,DG,EC,0.7903705314960178,Control,lighthouses
24,A,27,62,3,DG,EC,0.2919020769507621,Control,lighthouses
47,A,50,62,3,DG,EC,-0.0143080365563466,Control,lighthouses
53,A,56,62,3,DG,EC,0.0975095906819267,Control,mountains
60,A,63,62,3,DG,EC,0.1750280445810235,Control,lighthouses
72,A,75,62,3,DG,EC,-0.0551484484798625,Control,fields
102,A,105,62,3,DG,EC,0.0035637283870392,Control,lighthouses
112,A,115,62,3,DG,EC,0.023046934811021,Control,mountains
122,A,125,62,3,DG,EC,-0.0418583813205978,Control,lighthouses
126,A,129,62,3,DG,EC,0.0551023947683567,Control,mountains
132,A,135,62,3,DG,EC,0.025671944537854,Control,mountains
140,A,143,62,3,DG,EC,-0.4047183934705232,Control,fields
147,A,150,62,3,DG,EC,0.0647892586329754,Control,mountains
157,A,160,62,3,DG,EC,0.7671595837665934,Control,fields
171,A,174,62,3,DG,EC,-3.902838244152271,Control,lighthouses
180,A,183,62,3,DG,EC,-0.2655460325348862,Control,mountains
193,A,196,62,3,DG,EC,-0.376192009835324,Control,fields
200,A,203,62,3,DG,EC,0.5077981969689681,Control,fields
215,A,218,62,3,DG,EC,-0.1233914830475491,Control,fields
236,A,239,62,3,DG,EC,0.2278616970230736,Control,fields
5,A,8,62,4,DG,EC,0.643416316936371,Control,mountains
12,A,15,62,4,DG,EC,-0.1924612917795712,Control,fields
27,A,30,62,4,DG,EC,0.2514805701400829,Control,lighthouses
46,A,49,62,4,DG,EC,0.4870952134849789,Control,fields
59,A,62,62,4,DG,EC,0.1175168473071235,Control,fields
76,A,79,62,4,DG,EC,0.467286101280512,Control,mountains
81,A,84,62,4,DG,EC,1.3203021892861564,Control,lighthouses
97,A,100,62,4,DG,EC,0.0209116733696385,Control,lighthouses
112,A,115,62,4,DG,EC,0.1017538004819486,Control,fields
129,A,132,62,4,DG,EC,-0.0683632644082622,Control,mountains
139,A,142,62,4,DG,EC,-0.41342550680924,Control,fields
145,A,148,62,4,DG,EC,-0.3840886326771066,Control,lighthouses
154,A,157,62,4,DG,EC,0.0117764714666123,Control,lighthouses
163,A,166,62,4,DG,EC,-1.1763142906781987,Control,lighthouses
187,A,190,62,4,DG,EC,0.0023986934305212,Control,fields
192,A,195,62,4,DG,EC,-0.2767524635644884,Control,mountains
200,A,203,62,4,DG,EC,0.2312164039475007,Control,mountains
209,A,212,62,4,DG,EC,2.7424572258732,Control,fields
222,A,225,62,4,DG,EC,0.4042660724742983,Control,mountains
229,A,232,62,4,DG,EC,1.9458410037118887,Control,mountains
235,A,238,62,4,DG,EC,-0.5969648270756743,Control,lighthouses
5,A,8,63,2,DG,EC,2.7192231017339545,Stress,bridges
17,A,20,63,2,DG,EC,-0.7984691698901173,Stress,parks
22,A,25,63,2,DG,EC,-0.5930440291575773,Stress,forests
31,A,34,63,2,DG,EC,1.629248626123231,Stress,parks
45,A,48,63,2,DG,EC,0.0214532885784571,Stress,forests
60,A,63,63,2,DG,EC,2.8286869851281944,Stress,bridges
65,A,68,63,2,DG,EC,0.6315091431817379,Stress,forests
74,A,77,63,2,DG,EC,0.0069086154370276,Stress,bridges
86,A,89,63,2,DG,EC,-0.1570450955797556,Stress,forests
103,A,106,63,2,DG,EC,-0.4010674799169195,Stress,bridges
112,A,115,63,2,DG,EC,-0.8474188421925962,Stress,forests
124,A,127,63,2,DG,EC,0.911593243744161,Stress,parks
136,A,139,63,2,DG,EC,1.349597003969086,Stress,bridges
144,A,147,63,2,DG,EC,-0.7363973668489826,Stress,parks
149,A,152,63,2,DG,EC,0.6302645186987812,Stress,bridges
155,A,158,63,2,DG,EC,0.1341780698342044,Stress,parks
182,A,185,63,2,DG,EC,-0.4161894924926131,Stress,parks
202,A,205,63,2,DG,EC,0.0975712071871756,Stress,bridges
209,A,212,63,2,DG,EC,0.604065810636216,Stress,parks
222,A,225,63,2,DG,EC,0.2257690938822808,Stress,forests
233,A,236,63,2,DG,EC,1.179749514763182,Stress,forests
14,A,17,63,3,DG,EC,-0.2524762145099248,Stress,bridges
27,A,30,63,3,DG,EC,0.8586589541830975,Stress,parks
36,A,39,63,3,DG,EC,0.1603760996729016,Stress,bridges
63,A,66,63,3,DG,EC,-2.821294198408373,Stress,parks
73,A,76,63,3,DG,EC,-0.6569878137757797,Stress,bridges
78,A,81,63,3,DG,EC,-0.3246702233199706,Stress,forests
85,A,88,63,3,DG,EC,-0.1619091758156941,Stress,bridges
92,A,95,63,3,DG,EC,0.0633505393492855,Stress,forests
96,A,99,63,3,DG,EC,-1.1231667602023028,Stress,bridges
100,A,103,63,3,DG,EC,0.1308120810248989,Stress,forests
116,A,119,63,3,DG,EC,0.0167499160542198,Stress,forests
123,A,126,63,3,DG,EC,0.9084395061302624,Stress,parks
143,A,146,63,3,DG,EC,1.202510154210664,Stress,parks
154,A,157,63,3,DG,EC,3.324591089646088,Stress,forests
163,A,166,63,3,DG,EC,0.000228272759723,Stress,parks
170,A,173,63,3,DG,EC,0.9984561390705452,Stress,bridges
188,A,191,63,3,DG,EC,-0.0282547294420263,Stress,bridges
202,A,205,63,3,DG,EC,0.084561507610673,Stress,parks
207,A,210,63,3,DG,EC,0.4172380108363955,Stress,forests
219,A,222,63,3,DG,EC,0.0689729502132822,Stress,forests
232,A,235,63,3,DG,EC,0.1274475832376551,Stress,parks
13,A,16,63,4,DG,EC,0.5522192015365852,Stress,forests
19,A,22,63,4,DG,EC,-0.4527711877652686,Stress,parks
28,A,31,63,4,DG,EC,-1.272835215681697,Stress,parks
35,A,38,63,4,DG,EC,0.1098805860282448,Stress,parks
51,A,54,63,4,DG,EC,-0.0880325328473954,Stress,bridges
58,A,61,63,4,DG,EC,-0.0883858256516912,Stress,forests
72,A,75,63,4,DG,EC,-0.3846217161732039,Stress,bridges
89,A,92,63,4,DG,EC,3.076700524792681,Stress,bridges
101,A,104,63,4,DG,EC,-0.0717680612343624,Stress,parks
107,A,110,63,4,DG,EC,-0.0024899215693961,Stress,forests
121,A,124,63,4,DG,EC,-0.2663820038885547,Stress,bridges
127,A,130,63,4,DG,EC,0.3241488730765047,Stress,parks
135,A,138,63,4,DG,EC,-0.7398712447870179,Stress,parks
141,A,144,63,4,DG,EC,0.120064154943466,Stress,forests
150,A,153,63,4,DG,EC,0.4224054503635583,Stress,bridges
161,A,164,63,4,DG,EC,-0.2309097564407979,Stress,forests
176,A,179,63,4,DG,EC,1.886108170697272,Stress,forests
195,A,198,63,4,DG,EC,-0.3248301612276944,Stress,bridges
209,A,212,63,4,DG,EC,0.6250434215430289,Stress,forests
221,A,224,63,4,DG,EC,-0.3432054050648019,Stress,parks
232,A,235,63,4,DG,EC,-0.5945938709512892,Stress,bridges
12,A,15,64,2,DG,EC,0.8554375964044665,Control,fields
25,A,28,64,2,DG,EC,0.345874972759399,Control,fields
50,A,53,64,2,DG,EC,0.5282305555935803,Control,parks
58,A,61,64,2,DG,EC,0.4033189035295637,Control,fields
69,A,72,64,2,DG,EC,0.0713376552586121,Control,mountains
91,A,94,64,2,DG,EC,0.4940310234525565,Control,parks
103,A,106,64,2,DG,EC,-0.0937176727506041,Control,mountains
112,A,115,64,2,DG,EC,-0.3617851489304655,Control,fields
119,A,122,64,2,DG,EC,2.7321137915850904,Control,parks
133,A,136,64,2,DG,EC,-0.010050161677344,Control,mountains
140,A,143,64,2,DG,EC,0.2385339223221542,Control,fields
163,A,166,64,2,DG,EC,0.1122898423419994,Control,mountains
174,A,177,64,2,DG,EC,-0.1026081721643134,Control,parks
186,A,189,64,2,DG,EC,-0.2130864205141715,Control,parks
192,A,195,64,2,DG,EC,-0.0161583854149963,Control,fields
200,A,203,64,2,DG,EC,0.3995834490523022,Control,parks
205,A,208,64,2,DG,EC,0.3832027195534788,Control,mountains
212,A,215,64,2,DG,EC,0.1025835549109393,Control,fields
222,A,225,64,2,DG,EC,-0.2724759945166154,Control,mountains
229,A,232,64,2,DG,EC,-1.990310666036836,Control,mountains
233,A,236,64,2,DG,EC,-1.2108179018464982,Control,parks
20,A,23,64,3,DG,EC,0.0076861023401869,Control,mountains
28,A,31,64,3,DG,EC,2.573503777811963,Control,parks
40,A,43,64,3,DG,EC,2.305689785406327,Control,parks
45,A,48,64,3,DG,EC,0.2286490725699798,Control,fields
51,A,54,64,3,DG,EC,0.0488452363487924,Control,fields
68,A,71,64,3,DG,EC,-0.6672152964413424,Control,mountains
80,A,83,64,3,DG,EC,0.1889639463033316,Control,mountains
92,A,95,64,3,DG,EC,-0.1219846175416339,Control,parks
118,A,121,64,3,DG,EC,2.682928424034805,Control,parks
127,A,130,64,3,DG,EC,0.0082867450079574,Control,fields
137,A,140,64,3,DG,EC,2.2571319670768824,Control,mountains
146,A,149,64,3,DG,EC,-0.1011625254200023,Control,mountains
151,A,154,64,3,DG,EC,1.747054765459853,Control,fields
158,A,161,64,3,DG,EC,0.2465988197574889,Control,mountains
165,A,168,64,3,DG,EC,1.6510287585536618,Control,fields
173,A,176,64,3,DG,EC,0.057559931049925,Control,parks
187,A,190,64,3,DG,EC,0.7233608146872348,Control,fields
199,A,202,64,3,DG,EC,0.062911209031657,Control,fields
206,A,209,64,3,DG,EC,0.2537437628248901,Control,parks
219,A,222,64,3,DG,EC,2.9877153405937493,Control,mountains
235,A,238,64,3,DG,EC,0.4254359768457971,Control,parks
7,A,10,64,4,DG,EC,0.860803223790267,Control,mountains
26,A,29,64,4,DG,EC,1.2720940668560736,Control,fields
32,A,35,64,4,DG,EC,0.5508305464058469,Control,parks
46,A,49,64,4,DG,EC,0.1109319741628843,Control,fields
53,A,56,64,4,DG,EC,0.892334169046066,Control,mountains
67,A,70,64,4,DG,EC,-0.0641028446506358,Control,parks
74,A,77,64,4,DG,EC,0.0168327822059936,Control,fields
88,A,91,64,4,DG,EC,-0.2985042271687176,Control,fields
96,A,99,64,4,DG,EC,-0.8249049478336454,Control,parks
102,A,105,64,4,DG,EC,0.763906911516334,Control,mountains
119,A,122,64,4,DG,EC,0.9676219819528912,Control,mountains
131,A,134,64,4,DG,EC,1.462307345666655,Control,mountains
139,A,142,64,4,DG,EC,0.1222663178921919,Control,fields
154,A,157,64,4,DG,EC,0.8479596647038146,Control,fields
160,A,163,64,4,DG,EC,0.5245788634825874,Control,parks
183,A,186,64,4,DG,EC,-0.1870875363814874,Control,parks
196,A,199,64,4,DG,EC,0.046405104066603,Control,mountains
202,A,205,64,4,DG,EC,0.1353984022170353,Control,parks
211,A,214,64,4,DG,EC,-0.2804355903315066,Control,mountains
221,A,224,64,4,DG,EC,0.5205874987273587,Control,parks
230,A,233,64,4,DG,EC,0.7084828815992077,Control,fields
5,A,8,65,2,DG,EC,0.5196512064449638,Stress,canyons
12,A,15,65,2,DG,EC,-1.4002871318670107,Stress,bridges
17,A,20,65,2,DG,EC,-0.6640351372443128,Stress,deserts
30,A,33,65,2,DG,EC,-0.0470425881587564,Stress,canyons
35,A,38,65,2,DG,EC,0.5879597480108044,Stress,deserts
43,A,46,65,2,DG,EC,-0.1612543354581111,Stress,bridges
61,A,64,65,2,DG,EC,0.3557309481438968,Stress,bridges
80,A,83,65,2,DG,EC,1.1624775611432243,Stress,bridges
89,A,92,65,2,DG,EC,0.3961574053605717,Stress,canyons
100,A,103,65,2,DG,EC,-0.5908082003080416,Stress,bridges
110,A,113,65,2,DG,EC,-2.4455794834949707,Stress,canyons
120,A,123,65,2,DG,EC,0.9472197017261104,Stress,deserts
134,A,137,65,2,DG,EC,0.0619238594791478,Stress,bridges
144,A,147,65,2,DG,EC,-0.1859733807525042,Stress,deserts
149,A,152,65,2,DG,EC,0.0724161901034842,Stress,bridges
169,A,172,65,2,DG,EC,0.5645760327617267,Stress,canyons
179,A,182,65,2,DG,EC,0.0006332072154736,Stress,deserts
191,A,194,65,2,DG,EC,0.3167080792202366,Stress,deserts
211,A,214,65,2,DG,EC,1.5469654596478086,Stress,canyons
225,A,228,65,2,DG,EC,0.2010686622188824,Stress,deserts
230,A,233,65,2,DG,EC,-0.452448960285564,Stress,canyons
10,A,13,65,3,DG,EC,-0.6210185443449535,Stress,bridges
20,A,23,65,3,DG,EC,0.0068158720282879,Stress,bridges
30,A,33,65,3,DG,EC,-0.1942630613555517,Stress,canyons
36,A,39,65,3,DG,EC,0.4900401084087417,Stress,deserts
41,A,44,65,3,DG,EC,-0.1484638788116785,Stress,canyons
49,A,52,65,3,DG,EC,-0.6046297868357461,Stress,deserts
54,A,57,65,3,DG,EC,-0.0723476433433095,Stress,canyons
62,A,65,65,3,DG,EC,-0.1046852466332287,Stress,canyons
67,A,70,65,3,DG,EC,0.7799345048774484,Stress,deserts
73,A,76,65,3,DG,EC,-0.7601935772026268,Stress,bridges
81,A,84,65,3,DG,EC,-0.2577812945223803,Stress,deserts
105,A,108,65,3,DG,EC,-0.3224866497386732,Stress,canyons
118,A,121,65,3,DG,EC,-0.2759651945097824,Stress,canyons
131,A,134,65,3,DG,EC,0.0026036552193404,Stress,canyons
139,A,142,65,3,DG,EC,2.2270664509606912,Stress,deserts
147,A,150,65,3,DG,EC,-0.1336560075974808,Stress,bridges
162,A,165,65,3,DG,EC,0.0010680625284372,Stress,bridges
171,A,174,65,3,DG,EC,-0.2868462152828904,Stress,bridges
181,A,184,65,3,DG,EC,-0.2125056374701474,Stress,deserts
216,A,219,65,3,DG,EC,0.4326075211776979,Stress,bridges
225,A,228,65,3,DG,EC,0.8277199952416567,Stress,deserts
14,A,17,65,4,DG,EC,-0.2591131289050301,Stress,canyons
25,A,28,65,4,DG,EC,0.1062321151572095,Stress,deserts
41,A,44,65,4,DG,EC,-0.0108562128920897,Stress,bridges
55,A,58,65,4,DG,EC,-0.0171140771273615,Stress,deserts
66,A,69,65,4,DG,EC,-0.8120086939669492,Stress,deserts
74,A,77,65,4,DG,EC,-0.1100632067104211,Stress,bridges
81,A,84,65,4,DG,EC,0.1078410982167348,Stress,bridges
95,A,98,65,4,DG,EC,-0.0031733815469647,Stress,canyons
99,A,102,65,4,DG,EC,0.2812830771514186,Stress,deserts
110,A,113,65,4,DG,EC,0.7335835901613588,Stress,bridges
116,A,119,65,4,DG,EC,-0.1523635578062972,Stress,deserts
129,A,132,65,4,DG,EC,3.045131372523044,Stress,deserts
139,A,142,65,4,DG,EC,-0.4290604305861042,Stress,canyons
146,A,149,65,4,DG,EC,1.4104705619395788,Stress,canyons
182,A,185,65,4,DG,EC,-0.1508094586058504,Stress,canyons
194,A,197,65,4,DG,EC,-0.4124126933291203,Stress,bridges
201,A,204,65,4,DG,EC,-0.6769883034871966,Stress,deserts
207,A,210,65,4,DG,EC,0.3224212611490156,Stress,bridges
216,A,219,65,4,DG,EC,-0.0029150261589983,Stress,canyons
221,A,224,65,4,DG,EC,-0.556366603440282,Stress,bridges
232,A,235,65,4,DG,EC,0.0530460448073984,Stress,canyons
17,A,20,66,2,DG,EC,0.2424579391116521,Stress,lakes
34,A,37,66,2,DG,EC,-0.5342815713495543,Stress,forests
43,A,46,66,2,DG,EC,-0.1225863926302218,Stress,forests
49,A,52,66,2,DG,EC,-0.2622060071958765,Stress,lakes
56,A,59,66,2,DG,EC,-0.454942707378266,Stress,bridges
74,A,77,66,2,DG,EC,-0.4335362064142155,Stress,forests
82,A,85,66,2,DG,EC,0.080593131951353,Stress,forests
90,A,93,66,2,DG,EC,-2.085955764707732,Stress,lakes
103,A,106,66,2,DG,EC,1.5121669592176046,Stress,bridges
113,A,116,66,2,DG,EC,0.5252895281722402,Stress,lakes
117,A,120,66,2,DG,EC,-1.6635720658000237,Stress,bridges
124,A,127,66,2,DG,EC,-0.186305958550617,Stress,lakes
136,A,139,66,2,DG,EC,-0.1393453421146149,Stress,bridges
148,A,151,66,2,DG,EC,-0.0198306356278778,Stress,lakes
154,A,157,66,2,DG,EC,0.2032908752314301,Stress,bridges
162,A,165,66,2,DG,EC,0.1644933148002162,Stress,forests
176,A,179,66,2,DG,EC,-0.5052609426566521,Stress,forests
189,A,192,66,2,DG,EC,-0.0729246488969857,Stress,bridges
199,A,202,66,2,DG,EC,0.6382425829262206,Stress,bridges
210,A,213,66,2,DG,EC,-0.3854567202158008,Stress,forests
217,A,220,66,2,DG,EC,-0.2956387406990662,Stress,lakes
9,A,12,66,3,DG,EC,-0.0788222865221868,Stress,forests
16,A,19,66,3,DG,EC,-0.7791353704895874,Stress,lakes
28,A,31,66,3,DG,EC,0.0384953183157579,Stress,forests
43,A,46,66,3,DG,EC,-0.8797981157306923,Stress,bridges
52,A,55,66,3,DG,EC,-0.0020573807055882,Stress,lakes
64,A,67,66,3,DG,EC,-0.077303217094171,Stress,lakes
69,A,72,66,3,DG,EC,-0.0909758432230912,Stress,bridges
93,A,96,66,3,DG,EC,0.596601664236114,Stress,lakes
99,A,102,66,3,DG,EC,0.0811449207197191,Stress,bridges
105,A,108,66,3,DG,EC,0.0208267572711279,Stress,forests
113,A,116,66,3,DG,EC,0.0992160032777852,Stress,bridges
129,A,132,66,3,DG,EC,-0.1090849013238682,Stress,forests
137,A,140,66,3,DG,EC,-0.2313504727128852,Stress,bridges
144,A,147,66,3,DG,EC,0.3861726131896283,Stress,lakes
150,A,153,66,3,DG,EC,0.9799402046356324,Stress,forests
176,A,179,66,3,DG,EC,-0.3411322639764916,Stress,lakes
189,A,192,66,3,DG,EC,-1.1350254385550094,Stress,forests
196,A,199,66,3,DG,EC,0.478630026000953,Stress,forests
203,A,206,66,3,DG,EC,-0.2210024518841255,Stress,lakes
225,A,228,66,3,DG,EC,0.0847452448879059,Stress,bridges
233,A,236,66,3,DG,EC,-0.0827923670288082,Stress,bridges
5,A,8,66,4,DG,EC,0.0100583845718964,Stress,lakes
40,A,43,66,4,DG,EC,0.3587107266340767,Stress,lakes
47,A,50,66,4,DG,EC,2.678605982157398,Stress,bridges
58,A,61,66,4,DG,EC,-0.6941120924004136,Stress,lakes
64,A,67,66,4,DG,EC,-0.6547869864733993,Stress,forests
69,A,72,66,4,DG,EC,-0.3421068452160918,Stress,lakes
74,A,77,66,4,DG,EC,-0.6748509774081787,Stress,bridges
103,A,106,66,4,DG,EC,0.8520131641337276,Stress,bridges
118,A,121,66,4,DG,EC,0.0599516569520941,Stress,bridges
131,A,134,66,4,DG,EC,-0.2783185978090705,Stress,bridges
138,A,141,66,4,DG,EC,0.4448617998795117,Stress,forests
154,A,157,66,4,DG,EC,-0.7468081065072321,Stress,bridges
162,A,165,66,4,DG,EC,0.0378352042549022,Stress,lakes
168,A,171,66,4,DG,EC,-1.2615464242632564,Stress,forests
181,A,184,66,4,DG,EC,-0.2736188934351152,Stress,lakes
191,A,194,66,4,DG,EC,0.0481222732851842,Stress,forests
198,A,201,66,4,DG,EC,-1.844094652182131,Stress,bridges
203,A,206,66,4,DG,EC,-1.0837876266989304,Stress,forests
214,A,217,66,4,DG,EC,-0.2770228088357209,Stress,forests
218,A,221,66,4,DG,EC,-0.6537125349765407,Stress,lakes
230,A,233,66,4,DG,EC,0.1851181770215145,Stress,forests
5,A,8,68,2,DG,EC,-0.0057014741560391,Stress,lighthouses
10,A,13,68,2,DG,EC,0.0076711966381142,Stress,marshes
30,A,33,68,2,DG,EC,-0.5151381178455182,Stress,lighthouses
38,A,41,68,2,DG,EC,0.0708388720550026,Stress,waterfalls
55,A,58,68,2,DG,EC,0.1669766044823995,Stress,marshes
60,A,63,68,2,DG,EC,0.0540429681866368,Stress,waterfalls
72,A,75,68,2,DG,EC,0.2578268550998625,Stress,lighthouses
78,A,81,68,2,DG,EC,3.5993128525097853,Stress,waterfalls
92,A,95,68,2,DG,EC,0.6756368965405155,Stress,lighthouses
98,A,101,68,2,DG,EC,0.2726403985478036,Stress,waterfalls
114,A,117,68,2,DG,EC,-0.079799703992459,Stress,marshes
122,A,125,68,2,DG,EC,-0.1600976532597302,Stress,waterfalls
128,A,131,68,2,DG,EC,0.2429575111919525,Stress,lighthouses
151,A,154,68,2,DG,EC,1.29237999818136,Stress,lighthouses
167,A,170,68,2,DG,EC,-0.0259295467205427,Stress,marshes
176,A,179,68,2,DG,EC,-0.0002060273695272,Stress,marshes
192,A,195,68,2,DG,EC,0.439325041287308,Stress,waterfalls
206,A,209,68,2,DG,EC,-0.0016147499660993,Stress,marshes
212,A,215,68,2,DG,EC,-2.4476339306733186,Stress,waterfalls
225,A,228,68,2,DG,EC,-0.0175161964395612,Stress,marshes
235,A,238,68,2,DG,EC,-0.1173685086579025,Stress,lighthouses
9,A,12,68,3,DG,EC,0.4781578718842272,Stress,lighthouses
21,A,24,68,3,DG,EC,-0.0112713203659312,Stress,lighthouses
30,A,33,68,3,DG,EC,0.3045281074945611,Stress,waterfalls
45,A,48,68,3,DG,EC,0.7807384351541322,Stress,marshes
64,A,67,68,3,DG,EC,2.4560648925551765,Stress,lighthouses
86,A,89,68,3,DG,EC,-0.0046949976983182,Stress,waterfalls
96,A,99,68,3,DG,EC,3.3777004912687434,Stress,marshes
106,A,109,68,3,DG,EC,2.1151795967974607,Stress,marshes
130,A,133,68,3,DG,EC,2.0304219197120688,Stress,marshes
149,A,152,68,3,DG,EC,-0.090184004993579,Stress,waterfalls
165,A,168,68,3,DG,EC,1.0057022756402672,Stress,waterfalls
174,A,177,68,3,DG,EC,-0.0077037574044575,Stress,marshes
182,A,185,68,3,DG,EC,3.2050424973612497,Stress,lighthouses
187,A,190,68,3,DG,EC,2.0599623454409346,Stress,marshes
193,A,196,68,3,DG,EC,0.453557794815423,Stress,waterfalls
199,A,202,68,3,DG,EC,0.9401851914896984,Stress,lighthouses
204,A,207,68,3,DG,EC,-1.527665530569554,Stress,waterfalls
210,A,213,68,3,DG,EC,-1.4902403952908665,Stress,lighthouses
223,A,226,68,3,DG,EC,-0.1734181321680871,Stress,lighthouses
234,A,237,68,3,DG,EC,-0.3937981792346946,Stress,waterfalls
16,A,19,68,4,DG,EC,0.4507260411356101,Stress,waterfalls
31,A,34,68,4,DG,EC,1.9988836657443907,Stress,lighthouses
41,A,44,68,4,DG,EC,0.7688867542539131,Stress,waterfalls
53,A,56,68,4,DG,EC,1.5294684777135044,Stress,waterfalls
60,A,63,68,4,DG,EC,0.6664305004281785,Stress,marshes
68,A,71,68,4,DG,EC,0.0354447455527973,Stress,lighthouses
78,A,81,68,4,DG,EC,0.2383735787146223,Stress,waterfalls
88,A,91,68,4,DG,EC,1.0049181864787364,Stress,lighthouses
97,A,100,68,4,DG,EC,0.6227101060041296,Stress,lighthouses
103,A,106,68,4,DG,EC,0.2631843741851524,Stress,waterfalls
109,A,112,68,4,DG,EC,-0.8147796036271744,Stress,marshes
118,A,121,68,4,DG,EC,-0.8215621622653592,Stress,marshes
131,A,134,68,4,DG,EC,-0.5656307208947727,Stress,marshes
138,A,141,68,4,DG,EC,0.0011117112432265,Stress,lighthouses
153,A,156,68,4,DG,EC,0.0037608860230944,Stress,marshes
161,A,164,68,4,DG,EC,0.0301524198502388,Stress,marshes
196,A,199,68,4,DG,EC,0.3305757677434255,Stress,waterfalls
227,A,230,68,4,DG,EC,0.079177603336497,Stress,marshes
234,A,237,68,4,DG,EC,-0.2012099785848927,Stress,waterfalls
8,A,11,69,2,DG,EC,0.0475785474639206,Control,fields
15,A,18,69,2,DG,EC,0.2520799569740882,Control,waterfalls
37,A,40,69,2,DG,EC,1.4402961522299706,Control,waterfalls
43,A,46,69,2,DG,EC,-0.048508428416809,Control,lakes
52,A,55,69,2,DG,EC,0.5866640440089993,Control,fields
60,A,63,69,2,DG,EC,1.691796105754563,Control,fields
66,A,69,69,2,DG,EC,-0.742229958617658,Control,lakes
83,A,86,69,2,DG,EC,0.6294792552313863,Control,lakes
90,A,93,69,2,DG,EC,-0.0483495585868071,Control,fields
96,A,99,69,2,DG,EC,-1.0351730305897755,Control,waterfalls
109,A,112,69,2,DG,EC,0.1496353058498949,Control,waterfalls
114,A,117,69,2,DG,EC,0.1704820600499893,Control,fields
130,A,133,69,2,DG,EC,-0.2247692276820098,Control,lakes
139,A,142,69,2,DG,EC,0.008056810469908,Control,lakes
145,A,148,69,2,DG,EC,-1.129145606534705,Control,waterfalls
174,A,177,69,2,DG,EC,0.0870928151837159,Control,fields
186,A,189,69,2,DG,EC,0.3031992722084624,Control,waterfalls
194,A,197,69,2,DG,EC,0.3702767802275484,Control,waterfalls
207,A,210,69,2,DG,EC,-0.0522176583380857,Control,lakes
223,A,226,69,2,DG,EC,-0.0678966087100525,Control,lakes
234,A,237,69,2,DG,EC,-0.2054725613656046,Control,fields
8,A,11,69,3,DG,EC,-0.1933813310759962,Control,waterfalls
17,A,20,69,3,DG,EC,1.6878032631135644,Control,waterfalls
27,A,30,69,3,DG,EC,1.029720134394598,Control,waterfalls
37,A,40,69,3,DG,EC,1.0653572362995516,Control,fields
47,A,50,69,3,DG,EC,0.0502662817351413,Control,waterfalls
54,A,57,69,3,DG,EC,0.2776886733339426,Control,lakes
62,A,65,69,3,DG,EC,1.6588730910404974,Control,waterfalls
80,A,83,69,3,DG,EC,1.4350208061529968,Control,lakes
90,A,93,69,3,DG,EC,0.6837161009722551,Control,fields
100,A,103,69,3,DG,EC,0.7948792110889,Control,fields
129,A,132,69,3,DG,EC,-0.4343814693966176,Control,lakes
141,A,144,69,3,DG,EC,-0.102837959873152,Control,fields
148,A,151,69,3,DG,EC,0.4170606569020906,Control,lakes
156,A,159,69,3,DG,EC,-0.6828745396431221,Control,fields
169,A,172,69,3,DG,EC,-0.4782719039667342,Control,lakes
177,A,180,69,3,DG,EC,-0.073821222480473,Control,waterfalls
186,A,189,69,3,DG,EC,-0.7860843105129738,Control,fields
192,A,195,69,3,DG,EC,0.2814185484314566,Control,waterfalls
201,A,204,69,3,DG,EC,-0.2634393116738813,Control,lakes
219,A,222,69,3,DG,EC,0.0315056992787569,Control,lakes
234,A,237,69,3,DG,EC,-0.3524586536785069,Control,fields
18,A,21,69,4,DG,EC,-0.0908973071398205,Control,fields
29,A,32,69,4,DG,EC,0.1849927673605581,Control,waterfalls
35,A,38,69,4,DG,EC,-0.3706788403466779,Control,lakes
44,A,47,69,4,DG,EC,0.746159430756166,Control,waterfalls
51,A,54,69,4,DG,EC,2.2839269585638826,Control,lakes
57,A,60,69,4,DG,EC,-0.0426586051574708,Control,waterfalls
63,A,66,69,4,DG,EC,-0.4401411868371195,Control,fields
69,A,72,69,4,DG,EC,-0.6404392857791008,Control,lakes
86,A,89,69,4,DG,EC,-0.6929043099358041,Control,waterfalls
99,A,102,69,4,DG,EC,0.125590076875237,Control,waterfalls
106,A,109,69,4,DG,EC,2.7433521795288383,Control,fields
111,A,114,69,4,DG,EC,0.1973859514976429,Control,waterfalls
126,A,129,69,4,DG,EC,-0.9169305713349508,Control,lakes
135,A,138,69,4,DG,EC,-0.1493846881434913,Control,lakes
149,A,152,69,4,DG,EC,0.3993874973395786,Control,lakes
155,A,158,69,4,DG,EC,-0.3723419319950324,Control,fields
180,A,183,69,4,DG,EC,-0.4733385736386771,Control,lakes
200,A,203,69,4,DG,EC,-0.3121759761420776,Control,fields
205,A,208,69,4,DG,EC,0.7427807063317469,Control,waterfalls
224,A,227,69,4,DG,EC,-0.246365395175451,Control,fields
232,A,235,69,4,DG,EC,-2.269396767717823,Control,fields
5,A,8,71,2,DG,EC,2.036028486811205,Control,marshes
35,A,38,71,2,DG,EC,-0.0028387323883974,Control,deserts
46,A,49,71,2,DG,EC,0.1051618595876399,Control,deserts
51,A,54,71,2,DG,EC,0.2059227284712756,Control,beaches
58,A,61,71,2,DG,EC,-0.4018540617085288,Control,marshes
69,A,72,71,2,DG,EC,-0.0565226170866348,Control,deserts
77,A,80,71,2,DG,EC,0.0011292962478223,Control,marshes
86,A,89,71,2,DG,EC,-0.4138772750117353,Control,marshes
98,A,101,71,2,DG,EC,0.626918239621181,Control,deserts
106,A,109,71,2,DG,EC,-0.0023873457578767,Control,beaches
122,A,125,71,2,DG,EC,0.032902523740848,Control,marshes
126,A,129,71,2,DG,EC,0.7801481480759562,Control,deserts
144,A,147,71,2,DG,EC,-0.366652788405819,Control,marshes
152,A,155,71,2,DG,EC,-0.8842186393268593,Control,beaches
167,A,170,71,2,DG,EC,-0.1004665425923265,Control,deserts
179,A,182,71,2,DG,EC,0.2748313287158581,Control,beaches
190,A,193,71,2,DG,EC,-0.2632555131816178,Control,marshes
197,A,200,71,2,DG,EC,-0.0005502212961624,Control,beaches
206,A,209,71,2,DG,EC,0.919538855343932,Control,deserts
223,A,226,71,2,DG,EC,-0.1218855601931718,Control,beaches
233,A,236,71,2,DG,EC,-1.118467026983452,Control,beaches
39,A,42,71,3,DG,EC,-0.0173758486430934,Control,beaches
45,A,48,71,3,DG,EC,-0.0820531750198845,Control,marshes
52,A,55,71,3,DG,EC,-0.1881616472573791,Control,deserts
61,A,64,71,3,DG,EC,2.3287802093846044,Control,deserts
65,A,68,71,3,DG,EC,2.1976882426868043,Control,marshes
69,A,72,71,3,DG,EC,0.1041990918096637,Control,deserts
83,A,86,71,3,DG,EC,0.0022660129408832,Control,deserts
110,A,113,71,3,DG,EC,3.782216863556844,Control,beaches
125,A,128,71,3,DG,EC,1.9293467991202848,Control,beaches
136,A,139,71,3,DG,EC,0.4953035458313973,Control,marshes
151,A,154,71,3,DG,EC,0.8639095701909347,Control,beaches
162,A,165,71,3,DG,EC,0.3629016573573886,Control,beaches
166,A,169,71,3,DG,EC,2.6367199710628566,Control,deserts
172,A,175,71,3,DG,EC,4.505779058699654,Control,marshes
180,A,183,71,3,DG,EC,0.0028809832619625,Control,beaches
189,A,192,71,3,DG,EC,-0.0448750964323078,Control,deserts
197,A,200,71,3,DG,EC,0.0021698956916732,Control,marshes
209,A,212,71,3,DG,EC,0.9424018184293628,Control,deserts
214,A,217,71,3,DG,EC,0.4416402159860969,Control,marshes
221,A,224,71,3,DG,EC,-0.0755761719834542,Control,beaches
237,A,240,71,3,DG,EC,1.052111839358958,Control,marshes
9,A,12,71,4,DG,EC,-0.005588276777905,Control,marshes
27,A,30,71,4,DG,EC,-0.2799794797414504,Control,beaches
33,A,36,71,4,DG,EC,0.7753812914859182,Control,marshes
45,A,48,71,4,DG,EC,0.2090150927349602,Control,beaches
52,A,55,71,4,DG,EC,-0.1049581716426153,Control,beaches
56,A,59,71,4,DG,EC,-0.3326942860419551,Control,marshes
85,A,88,71,4,DG,EC,-0.144577579549944,Control,marshes
96,A,99,71,4,DG,EC,0.522514466045747,Control,beaches
102,A,105,71,4,DG,EC,-2.619931427093261,Control,deserts
114,A,117,71,4,DG,EC,-0.0503798929211681,Control,beaches
132,A,135,71,4,DG,EC,0.4117907958073087,Control,beaches
145,A,148,71,4,DG,EC,1.3559576332464005,Control,marshes
151,A,154,71,4,DG,EC,0.1593573420661466,Control,marshes
158,A,161,71,4,DG,EC,0.1120522415691665,Control,deserts
167,A,170,71,4,DG,EC,-0.2816147279894332,Control,deserts
179,A,182,71,4,DG,EC,-0.0518374793529442,Control,deserts
194,A,197,71,4,DG,EC,-0.0005907083653991,Control,deserts
199,A,202,71,4,DG,EC,-2.337884232312088,Control,beaches
206,A,209,71,4,DG,EC,-0.4048353071988291,Control,marshes
215,A,218,71,4,DG,EC,0.9802911780481972,Control,deserts
222,A,225,71,4,DG,EC,1.617465991316135,Control,deserts
5,A,8,72,2,DG,EC,0.1948472931012565,Stress,waterfalls
12,A,15,72,2,DG,EC,-0.0298408565984376,Stress,waterfalls
52,A,55,72,2,DG,EC,-0.0041736299530917,Stress,waterfalls
58,A,61,72,2,DG,EC,0.4760357287344885,Stress,beaches
89,A,92,72,2,DG,EC,1.574845031822554,Stress,forests
94,A,97,72,2,DG,EC,0.034664804244509,Stress,beaches
103,A,106,72,2,DG,EC,0.2648472093188262,Stress,forests
115,A,118,72,2,DG,EC,0.1767028131478668,Stress,forests
125,A,128,72,2,DG,EC,0.1472646360959415,Stress,forests
134,A,137,72,2,DG,EC,0.1432872508035609,Stress,forests
143,A,146,72,2,DG,EC,1.265618092602969,Stress,beaches
150,A,153,72,2,DG,EC,-0.0729837957443264,Stress,beaches
155,A,158,72,2,DG,EC,-0.4096442416602712,Stress,waterfalls
162,A,165,72,2,DG,EC,-0.1867388979738576,Stress,beaches
184,A,187,72,2,DG,EC,-0.0382636286071446,Stress,forests
188,A,191,72,2,DG,EC,-0.2275645708817534,Stress,waterfalls
202,A,205,72,2,DG,EC,-0.0905256060208709,Stress,waterfalls
206,A,209,72,2,DG,EC,1.010109402645323,Stress,forests
217,A,220,72,2,DG,EC,-0.2384462596487027,Stress,waterfalls
224,A,227,72,2,DG,EC,0.0219564997773851,Stress,beaches
231,A,234,72,2,DG,EC,0.0748505561555229,Stress,beaches
13,A,16,72,3,DG,EC,3.880486919799732,Stress,forests
23,A,26,72,3,DG,EC,0.5689243455136583,Stress,forests
35,A,38,72,3,DG,EC,0.1091480186535746,Stress,forests
43,A,46,72,3,DG,EC,-0.0287091141716475,Stress,waterfalls
48,A,51,72,3,DG,EC,1.8095059479755264,Stress,beaches
57,A,60,72,3,DG,EC,3.121515550934223,Stress,waterfalls
63,A,66,72,3,DG,EC,2.0940110676155665,Stress,beaches
68,A,71,72,3,DG,EC,3.6002841315210774,Stress,forests
83,A,86,72,3,DG,EC,0.4748768093133677,Stress,waterfalls
92,A,95,72,3,DG,EC,0.7119030340383471,Stress,beaches
98,A,101,72,3,DG,EC,-0.0732011609240618,Stress,waterfalls
106,A,109,72,3,DG,EC,0.2029975407324957,Stress,waterfalls
126,A,129,72,3,DG,EC,1.315127705308886,Stress,forests
133,A,136,72,3,DG,EC,-0.000882224972596,Stress,beaches
171,A,174,72,3,DG,EC,-0.0885784645766835,Stress,forests
181,A,184,72,3,DG,EC,0.1238008862243549,Stress,beaches
199,A,202,72,3,DG,EC,0.4683921773129812,Stress,beaches
205,A,208,72,3,DG,EC,-0.0533510412662093,Stress,beaches
221,A,224,72,3,DG,EC,-0.2745397584780359,Stress,forests
227,A,230,72,3,DG,EC,1.103650040314536,Stress,waterfalls
238,A,241,72,3,DG,EC,-0.083819743322772,Stress,waterfalls
19,A,22,72,4,DG,EC,-0.4968974217023849,Stress,beaches
26,A,29,72,4,DG,EC,0.5673115211330767,Stress,waterfalls
36,A,39,72,4,DG,EC,0.0561967310185634,Stress,waterfalls
48,A,51,72,4,DG,EC,0.9943087456336605,Stress,waterfalls
53,A,56,72,4,DG,EC,7.489351944068628,Stress,beaches
60,A,63,72,4,DG,EC,-0.5323688580640026,Stress,beaches
67,A,70,72,4,DG,EC,-0.6744979257247454,Stress,forests
77,A,80,72,4,DG,EC,0.0199798825210963,Stress,forests
88,A,91,72,4,DG,EC,0.2160115803372868,Stress,waterfalls
94,A,97,72,4,DG,EC,0.7683093260535195,Stress,forests
108,A,111,72,4,DG,EC,-0.2008079857139882,Stress,beaches
119,A,122,72,4,DG,EC,0.3050033072506126,Stress,forests
146,A,149,72,4,DG,EC,2.4660884861037338,Stress,forests
155,A,158,72,4,DG,EC,0.0579665942472198,Stress,beaches
168,A,171,72,4,DG,EC,0.4247792666577565,Stress,waterfalls
186,A,189,72,4,DG,EC,0.0374278766881097,Stress,beaches
192,A,195,72,4,DG,EC,2.836146160644736,Stress,waterfalls
204,A,207,72,4,DG,EC,1.725392991662839,Stress,waterfalls
211,A,214,72,4,DG,EC,-0.4261674287751482,Stress,forests
233,A,236,72,4,DG,EC,-0.5432451630822208,Stress,forests
5,A,8,73,2,DG,EC,-0.4216683465379951,Control,canyons
9,A,12,73,2,DG,EC,-0.275552384123674,Control,marshes
15,A,18,73,2,DG,EC,-0.7616561145285006,Control,canyons
22,A,25,73,2,DG,EC,0.088220201532259,Control,parks
42,A,45,73,2,DG,EC,-1.0467211712840412,Control,parks
49,A,52,73,2,DG,EC,0.21695536254225,Control,parks
58,A,61,73,2,DG,EC,2.953489125843246,Control,marshes
69,A,72,73,2,DG,EC,0.084020405125426,Control,marshes
80,A,83,73,2,DG,EC,-0.075868054615113,Control,parks
89,A,92,73,2,DG,EC,-2.070060996585788,Control,canyons
109,A,112,73,2,DG,EC,0.2764003635018795,Control,marshes
123,A,126,73,2,DG,EC,-0.9359777813892022,Control,canyons
131,A,134,73,2,DG,EC,1.009749915117233,Control,marshes
136,A,139,73,2,DG,EC,0.0451150869759175,Control,canyons
159,A,162,73,2,DG,EC,0.0012386276923322,Control,parks
170,A,173,73,2,DG,EC,-0.2658778208066925,Control,canyons
191,A,194,73,2,DG,EC,-0.2805480895674034,Control,marshes
203,A,206,73,2,DG,EC,1.0088242547700177,Control,parks
222,A,225,73,2,DG,EC,0.0282242897290107,Control,marshes
228,A,231,73,2,DG,EC,-0.0563629437764202,Control,canyons
235,A,238,73,2,DG,EC,0.6411776658108542,Control,parks
11,A,14,73,3,DG,EC,0.3268361437151615,Control,marshes
21,A,24,73,3,DG,EC,-0.0171185816202511,Control,parks
33,A,36,73,3,DG,EC,0.423508984883392,Control,marshes
43,A,46,73,3,DG,EC,0.3727731080365767,Control,marshes
47,A,50,73,3,DG,EC,0.5808379053809453,Control,canyons
54,A,57,73,3,DG,EC,0.0798292463890882,Control,marshes
61,A,64,73,3,DG,EC,1.307111278475281,Control,parks
79,A,82,73,3,DG,EC,0.4255203692862337,Control,canyons
86,A,89,73,3,DG,EC,0.5147389621366528,Control,parks
90,A,93,73,3,DG,EC,0.1030155258447342,Control,canyons
106,A,109,73,3,DG,EC,-0.0089374153547896,Control,canyons
113,A,116,73,3,DG,EC,1.368944759585886,Control,marshes
126,A,129,73,3,DG,EC,-1.158257996530544,Control,parks
137,A,140,73,3,DG,EC,3.683208358975797,Control,parks
158,A,161,73,3,DG,EC,0.0520464079250165,Control,canyons
172,A,175,73,3,DG,EC,-0.911796600146934,Control,canyons
180,A,183,73,3,DG,EC,-0.2095155694482706,Control,marshes
192,A,195,73,3,DG,EC,-0.3136971610676912,Control,canyons
216,A,219,73,3,DG,EC,0.539384020444443,Control,parks
222,A,225,73,3,DG,EC,1.1126120033440328,Control,marshes
230,A,233,73,3,DG,EC,2.786290227171716,Control,parks
5,A,8,73,4,DG,EC,0.5945087852125159,Control,marshes
21,A,24,73,4,DG,EC,0.543435780012882,Control,marshes
26,A,29,73,4,DG,EC,0.0950021794605706,Control,parks
45,A,48,73,4,DG,EC,-0.2043778080686762,Control,marshes
50,A,53,73,4,DG,EC,1.395041555973406,Control,parks
69,A,72,73,4,DG,EC,0.8461528368788714,Control,canyons
76,A,79,73,4,DG,EC,1.797852344845295,Control,marshes
83,A,86,73,4,DG,EC,0.5232390395530765,Control,canyons
96,A,99,73,4,DG,EC,0.0175643943992906,Control,parks
108,A,111,73,4,DG,EC,0.0133429041470025,Control,parks
114,A,117,73,4,DG,EC,0.0228738296042964,Control,canyons
123,A,126,73,4,DG,EC,0.0220260268058067,Control,canyons
132,A,135,73,4,DG,EC,0.0111566474348138,Control,canyons
153,A,156,73,4,DG,EC,0.7064742912690588,Control,marshes
160,A,163,73,4,DG,EC,0.0893755916637864,Control,parks
177,A,180,73,4,DG,EC,-0.3685036013217514,Control,marshes
183,A,186,73,4,DG,EC,1.3146589839256762,Control,canyons
206,A,209,73,4,DG,EC,0.2367066064295912,Control,parks
221,A,224,73,4,DG,EC,-0.8357533264953352,Control,marshes
237,A,240,73,4,DG,EC,-0.339833094537196,Control,canyons
10,A,13,74,2,DG,EC,-0.6603033414028998,Control,bridges
21,A,24,74,2,DG,EC,2.1167631910072684,Control,parks
28,A,31,74,2,DG,EC,-3.3599217628590274,Control,lakes
40,A,43,74,2,DG,EC,0.0412433538201958,Control,parks
49,A,52,74,2,DG,EC,0.073296598717386,Control,bridges
61,A,64,74,2,DG,EC,0.4421814909176582,Control,parks
74,A,77,74,2,DG,EC,0.0004282567036176,Control,lakes
90,A,93,74,2,DG,EC,0.9468931784868736,Control,lakes
98,A,101,74,2,DG,EC,0.0678347338822251,Control,bridges
107,A,110,74,2,DG,EC,1.4314498342638702,Control,lakes
118,A,121,74,2,DG,EC,-1.0049937871504635,Control,lakes
131,A,134,74,2,DG,EC,-0.2922212535006677,Control,bridges
145,A,148,74,2,DG,EC,-0.6460914688527416,Control,parks
157,A,160,74,2,DG,EC,0.2408817392123873,Control,parks
171,A,174,74,2,DG,EC,1.7865340146198645,Control,parks
192,A,195,74,2,DG,EC,-0.2076017190851543,Control,lakes
201,A,204,74,2,DG,EC,-0.1010895294367768,Control,bridges
210,A,213,74,2,DG,EC,1.095692342120151,Control,parks
217,A,220,74,2,DG,EC,1.4488285674070225,Control,bridges
230,A,233,74,2,DG,EC,0.0494507158829745,Control,lakes
237,A,240,74,2,DG,EC,-0.9994025240650124,Control,bridges
9,A,12,74,3,DG,EC,0.2173902134351495,Control,lakes
14,A,17,74,3,DG,EC,-0.4087566939426424,Control,bridges
25,A,28,74,3,DG,EC,-1.65945433864459,Control,parks
38,A,41,74,3,DG,EC,1.369147468825389,Control,parks
42,A,45,74,3,DG,EC,-1.5608569540292525,Control,lakes
55,A,58,74,3,DG,EC,0.798077285957717,Control,parks
66,A,69,74,3,DG,EC,-0.3776273157239911,Control,parks
78,A,81,74,3,DG,EC,0.543222880069046,Control,bridges
86,A,89,74,3,DG,EC,0.0422734090160239,Control,bridges
94,A,97,74,3,DG,EC,0.7281981322691442,Control,bridges
120,A,123,74,3,DG,EC,0.1882896912208528,Control,parks
130,A,133,74,3,DG,EC,0.2776268496949708,Control,lakes
155,A,158,74,3,DG,EC,0.5498771726767911,Control,lakes
164,A,167,74,3,DG,EC,-0.2626417184762979,Control,lakes
170,A,173,74,3,DG,EC,0.0019075278390115,Control,bridges
181,A,184,74,3,DG,EC,0.5084955351772705,Control,bridges
192,A,195,74,3,DG,EC,0.1621215163685277,Control,lakes
198,A,201,74,3,DG,EC,0.4103532575038099,Control,bridges
211,A,214,74,3,DG,EC,-0.2268506427262319,Control,parks
226,A,229,74,3,DG,EC,0.052653389852963,Control,parks
7,A,10,74,4,DG,EC,-1.203360900762578,Control,bridges
12,A,15,74,4,DG,EC,-1.0476720887461213,Control,lakes
21,A,24,74,4,DG,EC,-0.2594184288265413,Control,lakes
38,A,41,74,4,DG,EC,-0.0902841181760419,Control,bridges
43,A,46,74,4,DG,EC,0.1407380141971495,Control,lakes
56,A,59,74,4,DG,EC,-0.048978483641043,Control,bridges
66,A,69,74,4,DG,EC,-0.1406868408327921,Control,bridges
72,A,75,74,4,DG,EC,0.1787460885370742,Control,parks
76,A,79,74,4,DG,EC,-0.2835891731641857,Control,bridges
98,A,101,74,4,DG,EC,0.1776525215913402,Control,parks
111,A,114,74,4,DG,EC,-0.0067898455426814,Control,lakes
136,A,139,74,4,DG,EC,1.4002401370030837,Control,parks
186,A,189,74,4,DG,EC,0.0917956185699325,Control,parks
193,A,196,74,4,DG,EC,-0.2781703837327212,Control,lakes
212,A,215,74,4,DG,EC,-0.0392758280577359,Control,parks
220,A,223,74,4,DG,EC,-0.0276946009131346,Control,lakes
230,A,233,74,4,DG,EC,1.5192645360136443,Control,parks
14,A,17,75,2,DG,EC,-1.0720793007945684,Stress,lighthouses
27,A,30,75,2,DG,EC,0.3534235769689616,Stress,forests
37,A,40,75,2,DG,EC,0.0499610372412499,Stress,fields
42,A,45,75,2,DG,EC,-0.2329222539695374,Stress,forests
50,A,53,75,2,DG,EC,-0.6505008673550926,Stress,lighthouses
59,A,62,75,2,DG,EC,-0.088684535254111,Stress,lighthouses
70,A,73,75,2,DG,EC,-0.0077493775638458,Stress,lighthouses
75,A,78,75,2,DG,EC,0.0043752785265415,Stress,forests
83,A,86,75,2,DG,EC,8.162250821382642,Stress,forests
107,A,110,75,2,DG,EC,-0.5194680528651807,Stress,forests
115,A,118,75,2,DG,EC,0.0908078693307632,Stress,fields
124,A,127,75,2,DG,EC,0.1096739136746682,Stress,lighthouses
139,A,142,75,2,DG,EC,-0.7290445453530794,Stress,fields
146,A,149,75,2,DG,EC,0.3548464813932089,Stress,forests
150,A,153,75,2,DG,EC,0.6569539540892733,Stress,fields
178,A,181,75,2,DG,EC,-1.1518072610641985,Stress,fields
190,A,193,75,2,DG,EC,-0.9519910725456822,Stress,forests
195,A,198,75,2,DG,EC,0.0095350895575497,Stress,lighthouses
207,A,210,75,2,DG,EC,-0.0015856647279252,Stress,fields
217,A,220,75,2,DG,EC,0.2625500524098381,Stress,fields
236,A,239,75,2,DG,EC,-0.0082899815201183,Stress,lighthouses
5,A,8,75,3,DG,EC,0.933233378007872,Stress,fields
9,A,12,75,3,DG,EC,-0.7213829352946615,Stress,forests
19,A,22,75,3,DG,EC,0.0926512644165322,Stress,lighthouses
28,A,31,75,3,DG,EC,0.062713318352937,Stress,lighthouses
34,A,37,75,3,DG,EC,1.3376815061829732,Stress,forests
45,A,48,75,3,DG,EC,0.0965925552109957,Stress,lighthouses
52,A,55,75,3,DG,EC,-0.7083601294028574,Stress,forests
62,A,65,75,3,DG,EC,0.3837716041043224,Stress,forests
75,A,78,75,3,DG,EC,0.5263934382456167,Stress,fields
99,A,102,75,3,DG,EC,0.0002202780011423,Stress,forests
117,A,120,75,3,DG,EC,0.0487967972484546,Stress,fields
130,A,133,75,3,DG,EC,-0.1553270246709476,Stress,fields
137,A,140,75,3,DG,EC,2.42595978583848,Stress,fields
143,A,146,75,3,DG,EC,-0.1366655171187678,Stress,forests
147,A,150,75,3,DG,EC,0.0431519226368914,Stress,lighthouses
162,A,165,75,3,DG,EC,0.0011259919114461,Stress,lighthouses
179,A,182,75,3,DG,EC,0.2146529301300504,Stress,fields
193,A,196,75,3,DG,EC,0.0319735190748792,Stress,lighthouses
202,A,205,75,3,DG,EC,-0.7160506111772156,Stress,fields
228,A,231,75,3,DG,EC,-2.209082327159935,Stress,lighthouses
234,A,237,75,3,DG,EC,0.0267209418751836,Stress,forests
11,A,14,75,4,DG,EC,-0.7709186181692637,Stress,forests
21,A,24,75,4,DG,EC,-0.6697960653335264,Stress,lighthouses
29,A,32,75,4,DG,EC,1.2873422106871977,Stress,fields
43,A,46,75,4,DG,EC,-0.1641732692509165,Stress,fields
52,A,55,75,4,DG,EC,-0.6637879965040304,Stress,lighthouses
57,A,60,75,4,DG,EC,-0.0815498567091551,Stress,fields
77,A,80,75,4,DG,EC,-0.4514506748861038,Stress,fields
98,A,101,75,4,DG,EC,1.2976967647884097,Stress,fields
103,A,106,75,4,DG,EC,-0.0061716496554615,Stress,lighthouses
111,A,114,75,4,DG,EC,0.0005877571584608,Stress,forests
121,A,124,75,4,DG,EC,-0.3025019375118156,Stress,fields
126,A,129,75,4,DG,EC,0.3038520502029239,Stress,forests
131,A,134,75,4,DG,EC,0.4305544353721018,Stress,lighthouses
151,A,154,75,4,DG,EC,-0.0117791552619299,Stress,forests
159,A,162,75,4,DG,EC,-0.0226221561700596,Stress,fields
172,A,175,75,4,DG,EC,-0.2045100436739398,Stress,lighthouses
179,A,182,75,4,DG,EC,0.4744376849470654,Stress,forests
191,A,194,75,4,DG,EC,0.4386997505246509,Stress,forests
196,A,199,75,4,DG,EC,-3.3710189001647,Stress,lighthouses
202,A,205,75,4,DG,EC,-0.3695982741413386,Stress,lighthouses
8,A,11,76,2,DG,EC,0.0195437057264703,Control,beaches
12,A,15,76,2,DG,EC,0.5401185956319645,Control,lakes
26,A,29,76,2,DG,EC,-0.2386846816082365,Control,lakes
40,A,43,76,2,DG,EC,0.0479314121830276,Control,beaches
56,A,59,76,2,DG,EC,0.2126701872109959,Control,beaches
61,A,64,76,2,DG,EC,-0.2176815504668504,Control,lakes
67,A,70,76,2,DG,EC,-0.1661537871752778,Control,lighthouses
88,A,91,76,2,DG,EC,-0.4271459476642371,Control,lighthouses
92,A,95,76,2,DG,EC,0.043732165084232,Control,beaches
97,A,100,76,2,DG,EC,0.8271403416160231,Control,lighthouses
107,A,110,76,2,DG,EC,0.0093142785502513,Control,lighthouses
113,A,116,76,2,DG,EC,-0.0448833785415679,Control,lakes
121,A,124,76,2,DG,EC,1.266143554349423,Control,lighthouses
132,A,135,76,2,DG,EC,-1.2618992578045314,Control,lakes
142,A,145,76,2,DG,EC,0.0088800310160657,Control,beaches
152,A,155,76,2,DG,EC,-0.3613477952709154,Control,lakes
160,A,163,76,2,DG,EC,0.3007092990125572,Control,lakes
171,A,174,76,2,DG,EC,1.5942684393860134,Control,beaches
212,A,215,76,2,DG,EC,-0.5377206054690524,Control,lighthouses
218,A,221,76,2,DG,EC,-0.0605995850547414,Control,beaches
234,A,237,76,2,DG,EC,0.7352074417392902,Control,lighthouses
10,A,13,76,3,DG,EC,0.3001892834050491,Control,beaches
31,A,34,76,3,DG,EC,0.0829790870624648,Control,lakes
39,A,42,76,3,DG,EC,-0.1852515943274264,Control,lighthouses
44,A,47,76,3,DG,EC,1.1768359852581225,Control,lakes
48,A,51,76,3,DG,EC,0.5143554563224622,Control,lighthouses
58,A,61,76,3,DG,EC,5.646577117115897,Control,lakes
62,A,65,76,3,DG,EC,0.0024318537257291,Control,beaches
72,A,75,76,3,DG,EC,-0.4202944278576119,Control,lakes
77,A,80,76,3,DG,EC,-0.0303779034406236,Control,lighthouses
94,A,97,76,3,DG,EC,-0.6043925286869886,Control,lighthouses
109,A,112,76,3,DG,EC,-1.040709857945959,Control,lighthouses
131,A,134,76,3,DG,EC,0.0111315476327652,Control,lakes
137,A,140,76,3,DG,EC,0.0008257606605937,Control,lighthouses
148,A,151,76,3,DG,EC,10.434323698199949,Control,beaches
158,A,161,76,3,DG,EC,0.1517449228647902,Control,lighthouses
165,A,168,76,3,DG,EC,-0.4476891766634037,Control,lakes
178,A,181,76,3,DG,EC,0.696600542641504,Control,beaches
201,A,204,76,3,DG,EC,0.2386412884358112,Control,beaches
219,A,222,76,3,DG,EC,0.4678297466874776,Control,lakes
223,A,226,76,3,DG,EC,0.0631920835143343,Control,beaches
230,A,233,76,3,DG,EC,-0.4476077394749821,Control,beaches
5,A,8,76,4,DG,EC,-0.001029808492226,Control,lakes
10,A,13,76,4,DG,EC,1.0131254525751898,Control,lighthouses
19,A,22,76,4,DG,EC,0.0282504906215673,Control,lighthouses
33,A,36,76,4,DG,EC,0.0118001293620756,Control,lighthouses
39,A,42,76,4,DG,EC,0.5693746310900414,Control,beaches
53,A,56,76,4,DG,EC,-0.0416511065626767,Control,lighthouses
66,A,69,76,4,DG,EC,0.003973708416371,Control,lakes
76,A,79,76,4,DG,EC,-0.5421873083901624,Control,lakes
86,A,89,76,4,DG,EC,1.9162821379796944,Control,beaches
92,A,95,76,4,DG,EC,0.0010964999327789,Control,lighthouses
107,A,110,76,4,DG,EC,0.2641222293282498,Control,beaches
124,A,127,76,4,DG,EC,0.0474229733135252,Control,lakes
131,A,134,76,4,DG,EC,-0.131588640622653,Control,beaches
147,A,150,76,4,DG,EC,0.1340105611593557,Control,beaches
152,A,155,76,4,DG,EC,-0.0543840509419438,Control,lakes
166,A,169,76,4,DG,EC,-0.1979422448296821,Control,beaches
172,A,175,76,4,DG,EC,-0.0416738521622252,Control,lakes
181,A,184,76,4,DG,EC,0.4371445913796207,Control,lighthouses
194,A,197,76,4,DG,EC,0.0817467008947044,Control,lighthouses
209,A,212,76,4,DG,EC,0.0737119989884873,Control,lakes
231,A,234,76,4,DG,EC,2.822568275130305,Control,beaches
7,A,10,77,2,DG,EC,-0.0773702442708925,Stress,marshes
16,A,19,77,2,DG,EC,0.2070001908110065,Stress,marshes
35,A,38,77,2,DG,EC,1.2040303978524924,Stress,lighthouses
46,A,49,77,2,DG,EC,-0.4640834124828996,Stress,mountains
54,A,57,77,2,DG,EC,0.806248594683727,Stress,marshes
70,A,73,77,2,DG,EC,8.759775884604044e-05,Stress,lighthouses
74,A,77,77,2,DG,EC,0.1180100771385833,Stress,mountains
81,A,84,77,2,DG,EC,1.5490333234431026,Stress,marshes
96,A,99,77,2,DG,EC,-0.1530414453200717,Stress,marshes
117,A,120,77,2,DG,EC,2.1327775575228007,Stress,lighthouses
123,A,126,77,2,DG,EC,-0.2820749268143832,Stress,mountains
132,A,135,77,2,DG,EC,-0.6962345198107591,Stress,lighthouses
142,A,145,77,2,DG,EC,-0.1500942079868654,Stress,mountains
154,A,157,77,2,DG,EC,1.0483046632709745,Stress,mountains
168,A,171,77,2,DG,EC,0.8275570382849624,Stress,marshes
177,A,180,77,2,DG,EC,0.0874900678296141,Stress,lighthouses
188,A,191,77,2,DG,EC,0.0015796667517264,Stress,mountains
205,A,208,77,2,DG,EC,0.0375166385235002,Stress,mountains
222,A,225,77,2,DG,EC,-0.1590251086036206,Stress,lighthouses
233,A,236,77,2,DG,EC,-0.5234581909016172,Stress,lighthouses
11,A,14,77,3,DG,EC,0.7079522060295341,Stress,lighthouses
46,A,49,77,3,DG,EC,-3.0121640314115328,Stress,lighthouses
60,A,63,77,3,DG,EC,-0.0020016976602782,Stress,marshes
71,A,74,77,3,DG,EC,-0.0906800257239602,Stress,mountains
84,A,87,77,3,DG,EC,-0.6276811462489525,Stress,lighthouses
88,A,91,77,3,DG,EC,0.9005282335685838,Stress,mountains
93,A,96,77,3,DG,EC,0.8882783117426771,Stress,marshes
100,A,103,77,3,DG,EC,0.3879245123461754,Stress,lighthouses
131,A,134,77,3,DG,EC,-0.000581957018,Stress,lighthouses
145,A,148,77,3,DG,EC,0.9652225514531798,Stress,mountains
159,A,162,77,3,DG,EC,-1.048396448294999,Stress,mountains
166,A,169,77,3,DG,EC,0.0010099898519148,Stress,mountains
172,A,175,77,3,DG,EC,0.0830334406734292,Stress,marshes
182,A,185,77,3,DG,EC,-0.0500805351111094,Stress,marshes
192,A,195,77,3,DG,EC,0.0842003602631528,Stress,lighthouses
196,A,199,77,3,DG,EC,-0.9902181644901196,Stress,marshes
208,A,211,77,3,DG,EC,-0.0069148364143754,Stress,marshes
221,A,224,77,3,DG,EC,0.0019122594066487,Stress,mountains
229,A,232,77,3,DG,EC,3.435294710584923,Stress,marshes
238,A,241,77,3,DG,EC,-0.0217336241273107,Stress,mountains
5,A,8,77,4,DG,EC,0.1503643557835456,Stress,marshes
30,A,33,77,4,DG,EC,-0.4253513296252945,Stress,marshes
51,A,54,77,4,DG,EC,0.3865255910729409,Stress,mountains
60,A,63,77,4,DG,EC,-0.687082059601772,Stress,lighthouses
65,A,68,77,4,DG,EC,-0.2494449124963132,Stress,marshes
95,A,98,77,4,DG,EC,0.343999104639188,Stress,lighthouses
101,A,104,77,4,DG,EC,0.3123726790693345,Stress,mountains
106,A,109,77,4,DG,EC,0.311824522888096,Stress,lighthouses
136,A,139,77,4,DG,EC,1.4139298799654525,Stress,lighthouses
146,A,149,77,4,DG,EC,0.2526784588060941,Stress,lighthouses
152,A,155,77,4,DG,EC,-0.0018691225587221,Stress,marshes
166,A,169,77,4,DG,EC,2.052502293099808,Stress,lighthouses
182,A,185,77,4,DG,EC,2.3285296089577368,Stress,mountains
193,A,196,77,4,DG,EC,0.0649605090774721,Stress,mountains
208,A,211,77,4,DG,EC,0.1146355717991395,Stress,marshes
220,A,223,77,4,DG,EC,0.0448725674012719,Stress,lighthouses
10,A,13,78,2,DG,EC,-0.1034279104750016,Stress,lakes
18,A,21,78,2,DG,EC,-0.838187277422998,Stress,mountains
34,A,37,78,2,DG,EC,-0.2084837796610703,Stress,lakes
49,A,52,78,2,DG,EC,2.539275263676004,Stress,mountains
62,A,65,78,2,DG,EC,-0.5524903583723132,Stress,lakes
82,A,85,78,2,DG,EC,-0.3342136097835248,Stress,lakes
104,A,107,78,2,DG,EC,-0.6721893929477564,Stress,mountains
109,A,112,78,2,DG,EC,-0.0097862214235213,Stress,waterfalls
119,A,122,78,2,DG,EC,-0.7132637120628329,Stress,waterfalls
131,A,134,78,2,DG,EC,3.129103052937959,Stress,lakes
139,A,142,78,2,DG,EC,0.1902622621598117,Stress,waterfalls
144,A,147,78,2,DG,EC,0.7217969547111008,Stress,mountains
155,A,158,78,2,DG,EC,-0.954053673539805,Stress,mountains
160,A,163,78,2,DG,EC,-0.0028977554559514,Stress,waterfalls
172,A,175,78,2,DG,EC,0.8128420377787791,Stress,lakes
184,A,187,78,2,DG,EC,-0.0397111969683747,Stress,mountains
193,A,196,78,2,DG,EC,-0.2822300060655105,Stress,lakes
200,A,203,78,2,DG,EC,-0.3221078688928245,Stress,mountains
206,A,209,78,2,DG,EC,0.4302226355596921,Stress,waterfalls
233,A,236,78,2,DG,EC,0.3237361764868547,Stress,waterfalls
17,A,20,78,3,DG,EC,0.2522057963225863,Stress,waterfalls
22,A,25,78,3,DG,EC,-0.1336733940596985,Stress,mountains
34,A,37,78,3,DG,EC,-0.864661192031162,Stress,mountains
44,A,47,78,3,DG,EC,0.4338988061697671,Stress,mountains
51,A,54,78,3,DG,EC,-0.1412077923700695,Stress,lakes
68,A,71,78,3,DG,EC,1.9654372127220427,Stress,waterfalls
78,A,81,78,3,DG,EC,-0.1811916186302746,Stress,mountains
89,A,92,78,3,DG,EC,-0.8978365728823933,Stress,mountains
96,A,99,78,3,DG,EC,-0.6252672075357731,Stress,lakes
120,A,123,78,3,DG,EC,0.7611313405290225,Stress,waterfalls
128,A,131,78,3,DG,EC,0.1684419402512206,Stress,lakes
135,A,138,78,3,DG,EC,0.1308991659078765,Stress,mountains
145,A,148,78,3,DG,EC,0.0091964405222812,Stress,waterfalls
157,A,160,78,3,DG,EC,0.8532605882493055,Stress,waterfalls
164,A,167,78,3,DG,EC,-0.2198384345531018,Stress,lakes
169,A,172,78,3,DG,EC,0.6346208621257343,Stress,waterfalls
174,A,177,78,3,DG,EC,-0.5681957866415143,Stress,lakes
187,A,190,78,3,DG,EC,0.4869854372370737,Stress,waterfalls
195,A,198,78,3,DG,EC,0.0408436229329766,Stress,mountains
200,A,203,78,3,DG,EC,-0.064048535121229,Stress,lakes
231,A,234,78,3,DG,EC,-0.2834346820366449,Stress,lakes
12,A,15,78,4,DG,EC,-0.1116653403007549,Stress,lakes
20,A,23,78,4,DG,EC,0.0284666598450109,Stress,waterfalls
26,A,29,78,4,DG,EC,-0.0048416016784088,Stress,mountains
37,A,40,78,4,DG,EC,-0.0613896996659992,Stress,waterfalls
44,A,47,78,4,DG,EC,0.0006995414435525,Stress,lakes
77,A,80,78,4,DG,EC,0.9678784523119068,Stress,lakes
83,A,86,78,4,DG,EC,-0.0015081587242914,Stress,mountains
110,A,113,78,4,DG,EC,-3.0701572915171003,Stress,mountains
118,A,121,78,4,DG,EC,0.0181052140724065,Stress,waterfalls
138,A,141,78,4,DG,EC,-1.1005927641071551,Stress,mountains
144,A,147,78,4,DG,EC,0.4884605572479359,Stress,lakes
149,A,152,78,4,DG,EC,-0.1104817660260465,Stress,waterfalls
159,A,162,78,4,DG,EC,2.7180213064474845,Stress,mountains
166,A,169,78,4,DG,EC,1.8997666040825807,Stress,lakes
181,A,184,78,4,DG,EC,0.4007240517091313,Stress,mountains
186,A,189,78,4,DG,EC,0.0984808631841618,Stress,waterfalls
195,A,198,78,4,DG,EC,0.0276480046470098,Stress,lakes
203,A,206,78,4,DG,EC,-0.0772165237558517,Stress,lakes
209,A,212,78,4,DG,EC,-0.3864153642674878,Stress,waterfalls
221,A,224,78,4,DG,EC,0.4426179484542762,Stress,mountains
229,A,232,78,4,DG,EC,0.4011584193790954,Stress,waterfalls
5,A,8,79,2,DG,EC,0.3240510161195086,Control,parks
12,A,15,79,2,DG,EC,-0.3579906569794513,Control,parks
25,A,28,79,2,DG,EC,0.5318189369475429,Control,marshes
33,A,36,79,2,DG,EC,0.4903606308892169,Control,parks
43,A,46,79,2,DG,EC,0.699455056574076,Control,parks
49,A,52,79,2,DG,EC,0.7486929263873133,Control,fields
56,A,59,79,2,DG,EC,-0.1347032100287102,Control,marshes
69,A,72,79,2,DG,EC,0.8257484914675177,Control,marshes
77,A,80,79,2,DG,EC,1.394618260408392,Control,marshes
82,A,85,79,2,DG,EC,2.067853146015994,Control,parks
98,A,101,79,2,DG,EC,2.637509685777758,Control,fields
103,A,106,79,2,DG,EC,0.1602741693760589,Control,marshes
110,A,113,79,2,DG,EC,-0.3509923583668411,Control,fields
117,A,120,79,2,DG,EC,-1.8224781052069552,Control,fields
150,A,153,79,2,DG,EC,-0.0226109144384293,Control,marshes
177,A,180,79,2,DG,EC,0.7216488894582785,Control,parks
185,A,188,79,2,DG,EC,0.0002816764069892,Control,fields
195,A,198,79,2,DG,EC,0.7678473003709556,Control,marshes
200,A,203,79,2,DG,EC,-0.2181675047039757,Control,fields
211,A,214,79,2,DG,EC,2.1475276305464077,Control,parks
222,A,225,79,2,DG,EC,0.1867494561728225,Control,fields
5,A,8,79,3,DG,EC,0.2456951432663723,Control,parks
11,A,14,79,3,DG,EC,0.1071820193051209,Control,fields
22,A,25,79,3,DG,EC,5.927625672847951,Control,parks
35,A,38,79,3,DG,EC,-0.400277102338079,Control,marshes
50,A,53,79,3,DG,EC,-0.0163099299720573,Control,marshes
57,A,60,79,3,DG,EC,-0.2098321304383491,Control,parks
68,A,71,79,3,DG,EC,-0.0600633056449347,Control,marshes
79,A,82,79,3,DG,EC,0.9206043997665108,Control,parks
86,A,89,79,3,DG,EC,-2.9238047679375927,Control,marshes
91,A,94,79,3,DG,EC,0.476653223664042,Control,fields
103,A,106,79,3,DG,EC,-0.6065763587344382,Control,fields
109,A,112,79,3,DG,EC,0.0047078731819731,Control,parks
113,A,116,79,3,DG,EC,0.525443850954976,Control,marshes
127,A,130,79,3,DG,EC,0.6652183497434773,Control,marshes
138,A,141,79,3,DG,EC,-0.28913442249882,Control,fields
149,A,152,79,3,DG,EC,2.373301351957399,Control,parks
174,A,177,79,3,DG,EC,-1.0987701811638668,Control,marshes
183,A,186,79,3,DG,EC,0.0568699763813719,Control,fields
194,A,197,79,3,DG,EC,0.0068066613649811,Control,parks
208,A,211,79,3,DG,EC,0.3272301691448462,Control,fields
219,A,222,79,3,DG,EC,-0.5349420526822563,Control,fields
11,A,14,79,4,DG,EC,1.5418856223633848,Control,marshes
42,A,45,79,4,DG,EC,2.506632141926737,Control,parks
52,A,55,79,4,DG,EC,0.5735544487801068,Control,parks
63,A,66,79,4,DG,EC,-0.8525351211863432,Control,fields
74,A,77,79,4,DG,EC,0.3374156777189265,Control,fields
81,A,84,79,4,DG,EC,0.6400098846462844,Control,marshes
92,A,95,79,4,DG,EC,0.0744585772495438,Control,marshes
101,A,104,79,4,DG,EC,0.518109387372404,Control,marshes
111,A,114,79,4,DG,EC,0.6579795515365867,Control,parks
118,A,121,79,4,DG,EC,0.0273337322744361,Control,fields
132,A,135,79,4,DG,EC,-0.4332029712421109,Control,parks
136,A,139,79,4,DG,EC,-0.8206612449179996,Control,marshes
147,A,150,79,4,DG,EC,0.2543015557046461,Control,fields
156,A,159,79,4,DG,EC,-0.3722825237383299,Control,marshes
162,A,165,79,4,DG,EC,0.1663613740387384,Control,fields
170,A,173,79,4,DG,EC,0.0883184035307627,Control,parks
178,A,181,79,4,DG,EC,0.3422835009067975,Control,marshes
189,A,192,79,4,DG,EC,-0.5348692215544599,Control,parks
199,A,202,79,4,DG,EC,0.0080943302748932,Control,fields
209,A,212,79,4,DG,EC,-0.013363127669716,Control,parks
217,A,220,79,4,DG,EC,-0.0484186456943968,Control,fields
5,A,8,80,2,DG,EC,1.2304778223298398,Stress,canyons
18,A,21,80,2,DG,EC,-0.1555885811254543,Stress,fields
26,A,29,80,2,DG,EC,0.6882611284839426,Stress,beaches
39,A,42,80,2,DG,EC,0.0346202732626679,Stress,fields
46,A,49,80,2,DG,EC,-0.190242522582923,Stress,beaches
56,A,59,80,2,DG,EC,-0.2963710749190688,Stress,fields
65,A,68,80,2,DG,EC,0.5514610109876517,Stress,canyons
75,A,78,80,2,DG,EC,0.4341750979839301,Stress,fields
81,A,84,80,2,DG,EC,-0.1265488763813409,Stress,beaches
108,A,111,80,2,DG,EC,2.4303054710322565,Stress,fields
115,A,118,80,2,DG,EC,0.7029890574866993,Stress,canyons
135,A,138,80,2,DG,EC,-0.2183891105477368,Stress,fields
149,A,152,80,2,DG,EC,0.3636592052993207,Stress,canyons
154,A,157,80,2,DG,EC,1.3993164028483018,Stress,beaches
171,A,174,80,2,DG,EC,0.0208126244755407,Stress,beaches
185,A,188,80,2,DG,EC,0.2353350833687336,Stress,canyons
192,A,195,80,2,DG,EC,-0.0219202107570246,Stress,canyons
205,A,208,80,2,DG,EC,0.0347455230622957,Stress,beaches
216,A,219,80,2,DG,EC,0.0307431021892671,Stress,fields
229,A,232,80,2,DG,EC,2.240168383351845,Stress,beaches
236,A,239,80,2,DG,EC,-0.1258048565211342,Stress,canyons
11,A,14,80,3,DG,EC,-0.5050076878247902,Stress,fields
38,A,41,80,3,DG,EC,-0.1766341961608642,Stress,canyons
50,A,53,80,3,DG,EC,-0.3655210632408572,Stress,beaches
59,A,62,80,3,DG,EC,0.1664372126168708,Stress,canyons
64,A,67,80,3,DG,EC,1.059680453554401,Stress,beaches
73,A,76,80,3,DG,EC,0.6053499319558586,Stress,canyons
81,A,84,80,3,DG,EC,0.2361165661678019,Stress,beaches
87,A,90,80,3,DG,EC,-0.6559827681119977,Stress,fields
99,A,102,80,3,DG,EC,2.2226035920771423,Stress,beaches
106,A,109,80,3,DG,EC,-0.2216260975904243,Stress,fields
113,A,116,80,3,DG,EC,0.3505577851541779,Stress,fields
141,A,144,80,3,DG,EC,0.5920570949797355,Stress,beaches
160,A,163,80,3,DG,EC,0.1498234132757888,Stress,beaches
168,A,171,80,3,DG,EC,-0.2750885952847082,Stress,canyons
176,A,179,80,3,DG,EC,2.357910642823952,Stress,fields
181,A,184,80,3,DG,EC,0.4179128026486698,Stress,canyons
194,A,197,80,3,DG,EC,0.9794706405675112,Stress,canyons
219,A,222,80,3,DG,EC,-0.8361936852216137,Stress,beaches
5,A,8,80,4,DG,EC,-0.1225981977311483,Stress,canyons
10,A,13,80,4,DG,EC,0.0275620910185818,Stress,fields
24,A,27,80,4,DG,EC,8.185733526286109,Stress,canyons
40,A,43,80,4,DG,EC,2.277927672410177,Stress,canyons
51,A,54,80,4,DG,EC,0.7307466179178973,Stress,fields
66,A,69,80,4,DG,EC,0.9217336147486456,Stress,canyons
76,A,79,80,4,DG,EC,0.4574132810656097,Stress,fields
84,A,87,80,4,DG,EC,-0.800728956402806,Stress,fields
98,A,101,80,4,DG,EC,-1.0893486889139117,Stress,beaches
104,A,107,80,4,DG,EC,-0.3414962398318348,Stress,canyons
110,A,113,80,4,DG,EC,-1.090859865192071,Stress,fields
132,A,135,80,4,DG,EC,-0.7173984908728259,Stress,beaches
158,A,161,80,4,DG,EC,-0.4823206071499848,Stress,beaches
188,A,191,80,4,DG,EC,0.1966740605419156,Stress,beaches
196,A,199,80,4,DG,EC,-0.2508097371529651,Stress,canyons
16,A,19,81,2,DG,EC,-2.405678722792856,Control,waterfalls
22,A,25,81,2,DG,EC,-1.6987684832208871,Control,forests
27,A,30,81,2,DG,EC,-0.0060772341850266,Control,deserts
47,A,50,81,2,DG,EC,0.7668824992681618,Control,deserts
57,A,60,81,2,DG,EC,0.5935470185057504,Control,waterfalls
68,A,71,81,2,DG,EC,-0.1417535829830158,Control,waterfalls
79,A,82,81,2,DG,EC,0.629526372346698,Control,waterfalls
85,A,88,81,2,DG,EC,0.2000860131576436,Control,forests
97,A,100,81,2,DG,EC,0.2342914908208695,Control,forests
110,A,113,81,2,DG,EC,-0.6439135746775096,Control,forests
120,A,123,81,2,DG,EC,-1.3836264016586672,Control,forests
125,A,128,81,2,DG,EC,0.1298875938225448,Control,deserts
134,A,137,81,2,DG,EC,1.0194806725413192,Control,forests
153,A,156,81,2,DG,EC,-0.1571063871680926,Control,deserts
166,A,169,81,2,DG,EC,-0.3576097513715444,Control,forests
182,A,185,81,2,DG,EC,0.5110287028089234,Control,deserts
191,A,194,81,2,DG,EC,2.1936072618237623,Control,waterfalls
200,A,203,81,2,DG,EC,-0.0007894273662878,Control,waterfalls
206,A,209,81,2,DG,EC,0.2718125697709289,Control,deserts
218,A,221,81,2,DG,EC,-0.2041977021011703,Control,waterfalls
233,A,236,81,2,DG,EC,-0.0033042186869735,Control,deserts
5,A,8,81,3,DG,EC,0.0161270481240943,Control,waterfalls
16,A,19,81,3,DG,EC,0.1268420669849952,Control,forests
37,A,40,81,3,DG,EC,0.0113313934604703,Control,waterfalls
56,A,59,81,3,DG,EC,0.0750295857540625,Control,waterfalls
68,A,71,81,3,DG,EC,-0.2127025128097563,Control,deserts
83,A,86,81,3,DG,EC,2.26190782849771,Control,forests
93,A,96,81,3,DG,EC,0.7551573402376701,Control,waterfalls
101,A,104,81,3,DG,EC,0.5741713248155864,Control,forests
108,A,111,81,3,DG,EC,0.0761513369960402,Control,deserts
121,A,124,81,3,DG,EC,-0.114212649590825,Control,deserts
129,A,132,81,3,DG,EC,-0.0149519351169922,Control,forests
137,A,140,81,3,DG,EC,1.568959003088629,Control,forests
148,A,151,81,3,DG,EC,-0.4174416681304427,Control,forests
156,A,159,81,3,DG,EC,0.0582283469829201,Control,waterfalls
160,A,163,81,3,DG,EC,-0.2562120414725333,Control,deserts
169,A,172,81,3,DG,EC,-0.0082334699451297,Control,forests
194,A,197,81,3,DG,EC,0.5811339390243844,Control,deserts
203,A,206,81,3,DG,EC,0.4073457557383674,Control,deserts
218,A,221,81,3,DG,EC,0.51080484433939,Control,waterfalls
224,A,227,81,3,DG,EC,-0.0910790865030114,Control,deserts
235,A,238,81,3,DG,EC,-0.4578350250404737,Control,waterfalls
21,A,24,81,4,DG,EC,0.6106649416682841,Control,deserts
26,A,29,81,4,DG,EC,-0.0042215456775175,Control,forests
45,A,48,81,4,DG,EC,0.1951363663419875,Control,forests
58,A,61,81,4,DG,EC,-0.1899732857924667,Control,waterfalls
63,A,66,81,4,DG,EC,-0.5626700053448965,Control,deserts
81,A,84,81,4,DG,EC,-0.2961309804889305,Control,forests
91,A,94,81,4,DG,EC,0.0349926609450911,Control,forests
123,A,126,81,4,DG,EC,0.3404259789717683,Control,waterfalls
132,A,135,81,4,DG,EC,-0.8496273698463599,Control,deserts
144,A,147,81,4,DG,EC,0.1912477627492565,Control,deserts
159,A,162,81,4,DG,EC,0.9089364871632442,Control,forests
165,A,168,81,4,DG,EC,0.0645343626357962,Control,deserts
178,A,181,81,4,DG,EC,-0.6772632746931784,Control,deserts
184,A,187,81,4,DG,EC,0.6108486183119558,Control,waterfalls
191,A,194,81,4,DG,EC,-0.0205895559658102,Control,waterfalls
196,A,199,81,4,DG,EC,0.2479289625608436,Control,forests
206,A,209,81,4,DG,EC,0.1097175286811113,Control,waterfalls
212,A,215,81,4,DG,EC,-0.1764000783288562,Control,deserts
221,A,224,81,4,DG,EC,0.7623067908844596,Control,waterfalls
230,A,233,81,4,DG,EC,-0.5229894634188748,Control,waterfalls
235,A,238,81,4,DG,EC,-0.5827807107039227,Control,forests
17,A,20,82,2,DG,EC,1.346182305798569,Control,canyons
32,A,35,82,2,DG,EC,0.0756247240641723,Control,deserts
43,A,46,82,2,DG,EC,0.0195704094714513,Control,beaches
58,A,61,82,2,DG,EC,1.5784455122232302,Control,beaches
66,A,69,82,2,DG,EC,-0.4592631166792524,Control,deserts
72,A,75,82,2,DG,EC,0.2319647303011822,Control,beaches
82,A,85,82,2,DG,EC,-0.6032574606247245,Control,canyons
100,A,103,82,2,DG,EC,2.138589377039674,Control,canyons
115,A,118,82,2,DG,EC,-0.0304974371906845,Control,canyons
123,A,126,82,2,DG,EC,1.557565900284282,Control,beaches
130,A,133,82,2,DG,EC,0.1203156214055212,Control,deserts
138,A,141,82,2,DG,EC,4.278508489456196,Control,canyons
150,A,153,82,2,DG,EC,0.7679745206516152,Control,deserts
177,A,180,82,2,DG,EC,-0.0070726240852517,Control,canyons
187,A,190,82,2,DG,EC,0.9612290050141132,Control,beaches
193,A,196,82,2,DG,EC,4.572194697600176,Control,deserts
197,A,200,82,2,DG,EC,2.922727066594942,Control,beaches
203,A,206,82,2,DG,EC,0.3650745803795552,Control,beaches
210,A,213,82,2,DG,EC,1.869190937239228,Control,deserts
216,A,219,82,2,DG,EC,1.489338524734945,Control,canyons
236,A,239,82,2,DG,EC,0.5189117139471073,Control,deserts
8,A,11,82,3,DG,EC,2.309445828192646,Control,beaches
19,A,22,82,3,DG,EC,3.083662751821805,Control,deserts
27,A,30,82,3,DG,EC,0.8344511408774328,Control,beaches
36,A,39,82,3,DG,EC,0.4481362658365683,Control,deserts
43,A,46,82,3,DG,EC,0.1714651371151664,Control,canyons
52,A,55,82,3,DG,EC,-0.002193603620974,Control,beaches
62,A,65,82,3,DG,EC,0.5561807499309043,Control,deserts
70,A,73,82,3,DG,EC,0.8076513577102803,Control,deserts
78,A,81,82,3,DG,EC,-0.0174442041130959,Control,beaches
84,A,87,82,3,DG,EC,0.3425923851471481,Control,deserts
91,A,94,82,3,DG,EC,1.3719419651920723,Control,beaches
108,A,111,82,3,DG,EC,1.1202101012222383,Control,deserts
122,A,125,82,3,DG,EC,2.1418443140742784,Control,canyons
130,A,133,82,3,DG,EC,0.0599531624623079,Control,canyons
135,A,138,82,3,DG,EC,-0.4375239101721692,Control,beaches
160,A,163,82,3,DG,EC,-1.4919868053180334,Control,canyons
169,A,172,82,3,DG,EC,-0.4226233760597133,Control,canyons
187,A,190,82,3,DG,EC,-0.0595468961686016,Control,deserts
198,A,201,82,3,DG,EC,2.4820053958153387,Control,beaches
211,A,214,82,3,DG,EC,-0.0063715377793647,Control,canyons
221,A,224,82,3,DG,EC,1.852049350108484,Control,canyons
12,A,15,82,4,DG,EC,2.38012714516484,Control,canyons
28,A,31,82,4,DG,EC,1.9937497819004275,Control,beaches
42,A,45,82,4,DG,EC,-1.4668929865502542,Control,deserts
56,A,59,82,4,DG,EC,0.5873834619797182,Control,canyons
66,A,69,82,4,DG,EC,-0.171493801492757,Control,deserts
78,A,81,82,4,DG,EC,-0.0854092540171439,Control,deserts
91,A,94,82,4,DG,EC,-0.5367277905321468,Control,beaches
105,A,108,82,4,DG,EC,1.7112893054224312,Control,canyons
114,A,117,82,4,DG,EC,0.0559587529046316,Control,deserts
132,A,135,82,4,DG,EC,0.0647632987003242,Control,canyons
139,A,142,82,4,DG,EC,-0.228287118311925,Control,canyons
155,A,158,82,4,DG,EC,-0.4043662907659889,Control,beaches
166,A,169,82,4,DG,EC,0.0940435107486832,Control,beaches
176,A,179,82,4,DG,EC,0.0454098937290756,Control,deserts
181,A,184,82,4,DG,EC,-0.5108820390613764,Control,beaches
185,A,188,82,4,DG,EC,4.720374047508274,Control,canyons
195,A,198,82,4,DG,EC,0.0355089601584384,Control,canyons
202,A,205,82,4,DG,EC,3.29966064773494,Control,beaches
215,A,218,82,4,DG,EC,1.363650577854317,Control,deserts
219,A,222,82,4,DG,EC,-0.0846184304185509,Control,beaches
224,A,227,82,4,DG,EC,1.3726131642424475,Control,deserts
20,A,23,83,2,DG,EC,-0.0785932965088713,Control,bridges
29,A,32,83,2,DG,EC,3.5741418854700853,Control,bridges
35,A,38,83,2,DG,EC,-0.0052609542163097,Control,waterfalls
46,A,49,83,2,DG,EC,-0.0681656878380527,Control,bridges
54,A,57,83,2,DG,EC,0.229192508665302,Control,waterfalls
74,A,77,83,2,DG,EC,1.701854552228304,Control,bridges
85,A,88,83,2,DG,EC,1.33432267347929,Control,bridges
92,A,95,83,2,DG,EC,3.6833898569293138,Control,waterfalls
104,A,107,83,2,DG,EC,-0.0588488525510844,Control,waterfalls
117,A,120,83,2,DG,EC,-0.4223480729287218,Control,mountains
140,A,143,83,2,DG,EC,-0.0634150082443177,Control,mountains
145,A,148,83,2,DG,EC,-0.1797425554455065,Control,bridges
150,A,153,83,2,DG,EC,-0.2375127935778659,Control,mountains
156,A,159,83,2,DG,EC,0.7324308589744529,Control,waterfalls
178,A,181,83,2,DG,EC,0.8387468773338306,Control,mountains
188,A,191,83,2,DG,EC,-0.2355642202864395,Control,mountains
193,A,196,83,2,DG,EC,-0.0620915355527144,Control,waterfalls
198,A,201,83,2,DG,EC,-0.0932444935078537,Control,mountains
208,A,211,83,2,DG,EC,-0.3216772380948775,Control,mountains
225,A,228,83,2,DG,EC,0.144308714290796,Control,waterfalls
235,A,238,83,2,DG,EC,0.1969047950625514,Control,bridges
8,A,11,83,3,DG,EC,0.0270131500921119,Control,waterfalls
18,A,21,83,3,DG,EC,-0.2080866615354348,Control,waterfalls
25,A,28,83,3,DG,EC,0.6956957680861396,Control,mountains
31,A,34,83,3,DG,EC,0.1982133069686118,Control,bridges
55,A,58,83,3,DG,EC,0.1818097328315686,Control,bridges
62,A,65,83,3,DG,EC,1.5766578861251184,Control,waterfalls
69,A,72,83,3,DG,EC,-0.3363539582700873,Control,mountains
99,A,102,83,3,DG,EC,-0.0553140034428147,Control,bridges
110,A,113,83,3,DG,EC,-0.5121951735917943,Control,waterfalls
119,A,122,83,3,DG,EC,-0.5385377064349041,Control,bridges
123,A,126,83,3,DG,EC,0.0428387298581784,Control,waterfalls
131,A,134,83,3,DG,EC,0.4461450641205637,Control,bridges
135,A,138,83,3,DG,EC,0.4471348169563779,Control,waterfalls
143,A,146,83,3,DG,EC,0.0461655553980546,Control,mountains
147,A,150,83,3,DG,EC,1.915787368095664,Control,waterfalls
176,A,179,83,3,DG,EC,-1.1755621754234409,Control,bridges
185,A,188,83,3,DG,EC,-0.5305390216213972,Control,mountains
195,A,198,83,3,DG,EC,0.597108000021624,Control,mountains
206,A,209,83,3,DG,EC,0.0949677034904889,Control,mountains
215,A,218,83,3,DG,EC,1.196195856441656,Control,mountains
229,A,232,83,3,DG,EC,-0.1135310695924603,Control,bridges
15,A,18,83,4,DG,EC,0.8749187750226198,Control,bridges
23,A,26,83,4,DG,EC,-0.4112274816662373,Control,bridges
39,A,42,83,4,DG,EC,-1.938778417024669,Control,bridges
62,A,65,83,4,DG,EC,0.3482606071994892,Control,waterfalls
70,A,73,83,4,DG,EC,-0.0952202764715573,Control,waterfalls
77,A,80,83,4,DG,EC,-0.4124621981533486,Control,mountains
89,A,92,83,4,DG,EC,0.3135209971204787,Control,waterfalls
110,A,113,83,4,DG,EC,0.233483331946987,Control,waterfalls
120,A,123,83,4,DG,EC,0.0857471710247785,Control,bridges
129,A,132,83,4,DG,EC,-2.273635539544192,Control,waterfalls
147,A,150,83,4,DG,EC,0.9430720548114632,Control,mountains
154,A,157,83,4,DG,EC,0.1644400827019882,Control,bridges
158,A,161,83,4,DG,EC,-0.2673992565238071,Control,mountains
163,A,166,83,4,DG,EC,-0.3978513147242009,Control,waterfalls
172,A,175,83,4,DG,EC,-0.111889240000412,Control,mountains
177,A,180,83,4,DG,EC,0.8860947073526492,Control,waterfalls
196,A,199,83,4,DG,EC,0.5337999110586341,Control,mountains
214,A,217,83,4,DG,EC,3.0552848952952503,Control,bridges
221,A,224,83,4,DG,EC,0.1292086761704108,Control,mountains
231,A,234,83,4,DG,EC,-0.7592073660237842,Control,bridges
238,A,241,83,4,DG,EC,-0.3163422328812142,Control,mountains
8,A,11,84,2,DG,EC,-0.5245657838017008,Stress,forests
23,A,26,84,2,DG,EC,1.0194754688815175,Stress,bridges
29,A,32,84,2,DG,EC,0.2001771086204035,Stress,deserts
40,A,43,84,2,DG,EC,-0.2784179395712009,Stress,forests
48,A,51,84,2,DG,EC,0.2798856361456328,Stress,forests
55,A,58,84,2,DG,EC,-1.3798134780303553,Stress,forests
64,A,67,84,2,DG,EC,0.261354135810986,Stress,deserts
73,A,76,84,2,DG,EC,0.0789824660048747,Stress,bridges
103,A,106,84,2,DG,EC,0.0950565849917813,Stress,deserts
108,A,111,84,2,DG,EC,-0.1083105931879623,Stress,bridges
115,A,118,84,2,DG,EC,-0.0165483812687013,Stress,forests
127,A,130,84,2,DG,EC,-0.319752901632664,Stress,forests
135,A,138,84,2,DG,EC,1.4733709341907102,Stress,deserts
140,A,143,84,2,DG,EC,0.2424940700285601,Stress,bridges
152,A,155,84,2,DG,EC,0.2656787038697727,Stress,deserts
172,A,175,84,2,DG,EC,0.1639278875872961,Stress,deserts
182,A,185,84,2,DG,EC,-0.3630445079079433,Stress,bridges
199,A,202,84,2,DG,EC,-0.2067406245410575,Stress,bridges
213,A,216,84,2,DG,EC,1.5200379385709324,Stress,bridges
223,A,226,84,2,DG,EC,0.0709224754686799,Stress,forests
233,A,236,84,2,DG,EC,1.494314351395351,Stress,deserts
16,A,19,84,3,DG,EC,-0.0162148820069265,Stress,deserts
30,A,33,84,3,DG,EC,0.0006485821372686,Stress,bridges
40,A,43,84,3,DG,EC,1.345909817166005,Stress,deserts
49,A,52,84,3,DG,EC,0.3598532892844076,Stress,deserts
64,A,67,84,3,DG,EC,0.0627133242327848,Stress,bridges
71,A,74,84,3,DG,EC,0.0033433059604717,Stress,forests
86,A,89,84,3,DG,EC,0.2594886689212063,Stress,bridges
92,A,95,84,3,DG,EC,-0.0198144052141948,Stress,forests
102,A,105,84,3,DG,EC,0.887570997877176,Stress,bridges
106,A,109,84,3,DG,EC,-1.120720540492906,Stress,deserts
116,A,119,84,3,DG,EC,1.8279062275241775,Stress,deserts
123,A,126,84,3,DG,EC,0.0398536884505239,Stress,bridges
127,A,130,84,3,DG,EC,-0.0760197723209871,Stress,forests
149,A,152,84,3,DG,EC,-0.3394107406165012,Stress,deserts
161,A,164,84,3,DG,EC,1.2638563688365374,Stress,forests
166,A,169,84,3,DG,EC,-0.0879003943835656,Stress,deserts
192,A,195,84,3,DG,EC,-0.6081108831566696,Stress,forests
209,A,212,84,3,DG,EC,0.2000669629105283,Stress,forests
216,A,219,84,3,DG,EC,-0.6176163828462399,Stress,forests
226,A,229,84,3,DG,EC,1.0710453302060157,Stress,bridges
235,A,238,84,3,DG,EC,2.1737492049723373,Stress,bridges
5,A,8,84,4,DG,EC,0.0336267928527921,Stress,forests
18,A,21,84,4,DG,EC,0.1922684567784515,Stress,deserts
23,A,26,84,4,DG,EC,0.6656830703722597,Stress,forests
31,A,34,84,4,DG,EC,1.8013834948564311,Stress,deserts
43,A,46,84,4,DG,EC,-0.0318568481950394,Stress,deserts
60,A,63,84,4,DG,EC,-0.0070343915829666,Stress,forests
74,A,77,84,4,DG,EC,1.7609260479018212,Stress,bridges
83,A,86,84,4,DG,EC,2.2433718145866224,Stress,bridges
89,A,92,84,4,DG,EC,-0.2861806508555619,Stress,deserts
93,A,96,84,4,DG,EC,0.2006134988516538,Stress,bridges
125,A,128,84,4,DG,EC,2.061609526852663,Stress,deserts
133,A,136,84,4,DG,EC,0.1141980638196037,Stress,bridges
151,A,154,84,4,DG,EC,0.8997028950463387,Stress,deserts
163,A,166,84,4,DG,EC,0.3445326998776425,Stress,bridges
171,A,174,84,4,DG,EC,-0.1174752055786736,Stress,forests
177,A,180,84,4,DG,EC,-0.0413494567515415,Stress,bridges
190,A,193,84,4,DG,EC,0.5043323197202415,Stress,forests
195,A,198,84,4,DG,EC,-0.0006683045805644,Stress,bridges
203,A,206,84,4,DG,EC,2.8015720340005177,Stress,forests
225,A,228,84,4,DG,EC,1.3161578186897651,Stress,forests
234,A,237,84,4,DG,EC,0.16727255172156,Stress,deserts
28,A,31,85,2,DG,EC,0.273668611072229,Stress,lighthouses
42,A,45,85,2,DG,EC,-0.2802568983685594,Stress,parks
47,A,50,85,2,DG,EC,-0.176377749508507,Stress,lighthouses
57,A,60,85,2,DG,EC,1.3297338863264987,Stress,parks
70,A,73,85,2,DG,EC,1.509153236850336,Stress,bridges
75,A,78,85,2,DG,EC,-0.0391267576852146,Stress,lighthouses
82,A,85,85,2,DG,EC,2.646831685566473,Stress,bridges
103,A,106,85,2,DG,EC,0.0015192713238977,Stress,bridges
111,A,114,85,2,DG,EC,0.0014122554568927,Stress,lighthouses
117,A,120,85,2,DG,EC,0.0451770538052526,Stress,bridges
124,A,127,85,2,DG,EC,-2.6087180138297685,Stress,parks
132,A,135,85,2,DG,EC,1.173605573032869,Stress,lighthouses
150,A,153,85,2,DG,EC,-0.0056714097237788,Stress,bridges
155,A,158,85,2,DG,EC,0.6185022828649617,Stress,lighthouses
161,A,164,85,2,DG,EC,0.6052914725789387,Stress,parks
179,A,182,85,2,DG,EC,0.5878870973021868,Stress,parks
185,A,188,85,2,DG,EC,0.2209607006637653,Stress,bridges
198,A,201,85,2,DG,EC,0.6190174480601502,Stress,bridges
209,A,212,85,2,DG,EC,-0.0306713108542045,Stress,parks
216,A,219,85,2,DG,EC,-0.3718599242435613,Stress,lighthouses
235,A,238,85,2,DG,EC,1.3905287311180627,Stress,parks
9,A,12,85,3,DG,EC,0.0084013012895699,Stress,lighthouses
15,A,18,85,3,DG,EC,0.0351293931948965,Stress,bridges
20,A,23,85,3,DG,EC,0.2604892378468621,Stress,parks
49,A,52,85,3,DG,EC,0.0046902684413162,Stress,lighthouses
54,A,57,85,3,DG,EC,0.3157720951469114,Stress,parks
70,A,73,85,3,DG,EC,0.2109711038295793,Stress,bridges
81,A,84,85,3,DG,EC,-0.2895827678070583,Stress,bridges
89,A,92,85,3,DG,EC,-0.3714613035078165,Stress,parks
95,A,98,85,3,DG,EC,-0.194379593552831,Stress,bridges
112,A,115,85,3,DG,EC,0.0327369674677937,Stress,parks
117,A,120,85,3,DG,EC,0.2435928012989797,Stress,lighthouses
135,A,138,85,3,DG,EC,-0.3252832261223983,Stress,bridges
140,A,143,85,3,DG,EC,0.227429791276036,Stress,lighthouses
149,A,152,85,3,DG,EC,0.4589978955676322,Stress,lighthouses
153,A,156,85,3,DG,EC,0.574172160575005,Stress,bridges
157,A,160,85,3,DG,EC,0.2580806410803155,Stress,parks
166,A,169,85,3,DG,EC,0.6844140266623034,Stress,bridges
172,A,175,85,3,DG,EC,2.4161817570850337,Stress,lighthouses
186,A,189,85,3,DG,EC,1.6895077020916451,Stress,parks
198,A,201,85,3,DG,EC,-1.0707743146894575,Stress,parks
229,A,232,85,3,DG,EC,0.2234524352795522,Stress,lighthouses
7,A,10,85,4,DG,EC,0.1089044717499794,Stress,bridges
18,A,21,85,4,DG,EC,0.1590987154725769,Stress,lighthouses
27,A,30,85,4,DG,EC,-0.5491329821910267,Stress,parks
33,A,36,85,4,DG,EC,0.1918758913094315,Stress,lighthouses
50,A,53,85,4,DG,EC,0.1812372002555834,Stress,lighthouses
55,A,58,85,4,DG,EC,-0.0003561895386174,Stress,bridges
60,A,63,85,4,DG,EC,1.393767070189778,Stress,lighthouses
72,A,75,85,4,DG,EC,0.1222134072605383,Stress,parks
95,A,98,85,4,DG,EC,-0.1652624518612844,Stress,parks
103,A,106,85,4,DG,EC,-0.0866688436272158,Stress,parks
107,A,110,85,4,DG,EC,0.9371284789256192,Stress,bridges
117,A,120,85,4,DG,EC,0.2716312376482033,Stress,bridges
140,A,143,85,4,DG,EC,0.0056303910096214,Stress,lighthouses
156,A,159,85,4,DG,EC,2.717672907381999,Stress,lighthouses
165,A,168,85,4,DG,EC,0.2843372985792814,Stress,parks
174,A,177,85,4,DG,EC,0.6055137013103203,Stress,bridges
185,A,188,85,4,DG,EC,2.9052099043405724,Stress,parks
200,A,203,85,4,DG,EC,-0.0369342996801706,Stress,bridges
209,A,212,85,4,DG,EC,-0.6160219946486324,Stress,bridges
222,A,225,85,4,DG,EC,0.0324702646010214,Stress,lighthouses
229,A,232,85,4,DG,EC,-0.3776625529038116,Stress,parks
5,A,8,86,2,DG,EC,0.4405160535334217,Control,mountains
12,A,15,86,2,DG,EC,0.4850293692525256,Control,waterfalls
25,A,28,86,2,DG,EC,-1.0322282909090297,Control,waterfalls
29,A,32,86,2,DG,EC,1.23346675344441,Control,lakes
47,A,50,86,2,DG,EC,0.0684312201140838,Control,mountains
56,A,59,86,2,DG,EC,-0.1353941667579566,Control,mountains
67,A,70,86,2,DG,EC,0.7315359152949485,Control,waterfalls
73,A,76,86,2,DG,EC,-0.4985560741806603,Control,lakes
88,A,91,86,2,DG,EC,-0.4322411357338238,Control,lakes
111,A,114,86,2,DG,EC,-0.1619134401955848,Control,mountains
124,A,127,86,2,DG,EC,0.1049993657319755,Control,mountains
140,A,143,86,2,DG,EC,0.4774968174487055,Control,lakes
146,A,149,86,2,DG,EC,-0.1026593788310282,Control,waterfalls
157,A,160,86,2,DG,EC,1.4513216274696128,Control,lakes
168,A,171,86,2,DG,EC,-0.1215771195427884,Control,mountains
176,A,179,86,2,DG,EC,0.3684005286944385,Control,lakes
191,A,194,86,2,DG,EC,-0.9237963617327926,Control,waterfalls
197,A,200,86,2,DG,EC,0.0004688414208764,Control,mountains
210,A,213,86,2,DG,EC,0.3495462368246078,Control,lakes
217,A,220,86,2,DG,EC,-0.2922189934887141,Control,waterfalls
227,A,230,86,2,DG,EC,-0.0650387406468753,Control,waterfalls
5,A,8,86,3,DG,EC,-0.9319952721499316,Control,waterfalls
22,A,25,86,3,DG,EC,-0.1734586307776173,Control,waterfalls
33,A,36,86,3,DG,EC,-0.2775408804685723,Control,mountains
38,A,41,86,3,DG,EC,0.0509013372172065,Control,lakes
46,A,49,86,3,DG,EC,1.0870861781455938,Control,mountains
57,A,60,86,3,DG,EC,0.4938659912220149,Control,mountains
66,A,69,86,3,DG,EC,0.0054284228560347,Control,lakes
81,A,84,86,3,DG,EC,0.2918459433496513,Control,waterfalls
87,A,90,86,3,DG,EC,-0.0624100118817102,Control,lakes
98,A,101,86,3,DG,EC,-0.4618262729683494,Control,waterfalls
111,A,114,86,3,DG,EC,-0.0735385465078243,Control,waterfalls
120,A,123,86,3,DG,EC,-0.975471501847046,Control,lakes
126,A,129,86,3,DG,EC,-1.0356273035523127,Control,mountains
138,A,141,86,3,DG,EC,-0.1445943430083231,Control,mountains
148,A,151,86,3,DG,EC,3.0430161983837487,Control,lakes
194,A,197,86,3,DG,EC,-0.6995807913957032,Control,mountains
202,A,205,86,3,DG,EC,0.0439203035241299,Control,waterfalls
209,A,212,86,3,DG,EC,0.7102539229664757,Control,mountains
216,A,219,86,3,DG,EC,-0.5120903448267675,Control,lakes
226,A,229,86,3,DG,EC,-0.0708133864360206,Control,waterfalls
236,A,239,86,3,DG,EC,1.0619676753901464,Control,lakes
11,A,14,86,4,DG,EC,0.1516302033169681,Control,mountains
25,A,28,86,4,DG,EC,-0.1884498797015332,Control,lakes
31,A,34,86,4,DG,EC,-0.7057022760753046,Control,waterfalls
38,A,41,86,4,DG,EC,-0.6609372254582015,Control,lakes
46,A,49,86,4,DG,EC,0.4601972692768844,Control,waterfalls
63,A,66,86,4,DG,EC,0.0013284715229527,Control,lakes
78,A,81,86,4,DG,EC,0.0004150158520526,Control,waterfalls
83,A,86,86,4,DG,EC,0.0294854827609522,Control,lakes
114,A,117,86,4,DG,EC,-0.8510593172749243,Control,mountains
128,A,131,86,4,DG,EC,-0.9939904438844024,Control,lakes
137,A,140,86,4,DG,EC,0.4532148081887037,Control,waterfalls
145,A,148,86,4,DG,EC,-0.8941464423084865,Control,mountains
157,A,160,86,4,DG,EC,-0.9318856407282298,Control,mountains
164,A,167,86,4,DG,EC,0.7030607943249162,Control,waterfalls
176,A,179,86,4,DG,EC,-0.4670451569754489,Control,waterfalls
198,A,201,86,4,DG,EC,0.3694412699051185,Control,waterfalls
204,A,207,86,4,DG,EC,0.015699124661716,Control,lakes
208,A,211,86,4,DG,EC,0.4422556079764912,Control,mountains
223,A,226,86,4,DG,EC,0.0021490669149386,Control,mountains
229,A,232,86,4,DG,EC,0.2090082403948664,Control,lakes
235,A,238,86,4,DG,EC,0.9986465420887944,Control,mountains
11,A,14,87,2,DG,EC,-0.415772444107053,Control,mountains
19,A,22,87,2,DG,EC,-0.8437056233857947,Control,canyons
25,A,28,87,2,DG,EC,1.4762039099098283,Control,mountains
34,A,37,87,2,DG,EC,-0.1649166633551023,Control,marshes
51,A,54,87,2,DG,EC,-3.114367625628894,Control,marshes
68,A,71,87,2,DG,EC,-2.2617063713618464,Control,mountains
75,A,78,87,2,DG,EC,-0.3557646415451296,Control,marshes
85,A,88,87,2,DG,EC,-0.3128020979000197,Control,mountains
94,A,97,87,2,DG,EC,1.423455633582187,Control,canyons
108,A,111,87,2,DG,EC,0.2817203004164852,Control,mountains
119,A,122,87,2,DG,EC,-0.0096921464253014,Control,canyons
133,A,136,87,2,DG,EC,1.253644797052772,Control,canyons
152,A,155,87,2,DG,EC,-0.1085781316505941,Control,marshes
160,A,163,87,2,DG,EC,0.0284653648608848,Control,canyons
174,A,177,87,2,DG,EC,-1.2755826522599647,Control,canyons
192,A,195,87,2,DG,EC,-0.5782925173337261,Control,mountains
197,A,200,87,2,DG,EC,0.1062850005997581,Control,marshes
203,A,206,87,2,DG,EC,-0.3863178508385061,Control,canyons
219,A,222,87,2,DG,EC,2.326755172102595,Control,marshes
229,A,232,87,2,DG,EC,0.8964557881006313,Control,mountains
236,A,239,87,2,DG,EC,0.0079044781766877,Control,marshes
12,A,15,87,3,DG,EC,0.155610619557978,Control,mountains
22,A,25,87,3,DG,EC,0.0271521667845196,Control,mountains
28,A,31,87,3,DG,EC,1.4811981941756862,Control,canyons
35,A,38,87,3,DG,EC,-1.8243697461450823,Control,mountains
48,A,51,87,3,DG,EC,1.0025862582395386,Control,canyons
57,A,60,87,3,DG,EC,0.4614886249804925,Control,mountains
63,A,66,87,3,DG,EC,0.3064541061010586,Control,canyons
85,A,88,87,3,DG,EC,0.2950317292656222,Control,mountains
100,A,103,87,3,DG,EC,1.3737382116498225,Control,marshes
106,A,109,87,3,DG,EC,-0.0193573820442928,Control,canyons
115,A,118,87,3,DG,EC,0.0542236007034803,Control,marshes
128,A,131,87,3,DG,EC,-0.2643516601987135,Control,marshes
134,A,137,87,3,DG,EC,-0.2674587166498622,Control,canyons
141,A,144,87,3,DG,EC,-0.1496016467927922,Control,mountains
167,A,170,87,3,DG,EC,0.5134013888543033,Control,marshes
173,A,176,87,3,DG,EC,-0.0093893704331312,Control,mountains
177,A,180,87,3,DG,EC,-0.2958444709551822,Control,canyons
190,A,193,87,3,DG,EC,-0.0484554319013119,Control,canyons
200,A,203,87,3,DG,EC,-0.4698585246498638,Control,marshes
214,A,217,87,3,DG,EC,0.4248298453306878,Control,marshes
229,A,232,87,3,DG,EC,-0.4945400619246404,Control,marshes
18,A,21,87,4,DG,EC,-0.8230065264366232,Control,mountains
29,A,32,87,4,DG,EC,-0.3814961873631175,Control,marshes
43,A,46,87,4,DG,EC,-1.6764606726808802,Control,canyons
54,A,57,87,4,DG,EC,0.0135182974615132,Control,mountains
63,A,66,87,4,DG,EC,-0.1704284537701452,Control,marshes
71,A,74,87,4,DG,EC,-1.5299249961965096,Control,canyons
76,A,79,87,4,DG,EC,0.3614326283081038,Control,marshes
97,A,100,87,4,DG,EC,-0.1317688819362579,Control,mountains
101,A,104,87,4,DG,EC,0.4089121892883743,Control,canyons
109,A,112,87,4,DG,EC,-1.166154416388763,Control,canyons
118,A,121,87,4,DG,EC,-0.0489392189209994,Control,marshes
124,A,127,87,4,DG,EC,0.0005314857768871,Control,mountains
132,A,135,87,4,DG,EC,-0.1815198040937426,Control,marshes
136,A,139,87,4,DG,EC,-0.0941804538195318,Control,canyons
153,A,156,87,4,DG,EC,-2.0223446070105084,Control,marshes
172,A,175,87,4,DG,EC,0.6365811670193516,Control,mountains
186,A,189,87,4,DG,EC,-1.3634396936732016,Control,marshes
193,A,196,87,4,DG,EC,-0.6507589488840033,Control,canyons
207,A,210,87,4,DG,EC,-0.1301071119392822,Control,canyons
219,A,222,87,4,DG,EC,-3.340691034335494,Control,mountains
237,A,240,87,4,DG,EC,0.584085283565247,Control,mountains
13,A,16,88,2,DG,EC,0.0449025285781266,Stress,parks
19,A,22,88,2,DG,EC,-0.0120279517008407,Stress,canyons
32,A,35,88,2,DG,EC,0.5942986376153615,Stress,fields
41,A,44,88,2,DG,EC,-0.1129363224908148,Stress,fields
48,A,51,88,2,DG,EC,-1.209686177847816,Stress,fields
56,A,59,88,2,DG,EC,-1.1477802261360264,Stress,parks
71,A,74,88,2,DG,EC,0.8077121537872973,Stress,fields
76,A,79,88,2,DG,EC,0.7361379622082949,Stress,canyons
86,A,89,88,2,DG,EC,-0.0053940357564613,Stress,canyons
94,A,97,88,2,DG,EC,1.1098256070885089,Stress,fields
106,A,109,88,2,DG,EC,0.0010972202611567,Stress,parks
129,A,132,88,2,DG,EC,-1.349103039385319,Stress,parks
136,A,139,88,2,DG,EC,1.5908226993863814,Stress,canyons
148,A,151,88,2,DG,EC,-0.1679564459724975,Stress,canyons
154,A,157,88,2,DG,EC,-0.1508451998613135,Stress,parks
189,A,192,88,2,DG,EC,-0.3152854547249743,Stress,parks
201,A,204,88,2,DG,EC,-0.335113610155215,Stress,canyons
208,A,211,88,2,DG,EC,3.7157786579190746,Stress,fields
219,A,222,88,2,DG,EC,1.3600251750747163,Stress,canyons
225,A,228,88,2,DG,EC,6.011402103754591,Stress,parks
230,A,233,88,2,DG,EC,1.269025723348462,Stress,fields
11,A,14,88,3,DG,EC,0.0042134360679775,Stress,fields
20,A,23,88,3,DG,EC,0.7925833873928328,Stress,canyons
44,A,47,88,3,DG,EC,0.909528865976198,Stress,parks
51,A,54,88,3,DG,EC,-0.0073538265590169,Stress,fields
57,A,60,88,3,DG,EC,1.780825237035793,Stress,canyons
69,A,72,88,3,DG,EC,1.1103743341395569,Stress,canyons
79,A,82,88,3,DG,EC,0.3593684098784916,Stress,parks
93,A,96,88,3,DG,EC,-0.0862626569797718,Stress,canyons
106,A,109,88,3,DG,EC,0.0038160906445802,Stress,fields
114,A,117,88,3,DG,EC,0.3224819031712305,Stress,parks
120,A,123,88,3,DG,EC,0.1850418840421294,Stress,fields
124,A,127,88,3,DG,EC,-1.2945449224818368,Stress,canyons
131,A,134,88,3,DG,EC,-0.3206912052502781,Stress,parks
153,A,156,88,3,DG,EC,-0.6416083323185333,Stress,fields
159,A,162,88,3,DG,EC,-0.1461606590935469,Stress,canyons
165,A,168,88,3,DG,EC,1.4309370610864685,Stress,parks
183,A,186,88,3,DG,EC,-0.0583528308201937,Stress,parks
194,A,197,88,3,DG,EC,-0.8053105573681086,Stress,fields
209,A,212,88,3,DG,EC,0.5544430534179022,Stress,canyons
230,A,233,88,3,DG,EC,-0.6743568058322954,Stress,fields
234,A,237,88,3,DG,EC,0.318445662478827,Stress,parks
5,A,8,88,4,DG,EC,-0.6785510225519539,Stress,parks
15,A,18,88,4,DG,EC,0.9858031810519506,Stress,canyons
19,A,22,88,4,DG,EC,-0.3251200028191571,Stress,fields
28,A,31,88,4,DG,EC,0.0121313074602841,Stress,fields
41,A,44,88,4,DG,EC,0.3298149606016472,Stress,fields
46,A,49,88,4,DG,EC,0.3933250149262767,Stress,canyons
54,A,57,88,4,DG,EC,-0.0680467733390861,Stress,canyons
62,A,65,88,4,DG,EC,0.9286007767544028,Stress,parks
72,A,75,88,4,DG,EC,0.0069163690587969,Stress,canyons
89,A,92,88,4,DG,EC,-1.542667000723503,Stress,parks
98,A,101,88,4,DG,EC,-0.3664469439735065,Stress,parks
115,A,118,88,4,DG,EC,-0.0050379711911516,Stress,parks
120,A,123,88,4,DG,EC,-0.2494239920821346,Stress,fields
126,A,129,88,4,DG,EC,0.2169448169235539,Stress,parks
133,A,136,88,4,DG,EC,-0.3623623361022772,Stress,canyons
147,A,150,88,4,DG,EC,0.0482471581922259,Stress,canyons
174,A,177,88,4,DG,EC,-0.0041772170458608,Stress,fields
181,A,184,88,4,DG,EC,-0.2090236082815724,Stress,fields
199,A,202,88,4,DG,EC,1.0920528240655143,Stress,parks
209,A,212,88,4,DG,EC,2.4690089101456465,Stress,canyons
231,A,234,88,4,DG,EC,0.0106358124976426,Stress,fields
14,A,17,89,2,DG,EC,1.5135119570435414,Control,beaches
21,A,24,89,2,DG,EC,0.0156794079176996,Control,deserts
29,A,32,89,2,DG,EC,-0.031031697738949,Control,deserts
51,A,54,89,2,DG,EC,-0.0402263104745997,Control,beaches
58,A,61,89,2,DG,EC,0.0892609651610297,Control,bridges
64,A,67,89,2,DG,EC,0.2996757314984941,Control,deserts
73,A,76,89,2,DG,EC,0.3807225502598245,Control,bridges
81,A,84,89,2,DG,EC,-0.1537332553673427,Control,beaches
97,A,100,89,2,DG,EC,0.2617718112924298,Control,deserts
102,A,105,89,2,DG,EC,0.4364899275546738,Control,beaches
114,A,117,89,2,DG,EC,0.639191892599027,Control,beaches
127,A,130,89,2,DG,EC,0.2340040479230995,Control,beaches
136,A,139,89,2,DG,EC,-0.0559815952819846,Control,deserts
143,A,146,89,2,DG,EC,0.9914180467396538,Control,deserts
151,A,154,89,2,DG,EC,0.0798368955426987,Control,bridges
181,A,184,89,2,DG,EC,-0.6078435318937748,Control,bridges
189,A,192,89,2,DG,EC,-0.5379644546740624,Control,deserts
198,A,201,89,2,DG,EC,0.1837955599809825,Control,bridges
212,A,215,89,2,DG,EC,1.0879815793020031,Control,beaches
219,A,222,89,2,DG,EC,-1.5006396639655135,Control,bridges
235,A,238,89,2,DG,EC,0.6479945165282519,Control,bridges
7,A,10,89,3,DG,EC,0.0905265572824099,Control,beaches
28,A,31,89,3,DG,EC,0.0734276623581073,Control,bridges
35,A,38,89,3,DG,EC,0.004421895221051,Control,bridges
45,A,48,89,3,DG,EC,-0.8218727570494475,Control,beaches
53,A,56,89,3,DG,EC,-0.056059878660179,Control,beaches
65,A,68,89,3,DG,EC,-0.3047438899710752,Control,bridges
79,A,82,89,3,DG,EC,0.2389117202210928,Control,bridges
87,A,90,89,3,DG,EC,1.586978818361778,Control,deserts
111,A,114,89,3,DG,EC,0.8870499600178627,Control,beaches
124,A,127,89,3,DG,EC,0.7338434675171651,Control,bridges
128,A,131,89,3,DG,EC,0.7579532167743108,Control,deserts
139,A,142,89,3,DG,EC,0.0319221251757241,Control,beaches
145,A,148,89,3,DG,EC,0.7463431127235222,Control,deserts
159,A,162,89,3,DG,EC,-0.7577584311019819,Control,deserts
167,A,170,89,3,DG,EC,-0.7181393380989631,Control,beaches
173,A,176,89,3,DG,EC,-0.464171433111203,Control,bridges
183,A,186,89,3,DG,EC,-0.0426494168532127,Control,deserts
193,A,196,89,3,DG,EC,0.1593854574289176,Control,bridges
208,A,211,89,3,DG,EC,0.7489879456268925,Control,beaches
220,A,223,89,3,DG,EC,3.4795118187347165,Control,deserts
229,A,232,89,3,DG,EC,1.1174310341786442,Control,deserts
8,A,11,89,4,DG,EC,-0.0115972502850504,Control,bridges
14,A,17,89,4,DG,EC,0.8180819332140115,Control,beaches
37,A,40,89,4,DG,EC,-0.0021703592287413,Control,bridges
42,A,45,89,4,DG,EC,3.281373102439584,Control,deserts
62,A,65,89,4,DG,EC,0.7313710766880995,Control,beaches
75,A,78,89,4,DG,EC,-0.0558709698738443,Control,bridges
81,A,84,89,4,DG,EC,-0.1070118793120157,Control,deserts
90,A,93,89,4,DG,EC,-1.87998657278489,Control,beaches
94,A,97,89,4,DG,EC,-0.927677988450494,Control,bridges
107,A,110,89,4,DG,EC,1.2938209244801684,Control,bridges
120,A,123,89,4,DG,EC,-0.5070360108318414,Control,beaches
136,A,139,89,4,DG,EC,0.4849713155602282,Control,deserts
145,A,148,89,4,DG,EC,1.3603231487978902,Control,deserts
164,A,167,89,4,DG,EC,-0.1356458801911746,Control,deserts
183,A,186,89,4,DG,EC,-0.7379528903723036,Control,beaches
190,A,193,89,4,DG,EC,0.93980174726787,Control,bridges
202,A,205,89,4,DG,EC,3.153584881973916,Control,deserts
209,A,212,89,4,DG,EC,0.0345471573406131,Control,beaches
214,A,217,89,4,DG,EC,-0.0097269220293192,Control,deserts
230,A,233,89,4,DG,EC,1.2084611032569668,Control,beaches
237,A,240,89,4,DG,EC,-0.0112217708140082,Control,bridges
5,A,8,90,2,DG,EC,-1.6174393876902198,Stress,mountains
35,A,38,90,2,DG,EC,0.7637950049080213,Stress,beaches
47,A,50,90,2,DG,EC,-0.1803673921811497,Stress,mountains
57,A,60,90,2,DG,EC,1.2486693172958436,Stress,beaches
64,A,67,90,2,DG,EC,1.6356296555956182,Stress,mountains
82,A,85,90,2,DG,EC,-0.2518880119280118,Stress,beaches
90,A,93,90,2,DG,EC,-0.618553748029485,Stress,canyons
102,A,105,90,2,DG,EC,1.150891126030895,Stress,canyons
113,A,116,90,2,DG,EC,-0.9427731684092896,Stress,beaches
120,A,123,90,2,DG,EC,0.2410175519664235,Stress,beaches
130,A,133,90,2,DG,EC,0.026585797252028,Stress,canyons
149,A,152,90,2,DG,EC,1.4342219555985742,Stress,mountains
158,A,161,90,2,DG,EC,0.2502287347983911,Stress,beaches
163,A,166,90,2,DG,EC,-1.8526720310732565,Stress,canyons
174,A,177,90,2,DG,EC,-0.2387220430553374,Stress,canyons
180,A,183,90,2,DG,EC,0.9227300253303584,Stress,mountains
198,A,201,90,2,DG,EC,1.2376373684992552,Stress,canyons
210,A,213,90,2,DG,EC,-1.2603885437593785,Stress,mountains
226,A,229,90,2,DG,EC,-0.1164323661795016,Stress,beaches
231,A,234,90,2,DG,EC,-0.5470967757490004,Stress,canyons
236,A,239,90,2,DG,EC,0.6052641842884378,Stress,mountains
11,A,14,90,3,DG,EC,0.6612381308044786,Stress,canyons
22,A,25,90,3,DG,EC,1.1845540089599649,Stress,mountains
29,A,32,90,3,DG,EC,0.2476033124780553,Stress,mountains
38,A,41,90,3,DG,EC,1.8827059234407968,Stress,canyons
48,A,51,90,3,DG,EC,0.5352256210195491,Stress,canyons
59,A,62,90,3,DG,EC,-0.5513211911290435,Stress,beaches
64,A,67,90,3,DG,EC,0.4250574510082914,Stress,mountains
73,A,76,90,3,DG,EC,0.5341296013344001,Stress,beaches
87,A,90,90,3,DG,EC,-0.0825942085140149,Stress,canyons
105,A,108,90,3,DG,EC,0.6582582405643911,Stress,canyons
110,A,113,90,3,DG,EC,0.4065336836254785,Stress,beaches
129,A,132,90,3,DG,EC,-1.0541763496280112,Stress,mountains
146,A,149,90,3,DG,EC,0.1261906342629382,Stress,canyons
156,A,159,90,3,DG,EC,5.483551053472258,Stress,beaches
172,A,175,90,3,DG,EC,-0.0075370389250905,Stress,mountains
198,A,201,90,3,DG,EC,1.601080569264106,Stress,beaches
209,A,212,90,3,DG,EC,2.636184823613955,Stress,beaches
215,A,218,90,3,DG,EC,1.728320737935295,Stress,mountains
223,A,226,90,3,DG,EC,-0.1584940109348106,Stress,mountains
227,A,230,90,3,DG,EC,2.606199050408057,Stress,canyons
234,A,237,90,3,DG,EC,-0.638215914427722,Stress,beaches
11,A,14,90,4,DG,EC,2.88779560427029,Stress,mountains
53,A,56,90,4,DG,EC,0.2979705962485154,Stress,beaches
63,A,66,90,4,DG,EC,0.6564790568581365,Stress,canyons
70,A,73,90,4,DG,EC,-0.0174945006505062,Stress,canyons
79,A,82,90,4,DG,EC,0.5291672325790076,Stress,beaches
86,A,89,90,4,DG,EC,1.6961504561171492,Stress,mountains
91,A,94,90,4,DG,EC,-0.117299376828316,Stress,beaches
96,A,99,90,4,DG,EC,-0.1972258585941665,Stress,canyons
108,A,111,90,4,DG,EC,0.8779204212842928,Stress,canyons
114,A,117,90,4,DG,EC,4.282573476609128,Stress,mountains
129,A,132,90,4,DG,EC,1.0061510391779245,Stress,beaches
140,A,143,90,4,DG,EC,-0.0808906454447443,Stress,mountains
151,A,154,90,4,DG,EC,0.1553304649091355,Stress,mountains
169,A,172,90,4,DG,EC,-0.1244342117449487,Stress,mountains
178,A,181,90,4,DG,EC,-0.705825801169837,Stress,beaches
195,A,198,90,4,DG,EC,-0.9256064245697576,Stress,canyons
205,A,208,90,4,DG,EC,0.0016587388178125,Stress,beaches
210,A,213,90,4,DG,EC,0.0439447970477033,Stress,canyons
217,A,220,90,4,DG,EC,-0.0002724045167433,Stress,canyons
226,A,229,90,4,DG,EC,-0.7381539954012295,Stress,mountains
230,A,233,90,4,DG,EC,-0.5587727059263103,Stress,beaches
12,A,15,91,2,DG,EC,0.065851589098766,Control,lakes
21,A,24,91,2,DG,EC,0.072634227429662,Control,marshes
32,A,35,91,2,DG,EC,0.1458107403265135,Control,marshes
52,A,55,91,2,DG,EC,-0.2837136907593365,Control,bridges
65,A,68,91,2,DG,EC,-0.411283519238554,Control,bridges
70,A,73,91,2,DG,EC,0.3210670713262808,Control,lakes
87,A,90,91,2,DG,EC,2.371231802969756e-06,Control,bridges
98,A,101,91,2,DG,EC,2.670165927533823,Control,lakes
106,A,109,91,2,DG,EC,-0.1400516319873318,Control,bridges
121,A,124,91,2,DG,EC,0.220832291738218,Control,lakes
129,A,132,91,2,DG,EC,0.3845130036313104,Control,bridges
144,A,147,91,2,DG,EC,1.0239558108911344,Control,lakes
153,A,156,91,2,DG,EC,4.200349982139061,Control,bridges
158,A,161,91,2,DG,EC,1.897925808553923,Control,marshes
171,A,174,91,2,DG,EC,0.0099942234776602,Control,marshes
179,A,182,91,2,DG,EC,0.8952859729949529,Control,marshes
194,A,197,91,2,DG,EC,-1.4685288496833516e-05,Control,bridges
198,A,201,91,2,DG,EC,-3.246890058205302,Control,lakes
220,A,223,91,2,DG,EC,-0.0058503897124409,Control,lakes
225,A,228,91,2,DG,EC,0.7205961419788552,Control,marshes
233,A,236,91,2,DG,EC,-1.106788205257736,Control,marshes
5,A,8,91,3,DG,EC,0.7290908647280342,Control,lakes
23,A,26,91,3,DG,EC,-0.740397722108023,Control,bridges
32,A,35,91,3,DG,EC,0.4413486958012844,Control,lakes
48,A,51,91,3,DG,EC,-0.2912739491941234,Control,lakes
58,A,61,91,3,DG,EC,0.1194738136624353,Control,bridges
72,A,75,91,3,DG,EC,0.0022630820787497,Control,lakes
96,A,99,91,3,DG,EC,0.0119917377469931,Control,marshes
102,A,105,91,3,DG,EC,-0.0360828447436629,Control,lakes
109,A,112,91,3,DG,EC,-0.2631448977926643,Control,marshes
114,A,117,91,3,DG,EC,-0.127818624169085,Control,bridges
128,A,131,91,3,DG,EC,0.021439257088157,Control,bridges
143,A,146,91,3,DG,EC,0.2170908182211632,Control,lakes
160,A,163,91,3,DG,EC,1.2476121455180968,Control,marshes
166,A,169,91,3,DG,EC,-0.2661420699844092,Control,lakes
172,A,175,91,3,DG,EC,0.4832688191877923,Control,marshes
181,A,184,91,3,DG,EC,-0.3535692696093104,Control,bridges
200,A,203,91,3,DG,EC,0.4193604888258727,Control,bridges
207,A,210,91,3,DG,EC,0.5705495020028984,Control,marshes
215,A,218,91,3,DG,EC,-0.0682716748727674,Control,bridges
225,A,228,91,3,DG,EC,-0.0128465682059603,Control,marshes
238,A,241,91,3,DG,EC,-0.0983859585422079,Control,marshes
5,A,8,91,4,DG,EC,0.3808071923465536,Control,bridges
13,A,16,91,4,DG,EC,0.0941708800776972,Control,bridges
25,A,28,91,4,DG,EC,0.0234032203509851,Control,lakes
32,A,35,91,4,DG,EC,1.424570455984861,Control,marshes
48,A,51,91,4,DG,EC,-1.4942723495895882,Control,bridges
54,A,57,91,4,DG,EC,-0.0006545903768929,Control,lakes
64,A,67,91,4,DG,EC,-0.9192448121968088,Control,marshes
74,A,77,91,4,DG,EC,0.3469284743425768,Control,lakes
93,A,96,91,4,DG,EC,-1.0433152962180263,Control,marshes
106,A,109,91,4,DG,EC,-0.5290673669850681,Control,bridges
115,A,118,91,4,DG,EC,-0.045656751745132,Control,lakes
127,A,130,91,4,DG,EC,2.474552215137595,Control,bridges
133,A,136,91,4,DG,EC,-0.0011125480834462,Control,lakes
137,A,140,91,4,DG,EC,0.1011164956685733,Control,marshes
151,A,154,91,4,DG,EC,0.1685501455640324,Control,bridges
156,A,159,91,4,DG,EC,-0.127344697166472,Control,marshes
163,A,166,91,4,DG,EC,-0.1010252243893544,Control,lakes
189,A,192,91,4,DG,EC,-0.7345826907845978,Control,marshes
203,A,206,91,4,DG,EC,0.0033309222859159,Control,lakes
226,A,229,91,4,DG,EC,0.3093775353824869,Control,marshes
233,A,236,91,4,DG,EC,0.6714126169765526,Control,bridges
24,A,27,92,2,DG,EC,0.6813458528286271,Stress,lakes
33,A,36,92,2,DG,EC,-1.3168257615052443,Stress,beaches
49,A,52,92,2,DG,EC,-0.0036891371535774,Stress,beaches
61,A,64,92,2,DG,EC,-0.0879624825964316,Stress,fields
66,A,69,92,2,DG,EC,-0.0185961991489356,Stress,lakes
79,A,82,92,2,DG,EC,0.2416734414953774,Stress,beaches
98,A,101,92,2,DG,EC,0.1721484074675726,Stress,fields
109,A,112,92,2,DG,EC,2.652204526642883,Stress,fields
118,A,121,92,2,DG,EC,1.271178421763844,Stress,fields
129,A,132,92,2,DG,EC,-0.687308409768693,Stress,lakes
133,A,136,92,2,DG,EC,0.0481991305149681,Stress,beaches
140,A,143,92,2,DG,EC,-0.047764977381599,Stress,fields
159,A,162,92,2,DG,EC,-0.0285523999541922,Stress,beaches
170,A,173,92,2,DG,EC,0.2706032711382197,Stress,lakes
178,A,181,92,2,DG,EC,0.0978864226712288,Stress,fields
186,A,189,92,2,DG,EC,0.1026022511668829,Stress,lakes
203,A,206,92,2,DG,EC,-0.08986228412955,Stress,lakes
208,A,211,92,2,DG,EC,-0.0256094106929171,Stress,fields
212,A,215,92,2,DG,EC,0.2249321053505594,Stress,lakes
224,A,227,92,2,DG,EC,-1.5618145641849106,Stress,beaches
5,A,8,92,3,DG,EC,-0.98846474454292,Stress,beaches
16,A,19,92,3,DG,EC,3.65171887287324,Stress,fields
25,A,28,92,3,DG,EC,-0.1952615852598066,Stress,lakes
32,A,35,92,3,DG,EC,0.2369444159265967,Stress,fields
41,A,44,92,3,DG,EC,0.4443883493281026,Stress,fields
59,A,62,92,3,DG,EC,0.7984322549369924,Stress,beaches
69,A,72,92,3,DG,EC,0.0229005474650906,Stress,lakes
80,A,83,92,3,DG,EC,-0.0115504486438189,Stress,beaches
97,A,100,92,3,DG,EC,-0.0065107896721787,Stress,fields
112,A,115,92,3,DG,EC,2.7659217386962607,Stress,lakes
118,A,121,92,3,DG,EC,-0.2964033716341623,Stress,fields
130,A,133,92,3,DG,EC,0.0125846524616462,Stress,lakes
145,A,148,92,3,DG,EC,-1.2657255343160598,Stress,lakes
150,A,153,92,3,DG,EC,0.058396509986998,Stress,beaches
165,A,168,92,3,DG,EC,0.0020694485315147,Stress,fields
171,A,174,92,3,DG,EC,0.1678728890222351,Stress,beaches
187,A,190,92,3,DG,EC,0.1150307062243723,Stress,lakes
209,A,212,92,3,DG,EC,0.5504866274011866,Stress,beaches
222,A,225,92,3,DG,EC,-0.2126321976091847,Stress,fields
236,A,239,92,3,DG,EC,0.0637598705081136,Stress,beaches
14,A,17,92,4,DG,EC,0.3626339226045305,Stress,lakes
23,A,26,92,4,DG,EC,-0.070119628400904,Stress,beaches
36,A,39,92,4,DG,EC,2.8347529941692367,Stress,fields
46,A,49,92,4,DG,EC,0.9962485151954552,Stress,fields
56,A,59,92,4,DG,EC,0.1084540847577718,Stress,fields
68,A,71,92,4,DG,EC,0.5643022422731393,Stress,lakes
78,A,81,92,4,DG,EC,-0.1071783635456117,Stress,beaches
90,A,93,92,4,DG,EC,0.0039955562733512,Stress,lakes
103,A,106,92,4,DG,EC,-0.2754096362207338,Stress,lakes
110,A,113,92,4,DG,EC,-0.7074720293132648,Stress,beaches
122,A,125,92,4,DG,EC,0.1855494184544468,Stress,lakes
141,A,144,92,4,DG,EC,0.0046139508444454,Stress,beaches
148,A,151,92,4,DG,EC,0.2123070002121984,Stress,lakes
182,A,185,92,4,DG,EC,0.2079539469865778,Stress,fields
207,A,210,92,4,DG,EC,0.9547059807663102,Stress,fields
214,A,217,92,4,DG,EC,1.4762491041015462,Stress,beaches
225,A,228,92,4,DG,EC,-1.628799784200767,Stress,fields
229,A,232,92,4,DG,EC,-0.0786440868978478,Stress,beaches
236,A,239,92,4,DG,EC,0.2280737000859353,Stress,fields
15,A,18,93,2,DG,EC,1.3403958268095184,Control,lighthouses
23,A,26,93,2,DG,EC,0.0968545732246193,Control,waterfalls
31,A,34,93,2,DG,EC,2.4280383919137827,Control,parks
37,A,40,93,2,DG,EC,-0.0450461202897854,Control,lighthouses
48,A,51,93,2,DG,EC,0.3098172245221943,Control,waterfalls
58,A,61,93,2,DG,EC,0.4302775473535659,Control,lighthouses
69,A,72,93,2,DG,EC,-0.4216928882249282,Control,lighthouses
77,A,80,93,2,DG,EC,-3.4963729840557707,Control,parks
84,A,87,93,2,DG,EC,0.1429509101065566,Control,waterfalls
108,A,111,93,2,DG,EC,0.0363321368778561,Control,waterfalls
131,A,134,93,2,DG,EC,-0.0267528566812244,Control,parks
140,A,143,93,2,DG,EC,2.7698966409906527,Control,parks
149,A,152,93,2,DG,EC,-0.8358894323566998,Control,lighthouses
160,A,163,93,2,DG,EC,0.8433402283523304,Control,parks
166,A,169,93,2,DG,EC,-0.0018211278118657,Control,lighthouses
180,A,183,93,2,DG,EC,1.3429989369617226,Control,waterfalls
191,A,194,93,2,DG,EC,0.0701556951919308,Control,lighthouses
203,A,206,93,2,DG,EC,-0.1113961406815632,Control,parks
223,A,226,93,2,DG,EC,0.4975235528987173,Control,waterfalls
230,A,233,93,2,DG,EC,0.0681040077616873,Control,parks
19,A,22,93,3,DG,EC,0.1169101726174051,Control,waterfalls
24,A,27,93,3,DG,EC,0.0006272059956851,Control,parks
33,A,36,93,3,DG,EC,1.3766541976743258,Control,parks
41,A,44,93,3,DG,EC,-0.1536566210502618,Control,waterfalls
49,A,52,93,3,DG,EC,0.0184415818287941,Control,parks
54,A,57,93,3,DG,EC,-0.7640641668977122,Control,lighthouses
76,A,79,93,3,DG,EC,-0.2930550692187251,Control,waterfalls
84,A,87,93,3,DG,EC,-0.0996687849416614,Control,parks
92,A,95,93,3,DG,EC,-0.3679767067384072,Control,waterfalls
99,A,102,93,3,DG,EC,-1.6151984154388044,Control,lighthouses
121,A,124,93,3,DG,EC,0.7536260886619347,Control,waterfalls
135,A,138,93,3,DG,EC,3.669907086754159e-05,Control,lighthouses
145,A,148,93,3,DG,EC,-0.1514316416735523,Control,lighthouses
150,A,153,93,3,DG,EC,0.9981633231655846,Control,parks
166,A,169,93,3,DG,EC,1.8653525559311823,Control,lighthouses
174,A,177,93,3,DG,EC,-0.9575467809915892,Control,lighthouses
185,A,188,93,3,DG,EC,-7.70015504103946e-05,Control,parks
191,A,194,93,3,DG,EC,0.9995526630498388,Control,waterfalls
217,A,220,93,3,DG,EC,0.0537833706453437,Control,parks
228,A,231,93,3,DG,EC,0.1879523739388697,Control,lighthouses
236,A,239,93,3,DG,EC,0.3532999822677093,Control,waterfalls
8,A,11,93,4,DG,EC,0.198560734547991,Control,parks
27,A,30,93,4,DG,EC,1.1025670408461987,Control,parks
66,A,69,93,4,DG,EC,-0.3115208417445477,Control,lighthouses
74,A,77,93,4,DG,EC,0.199673090015342,Control,lighthouses
79,A,82,93,4,DG,EC,-0.4391348775373294,Control,parks
84,A,87,93,4,DG,EC,-0.3920176150448204,Control,lighthouses
90,A,93,93,4,DG,EC,0.2472493212764573,Control,waterfalls
98,A,101,93,4,DG,EC,-0.0850061631527241,Control,waterfalls
105,A,108,93,4,DG,EC,0.2589410736567504,Control,parks
122,A,125,93,4,DG,EC,0.1114045118806979,Control,parks
127,A,130,93,4,DG,EC,0.1586102077228416,Control,waterfalls
139,A,142,93,4,DG,EC,0.4151410838130607,Control,waterfalls
146,A,149,93,4,DG,EC,0.1029212222997761,Control,waterfalls
158,A,161,93,4,DG,EC,-0.1194170876877881,Control,waterfalls
164,A,167,93,4,DG,EC,0.0002846307953249,Control,lighthouses
171,A,174,93,4,DG,EC,6.200553745989516,Control,parks
177,A,180,93,4,DG,EC,-0.357785724661857,Control,waterfalls
186,A,189,93,4,DG,EC,0.8574877163012778,Control,parks
209,A,212,93,4,DG,EC,0.1377430912723761,Control,lighthouses
219,A,222,93,4,DG,EC,-1.0294851824081477,Control,lighthouses
231,A,234,93,4,DG,EC,0.1314940738042765,Control,lighthouses
20,A,23,94,2,DG,EC,0.8749675594819893,Control,marshes
27,A,30,94,2,DG,EC,0.8062291073282754,Control,forests
31,A,34,94,2,DG,EC,-0.0297983094625456,Control,fields
58,A,61,94,2,DG,EC,-0.2120492110157981,Control,forests
66,A,69,94,2,DG,EC,-1.016424064400882,Control,forests
78,A,81,94,2,DG,EC,1.28802170518156,Control,fields
91,A,94,94,2,DG,EC,-0.1778667215479263,Control,marshes
98,A,101,94,2,DG,EC,-0.4426841501539761,Control,forests
111,A,114,94,2,DG,EC,-0.5105442103283864,Control,marshes
115,A,118,94,2,DG,EC,-0.4789325891919729,Control,fields
121,A,124,94,2,DG,EC,0.8191635858167654,Control,marshes
133,A,136,94,2,DG,EC,0.3518051895234435,Control,forests
139,A,142,94,2,DG,EC,0.9849741146452564,Control,fields
150,A,153,94,2,DG,EC,0.0433975791089992,Control,forests
158,A,161,94,2,DG,EC,-0.3424465205446976,Control,fields
171,A,174,94,2,DG,EC,0.1038250254102699,Control,fields
202,A,205,94,2,DG,EC,-0.6744688663410736,Control,marshes
208,A,211,94,2,DG,EC,-0.1688844267646659,Control,fields
220,A,223,94,2,DG,EC,0.689450841803359,Control,marshes
227,A,230,94,2,DG,EC,0.1989777995044969,Control,forests
5,A,8,94,3,DG,EC,3.4055776038567105,Control,fields
10,A,13,94,3,DG,EC,-1.43058825266711,Control,marshes
21,A,24,94,3,DG,EC,0.6924772428328516,Control,forests
40,A,43,94,3,DG,EC,0.5447146465374724,Control,forests
49,A,52,94,3,DG,EC,-0.1405916013607805,Control,marshes
58,A,61,94,3,DG,EC,0.4529643605894672,Control,forests
71,A,74,94,3,DG,EC,2.143622553368591,Control,fields
85,A,88,94,3,DG,EC,1.5357563428098755,Control,fields
105,A,108,94,3,DG,EC,0.4293341262102099,Control,marshes
111,A,114,94,3,DG,EC,-0.6937951922929255,Control,fields
125,A,128,94,3,DG,EC,-0.7869038823251681,Control,fields
157,A,160,94,3,DG,EC,2.897909640804744,Control,fields
166,A,169,94,3,DG,EC,-0.2860061067358743,Control,marshes
171,A,174,94,3,DG,EC,-0.9016680307913,Control,forests
197,A,200,94,3,DG,EC,0.3527059821866516,Control,forests
208,A,211,94,3,DG,EC,-0.403330879726446,Control,marshes
215,A,218,94,3,DG,EC,-0.1088347457010296,Control,forests
220,A,223,94,3,DG,EC,0.2630566940635251,Control,fields
224,A,227,94,3,DG,EC,-0.3115966334405332,Control,forests
233,A,236,94,3,DG,EC,0.3394325038358746,Control,marshes
5,A,8,94,4,DG,EC,1.1677741040635905,Control,forests
10,A,13,94,4,DG,EC,2.1281656514512166,Control,marshes
27,A,30,94,4,DG,EC,-0.1209183693402663,Control,forests
39,A,42,94,4,DG,EC,0.6065786587044557,Control,fields
49,A,52,94,4,DG,EC,0.327446409171925,Control,marshes
59,A,62,94,4,DG,EC,0.5814807716335026,Control,fields
77,A,80,94,4,DG,EC,0.1552949570658715,Control,fields
96,A,99,94,4,DG,EC,-4.908965885808707,Control,marshes
107,A,110,94,4,DG,EC,-1.0015194193773609,Control,forests
113,A,116,94,4,DG,EC,0.0280607322642662,Control,marshes
142,A,145,94,4,DG,EC,0.2829128525807825,Control,fields
148,A,151,94,4,DG,EC,0.2678823769141305,Control,forests
157,A,160,94,4,DG,EC,0.6137299843086333,Control,fields
161,A,164,94,4,DG,EC,-1.873661120395664,Control,forests
178,A,181,94,4,DG,EC,0.0212194432110573,Control,marshes
185,A,188,94,4,DG,EC,0.5684919717951301,Control,fields
190,A,193,94,4,DG,EC,-0.409555988255296,Control,marshes
195,A,198,94,4,DG,EC,-0.0911277733849343,Control,forests
203,A,206,94,4,DG,EC,-0.0036578749250681,Control,forests
229,A,232,94,4,DG,EC,0.0320281099475465,Control,marshes
235,A,238,94,4,DG,EC,0.6337347952356381,Control,fields
7,A,10,95,2,DG,EC,0.0705554162180706,Control,waterfalls
16,A,19,95,2,DG,EC,1.0136936124323863,Control,forests
32,A,35,95,2,DG,EC,0.8859991155572442,Control,waterfalls
37,A,40,95,2,DG,EC,-0.039791991274107,Control,deserts
67,A,70,95,2,DG,EC,-0.4983574927191456,Control,deserts
72,A,75,95,2,DG,EC,1.4553188592466515,Control,forests
78,A,81,95,2,DG,EC,-0.3069808211288993,Control,waterfalls
84,A,87,95,2,DG,EC,-0.5055581854863082,Control,deserts
92,A,95,95,2,DG,EC,0.2693006806383052,Control,forests
97,A,100,95,2,DG,EC,0.9837578369990728,Control,deserts
102,A,105,95,2,DG,EC,0.0781989992091352,Control,waterfalls
108,A,111,95,2,DG,EC,-0.0317584382255385,Control,forests
118,A,121,95,2,DG,EC,-0.252119278685452,Control,deserts
133,A,136,95,2,DG,EC,0.150969681656433,Control,waterfalls
144,A,147,95,2,DG,EC,-0.4979653055872072,Control,deserts
157,A,160,95,2,DG,EC,0.2226065692205709,Control,forests
180,A,183,95,2,DG,EC,0.391965439159058,Control,waterfalls
203,A,206,95,2,DG,EC,-0.2553974000870528,Control,waterfalls
226,A,229,95,2,DG,EC,0.0218216671366288,Control,forests
232,A,235,95,2,DG,EC,-0.2101828928689503,Control,deserts
236,A,239,95,2,DG,EC,0.283314629491273,Control,forests
5,A,8,95,3,DG,EC,0.0951818715462913,Control,waterfalls
18,A,21,95,3,DG,EC,0.1484074747766565,Control,forests
29,A,32,95,3,DG,EC,3.4169936769400464,Control,deserts
37,A,40,95,3,DG,EC,-2.029904269687673,Control,forests
56,A,59,95,3,DG,EC,0.0898310864841852,Control,forests
64,A,67,95,3,DG,EC,-1.6608884389664216,Control,waterfalls
69,A,72,95,3,DG,EC,-0.1003014004367554,Control,deserts
75,A,78,95,3,DG,EC,-1.558895189885085,Control,forests
91,A,94,95,3,DG,EC,-0.0459370772616093,Control,waterfalls
96,A,99,95,3,DG,EC,0.3595044490177382,Control,deserts
109,A,112,95,3,DG,EC,-0.0075916048187258,Control,waterfalls
123,A,126,95,3,DG,EC,-0.0977330047683005,Control,deserts
144,A,147,95,3,DG,EC,0.3570280853714951,Control,forests
149,A,152,95,3,DG,EC,0.399467145659778,Control,waterfalls
163,A,166,95,3,DG,EC,0.0140579084199902,Control,waterfalls
168,A,171,95,3,DG,EC,0.4074691757500813,Control,forests
180,A,183,95,3,DG,EC,-0.4198835609363556,Control,forests
196,A,199,95,3,DG,EC,-0.0604356898704101,Control,deserts
203,A,206,95,3,DG,EC,0.221581199443921,Control,waterfalls
213,A,216,95,3,DG,EC,-0.2425358329985755,Control,deserts
237,A,240,95,3,DG,EC,0.0014422041794723,Control,deserts
10,A,13,95,4,DG,EC,-0.2436412818451448,Control,deserts
24,A,27,95,4,DG,EC,0.0191184427689163,Control,waterfalls
39,A,42,95,4,DG,EC,0.0529110500601059,Control,deserts
45,A,48,95,4,DG,EC,-0.0252231620224809,Control,forests
50,A,53,95,4,DG,EC,-0.4662158859634381,Control,deserts
69,A,72,95,4,DG,EC,-0.1208977337429027,Control,waterfalls
80,A,83,95,4,DG,EC,0.6682261578263592,Control,waterfalls
89,A,92,95,4,DG,EC,0.2757660875790958,Control,forests
105,A,108,95,4,DG,EC,-0.0011756856560964,Control,deserts
114,A,117,95,4,DG,EC,-0.0736889971742598,Control,deserts
125,A,128,95,4,DG,EC,1.050418002937246,Control,waterfalls
129,A,132,95,4,DG,EC,1.5302788650238155,Control,deserts
149,A,152,95,4,DG,EC,-0.0071210986716233,Control,waterfalls
157,A,160,95,4,DG,EC,-1.558146941010064,Control,waterfalls
164,A,167,95,4,DG,EC,-0.018659804488943,Control,waterfalls
171,A,174,95,4,DG,EC,0.8081105586336963,Control,forests
181,A,184,95,4,DG,EC,0.0715159781664089,Control,forests
191,A,194,95,4,DG,EC,-0.0315408652802546,Control,forests
210,A,213,95,4,DG,EC,-0.7526345073044876,Control,forests
219,A,222,95,4,DG,EC,0.8083927872810531,Control,deserts
232,A,235,95,4,DG,EC,0.0633294802790076,Control,forests
15,A,18,96,2,DG,EC,-0.0927414104542574,Stress,forests
28,A,31,96,2,DG,EC,-1.0040500898663318,Stress,forests
37,A,40,96,2,DG,EC,1.7768328499682084,Stress,deserts
54,A,57,96,2,DG,EC,-0.0378355188190252,Stress,forests
86,A,89,96,2,DG,EC,-2.83560982029273,Stress,lighthouses
95,A,98,96,2,DG,EC,2.149626124591573,Stress,forests
102,A,105,96,2,DG,EC,3.173310998633255,Stress,lighthouses
112,A,115,96,2,DG,EC,-2.2734765558580725,Stress,deserts
125,A,128,96,2,DG,EC,-0.0013332072368801,Stress,lighthouses
134,A,137,96,2,DG,EC,-0.1947346310435652,Stress,deserts
138,A,141,96,2,DG,EC,0.0088301329441892,Stress,forests
142,A,145,96,2,DG,EC,0.1267480562396467,Stress,lighthouses
147,A,150,96,2,DG,EC,-0.2419449394023251,Stress,deserts
153,A,156,96,2,DG,EC,0.6063896248338093,Stress,forests
166,A,169,96,2,DG,EC,4.855206020995485,Stress,lighthouses
179,A,182,96,2,DG,EC,1.432355499798986,Stress,deserts
190,A,193,96,2,DG,EC,0.1335991205330418,Stress,forests
198,A,201,96,2,DG,EC,0.0742376659359195,Stress,deserts
208,A,211,96,2,DG,EC,-0.2460468713434798,Stress,lighthouses
213,A,216,96,2,DG,EC,-0.1401826714912145,Stress,deserts
236,A,239,96,2,DG,EC,-1.33131704969549,Stress,lighthouses
18,A,21,96,3,DG,EC,-0.1130207070129972,Stress,lighthouses
32,A,35,96,3,DG,EC,-0.1788035775711265,Stress,forests
47,A,50,96,3,DG,EC,0.1161578075497288,Stress,forests
52,A,55,96,3,DG,EC,-0.0194774897945131,Stress,lighthouses
62,A,65,96,3,DG,EC,0.6398563898254382,Stress,forests
71,A,74,96,3,DG,EC,-0.3943486585135834,Stress,deserts
80,A,83,96,3,DG,EC,-0.6516257170241586,Stress,deserts
88,A,91,96,3,DG,EC,1.024279168409657,Stress,lighthouses
107,A,110,96,3,DG,EC,0.2885625745045208,Stress,lighthouses
115,A,118,96,3,DG,EC,-0.0028473387602114,Stress,deserts
126,A,129,96,3,DG,EC,-0.1893018719235079,Stress,forests
136,A,139,96,3,DG,EC,-0.0027533233764415,Stress,lighthouses
155,A,158,96,3,DG,EC,0.6759086096656012,Stress,forests
162,A,165,96,3,DG,EC,-0.0177144961370868,Stress,deserts
177,A,180,96,3,DG,EC,0.1893830764995164,Stress,lighthouses
183,A,186,96,3,DG,EC,-0.0505810110115234,Stress,forests
192,A,195,96,3,DG,EC,0.9595549676117204,Stress,forests
198,A,201,96,3,DG,EC,0.013959214635046,Stress,lighthouses
216,A,219,96,3,DG,EC,-0.6643773754799854,Stress,deserts
225,A,228,96,3,DG,EC,0.7751014309298476,Stress,deserts
234,A,237,96,3,DG,EC,0.982999355094396,Stress,deserts
5,A,8,96,4,DG,EC,0.0398889372720666,Stress,forests
16,A,19,96,4,DG,EC,0.4327570739876256,Stress,deserts
47,A,50,96,4,DG,EC,0.6038128590893043,Stress,forests
52,A,55,96,4,DG,EC,-0.4255458349790778,Stress,lighthouses
71,A,74,96,4,DG,EC,-0.3693278883473535,Stress,lighthouses
82,A,85,96,4,DG,EC,1.2318017710644835,Stress,deserts
96,A,99,96,4,DG,EC,0.5073928196263222,Stress,forests
111,A,114,96,4,DG,EC,-0.4198078406680063,Stress,deserts
125,A,128,96,4,DG,EC,1.7134690743566343,Stress,forests
138,A,141,96,4,DG,EC,0.4692167354290751,Stress,deserts
145,A,148,96,4,DG,EC,0.1073546516439773,Stress,lighthouses
154,A,157,96,4,DG,EC,-0.584311674742385,Stress,deserts
160,A,163,96,4,DG,EC,0.2812536396292144,Stress,forests
165,A,168,96,4,DG,EC,0.2067472679245222,Stress,lighthouses
176,A,179,96,4,DG,EC,1.568542295284547,Stress,lighthouses
184,A,187,96,4,DG,EC,-0.0611487386899787,Stress,lighthouses
196,A,199,96,4,DG,EC,0.2010410253326267,Stress,lighthouses
201,A,204,96,4,DG,EC,1.548803242613082,Stress,forests
216,A,219,96,4,DG,EC,-0.0113071469240531,Stress,deserts
230,A,233,96,4,DG,EC,-1.3635234468970228,Stress,forests
236,A,239,96,4,DG,EC,0.8631346322257984,Stress,deserts
9,A,12,98,2,DG,EC,1.1929477404207147,Stress,lakes
19,A,22,98,2,DG,EC,-0.0516421610106584,Stress,marshes
49,A,52,98,2,DG,EC,-0.1574109939754641,Stress,lakes
56,A,59,98,2,DG,EC,1.4217938357584836,Stress,marshes
68,A,71,98,2,DG,EC,0.3929166552693935,Stress,lakes
77,A,80,98,2,DG,EC,0.4506051289814793,Stress,marshes
88,A,91,98,2,DG,EC,-0.4783187102233973,Stress,canyons
106,A,109,98,2,DG,EC,-0.0010890131893796,Stress,lakes
112,A,115,98,2,DG,EC,3.3715607088443704,Stress,canyons
116,A,119,98,2,DG,EC,1.3808961567391649,Stress,marshes
122,A,125,98,2,DG,EC,-0.0499394720297993,Stress,canyons
129,A,132,98,2,DG,EC,0.3858383904146739,Stress,lakes
142,A,145,98,2,DG,EC,-0.3121625802675705,Stress,canyons
150,A,153,98,2,DG,EC,-0.0020958652732122,Stress,lakes
157,A,160,98,2,DG,EC,0.2016059909159281,Stress,marshes
164,A,167,98,2,DG,EC,0.0019232489981174,Stress,canyons
175,A,178,98,2,DG,EC,0.2319752887086779,Stress,canyons
183,A,186,98,2,DG,EC,-1.4684912341016998,Stress,marshes
190,A,193,98,2,DG,EC,0.3037155366719751,Stress,lakes
207,A,210,98,2,DG,EC,-0.0530317162210078,Stress,canyons
231,A,234,98,2,DG,EC,0.0022343507919602,Stress,marshes
11,A,14,98,3,DG,EC,0.2624791228924018,Stress,lakes
20,A,23,98,3,DG,EC,-0.4834219659929977,Stress,marshes
26,A,29,98,3,DG,EC,0.7114636943270246,Stress,lakes
35,A,38,98,3,DG,EC,0.4321783309404431,Stress,lakes
49,A,52,98,3,DG,EC,0.0349691252849311,Stress,lakes
54,A,57,98,3,DG,EC,0.4932026182631596,Stress,marshes
58,A,61,98,3,DG,EC,-1.448621875733696,Stress,lakes
92,A,95,98,3,DG,EC,1.5782959107270045,Stress,marshes
102,A,105,98,3,DG,EC,0.616922643382126,Stress,lakes
109,A,112,98,3,DG,EC,1.668920231731468,Stress,marshes
116,A,119,98,3,DG,EC,0.1755357215027977,Stress,canyons
137,A,140,98,3,DG,EC,-0.2652966067436098,Stress,canyons
147,A,150,98,3,DG,EC,-0.0744220706128074,Stress,canyons
161,A,164,98,3,DG,EC,1.0309727443474332,Stress,marshes
169,A,172,98,3,DG,EC,0.6851208902153524,Stress,canyons
173,A,176,98,3,DG,EC,0.7601032735120286,Stress,marshes
183,A,186,98,3,DG,EC,-0.0544117109197933,Stress,marshes
191,A,194,98,3,DG,EC,1.064486079027232,Stress,lakes
202,A,205,98,3,DG,EC,0.0377660811405234,Stress,canyons
221,A,224,98,3,DG,EC,-0.2282811376267106,Stress,canyons
9,A,12,98,4,DG,EC,0.1956816504555432,Stress,lakes
18,A,21,98,4,DG,EC,-0.2583766349574347,Stress,lakes
27,A,30,98,4,DG,EC,-0.0277348515382507,Stress,marshes
34,A,37,98,4,DG,EC,-0.0005376937603236,Stress,lakes
60,A,63,98,4,DG,EC,-0.1770590904372199,Stress,lakes
68,A,71,98,4,DG,EC,0.7053285715861953,Stress,lakes
85,A,88,98,4,DG,EC,-0.0329877567912689,Stress,lakes
93,A,96,98,4,DG,EC,-0.5812781016958332,Stress,canyons
106,A,109,98,4,DG,EC,1.2819153659587743,Stress,canyons
124,A,127,98,4,DG,EC,0.8842235587683276,Stress,marshes
128,A,131,98,4,DG,EC,0.2565447760659535,Stress,canyons
137,A,140,98,4,DG,EC,0.203232329418065,Stress,marshes
149,A,152,98,4,DG,EC,0.0172780346526936,Stress,marshes
158,A,161,98,4,DG,EC,2.6935218281729782,Stress,canyons
168,A,171,98,4,DG,EC,-0.0017400875239117,Stress,canyons
202,A,205,98,4,DG,EC,0.0290632186702046,Stress,lakes
209,A,212,98,4,DG,EC,0.0936187594075811,Stress,marshes
224,A,227,98,4,DG,EC,0.1566807889794581,Stress,marshes
233,A,236,98,4,DG,EC,0.0324285735055233,Stress,marshes
237,A,240,98,4,DG,EC,0.7820369884291998,Stress,canyons
13,A,16,100,2,DG,EC,0.1734062624331992,Control,fields
27,A,30,100,2,DG,EC,0.0005178479465767,Control,fields
44,A,47,100,2,DG,EC,-0.0120864954572809,Control,parks
58,A,61,100,2,DG,EC,0.1290320865295414,Control,forests
66,A,69,100,2,DG,EC,6.359562722581519,Control,fields
73,A,76,100,2,DG,EC,0.0016327517892942,Control,forests
87,A,90,100,2,DG,EC,0.5168864006664415,Control,fields
93,A,96,100,2,DG,EC,-0.0908607585496019,Control,parks
107,A,110,100,2,DG,EC,-0.2263621199328108,Control,forests
125,A,128,100,2,DG,EC,-0.0063310740891698,Control,fields
136,A,139,100,2,DG,EC,1.261781225722806,Control,parks
146,A,149,100,2,DG,EC,1.4134287229880795,Control,parks
151,A,154,100,2,DG,EC,1.0488368629055211,Control,forests
161,A,164,100,2,DG,EC,-0.15613475332144,Control,forests
167,A,170,100,2,DG,EC,-1.513041391029048,Control,fields
173,A,176,100,2,DG,EC,-0.0084283905199414,Control,parks
181,A,184,100,2,DG,EC,-0.0633424415770402,Control,fields
187,A,190,100,2,DG,EC,-0.8975285770904304,Control,parks
202,A,205,100,2,DG,EC,0.5389597592887875,Control,parks
222,A,225,100,2,DG,EC,0.6723778945366425,Control,forests
235,A,238,100,2,DG,EC,0.487253102266182,Control,forests
5,A,8,100,3,DG,EC,-0.3959835233905538,Control,forests
9,A,12,100,3,DG,EC,0.6373930680189913,Control,parks
18,A,21,100,3,DG,EC,-1.5958936598329028,Control,forests
34,A,37,100,3,DG,EC,-0.0054289656177451,Control,fields
38,A,41,100,3,DG,EC,-0.7833105160082774,Control,parks
51,A,54,100,3,DG,EC,1.8161654856191576,Control,parks
62,A,65,100,3,DG,EC,-0.0040386784690659,Control,forests
72,A,75,100,3,DG,EC,0.1252801483660839,Control,fields
82,A,85,100,3,DG,EC,1.0285714439863756,Control,forests
96,A,99,100,3,DG,EC,-0.8088483187129625,Control,parks
111,A,114,100,3,DG,EC,0.0405721103403218,Control,forests
116,A,119,100,3,DG,EC,-0.013188276569826,Control,fields
140,A,143,100,3,DG,EC,0.8776858246945431,Control,parks
150,A,153,100,3,DG,EC,-0.9992423846756489,Control,fields
156,A,159,100,3,DG,EC,-0.0207234468680193,Control,forests
170,A,173,100,3,DG,EC,0.0126552683763809,Control,forests
175,A,178,100,3,DG,EC,0.0900706670323982,Control,parks
185,A,188,100,3,DG,EC,0.0124569088228963,Control,parks
200,A,203,100,3,DG,EC,0.2050313987563748,Control,fields
217,A,220,100,3,DG,EC,0.0001255998957281,Control,fields
235,A,238,100,3,DG,EC,-0.7863950491892185,Control,fields
8,A,11,100,4,DG,EC,0.0199625746385616,Control,parks
16,A,19,100,4,DG,EC,0.0627565760759971,Control,parks
29,A,32,100,4,DG,EC,-0.1413102619411984,Control,forests
39,A,42,100,4,DG,EC,-0.3530296926088565,Control,fields
45,A,48,100,4,DG,EC,0.0057459598772542,Control,parks
61,A,64,100,4,DG,EC,-0.2714106507621152,Control,forests
79,A,82,100,4,DG,EC,-0.0027908400146092,Control,parks
91,A,94,100,4,DG,EC,2.2079441894538063,Control,forests
106,A,109,100,4,DG,EC,0.0007566315752098,Control,forests
114,A,117,100,4,DG,EC,1.835195990426128,Control,fields
121,A,124,100,4,DG,EC,-0.4110111980898684,Control,forests
135,A,138,100,4,DG,EC,0.1103479298373964,Control,fields
154,A,157,100,4,DG,EC,0.5472834517948609,Control,forests
165,A,168,100,4,DG,EC,0.0002369398154757,Control,forests
172,A,175,100,4,DG,EC,0.0994603647305001,Control,parks
176,A,179,100,4,DG,EC,0.0020714694857505,Control,fields
183,A,186,100,4,DG,EC,-0.1909360474976942,Control,parks
188,A,191,100,4,DG,EC,0.4239875885938211,Control,fields
198,A,201,100,4,DG,EC,0.4002584832218725,Control,fields
204,A,207,100,4,DG,EC,0.1384648396924513,Control,parks
216,A,219,100,4,DG,EC,-0.003214373369733,Control,fields
8,A,11,101,2,DG,EC,1.0055312733572075,Stress,parks
19,A,22,101,2,DG,EC,0.110741184761453,Stress,forests
25,A,28,101,2,DG,EC,0.0731905489374024,Stress,beaches
41,A,44,101,2,DG,EC,-0.1002428281356371,Stress,forests
48,A,51,101,2,DG,EC,0.5914145296845762,Stress,beaches
56,A,59,101,2,DG,EC,-0.2918687947392329,Stress,forests
64,A,67,101,2,DG,EC,2.801869998900397,Stress,beaches
77,A,80,101,2,DG,EC,-0.0216780801888821,Stress,forests
97,A,100,101,2,DG,EC,0.7719467766392224,Stress,beaches
118,A,121,101,2,DG,EC,2.0870716104307183,Stress,parks
129,A,132,101,2,DG,EC,-0.0334032094657113,Stress,parks
134,A,137,101,2,DG,EC,-0.1662876995888027,Stress,beaches
154,A,157,101,2,DG,EC,0.3349397613941458,Stress,parks
164,A,167,101,2,DG,EC,0.0068548132268696,Stress,parks
179,A,182,101,2,DG,EC,0.0519387834494643,Stress,forests
190,A,193,101,2,DG,EC,2.036833272297716,Stress,forests
197,A,200,101,2,DG,EC,-0.0241865795915807,Stress,parks
205,A,208,101,2,DG,EC,0.0165334474345622,Stress,beaches
211,A,214,101,2,DG,EC,-0.1583801889811276,Stress,beaches
220,A,223,101,2,DG,EC,3.394396566280299,Stress,forests
225,A,228,101,2,DG,EC,0.4784275135340193,Stress,parks
17,A,20,101,3,DG,EC,0.5595306057871372,Stress,beaches
29,A,32,101,3,DG,EC,1.7175102944109857,Stress,forests
40,A,43,101,3,DG,EC,0.5685396893700785,Stress,beaches
55,A,58,101,3,DG,EC,-0.5536528413552044,Stress,forests
60,A,63,101,3,DG,EC,0.1856686099175424,Stress,beaches
65,A,68,101,3,DG,EC,-0.1290053653253407,Stress,parks
85,A,88,101,3,DG,EC,0.3890045776965082,Stress,parks
91,A,94,101,3,DG,EC,-0.3955184127409071,Stress,beaches
95,A,98,101,3,DG,EC,0.0060848912977467,Stress,forests
104,A,107,101,3,DG,EC,-0.0927314978435055,Stress,parks
114,A,117,101,3,DG,EC,-0.5252226195234349,Stress,parks
127,A,130,101,3,DG,EC,-0.12384670574755,Stress,forests
133,A,136,101,3,DG,EC,4.394358563835581,Stress,beaches
140,A,143,101,3,DG,EC,-0.3623415645593322,Stress,beaches
145,A,148,101,3,DG,EC,0.0268674300745211,Stress,forests
153,A,156,101,3,DG,EC,0.9654681432342636,Stress,beaches
182,A,185,101,3,DG,EC,2.4833250293835225,Stress,forests
205,A,208,101,3,DG,EC,2.9560299503967524,Stress,forests
223,A,226,101,3,DG,EC,1.428712172917536,Stress,parks
236,A,239,101,3,DG,EC,0.0063412329567666,Stress,parks
5,A,8,101,4,DG,EC,-0.41534199414031,Stress,forests
21,A,24,101,4,DG,EC,-1.6309504241002817,Stress,parks
38,A,41,101,4,DG,EC,4.493179166261006,Stress,beaches
42,A,45,101,4,DG,EC,2.329475576581085,Stress,parks
51,A,54,101,4,DG,EC,0.0017223680238269,Stress,beaches
55,A,58,101,4,DG,EC,-0.076714767003346,Stress,parks
62,A,65,101,4,DG,EC,-0.641912935114482,Stress,forests
71,A,74,101,4,DG,EC,-0.188065100971711,Stress,parks
75,A,78,101,4,DG,EC,-0.1343035923745126,Stress,forests
93,A,96,101,4,DG,EC,-0.2069303490837673,Stress,parks
106,A,109,101,4,DG,EC,0.0775468851980919,Stress,beaches
118,A,121,101,4,DG,EC,0.8176610885710339,Stress,beaches
129,A,132,101,4,DG,EC,-2.385955077288238,Stress,beaches
140,A,143,101,4,DG,EC,0.0999592250281874,Stress,parks
158,A,161,101,4,DG,EC,-0.080991871013541,Stress,beaches
165,A,168,101,4,DG,EC,1.587027519541909,Stress,forests
177,A,180,101,4,DG,EC,-0.0373306175442905,Stress,forests
189,A,192,101,4,DG,EC,-0.5308615808933508,Stress,beaches
193,A,196,101,4,DG,EC,-0.6038534353161353,Stress,parks
225,A,228,101,4,DG,EC,0.6810387304485969,Stress,forests
9,A,12,103,2,DG,EC,-1.2713059534541549,Stress,lakes
17,A,20,103,2,DG,EC,0.2731795492808212,Stress,beaches
26,A,29,103,2,DG,EC,0.5748865437461662,Stress,beaches
31,A,34,103,2,DG,EC,-0.1479594094519796,Stress,deserts
49,A,52,103,2,DG,EC,-0.6685320149452214,Stress,beaches
64,A,67,103,2,DG,EC,-0.0003991128996704,Stress,beaches
73,A,76,103,2,DG,EC,-2.032824694548328,Stress,lakes
83,A,86,103,2,DG,EC,-0.0250421145561814,Stress,lakes
121,A,124,103,2,DG,EC,0.2506317417509847,Stress,deserts
128,A,131,103,2,DG,EC,1.4481394215794432,Stress,deserts
144,A,147,103,2,DG,EC,0.0273660337564774,Stress,deserts
153,A,156,103,2,DG,EC,0.0432450628249762,Stress,beaches
164,A,167,103,2,DG,EC,-0.2731017865914894,Stress,deserts
168,A,171,103,2,DG,EC,0.1786919661851769,Stress,beaches
183,A,186,103,2,DG,EC,0.5089010353720989,Stress,lakes
188,A,191,103,2,DG,EC,-0.0410357679899298,Stress,deserts
193,A,196,103,2,DG,EC,1.8562901311147657,Stress,lakes
210,A,213,103,2,DG,EC,-0.0021106112996397,Stress,lakes
215,A,218,103,2,DG,EC,0.0068740149522183,Stress,beaches
226,A,229,103,2,DG,EC,-0.7619720732595715,Stress,lakes
237,A,240,103,2,DG,EC,2.690471888166731,Stress,deserts
5,A,8,103,3,DG,EC,0.1210098069650069,Stress,beaches
20,A,23,103,3,DG,EC,2.0415273864725845,Stress,lakes
26,A,29,103,3,DG,EC,8.168462806690629,Stress,deserts
33,A,36,103,3,DG,EC,1.441840571768212,Stress,beaches
38,A,41,103,3,DG,EC,3.742389196171628,Stress,lakes
54,A,57,103,3,DG,EC,-1.1659017512772003,Stress,deserts
65,A,68,103,3,DG,EC,-0.0017519056426155,Stress,lakes
70,A,73,103,3,DG,EC,0.0035721130942573,Stress,deserts
75,A,78,103,3,DG,EC,1.303613190703877,Stress,beaches
81,A,84,103,3,DG,EC,-0.1018825262123104,Stress,lakes
96,A,99,103,3,DG,EC,-0.8470745990760865,Stress,lakes
105,A,108,103,3,DG,EC,0.2453170061454988,Stress,deserts
111,A,114,103,3,DG,EC,-0.4121302645623091,Stress,beaches
133,A,136,103,3,DG,EC,-0.0300540066141057,Stress,lakes
144,A,147,103,3,DG,EC,1.0543714882682973,Stress,deserts
163,A,166,103,3,DG,EC,-0.0349224188661707,Stress,deserts
193,A,196,103,3,DG,EC,-0.0428279259886655,Stress,beaches
205,A,208,103,3,DG,EC,1.0063969354493107,Stress,lakes
223,A,226,103,3,DG,EC,-0.1907660879396819,Stress,beaches
236,A,239,103,3,DG,EC,-1.9515981917513812,Stress,beaches
8,A,11,103,4,DG,EC,1.6271872861746912,Stress,deserts
21,A,24,103,4,DG,EC,-0.1043292389283382,Stress,beaches
31,A,34,103,4,DG,EC,0.1916895307772819,Stress,deserts
46,A,49,103,4,DG,EC,-1.6546778670816928,Stress,lakes
57,A,60,103,4,DG,EC,1.2494505177371218,Stress,lakes
66,A,69,103,4,DG,EC,0.3409393326936586,Stress,beaches
74,A,77,103,4,DG,EC,-0.2412689383706372,Stress,deserts
90,A,93,103,4,DG,EC,-2.062971251210824,Stress,deserts
97,A,100,103,4,DG,EC,-0.0018244777181136,Stress,deserts
102,A,105,103,4,DG,EC,-0.0477928465892545,Stress,beaches
121,A,124,103,4,DG,EC,0.0259308374333489,Stress,deserts
130,A,133,103,4,DG,EC,0.124161003570694,Stress,lakes
143,A,146,103,4,DG,EC,0.0076245546834383,Stress,deserts
164,A,167,103,4,DG,EC,-0.213258451279644,Stress,beaches
179,A,182,103,4,DG,EC,2.6051634055099924,Stress,lakes
188,A,191,103,4,DG,EC,0.0157261826873133,Stress,lakes
195,A,198,103,4,DG,EC,3.06432796341258,Stress,beaches
204,A,207,103,4,DG,EC,0.0021004676752032,Stress,beaches
222,A,225,103,4,DG,EC,-0.4449971559898717,Stress,lakes
230,A,233,103,4,DG,EC,0.3309857426405487,Stress,beaches
234,A,237,103,4,DG,EC,-1.2480358388377468,Stress,lakes
5,A,8,104,2,DG,EC,0.4021859675711232,Stress,mountains
26,A,29,104,2,DG,EC,-0.003088270414689,Stress,waterfalls
33,A,36,104,2,DG,EC,0.8146237493875003,Stress,mountains
41,A,44,104,2,DG,EC,0.0645384909624921,Stress,waterfalls
47,A,50,104,2,DG,EC,1.3165663402582672,Stress,mountains
58,A,61,104,2,DG,EC,-0.419801107065409,Stress,beaches
69,A,72,104,2,DG,EC,-0.058357843758964,Stress,waterfalls
78,A,81,104,2,DG,EC,-0.2547463053559533,Stress,mountains
93,A,96,104,2,DG,EC,-0.0033471536736662,Stress,beaches
109,A,112,104,2,DG,EC,0.0122947512952749,Stress,mountains
118,A,121,104,2,DG,EC,0.196760350290189,Stress,beaches
135,A,138,104,2,DG,EC,0.0348195953888238,Stress,mountains
141,A,144,104,2,DG,EC,0.0487573956584107,Stress,waterfalls
148,A,151,104,2,DG,EC,0.0038738754952852,Stress,waterfalls
155,A,158,104,2,DG,EC,0.2196973873511923,Stress,beaches
164,A,167,104,2,DG,EC,-0.1696229196248061,Stress,waterfalls
168,A,171,104,2,DG,EC,0.0456016071367513,Stress,beaches
183,A,186,104,2,DG,EC,-0.0104917492221161,Stress,beaches
197,A,200,104,2,DG,EC,-0.675206532764447,Stress,waterfalls
208,A,211,104,2,DG,EC,1.1820296411186435,Stress,mountains
229,A,232,104,2,DG,EC,4.307410533668176,Stress,beaches
5,A,8,104,3,DG,EC,0.248170971874608,Stress,beaches
12,A,15,104,3,DG,EC,0.7043159532866784,Stress,mountains
18,A,21,104,3,DG,EC,0.0015141618917589,Stress,beaches
30,A,33,104,3,DG,EC,-0.0546389502022926,Stress,waterfalls
36,A,39,104,3,DG,EC,-1.3275586131419392,Stress,mountains
50,A,53,104,3,DG,EC,-0.3086990968531447,Stress,waterfalls
75,A,78,104,3,DG,EC,-0.9357949045850502,Stress,mountains
93,A,96,104,3,DG,EC,-0.0140817031693241,Stress,waterfalls
131,A,134,104,3,DG,EC,0.1244736734689303,Stress,mountains
155,A,158,104,3,DG,EC,-0.4629924413189091,Stress,mountains
163,A,166,104,3,DG,EC,0.080220095156352,Stress,waterfalls
167,A,170,104,3,DG,EC,-0.2401527570630667,Stress,beaches
175,A,178,104,3,DG,EC,-0.0378967336829409,Stress,mountains
196,A,199,104,3,DG,EC,-0.0320063889463535,Stress,beaches
203,A,206,104,3,DG,EC,-0.2122826704596082,Stress,mountains
11,A,14,104,4,DG,EC,0.8709069976769471,Stress,mountains
19,A,22,104,4,DG,EC,0.3836911634353981,Stress,waterfalls
28,A,31,104,4,DG,EC,-0.7160619582976864,Stress,waterfalls
44,A,47,104,4,DG,EC,1.0146051725279202,Stress,mountains
66,A,69,104,4,DG,EC,0.7086791792575756,Stress,mountains
73,A,76,104,4,DG,EC,-0.0324525973442246,Stress,waterfalls
88,A,91,104,4,DG,EC,0.083673394055163,Stress,waterfalls
96,A,99,104,4,DG,EC,2.0087232685125262,Stress,beaches
102,A,105,104,4,DG,EC,1.6039096817628655,Stress,mountains
111,A,114,104,4,DG,EC,3.452296341400225,Stress,beaches
168,A,171,104,4,DG,EC,0.5247403989132389,Stress,beaches
233,A,236,104,4,DG,EC,-0.0899308053266009,Stress,waterfalls
5,A,8,105,2,DG,EC,-0.0844614587025714,Stress,deserts
13,A,16,105,2,DG,EC,2.5553013205659294,Stress,mountains
26,A,29,105,2,DG,EC,-0.18978940200539,Stress,mountains
40,A,43,105,2,DG,EC,0.6062063411781538,Stress,deserts
46,A,49,105,2,DG,EC,0.7097323691446944,Stress,waterfalls
58,A,61,105,2,DG,EC,2.151959947205333,Stress,mountains
70,A,73,105,2,DG,EC,-0.0003005906087589,Stress,waterfalls
78,A,81,105,2,DG,EC,-0.0759286902389746,Stress,deserts
82,A,85,105,2,DG,EC,-0.2610752661460851,Stress,mountains
89,A,92,105,2,DG,EC,0.1063159706676303,Stress,waterfalls
102,A,105,105,2,DG,EC,0.9461266635647808,Stress,waterfalls
108,A,111,105,2,DG,EC,-0.8380871120838097,Stress,deserts
125,A,128,105,2,DG,EC,-0.4223095244356863,Stress,deserts
143,A,146,105,2,DG,EC,0.8155295228204079,Stress,waterfalls
177,A,180,105,2,DG,EC,0.8897317887909151,Stress,deserts
181,A,184,105,2,DG,EC,-0.9869581742117072,Stress,waterfalls
192,A,195,105,2,DG,EC,-1.37709357267785,Stress,waterfalls
212,A,215,105,2,DG,EC,-0.9473353436860243,Stress,mountains
220,A,223,105,2,DG,EC,0.1386821794912134,Stress,mountains
226,A,229,105,2,DG,EC,0.4744908523916866,Stress,mountains
238,A,241,105,2,DG,EC,-0.0183683535363367,Stress,deserts
12,A,15,105,3,DG,EC,0.0121832763532256,Stress,waterfalls
27,A,30,105,3,DG,EC,0.1305268818803876,Stress,deserts
38,A,41,105,3,DG,EC,-0.0828755309856879,Stress,mountains
59,A,62,105,3,DG,EC,1.2068725981997002,Stress,mountains
85,A,88,105,3,DG,EC,0.0289252905408316,Stress,deserts
99,A,102,105,3,DG,EC,-0.3711529725208799,Stress,deserts
107,A,110,105,3,DG,EC,-0.4145611664412096,Stress,waterfalls
116,A,119,105,3,DG,EC,-0.3557189656735053,Stress,mountains
122,A,125,105,3,DG,EC,-0.2255067610280086,Stress,deserts
135,A,138,105,3,DG,EC,0.3702813310569518,Stress,mountains
140,A,143,105,3,DG,EC,0.6066020650286624,Stress,waterfalls
150,A,153,105,3,DG,EC,-0.0686426390700678,Stress,waterfalls
162,A,165,105,3,DG,EC,0.2935549652982923,Stress,deserts
171,A,174,105,3,DG,EC,-1.2840407227616653,Stress,waterfalls
181,A,184,105,3,DG,EC,0.380840801535633,Stress,deserts
187,A,190,105,3,DG,EC,0.1154672460223218,Stress,waterfalls
192,A,195,105,3,DG,EC,-0.0711314197119343,Stress,mountains
197,A,200,105,3,DG,EC,-1.9755820018885053,Stress,deserts
214,A,217,105,3,DG,EC,-0.0931478013606721,Stress,waterfalls
224,A,227,105,3,DG,EC,0.9190335140123104,Stress,mountains
236,A,239,105,3,DG,EC,0.3700796658489644,Stress,mountains
12,A,15,105,4,DG,EC,0.9072089312206302,Stress,deserts
27,A,30,105,4,DG,EC,-0.4674730011469613,Stress,deserts
31,A,34,105,4,DG,EC,-1.5534070662501132,Stress,waterfalls
43,A,46,105,4,DG,EC,0.0422339300697287,Stress,mountains
61,A,64,105,4,DG,EC,0.6920537598398052,Stress,mountains
68,A,71,105,4,DG,EC,0.008559505436801,Stress,deserts
79,A,82,105,4,DG,EC,-2.2435605483640724,Stress,waterfalls
95,A,98,105,4,DG,EC,1.9263194542435973,Stress,waterfalls
112,A,115,105,4,DG,EC,0.008341663275554,Stress,mountains
130,A,133,105,4,DG,EC,0.1529353316316522,Stress,deserts
141,A,144,105,4,DG,EC,0.408704994541109,Stress,waterfalls
147,A,150,105,4,DG,EC,1.5588738220411285,Stress,mountains
157,A,160,105,4,DG,EC,-2.6592346501066126,Stress,mountains
163,A,166,105,4,DG,EC,1.2591856033283175,Stress,waterfalls
168,A,171,105,4,DG,EC,1.5798869158365845,Stress,mountains
184,A,187,105,4,DG,EC,0.3873964011808366,Stress,waterfalls
191,A,194,105,4,DG,EC,-0.0014802702926857,Stress,deserts
201,A,204,105,4,DG,EC,1.060238014883468,Stress,deserts
209,A,212,105,4,DG,EC,-0.2718253875815758,Stress,waterfalls
220,A,223,105,4,DG,EC,-0.1944077448024265,Stress,mountains
230,A,233,105,4,DG,EC,-0.9298210294935728,Stress,deserts
5,A,8,106,2,DG,EC,-0.418172093377583,Control,lighthouses
21,A,24,106,2,DG,EC,0.2848653297710648,Control,waterfalls
25,A,28,106,2,DG,EC,0.7868810719570898,Control,lighthouses
31,A,34,106,2,DG,EC,0.0752370901075822,Control,bridges
43,A,46,106,2,DG,EC,0.5596285441630556,Control,bridges
49,A,52,106,2,DG,EC,0.0515953550041293,Control,lighthouses
66,A,69,106,2,DG,EC,-0.0775992223230571,Control,bridges
75,A,78,106,2,DG,EC,0.1847141287475843,Control,lighthouses
83,A,86,106,2,DG,EC,-0.5333225779449569,Control,bridges
87,A,90,106,2,DG,EC,0.0002724289538119,Control,waterfalls
101,A,104,106,2,DG,EC,0.2772531679803146,Control,bridges
114,A,117,106,2,DG,EC,-1.0203115758008112,Control,lighthouses
123,A,126,106,2,DG,EC,0.1513198261907161,Control,waterfalls
173,A,176,106,2,DG,EC,-0.9983531557060354,Control,waterfalls
178,A,181,106,2,DG,EC,-0.3314145626756176,Control,lighthouses
189,A,192,106,2,DG,EC,-0.0381252487913164,Control,bridges
198,A,201,106,2,DG,EC,0.0018503143694534,Control,waterfalls
209,A,212,106,2,DG,EC,0.2287215044657146,Control,waterfalls
216,A,219,106,2,DG,EC,-1.1251018648236155,Control,waterfalls
228,A,231,106,2,DG,EC,1.6495259621791043,Control,bridges
12,A,15,106,3,DG,EC,0.5835345272605537,Control,waterfalls
22,A,25,106,3,DG,EC,0.0202973391222315,Control,bridges
43,A,46,106,3,DG,EC,0.4180120284715138,Control,waterfalls
56,A,59,106,3,DG,EC,1.5920427764585665,Control,lighthouses
71,A,74,106,3,DG,EC,0.091018817307032,Control,lighthouses
86,A,89,106,3,DG,EC,0.9926474249175378,Control,bridges
99,A,102,106,3,DG,EC,-0.1883128547347615,Control,bridges
114,A,117,106,3,DG,EC,-0.6225139393453046,Control,lighthouses
126,A,129,106,3,DG,EC,-0.0128258136900791,Control,waterfalls
138,A,141,106,3,DG,EC,-0.0137035905998451,Control,waterfalls
143,A,146,106,3,DG,EC,0.0062315134389692,Control,lighthouses
152,A,155,106,3,DG,EC,0.1681603872030378,Control,bridges
166,A,169,106,3,DG,EC,0.5960741033226811,Control,bridges
185,A,188,106,3,DG,EC,1.6851350308203177,Control,lighthouses
189,A,192,106,3,DG,EC,0.3359003714272149,Control,waterfalls
200,A,203,106,3,DG,EC,0.0737083935418508,Control,waterfalls
210,A,213,106,3,DG,EC,-0.2708279390347557,Control,lighthouses
215,A,218,106,3,DG,EC,-0.1851649056454656,Control,bridges
232,A,235,106,3,DG,EC,0.2707992325034078,Control,waterfalls
237,A,240,106,3,DG,EC,-0.0052320683211342,Control,lighthouses
11,A,14,106,4,DG,EC,-0.0312467459292963,Control,waterfalls
25,A,28,106,4,DG,EC,1.516882910158564,Control,waterfalls
31,A,34,106,4,DG,EC,0.0307189165064161,Control,bridges
41,A,44,106,4,DG,EC,2.129001122109321,Control,waterfalls
65,A,68,106,4,DG,EC,0.8689910257362141,Control,lighthouses
74,A,77,106,4,DG,EC,0.1497736482873012,Control,waterfalls
94,A,97,106,4,DG,EC,1.8896455336766675,Control,waterfalls
101,A,104,106,4,DG,EC,-0.0549139596290613,Control,bridges
107,A,110,106,4,DG,EC,-0.1084127499916735,Control,lighthouses
127,A,130,106,4,DG,EC,0.1138658110667298,Control,bridges
143,A,146,106,4,DG,EC,0.1521173012755487,Control,lighthouses
162,A,165,106,4,DG,EC,0.1272163823581441,Control,lighthouses
173,A,176,106,4,DG,EC,0.7629074671695124,Control,lighthouses
178,A,181,106,4,DG,EC,0.7705731700914673,Control,bridges
192,A,195,106,4,DG,EC,-0.3111514422439631,Control,bridges
212,A,215,106,4,DG,EC,0.1777694943479065,Control,lighthouses
220,A,223,106,4,DG,EC,-0.0602904653273434,Control,waterfalls
228,A,231,106,4,DG,EC,-0.9774278367883464,Control,waterfalls
236,A,239,106,4,DG,EC,1.5224095260212624,Control,lighthouses
