onsetTR,cond,shiftedTR,subid,run,roi1,roi2,ets,group,category
26,A,29,2,2,CA23,DG,0.0114181801882614,Stress,deserts
40,A,43,2,2,CA23,DG,-0.433321571377904,Stress,canyons
49,A,52,2,2,CA23,DG,-0.5227831808703911,Stress,deserts
60,A,63,2,2,CA23,DG,0.0466164922702262,Stress,canyons
68,A,71,2,2,CA23,DG,0.3290841771182385,Stress,marshes
78,A,81,2,2,CA23,DG,-0.6133071295268426,Stress,marshes
91,A,94,2,2,CA23,DG,-0.0336822951899454,Stress,deserts
97,A,100,2,2,CA23,DG,-1.8620135574967016,Stress,canyons
115,A,118,2,2,CA23,DG,1.3209619751210795,Stress,marshes
133,A,136,2,2,CA23,DG,-1.1758081169939556,Stress,canyons
140,A,143,2,2,CA23,DG,0.57939105940139,Stress,marshes
148,A,151,2,2,CA23,DG,2.1367420596221085,Stress,marshes
154,A,157,2,2,CA23,DG,0.2618170198387767,Stress,canyons
174,A,177,2,2,CA23,DG,0.0652976953808518,Stress,deserts
178,A,181,2,2,CA23,DG,-0.7727034236428844,Stress,marshes
190,A,193,2,2,CA23,DG,0.6543037765542213,Stress,deserts
198,A,201,2,2,CA23,DG,0.2665390557224096,Stress,marshes
207,A,210,2,2,CA23,DG,0.0752021341055615,Stress,canyons
217,A,220,2,2,CA23,DG,1.0100991012258826,Stress,deserts
228,A,231,2,2,CA23,DG,2.4256113799532333,Stress,canyons
5,A,8,2,3,CA23,DG,0.0263558453298358,Stress,deserts
12,A,15,2,3,CA23,DG,0.5662811536854051,Stress,marshes
19,A,22,2,3,CA23,DG,2.433083362730983,Stress,deserts
35,A,38,2,3,CA23,DG,0.1203702867297853,Stress,deserts
46,A,49,2,3,CA23,DG,-0.0783624500133589,Stress,deserts
53,A,56,2,3,CA23,DG,-0.090294352431086,Stress,marshes
57,A,60,2,3,CA23,DG,-1.080439414495007,Stress,canyons
69,A,72,2,3,CA23,DG,2.450063747938787,Stress,marshes
90,A,93,2,3,CA23,DG,0.0236671214862365,Stress,canyons
96,A,99,2,3,CA23,DG,0.5481903974381934,Stress,marshes
116,A,119,2,3,CA23,DG,1.2343519422394449,Stress,canyons
132,A,135,2,3,CA23,DG,-0.057956818945875,Stress,marshes
141,A,144,2,3,CA23,DG,-0.0769770164366077,Stress,deserts
161,A,164,2,3,CA23,DG,0.4114883286599759,Stress,canyons
171,A,174,2,3,CA23,DG,0.0928870372740868,Stress,marshes
177,A,180,2,3,CA23,DG,0.0420006085349532,Stress,deserts
183,A,186,2,3,CA23,DG,0.8551348371974196,Stress,marshes
200,A,203,2,3,CA23,DG,-0.4583476522174484,Stress,canyons
212,A,215,2,3,CA23,DG,0.6225304127109809,Stress,deserts
225,A,228,2,3,CA23,DG,0.5834322907655433,Stress,canyons
234,A,237,2,3,CA23,DG,3.1157445650813496,Stress,canyons
5,A,8,2,4,CA23,DG,0.0116195415686913,Stress,deserts
16,A,19,2,4,CA23,DG,0.0001887384081099,Stress,marshes
22,A,25,2,4,CA23,DG,4.080564141562167,Stress,deserts
32,A,35,2,4,CA23,DG,-0.0164645794456198,Stress,canyons
38,A,41,2,4,CA23,DG,-0.7271537739085621,Stress,marshes
60,A,63,2,4,CA23,DG,1.1966932885914487,Stress,deserts
85,A,88,2,4,CA23,DG,3.5222526735721744,Stress,marshes
90,A,93,2,4,CA23,DG,-0.5050437178846627,Stress,canyons
95,A,98,2,4,CA23,DG,0.0699952854196433,Stress,marshes
103,A,106,2,4,CA23,DG,0.0675888770455713,Stress,canyons
112,A,115,2,4,CA23,DG,-0.2110310191750349,Stress,deserts
118,A,121,2,4,CA23,DG,0.588846992575825,Stress,canyons
141,A,144,2,4,CA23,DG,0.6375039877836276,Stress,marshes
152,A,155,2,4,CA23,DG,0.7424314065326335,Stress,deserts
161,A,164,2,4,CA23,DG,-0.0002336810595232,Stress,deserts
172,A,175,2,4,CA23,DG,0.06763539488606,Stress,canyons
186,A,189,2,4,CA23,DG,-0.02109153975263,Stress,canyons
196,A,199,2,4,CA23,DG,-0.0344485257983585,Stress,marshes
207,A,210,2,4,CA23,DG,0.5517046949585807,Stress,deserts
227,A,230,2,4,CA23,DG,-0.6662216101837821,Stress,marshes
5,A,8,3,2,CA23,DG,-0.1277287599806029,Control,bridges
16,A,19,3,2,CA23,DG,4.514564215727194,Control,forests
20,A,23,3,2,CA23,DG,6.381295081645676,Control,bridges
25,A,28,3,2,CA23,DG,0.2078937123619026,Control,parks
32,A,35,3,2,CA23,DG,-0.1136880050589352,Control,forests
39,A,42,3,2,CA23,DG,-0.0648523373943251,Control,parks
47,A,50,3,2,CA23,DG,-0.2098601636758105,Control,parks
52,A,55,3,2,CA23,DG,4.647917795316383e-05,Control,bridges
61,A,64,3,2,CA23,DG,0.0070368366106878,Control,bridges
71,A,74,3,2,CA23,DG,-0.4958099327167598,Control,bridges
77,A,80,3,2,CA23,DG,5.15396375285416,Control,forests
81,A,84,3,2,CA23,DG,0.0330155548810378,Control,bridges
91,A,94,3,2,CA23,DG,0.1395410094160605,Control,forests
114,A,117,3,2,CA23,DG,-0.4011164015751716,Control,forests
121,A,124,3,2,CA23,DG,-0.6402034929303616,Control,bridges
139,A,142,3,2,CA23,DG,-0.0304777614407525,Control,parks
163,A,166,3,2,CA23,DG,-0.2893225841492532,Control,parks
191,A,194,3,2,CA23,DG,1.6929144155885227,Control,parks
201,A,204,3,2,CA23,DG,0.1486590355215183,Control,parks
212,A,215,3,2,CA23,DG,-0.877399888787945,Control,forests
219,A,222,3,2,CA23,DG,0.1141713186372555,Control,forests
5,A,8,3,3,CA23,DG,0.0280254067033644,Control,bridges
18,A,21,3,3,CA23,DG,0.0551608953474873,Control,parks
34,A,37,3,3,CA23,DG,0.5347659855407606,Control,forests
52,A,55,3,3,CA23,DG,-0.9009318891575868,Control,forests
57,A,60,3,3,CA23,DG,0.1812704064574332,Control,parks
66,A,69,3,3,CA23,DG,0.1607415015472161,Control,bridges
77,A,80,3,3,CA23,DG,2.7400468426942983,Control,parks
92,A,95,3,3,CA23,DG,0.7437465383972317,Control,forests
101,A,104,3,3,CA23,DG,0.0001004282574738,Control,bridges
111,A,114,3,3,CA23,DG,-0.469188554647538,Control,forests
119,A,122,3,3,CA23,DG,2.116776440664571,Control,parks
126,A,129,3,3,CA23,DG,4.516036053826275,Control,bridges
137,A,140,3,3,CA23,DG,-1.2170734373850949,Control,bridges
145,A,148,3,3,CA23,DG,-0.4190479966191,Control,forests
152,A,155,3,3,CA23,DG,-1.1856957012348392,Control,bridges
157,A,160,3,3,CA23,DG,1.6408028484843875,Control,parks
175,A,178,3,3,CA23,DG,-0.17502954183194,Control,forests
198,A,201,3,3,CA23,DG,1.0479701202984826,Control,forests
205,A,208,3,3,CA23,DG,-0.48736378627011,Control,parks
215,A,218,3,3,CA23,DG,0.4166482118379692,Control,parks
225,A,228,3,3,CA23,DG,0.7696017694759542,Control,bridges
9,A,12,3,4,CA23,DG,0.3027790947623123,Control,bridges
25,A,28,3,4,CA23,DG,0.0863974294275377,Control,forests
36,A,39,3,4,CA23,DG,-0.0041365071131568,Control,parks
41,A,44,3,4,CA23,DG,1.6128925909122436,Control,forests
46,A,49,3,4,CA23,DG,1.6654773713225497,Control,parks
52,A,55,3,4,CA23,DG,1.7158202058880625,Control,bridges
64,A,67,3,4,CA23,DG,-0.1423068005660737,Control,bridges
80,A,83,3,4,CA23,DG,0.1609951008986719,Control,forests
87,A,90,3,4,CA23,DG,0.4606136345961659,Control,parks
96,A,99,3,4,CA23,DG,-0.2932869077564162,Control,parks
100,A,103,3,4,CA23,DG,-0.075345037577958,Control,bridges
118,A,121,3,4,CA23,DG,1.4404266835180188,Control,forests
138,A,141,3,4,CA23,DG,0.0774409447942076,Control,parks
154,A,157,3,4,CA23,DG,-0.0412373934489745,Control,forests
168,A,171,3,4,CA23,DG,0.937655011526825,Control,parks
184,A,187,3,4,CA23,DG,-0.7510470111186301,Control,parks
189,A,192,3,4,CA23,DG,1.478208784628442,Control,bridges
198,A,201,3,4,CA23,DG,7.616384816515853,Control,forests
208,A,211,3,4,CA23,DG,0.0165140969991987,Control,bridges
220,A,223,3,4,CA23,DG,0.0135709178553142,Control,bridges
226,A,229,3,4,CA23,DG,-1.81502736951266,Control,forests
18,A,21,4,2,CA23,DG,0.1589043888570503,Stress,fields
36,A,39,4,2,CA23,DG,-1.334984337862403,Stress,fields
43,A,46,4,2,CA23,DG,0.2885191096192943,Stress,lakes
56,A,59,4,2,CA23,DG,1.0463380035298322,Stress,bridges
99,A,102,4,2,CA23,DG,-0.3613143984052382,Stress,fields
111,A,114,4,2,CA23,DG,0.0488195024833538,Stress,lakes
116,A,119,4,2,CA23,DG,0.4039608739786607,Stress,bridges
121,A,124,4,2,CA23,DG,-0.0066387526538971,Stress,fields
128,A,131,4,2,CA23,DG,-1.858569567237916,Stress,lakes
146,A,149,4,2,CA23,DG,0.2737736378187931,Stress,bridges
154,A,157,4,2,CA23,DG,-1.1066223037288376,Stress,lakes
161,A,164,4,2,CA23,DG,0.8810912470304082,Stress,fields
168,A,171,4,2,CA23,DG,1.0707861088916586,Stress,lakes
180,A,183,4,2,CA23,DG,1.961687766965271,Stress,lakes
185,A,188,4,2,CA23,DG,-1.592002172631365,Stress,bridges
195,A,198,4,2,CA23,DG,-0.5785024056173743,Stress,fields
204,A,207,4,2,CA23,DG,-0.1830941682012165,Stress,bridges
208,A,211,4,2,CA23,DG,-0.5744471111067566,Stress,fields
218,A,221,4,2,CA23,DG,-0.2924792140156716,Stress,bridges
225,A,228,4,2,CA23,DG,-0.0421720256263713,Stress,lakes
233,A,236,4,2,CA23,DG,-0.1070698036930294,Stress,bridges
15,A,18,4,3,CA23,DG,-0.6307186749553733,Stress,lakes
20,A,23,4,3,CA23,DG,0.1195792167352013,Stress,bridges
27,A,30,4,3,CA23,DG,-0.12584180450591,Stress,lakes
42,A,45,4,3,CA23,DG,-0.0264879740157753,Stress,lakes
50,A,53,4,3,CA23,DG,-1.6586809459375973,Stress,bridges
60,A,63,4,3,CA23,DG,0.591760215719529,Stress,fields
71,A,74,4,3,CA23,DG,0.1520781532967122,Stress,fields
88,A,91,4,3,CA23,DG,0.0080004477380421,Stress,fields
105,A,108,4,3,CA23,DG,0.0674460105989813,Stress,bridges
116,A,119,4,3,CA23,DG,4.018175313525393,Stress,lakes
122,A,125,4,3,CA23,DG,0.0195971760753677,Stress,fields
127,A,130,4,3,CA23,DG,-0.236893859211853,Stress,bridges
140,A,143,4,3,CA23,DG,0.6529421241289957,Stress,bridges
161,A,164,4,3,CA23,DG,0.4931581643022816,Stress,fields
170,A,173,4,3,CA23,DG,1.3995165447735052,Stress,lakes
175,A,178,4,3,CA23,DG,2.066971962577328,Stress,bridges
181,A,184,4,3,CA23,DG,2.585806194969775,Stress,fields
188,A,191,4,3,CA23,DG,3.1291592852912564,Stress,lakes
203,A,206,4,3,CA23,DG,1.3917813888169597,Stress,lakes
210,A,213,4,3,CA23,DG,2.821963935619432,Stress,bridges
236,A,239,4,3,CA23,DG,-0.4227646413590388,Stress,fields
13,A,16,4,4,CA23,DG,-0.1753224404940558,Stress,lakes
19,A,22,4,4,CA23,DG,0.398602581206611,Stress,fields
37,A,40,4,4,CA23,DG,0.2449183806606401,Stress,fields
57,A,60,4,4,CA23,DG,-0.2280989944020425,Stress,bridges
61,A,64,4,4,CA23,DG,0.4663403604679895,Stress,fields
67,A,70,4,4,CA23,DG,0.6195273116988255,Stress,bridges
79,A,82,4,4,CA23,DG,-0.5995356621217319,Stress,bridges
93,A,96,4,4,CA23,DG,-6.521754599897381e-05,Stress,lakes
107,A,110,4,4,CA23,DG,-0.106052461158858,Stress,bridges
115,A,118,4,4,CA23,DG,0.8150749266140555,Stress,bridges
124,A,127,4,4,CA23,DG,0.0199013383666976,Stress,lakes
134,A,137,4,4,CA23,DG,-2.323012578801416e-05,Stress,lakes
150,A,153,4,4,CA23,DG,0.853515936383586,Stress,bridges
167,A,170,4,4,CA23,DG,-0.0540465509313307,Stress,bridges
174,A,177,4,4,CA23,DG,0.077907876367246,Stress,lakes
186,A,189,4,4,CA23,DG,-0.0043013669293171,Stress,fields
193,A,196,4,4,CA23,DG,0.0063342360908194,Stress,lakes
213,A,216,4,4,CA23,DG,1.0531324937651645,Stress,fields
220,A,223,4,4,CA23,DG,0.0001173360405695,Stress,fields
227,A,230,4,4,CA23,DG,-0.0724538288637096,Stress,fields
232,A,235,4,4,CA23,DG,0.1366447742638109,Stress,lakes
21,A,24,5,2,CA23,DG,-0.6578647320950979,Control,mountains
32,A,35,5,2,CA23,DG,0.1705473142299284,Control,lakes
37,A,40,5,2,CA23,DG,0.0886494751119731,Control,mountains
52,A,55,5,2,CA23,DG,-0.1503270090520633,Control,waterfalls
58,A,61,5,2,CA23,DG,-0.4040235970733344,Control,lakes
69,A,72,5,2,CA23,DG,0.2546909186520538,Control,waterfalls
74,A,77,5,2,CA23,DG,0.0248015109206745,Control,mountains
89,A,92,5,2,CA23,DG,0.3869822639096744,Control,mountains
94,A,97,5,2,CA23,DG,1.3577707950244606,Control,waterfalls
104,A,107,5,2,CA23,DG,5.463234011747869e-05,Control,waterfalls
111,A,114,5,2,CA23,DG,0.4277493275348621,Control,waterfalls
119,A,122,5,2,CA23,DG,-0.0156614206327975,Control,lakes
131,A,134,5,2,CA23,DG,-0.0978400071287743,Control,mountains
136,A,139,5,2,CA23,DG,0.3050011393492136,Control,lakes
147,A,150,5,2,CA23,DG,1.3907271893847837,Control,lakes
167,A,170,5,2,CA23,DG,1.4797882342374007,Control,mountains
174,A,177,5,2,CA23,DG,0.7733542756633672,Control,mountains
193,A,196,5,2,CA23,DG,0.121261810462612,Control,lakes
213,A,216,5,2,CA23,DG,-0.3472871714048656,Control,lakes
219,A,222,5,2,CA23,DG,-0.4356433730589935,Control,waterfalls
234,A,237,5,2,CA23,DG,-0.1372187182825149,Control,waterfalls
11,A,14,5,3,CA23,DG,-1.025158034425134,Control,waterfalls
27,A,30,5,3,CA23,DG,-0.0368207647062882,Control,mountains
33,A,36,5,3,CA23,DG,-0.3115922032091541,Control,lakes
46,A,49,5,3,CA23,DG,0.269435442802407,Control,lakes
52,A,55,5,3,CA23,DG,-0.3845520619147037,Control,mountains
67,A,70,5,3,CA23,DG,1.293217893744086,Control,lakes
80,A,83,5,3,CA23,DG,-0.384865678857431,Control,waterfalls
88,A,91,5,3,CA23,DG,0.8157200953286129,Control,mountains
100,A,103,5,3,CA23,DG,2.0768526061459065,Control,lakes
105,A,108,5,3,CA23,DG,0.2657847077200955,Control,mountains
112,A,115,5,3,CA23,DG,0.2699586892725256,Control,waterfalls
120,A,123,5,3,CA23,DG,0.2410272767005273,Control,mountains
138,A,141,5,3,CA23,DG,2.59440195154823,Control,waterfalls
147,A,150,5,3,CA23,DG,0.3929028177255853,Control,lakes
153,A,156,5,3,CA23,DG,0.1577518806642522,Control,waterfalls
159,A,162,5,3,CA23,DG,0.0046789901388034,Control,mountains
165,A,168,5,3,CA23,DG,0.5320777804091255,Control,waterfalls
188,A,191,5,3,CA23,DG,-0.3555296743932648,Control,waterfalls
200,A,203,5,3,CA23,DG,0.1786334687029588,Control,lakes
204,A,207,5,3,CA23,DG,-0.3086402984597962,Control,mountains
220,A,223,5,3,CA23,DG,1.5565343639908753,Control,lakes
5,A,8,5,4,CA23,DG,-0.5129645707416731,Control,mountains
11,A,14,5,4,CA23,DG,0.4644533577926752,Control,waterfalls
19,A,22,5,4,CA23,DG,0.4452060725227658,Control,mountains
32,A,35,5,4,CA23,DG,-0.2709346857420599,Control,waterfalls
48,A,51,5,4,CA23,DG,-0.1450650393810994,Control,waterfalls
60,A,63,5,4,CA23,DG,-0.3611422257884387,Control,lakes
65,A,68,5,4,CA23,DG,5.161546911463921e-05,Control,mountains
74,A,77,5,4,CA23,DG,0.1505498620966111,Control,waterfalls
91,A,94,5,4,CA23,DG,0.0009822789804877,Control,mountains
108,A,111,5,4,CA23,DG,0.0018428109680113,Control,lakes
125,A,128,5,4,CA23,DG,-0.5599520720238742,Control,lakes
137,A,140,5,4,CA23,DG,0.5661519114539645,Control,lakes
143,A,146,5,4,CA23,DG,3.2411330990720644,Control,mountains
150,A,153,5,4,CA23,DG,1.4326860449559602,Control,lakes
166,A,169,5,4,CA23,DG,0.0093014898717812,Control,waterfalls
170,A,173,5,4,CA23,DG,0.5141749155035704,Control,mountains
176,A,179,5,4,CA23,DG,0.1000503763701247,Control,waterfalls
186,A,189,5,4,CA23,DG,-0.0145888379666359,Control,lakes
197,A,200,5,4,CA23,DG,0.0810529367005951,Control,mountains
221,A,224,5,4,CA23,DG,0.6245650778334265,Control,waterfalls
234,A,237,5,4,CA23,DG,-0.0090209191856336,Control,lakes
13,A,16,7,2,CA23,DG,-0.4866387194054294,Control,lighthouses
20,A,23,7,2,CA23,DG,0.0019427130951813,Control,lighthouses
25,A,28,7,2,CA23,DG,3.923006731547957,Control,parks
39,A,42,7,2,CA23,DG,-0.005834238865415,Control,lighthouses
46,A,49,7,2,CA23,DG,1.4749416795560688,Control,forests
57,A,60,7,2,CA23,DG,0.0801719095788788,Control,forests
81,A,84,7,2,CA23,DG,0.5788514326742642,Control,parks
93,A,96,7,2,CA23,DG,-0.0337314838168713,Control,parks
104,A,107,7,2,CA23,DG,-0.2235607450787401,Control,parks
121,A,124,7,2,CA23,DG,-0.1782305069616272,Control,forests
127,A,130,7,2,CA23,DG,0.8230316545388336,Control,lighthouses
132,A,135,7,2,CA23,DG,-0.1691384297868989,Control,forests
141,A,144,7,2,CA23,DG,0.3893862550110277,Control,lighthouses
147,A,150,7,2,CA23,DG,0.5644477585608878,Control,forests
159,A,162,7,2,CA23,DG,0.8582815603643874,Control,lighthouses
171,A,174,7,2,CA23,DG,-0.6072690804219371,Control,forests
179,A,182,7,2,CA23,DG,0.7677328414997218,Control,lighthouses
194,A,197,7,2,CA23,DG,0.8178907873181606,Control,parks
200,A,203,7,2,CA23,DG,5.675713045512319,Control,forests
216,A,219,7,2,CA23,DG,0.4317111480662974,Control,parks
236,A,239,7,2,CA23,DG,0.0285924825676639,Control,parks
5,A,8,7,3,CA23,DG,0.0360857937857284,Control,forests
13,A,16,7,3,CA23,DG,-0.0152687616512395,Control,parks
22,A,25,7,3,CA23,DG,0.0723221124868031,Control,lighthouses
33,A,36,7,3,CA23,DG,1.901909158955457,Control,forests
40,A,43,7,3,CA23,DG,-0.83735300989574,Control,lighthouses
45,A,48,7,3,CA23,DG,-1.326834515132468,Control,parks
54,A,57,7,3,CA23,DG,-0.7191937208186278,Control,lighthouses
58,A,61,7,3,CA23,DG,0.5192889882726066,Control,forests
69,A,72,7,3,CA23,DG,-0.0821820824317212,Control,forests
89,A,92,7,3,CA23,DG,0.8033359398474545,Control,parks
96,A,99,7,3,CA23,DG,0.0249227279284871,Control,lighthouses
108,A,111,7,3,CA23,DG,0.3798120923645388,Control,lighthouses
114,A,117,7,3,CA23,DG,0.0221512527100398,Control,parks
120,A,123,7,3,CA23,DG,-0.0011227590502617,Control,forests
129,A,132,7,3,CA23,DG,-1.2185105277148556,Control,lighthouses
136,A,139,7,3,CA23,DG,1.5778096111141358,Control,forests
154,A,157,7,3,CA23,DG,1.051734226017985,Control,parks
184,A,187,7,3,CA23,DG,1.6983706973678787,Control,forests
190,A,193,7,3,CA23,DG,1.1519089279393664,Control,parks
195,A,198,7,3,CA23,DG,1.6704885009426176,Control,lighthouses
208,A,211,7,3,CA23,DG,0.0352459715260038,Control,parks
5,A,8,7,4,CA23,DG,-0.0030247388163951,Control,lighthouses
12,A,15,7,4,CA23,DG,-0.250443632479849,Control,forests
23,A,26,7,4,CA23,DG,1.0116241989110384,Control,parks
36,A,39,7,4,CA23,DG,0.0737640513628884,Control,forests
47,A,50,7,4,CA23,DG,0.4806697976636349,Control,lighthouses
65,A,68,7,4,CA23,DG,-0.007609410767394,Control,lighthouses
84,A,87,7,4,CA23,DG,0.1054555162912755,Control,parks
92,A,95,7,4,CA23,DG,-0.2230390193493415,Control,parks
115,A,118,7,4,CA23,DG,0.2068589273882976,Control,lighthouses
122,A,125,7,4,CA23,DG,2.337042378388956,Control,forests
144,A,147,7,4,CA23,DG,1.7195139609534071,Control,forests
151,A,154,7,4,CA23,DG,0.4432919147754308,Control,lighthouses
163,A,166,7,4,CA23,DG,1.2140212082544284,Control,lighthouses
169,A,172,7,4,CA23,DG,0.4806713374591228,Control,forests
173,A,176,7,4,CA23,DG,-0.2354912740306841,Control,parks
178,A,181,7,4,CA23,DG,-0.3665195204898276,Control,lighthouses
182,A,185,7,4,CA23,DG,2.054749831948207,Control,forests
203,A,206,7,4,CA23,DG,-0.2836593481413088,Control,parks
213,A,216,7,4,CA23,DG,0.6090820833917927,Control,parks
224,A,227,7,4,CA23,DG,-0.5453103407049975,Control,parks
235,A,238,7,4,CA23,DG,0.0127216399174232,Control,forests
11,A,14,8,2,CA23,DG,1.150676146532887,Control,lakes
17,A,20,8,2,CA23,DG,-1.8489624104169256,Control,beaches
26,A,29,8,2,CA23,DG,-0.2200384681109266,Control,lakes
38,A,41,8,2,CA23,DG,0.0101076892929581,Control,beaches
49,A,52,8,2,CA23,DG,1.1939837665322262,Control,lighthouses
63,A,66,8,2,CA23,DG,1.075213243235994,Control,lighthouses
83,A,86,8,2,CA23,DG,-0.2495748456903075,Control,lighthouses
93,A,96,8,2,CA23,DG,0.2018776824718021,Control,beaches
97,A,100,8,2,CA23,DG,0.679386605706826,Control,lighthouses
112,A,115,8,2,CA23,DG,0.0882757221227937,Control,lighthouses
123,A,126,8,2,CA23,DG,-1.8869451907945871,Control,beaches
131,A,134,8,2,CA23,DG,-0.3148702416134218,Control,lakes
140,A,143,8,2,CA23,DG,-0.0424146348930679,Control,beaches
152,A,155,8,2,CA23,DG,-0.1224282249109686,Control,lakes
163,A,166,8,2,CA23,DG,-0.6349327125477956,Control,lighthouses
172,A,175,8,2,CA23,DG,-0.0588217372000719,Control,lakes
182,A,185,8,2,CA23,DG,0.0831996308452144,Control,lighthouses
194,A,197,8,2,CA23,DG,0.5980619962020228,Control,lakes
218,A,221,8,2,CA23,DG,-0.2591355014953546,Control,beaches
235,A,238,8,2,CA23,DG,2.000806715180297,Control,beaches
5,A,8,8,3,CA23,DG,0.4921379434987779,Control,lakes
32,A,35,8,3,CA23,DG,-0.0004568206580145,Control,lighthouses
46,A,49,8,3,CA23,DG,0.0217504974668017,Control,beaches
57,A,60,8,3,CA23,DG,-0.5395350752734323,Control,lakes
61,A,64,8,3,CA23,DG,-0.2423783243628939,Control,lighthouses
67,A,70,8,3,CA23,DG,2.5884693485985824,Control,beaches
72,A,75,8,3,CA23,DG,0.1271770118108794,Control,lighthouses
87,A,90,8,3,CA23,DG,2.793264905364403,Control,lakes
98,A,101,8,3,CA23,DG,0.0004316491210571,Control,lakes
105,A,108,8,3,CA23,DG,1.082364509364359,Control,beaches
114,A,117,8,3,CA23,DG,0.7292947525184976,Control,lighthouses
126,A,129,8,3,CA23,DG,0.9934028588790677,Control,beaches
149,A,152,8,3,CA23,DG,0.017765768721774,Control,lakes
154,A,157,8,3,CA23,DG,1.0535436846210409,Control,lighthouses
167,A,170,8,3,CA23,DG,-1.3615607515770525,Control,beaches
179,A,182,8,3,CA23,DG,-0.5715098545947102,Control,lighthouses
188,A,191,8,3,CA23,DG,0.0045053181338644,Control,lighthouses
197,A,200,8,3,CA23,DG,0.0472597806598704,Control,lakes
207,A,210,8,3,CA23,DG,2.3560847472556428,Control,beaches
213,A,216,8,3,CA23,DG,-0.2822901923805174,Control,lakes
226,A,229,8,3,CA23,DG,-0.6969992508770089,Control,beaches
9,A,12,8,4,CA23,DG,0.0022684251604168,Control,lighthouses
18,A,21,8,4,CA23,DG,0.0656880950997857,Control,lighthouses
24,A,27,8,4,CA23,DG,0.5045602791558058,Control,lakes
33,A,36,8,4,CA23,DG,0.0033773447605976,Control,beaches
55,A,58,8,4,CA23,DG,0.0053361518628974,Control,beaches
70,A,73,8,4,CA23,DG,0.176011131416073,Control,beaches
78,A,81,8,4,CA23,DG,1.235739082813175,Control,beaches
84,A,87,8,4,CA23,DG,3.105349013919504,Control,lakes
104,A,107,8,4,CA23,DG,-1.471500724035039,Control,lakes
111,A,114,8,4,CA23,DG,0.0058299147858187,Control,lighthouses
122,A,125,8,4,CA23,DG,0.0018247441581412,Control,lighthouses
133,A,136,8,4,CA23,DG,0.0047317049001789,Control,lighthouses
145,A,148,8,4,CA23,DG,0.2046582624087166,Control,lakes
151,A,154,8,4,CA23,DG,2.457084297520016,Control,lighthouses
180,A,183,8,4,CA23,DG,-0.0001823832795822,Control,lakes
184,A,187,8,4,CA23,DG,0.4617538285997493,Control,lighthouses
192,A,195,8,4,CA23,DG,1.6339189290585825,Control,beaches
209,A,212,8,4,CA23,DG,0.2745667468496902,Control,lakes
215,A,218,8,4,CA23,DG,0.0673029782798023,Control,beaches
221,A,224,8,4,CA23,DG,0.2703561803689142,Control,lakes
236,A,239,8,4,CA23,DG,1.5513987014645394,Control,beaches
15,A,18,10,2,CA23,DG,-0.0297805043256006,Stress,lighthouses
23,A,26,10,2,CA23,DG,1.5110793936509015,Stress,mountains
43,A,46,10,2,CA23,DG,0.1063386440499147,Stress,lighthouses
51,A,54,10,2,CA23,DG,0.2023338836794749,Stress,mountains
62,A,65,10,2,CA23,DG,0.6931444087908857,Stress,lighthouses
72,A,75,10,2,CA23,DG,-0.4053154647372,Stress,mountains
78,A,81,10,2,CA23,DG,1.7358092480142475,Stress,lighthouses
83,A,86,10,2,CA23,DG,0.7260327446712064,Stress,mountains
122,A,125,10,2,CA23,DG,1.1477118308731482,Stress,fields
135,A,138,10,2,CA23,DG,4.194780588640453,Stress,lighthouses
150,A,153,10,2,CA23,DG,1.5348828271971178,Stress,fields
163,A,166,10,2,CA23,DG,-0.0044106556591587,Stress,mountains
168,A,171,10,2,CA23,DG,-1.224578922971392,Stress,fields
172,A,175,10,2,CA23,DG,-0.8772425492178277,Stress,mountains
178,A,181,10,2,CA23,DG,0.0719264370849187,Stress,lighthouses
196,A,199,10,2,CA23,DG,-0.356212070188401,Stress,fields
210,A,213,10,2,CA23,DG,0.0909399813083921,Stress,fields
214,A,217,10,2,CA23,DG,-0.1026433039094891,Stress,mountains
229,A,232,10,2,CA23,DG,1.261453136327508,Stress,lighthouses
236,A,239,10,2,CA23,DG,0.039977802732722,Stress,fields
5,A,8,10,3,CA23,DG,0.0561372726028666,Stress,lighthouses
19,A,22,10,3,CA23,DG,1.003582714083343,Stress,mountains
25,A,28,10,3,CA23,DG,-0.001245159470103,Stress,lighthouses
35,A,38,10,3,CA23,DG,0.45988188902885,Stress,fields
42,A,45,10,3,CA23,DG,0.4975475420998748,Stress,mountains
53,A,56,10,3,CA23,DG,0.0078132838591531,Stress,lighthouses
67,A,70,10,3,CA23,DG,-0.6967009443696464,Stress,lighthouses
75,A,78,10,3,CA23,DG,0.2159545335707364,Stress,mountains
141,A,144,10,3,CA23,DG,0.3312318876258673,Stress,fields
160,A,163,10,3,CA23,DG,4.519272824590178,Stress,fields
174,A,177,10,3,CA23,DG,0.6172986269490784,Stress,lighthouses
179,A,182,10,3,CA23,DG,-0.0016914758331747,Stress,mountains
227,A,230,10,3,CA23,DG,-0.2738724089206278,Stress,fields
234,A,237,10,3,CA23,DG,0.3622388887865777,Stress,mountains
5,A,8,10,4,CA23,DG,0.171023114787299,Stress,lighthouses
22,A,25,10,4,CA23,DG,0.2325475598824302,Stress,fields
27,A,30,10,4,CA23,DG,0.0574306841027743,Stress,mountains
54,A,57,10,4,CA23,DG,0.143142219715409,Stress,mountains
59,A,62,10,4,CA23,DG,-0.2838483461652911,Stress,lighthouses
76,A,79,10,4,CA23,DG,5.7329419465754885,Stress,mountains
83,A,86,10,4,CA23,DG,-0.095386821349601,Stress,lighthouses
93,A,96,10,4,CA23,DG,0.6611434510909138,Stress,lighthouses
113,A,116,10,4,CA23,DG,-0.0563518478858558,Stress,mountains
144,A,147,10,4,CA23,DG,0.0059570446204539,Stress,fields
153,A,156,10,4,CA23,DG,4.220471323432907,Stress,mountains
160,A,163,10,4,CA23,DG,-0.5101630615024831,Stress,mountains
168,A,171,10,4,CA23,DG,0.0848106188262274,Stress,lighthouses
177,A,180,10,4,CA23,DG,-0.5364752773451635,Stress,fields
223,A,226,10,4,CA23,DG,1.0228678705568277,Stress,mountains
233,A,236,10,4,CA23,DG,1.8474719442742291,Stress,fields
13,A,16,13,2,CA23,DG,0.6051743673318125,Control,fields
21,A,24,13,2,CA23,DG,-0.0575559338635146,Control,forests
29,A,32,13,2,CA23,DG,0.5618429023963311,Control,waterfalls
40,A,43,13,2,CA23,DG,0.4076694151795957,Control,waterfalls
44,A,47,13,2,CA23,DG,0.8825323149651884,Control,forests
62,A,65,13,2,CA23,DG,0.2722782371037839,Control,fields
74,A,77,13,2,CA23,DG,0.0742222319449834,Control,fields
94,A,97,13,2,CA23,DG,0.3976521812584599,Control,forests
109,A,112,13,2,CA23,DG,-1.4852659185112047,Control,waterfalls
117,A,120,13,2,CA23,DG,-0.171880067177393,Control,waterfalls
125,A,128,13,2,CA23,DG,1.426796062479128,Control,forests
151,A,154,13,2,CA23,DG,0.0008939754385885,Control,fields
160,A,163,13,2,CA23,DG,0.0018066707770835,Control,forests
165,A,168,13,2,CA23,DG,0.6611996151991317,Control,waterfalls
172,A,175,13,2,CA23,DG,-0.2917003045733785,Control,forests
184,A,187,13,2,CA23,DG,-0.2694680616242162,Control,fields
196,A,199,13,2,CA23,DG,0.033564764748617,Control,waterfalls
207,A,210,13,2,CA23,DG,-1.0097946926891086,Control,fields
218,A,221,13,2,CA23,DG,0.1128762169458289,Control,waterfalls
223,A,226,13,2,CA23,DG,0.7487784281053343,Control,forests
233,A,236,13,2,CA23,DG,0.1364773690035268,Control,fields
5,A,8,13,3,CA23,DG,1.957310457749049,Control,fields
19,A,22,13,3,CA23,DG,1.423604817293121,Control,forests
37,A,40,13,3,CA23,DG,0.0008443452277008,Control,fields
65,A,68,13,3,CA23,DG,0.8833052437211305,Control,waterfalls
77,A,80,13,3,CA23,DG,2.078026586248393,Control,waterfalls
88,A,91,13,3,CA23,DG,-0.5906109356051451,Control,fields
101,A,104,13,3,CA23,DG,0.0004723935073494,Control,fields
117,A,120,13,3,CA23,DG,-0.0003151401057375,Control,waterfalls
127,A,130,13,3,CA23,DG,1.0565545350952266,Control,waterfalls
136,A,139,13,3,CA23,DG,-0.0315195559768904,Control,forests
145,A,148,13,3,CA23,DG,4.568561944586161e-05,Control,forests
154,A,157,13,3,CA23,DG,-0.0144172165596674,Control,waterfalls
164,A,167,13,3,CA23,DG,-0.0239346303370335,Control,forests
170,A,173,13,3,CA23,DG,2.0423712158292684,Control,fields
176,A,179,13,3,CA23,DG,-0.001958753735118,Control,forests
182,A,185,13,3,CA23,DG,-0.1389523003492603,Control,waterfalls
187,A,190,13,3,CA23,DG,0.3263541807632595,Control,fields
201,A,204,13,3,CA23,DG,-0.1118800788816069,Control,fields
206,A,209,13,3,CA23,DG,0.0112491345966072,Control,waterfalls
217,A,220,13,3,CA23,DG,2.110185937562178,Control,forests
230,A,233,13,3,CA23,DG,-1.834477118271201,Control,forests
8,A,11,13,4,CA23,DG,-0.309280507435327,Control,forests
14,A,17,13,4,CA23,DG,0.5535611982628791,Control,fields
28,A,31,13,4,CA23,DG,-1.324485858331155,Control,forests
38,A,41,13,4,CA23,DG,0.0290719162436959,Control,fields
46,A,49,13,4,CA23,DG,0.0766015497806845,Control,waterfalls
61,A,64,13,4,CA23,DG,2.1694749014058248,Control,waterfalls
70,A,73,13,4,CA23,DG,2.594570528377417,Control,fields
78,A,81,13,4,CA23,DG,2.685461724411984,Control,fields
90,A,93,13,4,CA23,DG,0.8491245528943343,Control,fields
96,A,99,13,4,CA23,DG,0.4766839274303432,Control,waterfalls
102,A,105,13,4,CA23,DG,0.0588483930079729,Control,forests
110,A,113,13,4,CA23,DG,-0.3269438435902869,Control,waterfalls
118,A,121,13,4,CA23,DG,-1.096010143395719,Control,fields
144,A,147,13,4,CA23,DG,0.6523343656429368,Control,forests
155,A,158,13,4,CA23,DG,0.4163705970271336,Control,forests
161,A,164,13,4,CA23,DG,0.4936390580922,Control,forests
170,A,173,13,4,CA23,DG,0.2852845351160631,Control,fields
197,A,200,13,4,CA23,DG,0.0017653079207319,Control,waterfalls
210,A,213,13,4,CA23,DG,-0.1740510549571405,Control,waterfalls
219,A,222,13,4,CA23,DG,-0.1024169272443319,Control,forests
228,A,231,13,4,CA23,DG,-0.1016355033343747,Control,waterfalls
8,A,11,14,2,CA23,DG,0.5164645549779326,Stress,bridges
16,A,19,14,2,CA23,DG,-0.2339993349342594,Stress,fields
26,A,29,14,2,CA23,DG,-0.1678689006539578,Stress,fields
36,A,39,14,2,CA23,DG,-0.3632680221986796,Stress,bridges
46,A,49,14,2,CA23,DG,0.0423127694095579,Stress,bridges
58,A,61,14,2,CA23,DG,-0.0743469409281675,Stress,waterfalls
67,A,70,14,2,CA23,DG,0.2222130134222944,Stress,fields
86,A,89,14,2,CA23,DG,-1.2611367446054496,Stress,fields
98,A,101,14,2,CA23,DG,1.100733393045768,Stress,fields
115,A,118,14,2,CA23,DG,0.4585857598216981,Stress,waterfalls
126,A,129,14,2,CA23,DG,0.0183830305675567,Stress,bridges
132,A,135,14,2,CA23,DG,3.342791974490164,Stress,fields
140,A,143,14,2,CA23,DG,-0.0228618802942901,Stress,bridges
152,A,155,14,2,CA23,DG,1.3295346982645997,Stress,waterfalls
161,A,164,14,2,CA23,DG,0.5337647772054431,Stress,waterfalls
186,A,189,14,2,CA23,DG,-0.7550640486171423,Stress,bridges
196,A,199,14,2,CA23,DG,0.206869515449749,Stress,waterfalls
209,A,212,14,2,CA23,DG,0.3595992419625901,Stress,waterfalls
216,A,219,14,2,CA23,DG,0.923205321510906,Stress,fields
224,A,227,14,2,CA23,DG,-0.0403992094854793,Stress,waterfalls
228,A,231,14,2,CA23,DG,-0.034526020100768,Stress,bridges
5,A,8,14,3,CA23,DG,0.075120847098296,Stress,fields
18,A,21,14,3,CA23,DG,1.2312404104898147,Stress,fields
22,A,25,14,3,CA23,DG,-0.1447113328971063,Stress,bridges
30,A,33,14,3,CA23,DG,0.0805535501155494,Stress,bridges
35,A,38,14,3,CA23,DG,2.010076671839318,Stress,fields
56,A,59,14,3,CA23,DG,0.5472181357566267,Stress,waterfalls
74,A,77,14,3,CA23,DG,0.1794934681928992,Stress,fields
83,A,86,14,3,CA23,DG,-0.5455257085690887,Stress,bridges
89,A,92,14,3,CA23,DG,0.4863208989394535,Stress,waterfalls
103,A,106,14,3,CA23,DG,0.2403083269110035,Stress,bridges
111,A,114,14,3,CA23,DG,0.0240231006870338,Stress,fields
131,A,134,14,3,CA23,DG,-0.0966300651034804,Stress,waterfalls
143,A,146,14,3,CA23,DG,0.2624809837079802,Stress,fields
159,A,162,14,3,CA23,DG,-0.815781118559905,Stress,waterfalls
168,A,171,14,3,CA23,DG,0.6641420731154246,Stress,bridges
181,A,184,14,3,CA23,DG,-0.2396695315615245,Stress,bridges
187,A,190,14,3,CA23,DG,-0.0763373601602962,Stress,waterfalls
194,A,197,14,3,CA23,DG,-1.6733775010758507,Stress,bridges
210,A,213,14,3,CA23,DG,0.0472163803986273,Stress,waterfalls
230,A,233,14,3,CA23,DG,-0.0224874537169616,Stress,waterfalls
236,A,239,14,3,CA23,DG,-0.5401561912767558,Stress,fields
10,A,13,14,4,CA23,DG,-0.8616471359009426,Stress,fields
14,A,17,14,4,CA23,DG,-0.1466995269288025,Stress,bridges
31,A,34,14,4,CA23,DG,-0.2090624501517794,Stress,waterfalls
36,A,39,14,4,CA23,DG,0.1310704256612824,Stress,fields
43,A,46,14,4,CA23,DG,-0.2386105601462894,Stress,bridges
51,A,54,14,4,CA23,DG,-0.1087073199988464,Stress,fields
56,A,59,14,4,CA23,DG,0.5232634283046322,Stress,waterfalls
67,A,70,14,4,CA23,DG,1.2929855477327614,Stress,waterfalls
77,A,80,14,4,CA23,DG,-0.3968366422591837,Stress,bridges
86,A,89,14,4,CA23,DG,0.758405412559849,Stress,fields
104,A,107,14,4,CA23,DG,-0.2223974618793968,Stress,waterfalls
113,A,116,14,4,CA23,DG,-1.9902108451526563,Stress,waterfalls
146,A,149,14,4,CA23,DG,-0.3559931030870009,Stress,fields
157,A,160,14,4,CA23,DG,-1.2208821158723304,Stress,bridges
167,A,170,14,4,CA23,DG,4.008726780634747,Stress,bridges
176,A,179,14,4,CA23,DG,0.4241188719837349,Stress,fields
184,A,187,14,4,CA23,DG,0.1296849288879245,Stress,bridges
204,A,207,14,4,CA23,DG,2.9036006671410424,Stress,waterfalls
216,A,219,14,4,CA23,DG,-1.0737231892900456,Stress,waterfalls
5,A,8,15,2,CA23,DG,0.1543553319026491,Control,lakes
13,A,16,15,2,CA23,DG,-0.30102541609843,Control,lakes
19,A,22,15,2,CA23,DG,-0.1258331664113977,Control,mountains
34,A,37,15,2,CA23,DG,0.2108829146126117,Control,lakes
45,A,48,15,2,CA23,DG,0.9095368121467364,Control,lakes
54,A,57,15,2,CA23,DG,1.0145596596732067,Control,deserts
63,A,66,15,2,CA23,DG,-0.4833608154277895,Control,deserts
82,A,85,15,2,CA23,DG,0.1600367221897577,Control,mountains
89,A,92,15,2,CA23,DG,-0.007766190498158,Control,mountains
118,A,121,15,2,CA23,DG,-0.0531392883286601,Control,deserts
128,A,131,15,2,CA23,DG,1.105865940048548,Control,mountains
141,A,144,15,2,CA23,DG,-0.0141227910255189,Control,deserts
146,A,149,15,2,CA23,DG,1.0495374756659068,Control,lakes
153,A,156,15,2,CA23,DG,0.2806081614129342,Control,deserts
161,A,164,15,2,CA23,DG,-0.2260365052880841,Control,lakes
180,A,183,15,2,CA23,DG,0.053294554439486,Control,deserts
192,A,195,15,2,CA23,DG,0.8154151145674197,Control,mountains
198,A,201,15,2,CA23,DG,0.0024637383899583,Control,deserts
204,A,207,15,2,CA23,DG,-0.0010424869580508,Control,mountains
212,A,215,15,2,CA23,DG,-0.3143387770141921,Control,lakes
229,A,232,15,2,CA23,DG,2.483051337652438,Control,mountains
13,A,16,15,3,CA23,DG,0.0002055900865897,Control,lakes
32,A,35,15,3,CA23,DG,0.3673797857411116,Control,mountains
40,A,43,15,3,CA23,DG,0.0745697094565666,Control,lakes
52,A,55,15,3,CA23,DG,1.4097413677449682,Control,deserts
60,A,63,15,3,CA23,DG,0.1596967208056365,Control,mountains
69,A,72,15,3,CA23,DG,0.364675469745152,Control,mountains
79,A,82,15,3,CA23,DG,-0.5325296510027098,Control,lakes
91,A,94,15,3,CA23,DG,0.0983815818768759,Control,deserts
106,A,109,15,3,CA23,DG,-0.0031350994842323,Control,lakes
110,A,113,15,3,CA23,DG,0.3665424046990549,Control,deserts
126,A,129,15,3,CA23,DG,0.3883501533235028,Control,lakes
141,A,144,15,3,CA23,DG,2.4447782504153475,Control,deserts
155,A,158,15,3,CA23,DG,-0.318760279950145,Control,mountains
165,A,168,15,3,CA23,DG,0.0004939136276678,Control,deserts
181,A,184,15,3,CA23,DG,-0.5311008068331664,Control,mountains
194,A,197,15,3,CA23,DG,0.9741778841061892,Control,deserts
201,A,204,15,3,CA23,DG,0.6938779592435143,Control,lakes
206,A,209,15,3,CA23,DG,1.613075661401531,Control,mountains
225,A,228,15,3,CA23,DG,0.3365466499039604,Control,mountains
230,A,233,15,3,CA23,DG,6.792965419355038,Control,deserts
236,A,239,15,3,CA23,DG,1.067833451043378,Control,lakes
9,A,12,15,4,CA23,DG,-0.0567526488878218,Control,mountains
17,A,20,15,4,CA23,DG,-0.1301692669511527,Control,deserts
27,A,30,15,4,CA23,DG,-0.1924133444438175,Control,mountains
34,A,37,15,4,CA23,DG,0.4452861525902984,Control,lakes
38,A,41,15,4,CA23,DG,0.8681828447301986,Control,deserts
50,A,53,15,4,CA23,DG,-0.4705735926811329,Control,lakes
62,A,65,15,4,CA23,DG,-0.1590410478840607,Control,lakes
78,A,81,15,4,CA23,DG,-0.0124286208727681,Control,deserts
96,A,99,15,4,CA23,DG,0.3024544024676723,Control,lakes
101,A,104,15,4,CA23,DG,0.2248892097812337,Control,mountains
110,A,113,15,4,CA23,DG,-0.0039286324356173,Control,mountains
130,A,133,15,4,CA23,DG,0.2376335419331223,Control,mountains
141,A,144,15,4,CA23,DG,2.2864530152454945,Control,mountains
150,A,153,15,4,CA23,DG,0.0122500399196915,Control,deserts
158,A,161,15,4,CA23,DG,0.5413631062593589,Control,lakes
163,A,166,15,4,CA23,DG,3.5139512805246755,Control,deserts
173,A,176,15,4,CA23,DG,0.4267833249610707,Control,deserts
196,A,199,15,4,CA23,DG,0.0373731610555301,Control,lakes
203,A,206,15,4,CA23,DG,1.6574642619958322,Control,deserts
225,A,228,15,4,CA23,DG,1.4426300138189612,Control,lakes
233,A,236,15,4,CA23,DG,2.8860825339484983,Control,mountains
16,A,19,17,2,CA23,DG,0.1943237175477403,Control,marshes
36,A,39,17,2,CA23,DG,1.0634500017036077,Control,canyons
43,A,46,17,2,CA23,DG,-0.3239822864855144,Control,fields
49,A,52,17,2,CA23,DG,-0.4442240635491758,Control,canyons
63,A,66,17,2,CA23,DG,-0.0966672073980628,Control,canyons
81,A,84,17,2,CA23,DG,1.1536623114043554,Control,marshes
91,A,94,17,2,CA23,DG,-0.0414341006629467,Control,fields
97,A,100,17,2,CA23,DG,-0.7698582179416027,Control,canyons
107,A,110,17,2,CA23,DG,1.8939111260517727,Control,fields
111,A,114,17,2,CA23,DG,-0.0729341350387439,Control,canyons
118,A,121,17,2,CA23,DG,-0.1016670262755874,Control,fields
122,A,125,17,2,CA23,DG,-0.579717712879225,Control,marshes
133,A,136,17,2,CA23,DG,1.3957952501312043,Control,fields
139,A,142,17,2,CA23,DG,-0.1367769783218612,Control,marshes
152,A,155,17,2,CA23,DG,0.0029051360373053,Control,canyons
182,A,185,17,2,CA23,DG,0.0419555381507846,Control,marshes
192,A,195,17,2,CA23,DG,2.933426787434187,Control,fields
206,A,209,17,2,CA23,DG,0.6371701572441427,Control,canyons
211,A,214,17,2,CA23,DG,-0.0527360813647304,Control,fields
217,A,220,17,2,CA23,DG,0.3575853448305829,Control,marshes
228,A,231,17,2,CA23,DG,1.0081973533298365,Control,marshes
7,A,10,17,3,CA23,DG,-0.1969905546907158,Control,fields
15,A,18,17,3,CA23,DG,-0.0075404517284929,Control,fields
24,A,27,17,3,CA23,DG,-0.3079434618283512,Control,marshes
49,A,52,17,3,CA23,DG,0.0353796148390845,Control,marshes
60,A,63,17,3,CA23,DG,0.4427024362053086,Control,fields
76,A,79,17,3,CA23,DG,-0.133079616581094,Control,canyons
81,A,84,17,3,CA23,DG,1.2983484422274258,Control,marshes
88,A,91,17,3,CA23,DG,0.4581023345229076,Control,marshes
99,A,102,17,3,CA23,DG,0.0620974735706146,Control,marshes
109,A,112,17,3,CA23,DG,-0.2808870832357427,Control,fields
115,A,118,17,3,CA23,DG,0.2589204454085295,Control,canyons
125,A,128,17,3,CA23,DG,-0.7205283136414992,Control,fields
142,A,145,17,3,CA23,DG,-0.8652527081488117,Control,canyons
177,A,180,17,3,CA23,DG,-0.793700240974875,Control,canyons
186,A,189,17,3,CA23,DG,-0.0211931827264082,Control,fields
199,A,202,17,3,CA23,DG,1.0631075864553543,Control,canyons
219,A,222,17,3,CA23,DG,-0.3453258098124179,Control,canyons
223,A,226,17,3,CA23,DG,1.1010553704788704,Control,marshes
228,A,231,17,3,CA23,DG,-0.0622578504732309,Control,canyons
237,A,240,17,3,CA23,DG,-0.6457754084461187,Control,fields
9,A,12,17,4,CA23,DG,2.468252775140689,Control,fields
17,A,20,17,4,CA23,DG,-0.4431181737270462,Control,marshes
25,A,28,17,4,CA23,DG,0.0707143351799887,Control,canyons
41,A,44,17,4,CA23,DG,-0.0212499831416236,Control,fields
50,A,53,17,4,CA23,DG,-0.0699399085996678,Control,marshes
60,A,63,17,4,CA23,DG,0.0166299258839747,Control,fields
72,A,75,17,4,CA23,DG,0.4284122374966378,Control,marshes
88,A,91,17,4,CA23,DG,0.0290228541278775,Control,marshes
93,A,96,17,4,CA23,DG,0.933090651814954,Control,fields
105,A,108,17,4,CA23,DG,2.754095292986019,Control,marshes
131,A,134,17,4,CA23,DG,-0.0230976934001975,Control,marshes
181,A,184,17,4,CA23,DG,0.1825609172608824,Control,canyons
202,A,205,17,4,CA23,DG,0.7184933176663163,Control,fields
219,A,222,17,4,CA23,DG,0.6304370564491028,Control,canyons
233,A,236,17,4,CA23,DG,-0.0311448236535277,Control,marshes
8,A,11,20,2,CA23,DG,0.0040229780821283,Control,parks
16,A,19,20,2,CA23,DG,-1.4198497153548917,Control,beaches
33,A,36,20,2,CA23,DG,-0.0045844575970213,Control,deserts
40,A,43,20,2,CA23,DG,1.2207930584722118,Control,beaches
55,A,58,20,2,CA23,DG,0.2081435557155189,Control,parks
73,A,76,20,2,CA23,DG,0.1295281978209745,Control,beaches
80,A,83,20,2,CA23,DG,-0.3928746496176938,Control,deserts
86,A,89,20,2,CA23,DG,1.5662026277158374,Control,parks
104,A,107,20,2,CA23,DG,-0.0311880674401888,Control,beaches
110,A,113,20,2,CA23,DG,0.0854564099094549,Control,parks
124,A,127,20,2,CA23,DG,0.1697887348545463,Control,deserts
132,A,135,20,2,CA23,DG,0.0574777645151454,Control,beaches
157,A,160,20,2,CA23,DG,-0.9218927544315536,Control,parks
162,A,165,20,2,CA23,DG,-0.7823665376003616,Control,deserts
174,A,177,20,2,CA23,DG,0.8063077436786905,Control,parks
193,A,196,20,2,CA23,DG,1.7357669550249493,Control,deserts
199,A,202,20,2,CA23,DG,0.0578427341344695,Control,parks
205,A,208,20,2,CA23,DG,2.72628846168525,Control,deserts
214,A,217,20,2,CA23,DG,0.247106959244429,Control,beaches
220,A,223,20,2,CA23,DG,-0.202891017219775,Control,deserts
228,A,231,20,2,CA23,DG,-0.0173245224226277,Control,beaches
32,A,35,20,3,CA23,DG,0.5842334924670336,Control,parks
42,A,45,20,3,CA23,DG,-1.973542117332146,Control,deserts
47,A,50,20,3,CA23,DG,0.0817502022836878,Control,beaches
68,A,71,20,3,CA23,DG,1.712845953542147,Control,deserts
74,A,77,20,3,CA23,DG,5.1939137842945655,Control,beaches
88,A,91,20,3,CA23,DG,2.8412129086162388,Control,parks
102,A,105,20,3,CA23,DG,0.4213531195370036,Control,beaches
110,A,113,20,3,CA23,DG,-0.0100705333331369,Control,parks
124,A,127,20,3,CA23,DG,0.3878965336896303,Control,deserts
135,A,138,20,3,CA23,DG,-0.1953503081636185,Control,parks
142,A,145,20,3,CA23,DG,0.0017311283177709,Control,beaches
162,A,165,20,3,CA23,DG,0.2390600917907124,Control,deserts
168,A,171,20,3,CA23,DG,-1.190482046630669,Control,beaches
176,A,179,20,3,CA23,DG,0.6141062746407175,Control,beaches
184,A,187,20,3,CA23,DG,0.2109280246407759,Control,parks
201,A,204,20,3,CA23,DG,0.2955946680750568,Control,deserts
206,A,209,20,3,CA23,DG,0.1092390505023702,Control,parks
210,A,213,20,3,CA23,DG,1.514551552955864,Control,deserts
218,A,221,20,3,CA23,DG,-0.1835936048583255,Control,deserts
226,A,229,20,3,CA23,DG,-0.0121376215186894,Control,beaches
234,A,237,20,3,CA23,DG,0.024472756689584,Control,parks
5,A,8,20,4,CA23,DG,-0.0134297095366613,Control,parks
14,A,17,20,4,CA23,DG,0.907091568976754,Control,deserts
37,A,40,20,4,CA23,DG,-0.1416963681168163,Control,parks
57,A,60,20,4,CA23,DG,0.6016317911834997,Control,beaches
66,A,69,20,4,CA23,DG,0.0436881163795952,Control,beaches
76,A,79,20,4,CA23,DG,-0.0277856150116419,Control,deserts
81,A,84,20,4,CA23,DG,0.8737274266324393,Control,beaches
97,A,100,20,4,CA23,DG,0.1796001221195643,Control,parks
114,A,117,20,4,CA23,DG,-0.1226691496872664,Control,beaches
138,A,141,20,4,CA23,DG,-0.926499333063038,Control,deserts
144,A,147,20,4,CA23,DG,0.1901740267772152,Control,beaches
157,A,160,20,4,CA23,DG,3.564809439985624,Control,parks
164,A,167,20,4,CA23,DG,-0.8585205234330466,Control,parks
170,A,173,20,4,CA23,DG,0.317487112923161,Control,beaches
177,A,180,20,4,CA23,DG,0.876854191780735,Control,parks
185,A,188,20,4,CA23,DG,0.3153245958390623,Control,beaches
190,A,193,20,4,CA23,DG,-1.3562055765280112,Control,deserts
207,A,210,20,4,CA23,DG,0.3809238368972713,Control,deserts
212,A,215,20,4,CA23,DG,0.2409958520536807,Control,parks
220,A,223,20,4,CA23,DG,-0.3444001978899078,Control,deserts
228,A,231,20,4,CA23,DG,0.0042755491640084,Control,deserts
10,A,13,21,2,CA23,DG,0.8474162740458956,Stress,beaches
28,A,31,21,2,CA23,DG,1.1427877814926608,Stress,deserts
43,A,46,21,2,CA23,DG,0.3254772453718851,Stress,deserts
51,A,54,21,2,CA23,DG,-0.0480487200754132,Stress,beaches
59,A,62,21,2,CA23,DG,0.0976658062134922,Stress,beaches
75,A,78,21,2,CA23,DG,-0.1969243495786881,Stress,deserts
82,A,85,21,2,CA23,DG,0.0215903628394867,Stress,marshes
93,A,96,21,2,CA23,DG,0.4572975430289737,Stress,marshes
99,A,102,21,2,CA23,DG,2.56265439529096,Stress,beaches
107,A,110,21,2,CA23,DG,0.3394017700208601,Stress,beaches
114,A,117,21,2,CA23,DG,0.8726735475495566,Stress,deserts
127,A,130,21,2,CA23,DG,-0.0616887728018864,Stress,beaches
136,A,139,21,2,CA23,DG,0.0867368701036383,Stress,marshes
152,A,155,21,2,CA23,DG,1.8241554110186589,Stress,deserts
164,A,167,21,2,CA23,DG,-0.0447241521480948,Stress,deserts
190,A,193,21,2,CA23,DG,-0.8980902120000256,Stress,marshes
206,A,209,21,2,CA23,DG,-0.0817560330152222,Stress,marshes
217,A,220,21,2,CA23,DG,-0.0915615028825172,Stress,marshes
227,A,230,21,2,CA23,DG,0.7214050248667567,Stress,deserts
232,A,235,21,2,CA23,DG,0.0188688603327661,Stress,marshes
238,A,241,21,2,CA23,DG,-0.087715929424616,Stress,beaches
10,A,13,21,3,CA23,DG,0.4882090365355829,Stress,deserts
16,A,19,21,3,CA23,DG,1.3270892564709542,Stress,marshes
35,A,38,21,3,CA23,DG,-0.0233137158512787,Stress,beaches
46,A,49,21,3,CA23,DG,2.437835241520188,Stress,deserts
51,A,54,21,3,CA23,DG,-0.0492921331721718,Stress,marshes
61,A,64,21,3,CA23,DG,0.341963218711414,Stress,beaches
70,A,73,21,3,CA23,DG,0.1912776089263429,Stress,marshes
93,A,96,21,3,CA23,DG,0.2040058533731402,Stress,marshes
102,A,105,21,3,CA23,DG,0.3280936563684309,Stress,deserts
124,A,127,21,3,CA23,DG,-0.6009386937818076,Stress,beaches
134,A,137,21,3,CA23,DG,3.712785258653117,Stress,beaches
143,A,146,21,3,CA23,DG,-0.1280958134938074,Stress,beaches
149,A,152,21,3,CA23,DG,-0.0705701164753749,Stress,beaches
155,A,158,21,3,CA23,DG,-0.033434435702541,Stress,deserts
166,A,169,21,3,CA23,DG,-0.7229319687128118,Stress,deserts
170,A,173,21,3,CA23,DG,-0.0566534806437101,Stress,marshes
179,A,182,21,3,CA23,DG,0.8557897992718938,Stress,beaches
207,A,210,21,3,CA23,DG,0.3580590569527019,Stress,marshes
215,A,218,21,3,CA23,DG,0.1188244628932542,Stress,deserts
224,A,227,21,3,CA23,DG,0.0459098511448426,Stress,marshes
229,A,232,21,3,CA23,DG,0.6530954037397645,Stress,deserts
18,A,21,21,4,CA23,DG,0.8132112166836645,Stress,marshes
28,A,31,21,4,CA23,DG,0.5164007101747612,Stress,beaches
34,A,37,21,4,CA23,DG,0.1004553769891683,Stress,marshes
43,A,46,21,4,CA23,DG,0.9285690522136476,Stress,beaches
48,A,51,21,4,CA23,DG,0.2633784852095845,Stress,deserts
57,A,60,21,4,CA23,DG,0.2804539081553152,Stress,marshes
68,A,71,21,4,CA23,DG,0.1786823370830857,Stress,deserts
82,A,85,21,4,CA23,DG,-0.6734251686227274,Stress,deserts
90,A,93,21,4,CA23,DG,-2.0859265235056275,Stress,beaches
99,A,102,21,4,CA23,DG,0.3984206853602433,Stress,marshes
115,A,118,21,4,CA23,DG,0.0151493540650121,Stress,beaches
120,A,123,21,4,CA23,DG,-0.0587475980790372,Stress,marshes
133,A,136,21,4,CA23,DG,-0.1221072045140482,Stress,deserts
154,A,157,21,4,CA23,DG,-0.9301515294221476,Stress,marshes
164,A,167,21,4,CA23,DG,0.0285227023247032,Stress,deserts
174,A,177,21,4,CA23,DG,-0.1657815748598361,Stress,deserts
183,A,186,21,4,CA23,DG,1.3366089049931889,Stress,beaches
195,A,198,21,4,CA23,DG,-0.4906603632532109,Stress,marshes
208,A,211,21,4,CA23,DG,2.4843055447336697,Stress,beaches
229,A,232,21,4,CA23,DG,-2.022913229589251,Stress,deserts
236,A,239,21,4,CA23,DG,0.88080906088567,Stress,beaches
11,A,14,23,2,CA23,DG,0.035021379600985,Stress,parks
22,A,25,23,2,CA23,DG,-0.13570361582743,Stress,lighthouses
34,A,37,23,2,CA23,DG,-0.9784758460243488,Stress,parks
39,A,42,23,2,CA23,DG,0.0544370354819384,Stress,canyons
48,A,51,23,2,CA23,DG,0.8241739995967178,Stress,parks
58,A,61,23,2,CA23,DG,0.7998958022119672,Stress,canyons
74,A,77,23,2,CA23,DG,-0.150084632558221,Stress,parks
92,A,95,23,2,CA23,DG,1.1612311086391756,Stress,canyons
101,A,104,23,2,CA23,DG,1.707415864900386,Stress,lighthouses
114,A,117,23,2,CA23,DG,-0.1674467038298161,Stress,canyons
124,A,127,23,2,CA23,DG,-0.1863906328049572,Stress,parks
132,A,135,23,2,CA23,DG,-1.7760004856176494,Stress,lighthouses
141,A,144,23,2,CA23,DG,0.1728749120024487,Stress,lighthouses
169,A,172,23,2,CA23,DG,0.1690346129149045,Stress,canyons
175,A,178,23,2,CA23,DG,0.9824392242513412,Stress,lighthouses
185,A,188,23,2,CA23,DG,-3.2595478978498864,Stress,lighthouses
195,A,198,23,2,CA23,DG,3.906697694910751,Stress,canyons
205,A,208,23,2,CA23,DG,0.5154688507113231,Stress,parks
211,A,214,23,2,CA23,DG,0.1320383583014633,Stress,canyons
224,A,227,23,2,CA23,DG,0.1018396635893283,Stress,lighthouses
232,A,235,23,2,CA23,DG,0.4828533309869756,Stress,parks
5,A,8,23,3,CA23,DG,-0.1897961559877063,Stress,lighthouses
22,A,25,23,3,CA23,DG,-0.1355917206784101,Stress,parks
36,A,39,23,3,CA23,DG,-0.0410154182633823,Stress,canyons
45,A,48,23,3,CA23,DG,0.3771719670657925,Stress,parks
61,A,64,23,3,CA23,DG,1.2747944429937237,Stress,lighthouses
68,A,71,23,3,CA23,DG,0.1903173503310675,Stress,lighthouses
83,A,86,23,3,CA23,DG,0.7189459544670596,Stress,canyons
93,A,96,23,3,CA23,DG,-0.9925110070356412,Stress,lighthouses
100,A,103,23,3,CA23,DG,0.6537419334358253,Stress,parks
107,A,110,23,3,CA23,DG,1.239144924377417,Stress,canyons
129,A,132,23,3,CA23,DG,3.634253427167596,Stress,lighthouses
139,A,142,23,3,CA23,DG,2.0397577266180456,Stress,parks
144,A,147,23,3,CA23,DG,0.2767516542352073,Stress,canyons
149,A,152,23,3,CA23,DG,1.0614605059486326,Stress,parks
164,A,167,23,3,CA23,DG,-0.178658989790319,Stress,parks
171,A,174,23,3,CA23,DG,-0.0916195766656136,Stress,canyons
195,A,198,23,3,CA23,DG,1.278130212465336,Stress,lighthouses
211,A,214,23,3,CA23,DG,0.0399339478672252,Stress,canyons
219,A,222,23,3,CA23,DG,0.0085832531033464,Stress,lighthouses
226,A,229,23,3,CA23,DG,-1.142340967493385,Stress,canyons
230,A,233,23,3,CA23,DG,1.152361374202667,Stress,parks
10,A,13,23,4,CA23,DG,-0.0232097026472368,Stress,lighthouses
20,A,23,23,4,CA23,DG,-0.4350786244369775,Stress,parks
32,A,35,23,4,CA23,DG,-0.3088196309989435,Stress,lighthouses
40,A,43,23,4,CA23,DG,2.791179772488737,Stress,parks
52,A,55,23,4,CA23,DG,-0.0153105415468947,Stress,canyons
70,A,73,23,4,CA23,DG,0.7554912325512505,Stress,canyons
77,A,80,23,4,CA23,DG,0.6963298627454648,Stress,canyons
89,A,92,23,4,CA23,DG,0.2801774383863105,Stress,lighthouses
94,A,97,23,4,CA23,DG,0.017602629600759,Stress,parks
99,A,102,23,4,CA23,DG,0.014759962992987,Stress,canyons
107,A,110,23,4,CA23,DG,5.876072664269175,Stress,lighthouses
113,A,116,23,4,CA23,DG,0.0150224860241769,Stress,canyons
119,A,122,23,4,CA23,DG,0.2753503818520573,Stress,lighthouses
127,A,130,23,4,CA23,DG,-0.8862107307720518,Stress,lighthouses
171,A,174,23,4,CA23,DG,0.1873605973072235,Stress,canyons
186,A,189,23,4,CA23,DG,0.037769758958945,Stress,lighthouses
192,A,195,23,4,CA23,DG,0.4856728151383033,Stress,parks
210,A,213,23,4,CA23,DG,0.0343478660967997,Stress,canyons
216,A,219,23,4,CA23,DG,0.0124309275352184,Stress,parks
223,A,226,23,4,CA23,DG,0.0386680786730518,Stress,parks
232,A,235,23,4,CA23,DG,0.1463308046655682,Stress,parks
5,A,8,24,2,CA23,DG,-0.0384674015525894,Stress,waterfalls
33,A,36,24,2,CA23,DG,-0.4326183654551807,Stress,waterfalls
39,A,42,24,2,CA23,DG,0.0014091004056514,Stress,lakes
69,A,72,24,2,CA23,DG,1.7876668116217251,Stress,waterfalls
75,A,78,24,2,CA23,DG,-1.335278565705935,Stress,lakes
81,A,84,24,2,CA23,DG,0.213827907608999,Stress,beaches
88,A,91,24,2,CA23,DG,1.0757337044687902,Stress,lakes
97,A,100,24,2,CA23,DG,0.0178968981397737,Stress,beaches
114,A,117,24,2,CA23,DG,-0.000816563021057,Stress,lakes
128,A,131,24,2,CA23,DG,-0.027568694561431,Stress,waterfalls
146,A,149,24,2,CA23,DG,-0.0513119543858353,Stress,beaches
152,A,155,24,2,CA23,DG,0.0002282502200781,Stress,lakes
165,A,168,24,2,CA23,DG,-0.2479704489773294,Stress,beaches
169,A,172,24,2,CA23,DG,0.8086498617078645,Stress,waterfalls
180,A,183,24,2,CA23,DG,-0.4124711933994244,Stress,beaches
191,A,194,24,2,CA23,DG,0.4487572464372452,Stress,beaches
200,A,203,24,2,CA23,DG,1.3507428735525269,Stress,waterfalls
213,A,216,24,2,CA23,DG,0.0817051149922043,Stress,lakes
220,A,223,24,2,CA23,DG,-0.7901705674752909,Stress,beaches
228,A,231,24,2,CA23,DG,0.3417980999991826,Stress,lakes
234,A,237,24,2,CA23,DG,-0.3634751221629923,Stress,waterfalls
5,A,8,24,3,CA23,DG,2.0452567001962247,Stress,waterfalls
47,A,50,24,3,CA23,DG,-0.493995028269026,Stress,beaches
52,A,55,24,3,CA23,DG,-0.8283469002457036,Stress,waterfalls
61,A,64,24,3,CA23,DG,0.6194280650687635,Stress,lakes
66,A,69,24,3,CA23,DG,0.1557825103558071,Stress,waterfalls
81,A,84,24,3,CA23,DG,-0.0026126855138042,Stress,beaches
101,A,104,24,3,CA23,DG,3.0804299725913347,Stress,beaches
114,A,117,24,3,CA23,DG,0.6418306339035498,Stress,lakes
124,A,127,24,3,CA23,DG,-0.1941337037024325,Stress,beaches
134,A,137,24,3,CA23,DG,0.5260655171433692,Stress,lakes
141,A,144,24,3,CA23,DG,0.3935640019107114,Stress,waterfalls
148,A,151,24,3,CA23,DG,-0.0601523696079885,Stress,lakes
156,A,159,24,3,CA23,DG,0.5579260729540891,Stress,waterfalls
164,A,167,24,3,CA23,DG,-0.0036926018391549,Stress,beaches
177,A,180,24,3,CA23,DG,0.6837467960254817,Stress,lakes
185,A,188,24,3,CA23,DG,-0.0634988550417424,Stress,waterfalls
191,A,194,24,3,CA23,DG,3.572952711522359,Stress,lakes
203,A,206,24,3,CA23,DG,0.0287804664281144,Stress,beaches
212,A,215,24,3,CA23,DG,-0.0677637295828888,Stress,lakes
220,A,223,24,3,CA23,DG,3.742676659467976,Stress,waterfalls
234,A,237,24,3,CA23,DG,1.114639691925956,Stress,beaches
5,A,8,24,4,CA23,DG,2.684762182526393,Stress,waterfalls
15,A,18,24,4,CA23,DG,0.0105889114798803,Stress,lakes
21,A,24,24,4,CA23,DG,-1.3816284082874106,Stress,waterfalls
33,A,36,24,4,CA23,DG,0.5813099990892514,Stress,lakes
47,A,50,24,4,CA23,DG,1.5674486477269984,Stress,beaches
55,A,58,24,4,CA23,DG,-0.1335319945430258,Stress,beaches
73,A,76,24,4,CA23,DG,-2.0294413152799518,Stress,beaches
80,A,83,24,4,CA23,DG,0.6572086860956433,Stress,beaches
101,A,104,24,4,CA23,DG,0.6322108510127028,Stress,waterfalls
118,A,121,24,4,CA23,DG,1.747878196048762,Stress,lakes
132,A,135,24,4,CA23,DG,0.0973687245835887,Stress,waterfalls
143,A,146,24,4,CA23,DG,0.6131048687249924,Stress,waterfalls
156,A,159,24,4,CA23,DG,0.0002039048845311,Stress,lakes
169,A,172,24,4,CA23,DG,0.0001407953644717,Stress,beaches
177,A,180,24,4,CA23,DG,-0.1546613240344714,Stress,lakes
188,A,191,24,4,CA23,DG,2.3903191688562715,Stress,lakes
196,A,199,24,4,CA23,DG,0.4707615617972508,Stress,waterfalls
207,A,210,24,4,CA23,DG,-1.483938911295957,Stress,beaches
214,A,217,24,4,CA23,DG,0.2166377684994022,Stress,lakes
219,A,222,24,4,CA23,DG,0.416161333799984,Stress,beaches
223,A,226,24,4,CA23,DG,0.2047077894702009,Stress,waterfalls
10,A,13,28,2,CA23,DG,2.184572591097857,Stress,mountains
18,A,21,28,2,CA23,DG,0.2814541808817746,Stress,canyons
27,A,30,28,2,CA23,DG,0.1642267923451474,Stress,canyons
35,A,38,28,2,CA23,DG,0.1308654309878132,Stress,mountains
54,A,57,28,2,CA23,DG,0.0006880359054955,Stress,canyons
65,A,68,28,2,CA23,DG,-0.3096058397192907,Stress,lighthouses
80,A,83,28,2,CA23,DG,0.884186810716569,Stress,lighthouses
85,A,88,28,2,CA23,DG,0.5271264688491105,Stress,canyons
93,A,96,28,2,CA23,DG,-0.0107147329014205,Stress,lighthouses
106,A,109,28,2,CA23,DG,0.1969406605961483,Stress,canyons
111,A,114,28,2,CA23,DG,0.1710877230824151,Stress,mountains
121,A,124,28,2,CA23,DG,0.5873871344733984,Stress,canyons
135,A,138,28,2,CA23,DG,0.8091345679596279,Stress,lighthouses
141,A,144,28,2,CA23,DG,-0.921076166181312,Stress,canyons
146,A,149,28,2,CA23,DG,-0.3268664889596652,Stress,mountains
175,A,178,28,2,CA23,DG,1.3021124189910345,Stress,lighthouses
193,A,196,28,2,CA23,DG,1.06853754459085,Stress,lighthouses
203,A,206,28,2,CA23,DG,-0.1430991651381936,Stress,mountains
217,A,220,28,2,CA23,DG,0.3810325383490925,Stress,mountains
224,A,227,28,2,CA23,DG,0.3981482826814646,Stress,lighthouses
233,A,236,28,2,CA23,DG,-0.0373749492821485,Stress,mountains
7,A,10,28,3,CA23,DG,-0.4684642059402206,Stress,canyons
15,A,18,28,3,CA23,DG,1.663782932422208,Stress,canyons
22,A,25,28,3,CA23,DG,3.536026414924481,Stress,lighthouses
27,A,30,28,3,CA23,DG,0.0672106737369397,Stress,canyons
54,A,57,28,3,CA23,DG,0.8560522593127341,Stress,lighthouses
75,A,78,28,3,CA23,DG,0.6514326964755051,Stress,mountains
88,A,91,28,3,CA23,DG,-1.2515072152008744,Stress,canyons
92,A,95,28,3,CA23,DG,-0.7949107153428077,Stress,mountains
104,A,107,28,3,CA23,DG,-0.0199813252584265,Stress,canyons
126,A,129,28,3,CA23,DG,0.974767207650928,Stress,lighthouses
137,A,140,28,3,CA23,DG,0.0004327493901683,Stress,mountains
149,A,152,28,3,CA23,DG,0.0004876304808538,Stress,lighthouses
154,A,157,28,3,CA23,DG,0.377932736404024,Stress,mountains
164,A,167,28,3,CA23,DG,0.0753955066981164,Stress,lighthouses
169,A,172,28,3,CA23,DG,-1.0830900712529326,Stress,canyons
183,A,186,28,3,CA23,DG,-0.015667563710493,Stress,canyons
192,A,195,28,3,CA23,DG,0.4973853196237146,Stress,mountains
199,A,202,28,3,CA23,DG,0.0544806856690422,Stress,lighthouses
219,A,222,28,3,CA23,DG,1.1887128760326342,Stress,mountains
233,A,236,28,3,CA23,DG,0.5575843961507884,Stress,mountains
238,A,241,28,3,CA23,DG,-0.4094132268539086,Stress,lighthouses
5,A,8,28,4,CA23,DG,0.0497459280099269,Stress,mountains
17,A,20,28,4,CA23,DG,1.8878779501442495,Stress,mountains
26,A,29,28,4,CA23,DG,-0.3984510519140632,Stress,lighthouses
41,A,44,28,4,CA23,DG,0.0962775271354072,Stress,canyons
47,A,50,28,4,CA23,DG,0.5192786275485353,Stress,lighthouses
72,A,75,28,4,CA23,DG,0.0001898486612664,Stress,canyons
78,A,81,28,4,CA23,DG,-0.1948290429304883,Stress,mountains
100,A,103,28,4,CA23,DG,0.3479151732151297,Stress,canyons
117,A,120,28,4,CA23,DG,-1.1653578439438983,Stress,canyons
138,A,141,28,4,CA23,DG,-1.4932771101180389,Stress,lighthouses
145,A,148,28,4,CA23,DG,1.023417743376373,Stress,canyons
154,A,157,28,4,CA23,DG,-0.4116013456185783,Stress,mountains
165,A,168,28,4,CA23,DG,0.820227072183132,Stress,lighthouses
170,A,173,28,4,CA23,DG,0.3158737375046411,Stress,canyons
176,A,179,28,4,CA23,DG,1.0001672872613137,Stress,mountains
185,A,188,28,4,CA23,DG,0.9452900168234256,Stress,mountains
201,A,204,28,4,CA23,DG,-0.0413897845326507,Stress,lighthouses
206,A,209,28,4,CA23,DG,0.0228916198138457,Stress,canyons
211,A,214,28,4,CA23,DG,-0.0100016118034035,Stress,lighthouses
224,A,227,28,4,CA23,DG,-0.7000667745508329,Stress,lighthouses
236,A,239,28,4,CA23,DG,-0.0483641658113686,Stress,mountains
5,A,8,29,2,CA23,DG,-0.2724438625423733,Control,parks
17,A,20,29,2,CA23,DG,0.4853362567791365,Control,parks
47,A,50,29,2,CA23,DG,1.6469892364823415,Control,mountains
54,A,57,29,2,CA23,DG,0.1000742716066563,Control,deserts
80,A,83,29,2,CA23,DG,0.149438451179604,Control,parks
94,A,97,29,2,CA23,DG,-0.5385003671804661,Control,deserts
99,A,102,29,2,CA23,DG,0.4471534943328207,Control,parks
104,A,107,29,2,CA23,DG,-3.0822032297094037,Control,mountains
110,A,113,29,2,CA23,DG,-0.3385968622658299,Control,deserts
124,A,127,29,2,CA23,DG,-0.1317382753444438,Control,parks
131,A,134,29,2,CA23,DG,-1.504841918326777,Control,deserts
137,A,140,29,2,CA23,DG,0.9925354472062043,Control,parks
156,A,159,29,2,CA23,DG,0.0519439982286959,Control,mountains
165,A,168,29,2,CA23,DG,0.2972364825303547,Control,mountains
185,A,188,29,2,CA23,DG,-0.0026213596849866,Control,deserts
194,A,197,29,2,CA23,DG,0.197664874070462,Control,parks
200,A,203,29,2,CA23,DG,-1.7816608340161617,Control,mountains
208,A,211,29,2,CA23,DG,-0.0846748377907287,Control,mountains
213,A,216,29,2,CA23,DG,-1.0141556235921856,Control,deserts
223,A,226,29,2,CA23,DG,-0.972502129766368,Control,deserts
228,A,231,29,2,CA23,DG,6.804556391019127,Control,mountains
8,A,11,29,3,CA23,DG,-0.0635924187760868,Control,mountains
14,A,17,29,3,CA23,DG,1.2267629950691317,Control,parks
20,A,23,29,3,CA23,DG,0.4303503284888841,Control,mountains
39,A,42,29,3,CA23,DG,0.0029608144821403,Control,mountains
50,A,53,29,3,CA23,DG,0.1454598853032825,Control,parks
71,A,74,29,3,CA23,DG,0.0525303019148528,Control,mountains
82,A,85,29,3,CA23,DG,-0.1691044267324398,Control,mountains
91,A,94,29,3,CA23,DG,-0.0041771070417614,Control,parks
96,A,99,29,3,CA23,DG,0.0021578746484757,Control,mountains
101,A,104,29,3,CA23,DG,0.5315033071208695,Control,deserts
111,A,114,29,3,CA23,DG,0.7146504670114663,Control,deserts
116,A,119,29,3,CA23,DG,-0.488045421324632,Control,mountains
121,A,124,29,3,CA23,DG,3.279237448892011,Control,deserts
125,A,128,29,3,CA23,DG,-0.0026773868440271,Control,parks
130,A,133,29,3,CA23,DG,0.1831002106310887,Control,deserts
143,A,146,29,3,CA23,DG,0.0753074796914663,Control,deserts
153,A,156,29,3,CA23,DG,-0.1864199644026088,Control,parks
168,A,171,29,3,CA23,DG,-0.4174751481156012,Control,parks
197,A,200,29,3,CA23,DG,0.2051177311931199,Control,deserts
203,A,206,29,3,CA23,DG,-0.0161638382483602,Control,parks
219,A,222,29,3,CA23,DG,-0.1134918372493153,Control,deserts
5,A,8,29,4,CA23,DG,0.0029044837585235,Control,deserts
11,A,14,29,4,CA23,DG,-0.7766847450745358,Control,parks
22,A,25,29,4,CA23,DG,0.0459469150343338,Control,parks
28,A,31,29,4,CA23,DG,3.955890554896032,Control,mountains
39,A,42,29,4,CA23,DG,-0.6090789162710775,Control,mountains
46,A,49,29,4,CA23,DG,0.0128256687626123,Control,mountains
50,A,53,29,4,CA23,DG,-0.0295828027983554,Control,deserts
72,A,75,29,4,CA23,DG,-0.397541455961891,Control,deserts
83,A,86,29,4,CA23,DG,0.1256242874006522,Control,mountains
88,A,91,29,4,CA23,DG,0.3584131215940722,Control,parks
96,A,99,29,4,CA23,DG,1.6442465870280014,Control,mountains
110,A,113,29,4,CA23,DG,0.0073495438184928,Control,deserts
114,A,117,29,4,CA23,DG,4.194475190246673,Control,parks
120,A,123,29,4,CA23,DG,1.1894693751414689,Control,deserts
173,A,176,29,4,CA23,DG,1.0796421807668557,Control,mountains
186,A,189,29,4,CA23,DG,-0.2950191244150077,Control,deserts
192,A,195,29,4,CA23,DG,0.0986683973149497,Control,deserts
201,A,204,29,4,CA23,DG,0.1317447723341287,Control,parks
208,A,211,29,4,CA23,DG,1.2184489138293315,Control,mountains
213,A,216,29,4,CA23,DG,0.0062362963697349,Control,parks
230,A,233,29,4,CA23,DG,0.035651864336807,Control,parks
16,A,19,30,2,CA23,DG,-0.0010904025018231,Stress,lighthouses
33,A,36,30,2,CA23,DG,0.5349649587475475,Stress,parks
48,A,51,30,2,CA23,DG,0.1600338811947138,Stress,parks
61,A,64,30,2,CA23,DG,-0.6994439105865203,Stress,lighthouses
65,A,68,30,2,CA23,DG,0.0458731475167255,Stress,deserts
84,A,87,30,2,CA23,DG,-0.0145850523289638,Stress,parks
89,A,92,30,2,CA23,DG,-0.9935322388254442,Stress,deserts
96,A,99,30,2,CA23,DG,0.0926524070265575,Stress,lighthouses
101,A,104,30,2,CA23,DG,-0.0544705457893211,Stress,deserts
125,A,128,30,2,CA23,DG,0.973950182291288,Stress,deserts
142,A,145,30,2,CA23,DG,0.0070138334408066,Stress,deserts
154,A,157,30,2,CA23,DG,-0.5386426825502887,Stress,lighthouses
170,A,173,30,2,CA23,DG,2.1962427337020207,Stress,parks
178,A,181,30,2,CA23,DG,5.926184594989733,Stress,parks
183,A,186,30,2,CA23,DG,0.1020672214578257,Stress,lighthouses
194,A,197,30,2,CA23,DG,0.0489280383902781,Stress,parks
204,A,207,30,2,CA23,DG,-0.122455180658308,Stress,lighthouses
213,A,216,30,2,CA23,DG,0.5228450010691148,Stress,deserts
219,A,222,30,2,CA23,DG,0.7880169601335542,Stress,deserts
227,A,230,30,2,CA23,DG,0.2610561624662654,Stress,lighthouses
24,A,27,30,3,CA23,DG,3.2668313901474484,Stress,parks
39,A,42,30,3,CA23,DG,2.5129084984383794,Stress,deserts
45,A,48,30,3,CA23,DG,-0.176433471128285,Stress,lighthouses
56,A,59,30,3,CA23,DG,7.743512186212555,Stress,lighthouses
60,A,63,30,3,CA23,DG,-0.6601891790868908,Stress,deserts
71,A,74,30,3,CA23,DG,0.0021272783504725,Stress,parks
88,A,91,30,3,CA23,DG,0.5292447232352524,Stress,deserts
95,A,98,30,3,CA23,DG,-0.0686836660111217,Stress,parks
108,A,111,30,3,CA23,DG,2.367828667934997,Stress,lighthouses
118,A,121,30,3,CA23,DG,0.0117370512654418,Stress,parks
128,A,131,30,3,CA23,DG,-0.1141942547275597,Stress,deserts
155,A,158,30,3,CA23,DG,0.0247995229825522,Stress,parks
163,A,166,30,3,CA23,DG,0.1353277135243602,Stress,lighthouses
167,A,170,30,3,CA23,DG,-0.1461857729319786,Stress,deserts
176,A,179,30,3,CA23,DG,0.1086792062975433,Stress,lighthouses
202,A,205,30,3,CA23,DG,6.67603527333267,Stress,lighthouses
208,A,211,30,3,CA23,DG,-0.147275429877017,Stress,deserts
225,A,228,30,3,CA23,DG,1.3484676086851135,Stress,parks
230,A,233,30,3,CA23,DG,4.558687466286364,Stress,lighthouses
237,A,240,30,3,CA23,DG,0.0836713185133909,Stress,parks
5,A,8,30,4,CA23,DG,2.752621777232744,Stress,deserts
13,A,16,30,4,CA23,DG,0.5808192769699176,Stress,lighthouses
23,A,26,30,4,CA23,DG,1.3160889979435646,Stress,deserts
30,A,33,30,4,CA23,DG,0.6165293212688909,Stress,lighthouses
34,A,37,30,4,CA23,DG,-0.0596287117091722,Stress,deserts
70,A,73,30,4,CA23,DG,-0.9305318992651984,Stress,deserts
85,A,88,30,4,CA23,DG,0.5005751361623414,Stress,deserts
103,A,106,30,4,CA23,DG,0.4718047015303845,Stress,deserts
112,A,115,30,4,CA23,DG,0.4751270951200184,Stress,parks
142,A,145,30,4,CA23,DG,0.2296744760035238,Stress,lighthouses
192,A,195,30,4,CA23,DG,0.0932068047157277,Stress,lighthouses
196,A,199,30,4,CA23,DG,-0.0004801496456645,Stress,parks
210,A,213,30,4,CA23,DG,-0.5059929950109421,Stress,parks
216,A,219,30,4,CA23,DG,-0.0014410479636137,Stress,deserts
228,A,231,30,4,CA23,DG,0.0534037314985095,Stress,parks
237,A,240,30,4,CA23,DG,0.040204449567606,Stress,lighthouses
5,A,8,31,2,CA23,DG,0.2582893146670325,Control,marshes
19,A,22,31,2,CA23,DG,-1.2183462511847754,Control,lakes
25,A,28,31,2,CA23,DG,-0.0019992063995352,Control,waterfalls
30,A,33,31,2,CA23,DG,-0.003944927814335,Control,marshes
43,A,46,31,2,CA23,DG,0.6575787393505175,Control,waterfalls
50,A,53,31,2,CA23,DG,-0.0306956770633657,Control,lakes
56,A,59,31,2,CA23,DG,0.7081799224183906,Control,marshes
67,A,70,31,2,CA23,DG,1.0547936426737408,Control,waterfalls
74,A,77,31,2,CA23,DG,0.3956113768603355,Control,lakes
96,A,99,31,2,CA23,DG,2.404593520848814,Control,marshes
115,A,118,31,2,CA23,DG,0.0351327818034812,Control,waterfalls
126,A,129,31,2,CA23,DG,-0.0568123775132217,Control,waterfalls
138,A,141,31,2,CA23,DG,0.3636961746990705,Control,lakes
159,A,162,31,2,CA23,DG,0.5923276712379162,Control,lakes
167,A,170,31,2,CA23,DG,-0.0001385613460639,Control,waterfalls
183,A,186,31,2,CA23,DG,3.42601936619379,Control,lakes
188,A,191,31,2,CA23,DG,0.0782183929904449,Control,waterfalls
199,A,202,31,2,CA23,DG,0.3174495288789549,Control,lakes
209,A,212,31,2,CA23,DG,0.2908808729589606,Control,marshes
224,A,227,31,2,CA23,DG,-0.1719764613800583,Control,marshes
17,A,20,31,3,CA23,DG,1.7644919163502548,Control,lakes
27,A,30,31,3,CA23,DG,0.7051533564277118,Control,waterfalls
38,A,41,31,3,CA23,DG,3.6052129267574338,Control,marshes
58,A,61,31,3,CA23,DG,1.6430274119806392,Control,marshes
69,A,72,31,3,CA23,DG,1.1077116840469303,Control,lakes
75,A,78,31,3,CA23,DG,-0.046567111310661,Control,marshes
87,A,90,31,3,CA23,DG,3.008020222244152,Control,waterfalls
95,A,98,31,3,CA23,DG,0.1982083266013855,Control,waterfalls
104,A,107,31,3,CA23,DG,-0.5579847228919075,Control,lakes
118,A,121,31,3,CA23,DG,-1.5577378084525637,Control,waterfalls
136,A,139,31,3,CA23,DG,-0.4599132857958248,Control,waterfalls
153,A,156,31,3,CA23,DG,0.0324407029586635,Control,waterfalls
169,A,172,31,3,CA23,DG,0.016587460667798,Control,lakes
175,A,178,31,3,CA23,DG,-0.0252591697223944,Control,waterfalls
195,A,198,31,3,CA23,DG,-0.0582217724540112,Control,lakes
205,A,208,31,3,CA23,DG,0.1106270910802398,Control,marshes
209,A,212,31,3,CA23,DG,-0.2200280504166671,Control,lakes
218,A,221,31,3,CA23,DG,0.1944751606830852,Control,marshes
234,A,237,31,3,CA23,DG,5.3367430313949417e-05,Control,marshes
23,A,26,31,4,CA23,DG,-0.1878099733655482,Control,marshes
31,A,34,31,4,CA23,DG,-0.0703854723563565,Control,waterfalls
50,A,53,31,4,CA23,DG,0.0003553872348859,Control,lakes
56,A,59,31,4,CA23,DG,2.752263935025324,Control,marshes
67,A,70,31,4,CA23,DG,-0.0024873343506809,Control,lakes
73,A,76,31,4,CA23,DG,-0.1717416362977867,Control,marshes
85,A,88,31,4,CA23,DG,-0.0002266881397084,Control,waterfalls
91,A,94,31,4,CA23,DG,0.0431268063219706,Control,lakes
100,A,103,31,4,CA23,DG,2.122588958505785,Control,waterfalls
105,A,108,31,4,CA23,DG,-0.0001833416479805,Control,lakes
113,A,116,31,4,CA23,DG,-0.2630575203622426,Control,marshes
119,A,122,31,4,CA23,DG,0.0009288774532087,Control,waterfalls
156,A,159,31,4,CA23,DG,0.5921933439244003,Control,marshes
169,A,172,31,4,CA23,DG,0.0188119115131561,Control,waterfalls
175,A,178,31,4,CA23,DG,0.0035460934379901,Control,lakes
182,A,185,31,4,CA23,DG,0.3338303494238568,Control,waterfalls
212,A,215,31,4,CA23,DG,0.9694497201417084,Control,marshes
220,A,223,31,4,CA23,DG,0.3851675816511959,Control,lakes
226,A,229,31,4,CA23,DG,-0.0038376807909751,Control,marshes
233,A,236,31,4,CA23,DG,-0.7041195981072699,Control,lakes
14,A,17,32,2,CA23,DG,-1.3196105877644044,Stress,beaches
25,A,28,32,2,CA23,DG,1.63547506109608,Stress,deserts
36,A,39,32,2,CA23,DG,1.319441522668682,Stress,fields
46,A,49,32,2,CA23,DG,-0.0069844989344682,Stress,deserts
53,A,56,32,2,CA23,DG,0.0704710084775283,Stress,beaches
58,A,61,32,2,CA23,DG,-0.2879955975255476,Stress,deserts
76,A,79,32,2,CA23,DG,1.3671894497500685,Stress,fields
82,A,85,32,2,CA23,DG,-0.2768356323973713,Stress,deserts
92,A,95,32,2,CA23,DG,-1.0497269304484331,Stress,fields
98,A,101,32,2,CA23,DG,0.0285599200285536,Stress,deserts
105,A,108,32,2,CA23,DG,0.9079874310471976,Stress,deserts
114,A,117,32,2,CA23,DG,-0.0627932932072134,Stress,beaches
123,A,126,32,2,CA23,DG,1.539644528963683,Stress,beaches
130,A,133,32,2,CA23,DG,0.0086578579205571,Stress,fields
136,A,139,32,2,CA23,DG,0.3878452681460709,Stress,beaches
146,A,149,32,2,CA23,DG,-0.5360931473397762,Stress,deserts
159,A,162,32,2,CA23,DG,1.6997360896537854,Stress,fields
168,A,171,32,2,CA23,DG,1.0938086536344744,Stress,beaches
180,A,183,32,2,CA23,DG,0.0050624106407841,Stress,beaches
190,A,193,32,2,CA23,DG,0.1292360927530846,Stress,fields
202,A,205,32,2,CA23,DG,1.1103131235258488,Stress,fields
18,A,21,32,3,CA23,DG,-0.008850811259312,Stress,beaches
28,A,31,32,3,CA23,DG,0.105151798203133,Stress,deserts
39,A,42,32,3,CA23,DG,0.2597699868249631,Stress,deserts
56,A,59,32,3,CA23,DG,0.4454748034713623,Stress,fields
62,A,65,32,3,CA23,DG,0.0783700277269459,Stress,beaches
69,A,72,32,3,CA23,DG,-0.4320549670060958,Stress,deserts
74,A,77,32,3,CA23,DG,0.0142049389164701,Stress,beaches
99,A,102,32,3,CA23,DG,0.2179281656722945,Stress,deserts
110,A,113,32,3,CA23,DG,-0.3357728526543621,Stress,beaches
128,A,131,32,3,CA23,DG,-0.2543593869410263,Stress,deserts
138,A,141,32,3,CA23,DG,-0.1358187808305679,Stress,fields
146,A,149,32,3,CA23,DG,0.0920760094652876,Stress,fields
156,A,159,32,3,CA23,DG,-0.2291239842913936,Stress,deserts
162,A,165,32,3,CA23,DG,0.2078650907329317,Stress,beaches
166,A,169,32,3,CA23,DG,-0.0048309634808647,Stress,deserts
179,A,182,32,3,CA23,DG,0.0062966979380027,Stress,beaches
189,A,192,32,3,CA23,DG,-0.1640199510506251,Stress,beaches
207,A,210,32,3,CA23,DG,-0.0785728084683065,Stress,fields
216,A,219,32,3,CA23,DG,0.6206302810033865,Stress,fields
235,A,238,32,3,CA23,DG,0.7196048384854997,Stress,fields
5,A,8,32,4,CA23,DG,0.4019795453727157,Stress,fields
18,A,21,32,4,CA23,DG,0.1252472848923391,Stress,fields
29,A,32,32,4,CA23,DG,0.8194855715205739,Stress,deserts
34,A,37,32,4,CA23,DG,0.6292406168440163,Stress,beaches
45,A,48,32,4,CA23,DG,0.0363575095445537,Stress,beaches
50,A,53,32,4,CA23,DG,0.4919847086251007,Stress,deserts
62,A,65,32,4,CA23,DG,0.0988339251582908,Stress,deserts
70,A,73,32,4,CA23,DG,1.492880345191088,Stress,beaches
79,A,82,32,4,CA23,DG,-0.0216083418604513,Stress,fields
90,A,93,32,4,CA23,DG,0.0410699554539916,Stress,deserts
96,A,99,32,4,CA23,DG,0.5682396540288249,Stress,fields
111,A,114,32,4,CA23,DG,0.2276464995345748,Stress,beaches
129,A,132,32,4,CA23,DG,0.4301165286803126,Stress,deserts
169,A,172,32,4,CA23,DG,1.4359023921242666,Stress,beaches
177,A,180,32,4,CA23,DG,2.575061957595893,Stress,fields
186,A,189,32,4,CA23,DG,2.997553351193396,Stress,fields
197,A,200,32,4,CA23,DG,0.3889383252394031,Stress,beaches
209,A,212,32,4,CA23,DG,-0.0687330884898472,Stress,deserts
214,A,217,32,4,CA23,DG,0.0013684969808752,Stress,beaches
228,A,231,32,4,CA23,DG,0.4627861612443124,Stress,deserts
234,A,237,32,4,CA23,DG,0.1607867129369771,Stress,fields
5,A,8,33,2,CA23,DG,0.9558898058309822,Stress,canyons
22,A,25,33,2,CA23,DG,-1.220239666454742,Stress,beaches
33,A,36,33,2,CA23,DG,0.4735136172940935,Stress,waterfalls
42,A,45,33,2,CA23,DG,-2.0431181271759624,Stress,canyons
55,A,58,33,2,CA23,DG,0.6944935520163927,Stress,waterfalls
59,A,62,33,2,CA23,DG,0.9519772859425064,Stress,beaches
67,A,70,33,2,CA23,DG,1.2649881320776204,Stress,waterfalls
75,A,78,33,2,CA23,DG,-0.0625655754860026,Stress,waterfalls
83,A,86,33,2,CA23,DG,-0.0055424857332015,Stress,canyons
114,A,117,33,2,CA23,DG,-0.2088583851006744,Stress,canyons
132,A,135,33,2,CA23,DG,-0.2037671671945915,Stress,beaches
139,A,142,33,2,CA23,DG,0.01301049848716,Stress,canyons
155,A,158,33,2,CA23,DG,1.5280267069531073,Stress,waterfalls
175,A,178,33,2,CA23,DG,1.1054152906773944,Stress,beaches
193,A,196,33,2,CA23,DG,0.8044560637417321,Stress,beaches
201,A,204,33,2,CA23,DG,-0.5300004604501025,Stress,canyons
213,A,216,33,2,CA23,DG,0.0362838776112813,Stress,beaches
217,A,220,33,2,CA23,DG,-0.0731722231997066,Stress,canyons
222,A,225,33,2,CA23,DG,-0.2840455754815058,Stress,beaches
228,A,231,33,2,CA23,DG,0.1328295749626111,Stress,waterfalls
5,A,8,33,3,CA23,DG,-0.3320271561754743,Stress,beaches
22,A,25,33,3,CA23,DG,2.937986316825894,Stress,canyons
31,A,34,33,3,CA23,DG,0.2141756912747036,Stress,beaches
53,A,56,33,3,CA23,DG,0.2845989418289811,Stress,beaches
61,A,64,33,3,CA23,DG,2.6895144977480547,Stress,canyons
70,A,73,33,3,CA23,DG,0.7088077860987338,Stress,canyons
85,A,88,33,3,CA23,DG,0.0541467996549771,Stress,beaches
94,A,97,33,3,CA23,DG,-0.0547847135016545,Stress,canyons
99,A,102,33,3,CA23,DG,0.0088398165547743,Stress,beaches
108,A,111,33,3,CA23,DG,0.6796234540432243,Stress,beaches
113,A,116,33,3,CA23,DG,0.0448689026733506,Stress,waterfalls
125,A,128,33,3,CA23,DG,0.4301450172672027,Stress,canyons
138,A,141,33,3,CA23,DG,-0.191467369951631,Stress,waterfalls
154,A,157,33,3,CA23,DG,2.066957277593468,Stress,waterfalls
158,A,161,33,3,CA23,DG,0.0735078998446434,Stress,canyons
162,A,165,33,3,CA23,DG,0.9115105303039366,Stress,waterfalls
178,A,181,33,3,CA23,DG,-0.2557670996110756,Stress,canyons
186,A,189,33,3,CA23,DG,-0.0870687570928406,Stress,waterfalls
203,A,206,33,3,CA23,DG,1.1994994003507613,Stress,waterfalls
212,A,215,33,3,CA23,DG,0.2729063303703199,Stress,beaches
219,A,222,33,3,CA23,DG,0.011068400082615,Stress,waterfalls
7,A,10,33,4,CA23,DG,0.317205437458283,Stress,canyons
21,A,24,33,4,CA23,DG,0.1749785732757621,Stress,waterfalls
29,A,32,33,4,CA23,DG,-0.0057870338997344,Stress,beaches
39,A,42,33,4,CA23,DG,4.213558171183262,Stress,waterfalls
49,A,52,33,4,CA23,DG,1.0027031394271146,Stress,canyons
56,A,59,33,4,CA23,DG,0.0144551299160674,Stress,waterfalls
67,A,70,33,4,CA23,DG,-0.0961754339129686,Stress,waterfalls
88,A,91,33,4,CA23,DG,0.1143832459217193,Stress,canyons
95,A,98,33,4,CA23,DG,-0.0779418502147435,Stress,beaches
107,A,110,33,4,CA23,DG,-0.3424663769264033,Stress,canyons
116,A,119,33,4,CA23,DG,1.5573568155896744,Stress,waterfalls
130,A,133,33,4,CA23,DG,0.3865031962700156,Stress,canyons
140,A,143,33,4,CA23,DG,0.2626297726206275,Stress,beaches
150,A,153,33,4,CA23,DG,-0.1677398505841984,Stress,beaches
162,A,165,33,4,CA23,DG,0.8215352105048442,Stress,canyons
180,A,183,33,4,CA23,DG,0.3458728866487796,Stress,waterfalls
189,A,192,33,4,CA23,DG,0.2370603844753006,Stress,beaches
199,A,202,33,4,CA23,DG,0.3977615322985997,Stress,waterfalls
211,A,214,33,4,CA23,DG,-0.577781114217709,Stress,beaches
220,A,223,33,4,CA23,DG,-0.2147870608413896,Stress,beaches
236,A,239,33,4,CA23,DG,-0.0373911602680557,Stress,canyons
9,A,12,34,2,CA23,DG,-0.0009366171154042,Control,bridges
20,A,23,34,2,CA23,DG,8.143291173555982,Control,lakes
27,A,30,34,2,CA23,DG,0.0046867887118815,Control,fields
39,A,42,34,2,CA23,DG,0.000490165436717,Control,lakes
49,A,52,34,2,CA23,DG,0.117692160074717,Control,lakes
63,A,66,34,2,CA23,DG,-0.0855534590721272,Control,bridges
68,A,71,34,2,CA23,DG,0.1377282613334287,Control,fields
91,A,94,34,2,CA23,DG,0.0794935814543094,Control,bridges
97,A,100,34,2,CA23,DG,0.0529554545134962,Control,lakes
109,A,112,34,2,CA23,DG,-0.7817030693329655,Control,bridges
131,A,134,34,2,CA23,DG,0.5527916101965726,Control,lakes
142,A,145,34,2,CA23,DG,0.0921881267744961,Control,bridges
146,A,149,34,2,CA23,DG,-0.055587442076424,Control,lakes
156,A,159,34,2,CA23,DG,5.984530174180701,Control,bridges
161,A,164,34,2,CA23,DG,1.420806353344022,Control,fields
174,A,177,34,2,CA23,DG,0.0222187883473148,Control,fields
190,A,193,34,2,CA23,DG,-0.0089736473551493,Control,fields
213,A,216,34,2,CA23,DG,-0.2276123857657338,Control,bridges
221,A,224,34,2,CA23,DG,3.609054664024002,Control,lakes
226,A,229,34,2,CA23,DG,2.822532490606957,Control,fields
234,A,237,34,2,CA23,DG,-0.1806142696733263,Control,fields
18,A,21,34,3,CA23,DG,0.3186025296043597,Control,fields
31,A,34,34,3,CA23,DG,-0.3651608691450388,Control,bridges
41,A,44,34,3,CA23,DG,0.0086239152993692,Control,bridges
50,A,53,34,3,CA23,DG,1.0007994510928295,Control,bridges
62,A,65,34,3,CA23,DG,0.0049683924697552,Control,fields
67,A,70,34,3,CA23,DG,2.980352133405568,Control,lakes
81,A,84,34,3,CA23,DG,-0.2651189994076239,Control,lakes
93,A,96,34,3,CA23,DG,-0.151204381415355,Control,bridges
101,A,104,34,3,CA23,DG,0.002122240354802,Control,fields
114,A,117,34,3,CA23,DG,5.126246451026451,Control,bridges
122,A,125,34,3,CA23,DG,-0.233374404633563,Control,lakes
130,A,133,34,3,CA23,DG,1.5141473386448605,Control,bridges
135,A,138,34,3,CA23,DG,1.9473989069087776,Control,lakes
141,A,144,34,3,CA23,DG,-0.0450301147558975,Control,fields
153,A,156,34,3,CA23,DG,0.1809778833681161,Control,fields
163,A,166,34,3,CA23,DG,-0.1313705046723498,Control,bridges
170,A,173,34,3,CA23,DG,0.5248436038167402,Control,fields
187,A,190,34,3,CA23,DG,1.2482987952012956,Control,fields
193,A,196,34,3,CA23,DG,-0.2128139704292216,Control,lakes
222,A,225,34,3,CA23,DG,0.2230726286217868,Control,lakes
232,A,235,34,3,CA23,DG,0.3292096900920938,Control,lakes
5,A,8,34,4,CA23,DG,0.1004700869052435,Control,lakes
21,A,24,34,4,CA23,DG,0.6663160878967439,Control,bridges
27,A,30,34,4,CA23,DG,0.0051635420700409,Control,lakes
32,A,35,34,4,CA23,DG,-0.7629642643936819,Control,fields
44,A,47,34,4,CA23,DG,0.0415861022395764,Control,bridges
51,A,54,34,4,CA23,DG,1.59726730614493,Control,fields
80,A,83,34,4,CA23,DG,0.0155646973422341,Control,fields
90,A,93,34,4,CA23,DG,0.2771054098456481,Control,bridges
97,A,100,34,4,CA23,DG,0.3717917013716091,Control,lakes
106,A,109,34,4,CA23,DG,0.1311833846430466,Control,fields
118,A,121,34,4,CA23,DG,0.6995705316282591,Control,bridges
122,A,125,34,4,CA23,DG,-0.0862865196617553,Control,lakes
128,A,131,34,4,CA23,DG,0.1413035655657636,Control,fields
135,A,138,34,4,CA23,DG,4.994940132102439,Control,bridges
159,A,162,34,4,CA23,DG,0.7810927424521062,Control,lakes
172,A,175,34,4,CA23,DG,0.6497724833764038,Control,fields
181,A,184,34,4,CA23,DG,2.014469568409904,Control,lakes
190,A,193,34,4,CA23,DG,0.7599960718109322,Control,fields
203,A,206,34,4,CA23,DG,0.0162762183508624,Control,bridges
211,A,214,34,4,CA23,DG,0.1801235619103855,Control,lakes
236,A,239,34,4,CA23,DG,-0.6983707935988602,Control,bridges
5,A,8,36,2,CA23,DG,4.65546512668238,Control,forests
14,A,17,36,2,CA23,DG,0.2943365271220976,Control,forests
23,A,26,36,2,CA23,DG,0.583841915414611,Control,fields
31,A,34,36,2,CA23,DG,1.3150962325386952,Control,forests
39,A,42,36,2,CA23,DG,-0.5634924886322825,Control,lighthouses
43,A,46,36,2,CA23,DG,-0.2170793011412824,Control,fields
53,A,56,36,2,CA23,DG,3.192650177099228,Control,lighthouses
74,A,77,36,2,CA23,DG,-0.4191061496113912,Control,fields
87,A,90,36,2,CA23,DG,0.5291398834607961,Control,lighthouses
94,A,97,36,2,CA23,DG,-0.4612028411197905,Control,lighthouses
109,A,112,36,2,CA23,DG,0.2929405180434694,Control,fields
127,A,130,36,2,CA23,DG,5.64480058137653,Control,forests
132,A,135,36,2,CA23,DG,0.9189336421341616,Control,lighthouses
138,A,141,36,2,CA23,DG,-0.0487718238796897,Control,forests
173,A,176,36,2,CA23,DG,1.08636549642349,Control,forests
178,A,181,36,2,CA23,DG,0.1776838977672635,Control,lighthouses
195,A,198,36,2,CA23,DG,2.0625411271499243,Control,fields
208,A,211,36,2,CA23,DG,0.4266924509620866,Control,lighthouses
223,A,226,36,2,CA23,DG,1.6258373017394403,Control,fields
228,A,231,36,2,CA23,DG,0.6372605686122935,Control,forests
235,A,238,36,2,CA23,DG,0.1438834225619562,Control,fields
13,A,16,36,3,CA23,DG,0.3501180723277646,Control,forests
21,A,24,36,3,CA23,DG,-0.0243698650112978,Control,forests
42,A,45,36,3,CA23,DG,0.0351570216540909,Control,lighthouses
48,A,51,36,3,CA23,DG,0.4194887946641611,Control,forests
71,A,74,36,3,CA23,DG,-0.5180527950272372,Control,fields
83,A,86,36,3,CA23,DG,-0.0260819681942177,Control,fields
90,A,93,36,3,CA23,DG,5.404519141920926,Control,lighthouses
100,A,103,36,3,CA23,DG,-0.2033404666928468,Control,lighthouses
110,A,113,36,3,CA23,DG,-0.1548645406379269,Control,forests
120,A,123,36,3,CA23,DG,-0.0385324727600771,Control,fields
127,A,130,36,3,CA23,DG,0.2667807926806909,Control,forests
131,A,134,36,3,CA23,DG,-0.2610165905677575,Control,lighthouses
137,A,140,36,3,CA23,DG,-0.0435012274890257,Control,fields
158,A,161,36,3,CA23,DG,2.259747912993249,Control,fields
167,A,170,36,3,CA23,DG,0.996307485511658,Control,forests
175,A,178,36,3,CA23,DG,1.7155307235302524,Control,fields
179,A,182,36,3,CA23,DG,1.6677184519511998,Control,forests
184,A,187,36,3,CA23,DG,-0.173462998879833,Control,lighthouses
212,A,215,36,3,CA23,DG,0.6471362710045074,Control,lighthouses
217,A,220,36,3,CA23,DG,-0.1708074389098606,Control,fields
235,A,238,36,3,CA23,DG,0.0017925167108894,Control,lighthouses
8,A,11,36,4,CA23,DG,-0.3734726625010333,Control,lighthouses
43,A,46,36,4,CA23,DG,-0.04585811259683,Control,lighthouses
59,A,62,36,4,CA23,DG,-0.2151445548074739,Control,fields
67,A,70,36,4,CA23,DG,-0.9773511570043556,Control,forests
71,A,74,36,4,CA23,DG,-0.4320363552586694,Control,lighthouses
79,A,82,36,4,CA23,DG,-1.4772787763381798,Control,forests
84,A,87,36,4,CA23,DG,-0.1142498430917241,Control,fields
99,A,102,36,4,CA23,DG,4.195885198859594,Control,forests
109,A,112,36,4,CA23,DG,-0.0397629601764454,Control,forests
114,A,117,36,4,CA23,DG,0.2004565403194765,Control,lighthouses
136,A,139,36,4,CA23,DG,-0.0838915516958638,Control,fields
152,A,155,36,4,CA23,DG,-0.5146423358740221,Control,fields
156,A,159,36,4,CA23,DG,-0.1368917504981271,Control,lighthouses
167,A,170,36,4,CA23,DG,0.0290214816730913,Control,forests
175,A,178,36,4,CA23,DG,1.0067289211104615,Control,lighthouses
183,A,186,36,4,CA23,DG,0.1984579712997728,Control,forests
189,A,192,36,4,CA23,DG,2.812975520798073,Control,fields
208,A,211,36,4,CA23,DG,1.9029535422407653,Control,fields
216,A,219,36,4,CA23,DG,0.1122512635021992,Control,lighthouses
226,A,229,36,4,CA23,DG,-2.0831954676396704e-05,Control,forests
237,A,240,36,4,CA23,DG,0.0165781000690091,Control,fields
11,A,14,37,2,CA23,DG,1.5713105250709185,Stress,deserts
21,A,24,37,2,CA23,DG,0.4774701490990837,Stress,waterfalls
30,A,33,37,2,CA23,DG,-0.3879115866958169,Stress,marshes
41,A,44,37,2,CA23,DG,-0.3801218870319247,Stress,waterfalls
48,A,51,37,2,CA23,DG,-1.1836055232039877,Stress,marshes
63,A,66,37,2,CA23,DG,-0.6745269101068774,Stress,marshes
69,A,72,37,2,CA23,DG,1.8912678887513092,Stress,deserts
78,A,81,37,2,CA23,DG,0.8118835247030618,Stress,waterfalls
85,A,88,37,2,CA23,DG,2.6601232348713317,Stress,waterfalls
96,A,99,37,2,CA23,DG,0.1865194675545545,Stress,deserts
103,A,106,37,2,CA23,DG,0.8198082509698558,Stress,marshes
115,A,118,37,2,CA23,DG,1.0897987904972526,Stress,waterfalls
130,A,133,37,2,CA23,DG,-0.3117623684401506,Stress,deserts
135,A,138,37,2,CA23,DG,-0.1871146605483189,Stress,waterfalls
144,A,147,37,2,CA23,DG,-0.3351737309633122,Stress,deserts
155,A,158,37,2,CA23,DG,0.7792241365119205,Stress,marshes
173,A,176,37,2,CA23,DG,-4.140346433256506e-05,Stress,deserts
186,A,189,37,2,CA23,DG,0.547072237479214,Stress,marshes
198,A,201,37,2,CA23,DG,2.6594171700363205,Stress,deserts
215,A,218,37,2,CA23,DG,-0.0433081901253913,Stress,marshes
234,A,237,37,2,CA23,DG,0.0116968045901525,Stress,waterfalls
18,A,21,37,3,CA23,DG,0.5734438038748875,Stress,waterfalls
29,A,32,37,3,CA23,DG,-1.0728765272607124,Stress,deserts
39,A,42,37,3,CA23,DG,0.1197410888005457,Stress,deserts
44,A,47,37,3,CA23,DG,-0.0097134609183486,Stress,marshes
50,A,53,37,3,CA23,DG,-0.4095676350782406,Stress,deserts
61,A,64,37,3,CA23,DG,-0.2712256187297213,Stress,waterfalls
69,A,72,37,3,CA23,DG,0.4050715336318888,Stress,waterfalls
85,A,88,37,3,CA23,DG,-1.2947789607591254,Stress,waterfalls
94,A,97,37,3,CA23,DG,-0.2716330034645604,Stress,deserts
98,A,101,37,3,CA23,DG,0.3942481272902217,Stress,marshes
106,A,109,37,3,CA23,DG,0.093389572665219,Stress,marshes
123,A,126,37,3,CA23,DG,0.7990766058834494,Stress,waterfalls
136,A,139,37,3,CA23,DG,-0.6495148945598943,Stress,deserts
141,A,144,37,3,CA23,DG,1.104903560321285,Stress,marshes
159,A,162,37,3,CA23,DG,0.782851634594553,Stress,deserts
164,A,167,37,3,CA23,DG,0.8312954856383581,Stress,marshes
170,A,173,37,3,CA23,DG,-0.347509314444494,Stress,waterfalls
181,A,184,37,3,CA23,DG,-0.979288625023849,Stress,marshes
210,A,213,37,3,CA23,DG,-0.7436220071025853,Stress,marshes
224,A,227,37,3,CA23,DG,-1.242209877057603,Stress,waterfalls
237,A,240,37,3,CA23,DG,-0.0223109077254771,Stress,deserts
23,A,26,37,4,CA23,DG,0.2625920119982966,Stress,marshes
34,A,37,37,4,CA23,DG,-0.2796373959976541,Stress,deserts
41,A,44,37,4,CA23,DG,-0.0208815174740681,Stress,marshes
52,A,55,37,4,CA23,DG,0.9049749577907014,Stress,deserts
68,A,71,37,4,CA23,DG,-0.0941220627933363,Stress,deserts
81,A,84,37,4,CA23,DG,-0.0124494249243394,Stress,waterfalls
96,A,99,37,4,CA23,DG,0.8115540529894021,Stress,marshes
102,A,105,37,4,CA23,DG,0.1637992268155638,Stress,waterfalls
110,A,113,37,4,CA23,DG,0.100613326873928,Stress,waterfalls
115,A,118,37,4,CA23,DG,2.2963002627160587,Stress,deserts
119,A,122,37,4,CA23,DG,0.5024039078687769,Stress,marshes
134,A,137,37,4,CA23,DG,0.510625363262826,Stress,marshes
139,A,142,37,4,CA23,DG,0.9255392049162956,Stress,deserts
144,A,147,37,4,CA23,DG,0.8572107483670584,Stress,waterfalls
151,A,154,37,4,CA23,DG,0.7598593728377696,Stress,marshes
166,A,169,37,4,CA23,DG,2.1113315000463877,Stress,deserts
172,A,175,37,4,CA23,DG,-0.097855099917496,Stress,marshes
187,A,190,37,4,CA23,DG,-0.0172684647886843,Stress,waterfalls
202,A,205,37,4,CA23,DG,0.2408419403083357,Stress,waterfalls
214,A,217,37,4,CA23,DG,0.2394409856130271,Stress,waterfalls
229,A,232,37,4,CA23,DG,0.3290946815073879,Stress,deserts
5,A,8,38,2,CA23,DG,0.0807596657596846,Stress,lighthouses
11,A,14,38,2,CA23,DG,-0.7559408741821861,Stress,lighthouses
16,A,19,38,2,CA23,DG,-0.7553266376798213,Stress,bridges
24,A,27,38,2,CA23,DG,-0.0588950279280125,Stress,lighthouses
31,A,34,38,2,CA23,DG,-0.3529767074151519,Stress,bridges
39,A,42,38,2,CA23,DG,-0.3209266390709262,Stress,marshes
44,A,47,38,2,CA23,DG,0.1978333836312697,Stress,bridges
65,A,68,38,2,CA23,DG,0.3444672444199171,Stress,lighthouses
96,A,99,38,2,CA23,DG,-0.03874771828272,Stress,bridges
106,A,109,38,2,CA23,DG,0.1069372009682293,Stress,marshes
118,A,121,38,2,CA23,DG,1.8069944143643817,Stress,lighthouses
139,A,142,38,2,CA23,DG,0.253587299044716,Stress,bridges
150,A,153,38,2,CA23,DG,2.6257596491601234,Stress,marshes
158,A,161,38,2,CA23,DG,0.0523215897072331,Stress,marshes
164,A,167,38,2,CA23,DG,-0.6778152069907745,Stress,lighthouses
177,A,180,38,2,CA23,DG,0.1432941983562348,Stress,lighthouses
184,A,187,38,2,CA23,DG,3.449752884151117,Stress,marshes
191,A,194,38,2,CA23,DG,0.3446813800964375,Stress,bridges
203,A,206,38,2,CA23,DG,-0.0018866143862039,Stress,marshes
211,A,214,38,2,CA23,DG,0.0327540619176609,Stress,marshes
225,A,228,38,2,CA23,DG,0.0675899882907567,Stress,bridges
5,A,8,38,3,CA23,DG,0.0023758235876491,Stress,lighthouses
12,A,15,38,3,CA23,DG,-0.0109360335820501,Stress,marshes
24,A,27,38,3,CA23,DG,1.14451197691407,Stress,marshes
35,A,38,38,3,CA23,DG,-0.1973227710949416,Stress,bridges
43,A,46,38,3,CA23,DG,-0.0008695861397172,Stress,marshes
55,A,58,38,3,CA23,DG,2.248279156297314,Stress,bridges
72,A,75,38,3,CA23,DG,-0.9748258235126588,Stress,lighthouses
77,A,80,38,3,CA23,DG,-0.4943202699643119,Stress,marshes
86,A,89,38,3,CA23,DG,1.2069735334406042,Stress,lighthouses
104,A,107,38,3,CA23,DG,1.64549111040244,Stress,marshes
110,A,113,38,3,CA23,DG,0.8801211438457011,Stress,bridges
135,A,138,38,3,CA23,DG,-0.0230442151037308,Stress,bridges
147,A,150,38,3,CA23,DG,-0.0262533415171718,Stress,bridges
151,A,154,38,3,CA23,DG,-0.4291799118125851,Stress,marshes
163,A,166,38,3,CA23,DG,-0.3139216079273905,Stress,lighthouses
175,A,178,38,3,CA23,DG,1.1447844319053904,Stress,marshes
180,A,183,38,3,CA23,DG,0.4126517228282562,Stress,bridges
186,A,189,38,3,CA23,DG,-0.2955963399414303,Stress,lighthouses
203,A,206,38,3,CA23,DG,1.104944453231471,Stress,lighthouses
210,A,213,38,3,CA23,DG,-0.7042296394164629,Stress,bridges
226,A,229,38,3,CA23,DG,1.5683894077872929,Stress,lighthouses
5,A,8,38,4,CA23,DG,0.2254201873719666,Stress,lighthouses
10,A,13,38,4,CA23,DG,0.5097679345852824,Stress,marshes
16,A,19,38,4,CA23,DG,0.3198325493102655,Stress,lighthouses
27,A,30,38,4,CA23,DG,-0.705241277332089,Stress,lighthouses
44,A,47,38,4,CA23,DG,-0.0654824129298259,Stress,marshes
51,A,54,38,4,CA23,DG,-0.0788408012161146,Stress,marshes
58,A,61,38,4,CA23,DG,-0.0610529129077547,Stress,bridges
69,A,72,38,4,CA23,DG,0.3660602038093902,Stress,lighthouses
75,A,78,38,4,CA23,DG,0.5072919839022668,Stress,marshes
81,A,84,38,4,CA23,DG,0.3814086187127354,Stress,lighthouses
102,A,105,38,4,CA23,DG,-0.6363871649540767,Stress,bridges
128,A,131,38,4,CA23,DG,0.4556663892599928,Stress,bridges
135,A,138,38,4,CA23,DG,0.5762074918561084,Stress,marshes
153,A,156,38,4,CA23,DG,0.0377786735692312,Stress,marshes
158,A,161,38,4,CA23,DG,1.6192973080438628,Stress,bridges
187,A,190,38,4,CA23,DG,-0.5201688066403249,Stress,bridges
194,A,197,38,4,CA23,DG,0.4478015221679948,Stress,lighthouses
201,A,204,38,4,CA23,DG,0.1042825125513479,Stress,bridges
214,A,217,38,4,CA23,DG,0.0328507005965348,Stress,marshes
226,A,229,38,4,CA23,DG,3.5376424986728763,Stress,bridges
237,A,240,38,4,CA23,DG,3.295525888103351,Stress,lighthouses
22,A,25,39,2,CA23,DG,0.1648414137863139,Control,lighthouses
47,A,50,39,2,CA23,DG,0.3975827990051451,Control,waterfalls
62,A,65,39,2,CA23,DG,0.703904689464069,Control,marshes
70,A,73,39,2,CA23,DG,0.7128444629279811,Control,lighthouses
75,A,78,39,2,CA23,DG,0.4556375799026237,Control,marshes
79,A,82,39,2,CA23,DG,-0.8967363980136253,Control,waterfalls
85,A,88,39,2,CA23,DG,-0.2753962057634822,Control,lighthouses
104,A,107,39,2,CA23,DG,0.999305636465819,Control,marshes
116,A,119,39,2,CA23,DG,-0.1566502488964444,Control,waterfalls
124,A,127,39,2,CA23,DG,-0.0382461472899284,Control,lighthouses
142,A,145,39,2,CA23,DG,1.2323009088809511,Control,marshes
151,A,154,39,2,CA23,DG,-0.1414316550929577,Control,lighthouses
165,A,168,39,2,CA23,DG,-0.3756175399348402,Control,lighthouses
176,A,179,39,2,CA23,DG,0.054684728456374,Control,marshes
180,A,183,39,2,CA23,DG,-0.2528052448049723,Control,waterfalls
188,A,191,39,2,CA23,DG,-0.5342861624803742,Control,marshes
200,A,203,39,2,CA23,DG,0.2718093744567102,Control,waterfalls
216,A,219,39,2,CA23,DG,-0.1006089478038538,Control,lighthouses
226,A,229,39,2,CA23,DG,-0.0754571911871062,Control,waterfalls
233,A,236,39,2,CA23,DG,-0.022935033979249,Control,marshes
238,A,241,39,2,CA23,DG,-0.0723313207708244,Control,waterfalls
19,A,22,39,3,CA23,DG,0.7044213822094393,Control,marshes
30,A,33,39,3,CA23,DG,4.261291264618205,Control,marshes
37,A,40,39,3,CA23,DG,0.0115912798365604,Control,waterfalls
47,A,50,39,3,CA23,DG,-0.1878133066909943,Control,marshes
53,A,56,39,3,CA23,DG,0.2285792511670872,Control,waterfalls
62,A,65,39,3,CA23,DG,0.6093510894165132,Control,lighthouses
70,A,73,39,3,CA23,DG,3.104337705791322e-05,Control,lighthouses
86,A,89,39,3,CA23,DG,2.212018665687118,Control,waterfalls
98,A,101,39,3,CA23,DG,1.085704334805329,Control,lighthouses
102,A,105,39,3,CA23,DG,0.0816075495316367,Control,waterfalls
116,A,119,39,3,CA23,DG,-0.1112731801924479,Control,marshes
138,A,141,39,3,CA23,DG,-0.2601914637828584,Control,marshes
146,A,149,39,3,CA23,DG,0.3595057625846006,Control,lighthouses
162,A,165,39,3,CA23,DG,-1.7461722524401343e-05,Control,waterfalls
171,A,174,39,3,CA23,DG,-0.0486333980797979,Control,waterfalls
180,A,183,39,3,CA23,DG,-0.4434895467171985,Control,lighthouses
186,A,189,39,3,CA23,DG,0.0380516057262877,Control,marshes
194,A,197,39,3,CA23,DG,-0.2486387804022148,Control,lighthouses
201,A,204,39,3,CA23,DG,0.9051237246689648,Control,waterfalls
206,A,209,39,3,CA23,DG,0.3971305054657353,Control,lighthouses
220,A,223,39,3,CA23,DG,0.0425857781220568,Control,marshes
7,A,10,39,4,CA23,DG,-0.8717717249464693,Control,waterfalls
12,A,15,39,4,CA23,DG,0.3476802229288243,Control,lighthouses
18,A,21,39,4,CA23,DG,-0.3827526122880476,Control,marshes
23,A,26,39,4,CA23,DG,0.2417135957698582,Control,waterfalls
30,A,33,39,4,CA23,DG,-0.3655577924363866,Control,marshes
38,A,41,39,4,CA23,DG,0.4196874011824185,Control,lighthouses
45,A,48,39,4,CA23,DG,-0.071416745300985,Control,lighthouses
58,A,61,39,4,CA23,DG,0.4595091994286229,Control,lighthouses
77,A,80,39,4,CA23,DG,-0.7759405414948717,Control,marshes
83,A,86,39,4,CA23,DG,-0.340646217741953,Control,waterfalls
91,A,94,39,4,CA23,DG,-0.1865253134223096,Control,marshes
103,A,106,39,4,CA23,DG,0.0903275898265711,Control,waterfalls
109,A,112,39,4,CA23,DG,0.8632927212275641,Control,lighthouses
113,A,116,39,4,CA23,DG,0.2300883931429588,Control,marshes
119,A,122,39,4,CA23,DG,1.7090901416632684,Control,waterfalls
158,A,161,39,4,CA23,DG,-0.3922897822598215,Control,waterfalls
177,A,180,39,4,CA23,DG,0.0016940944743222,Control,lighthouses
203,A,206,39,4,CA23,DG,0.4706544508540956,Control,marshes
208,A,211,39,4,CA23,DG,0.4183407839698998,Control,lighthouses
217,A,220,39,4,CA23,DG,0.0496959207704369,Control,waterfalls
222,A,225,39,4,CA23,DG,0.4574651799721656,Control,marshes
8,A,11,40,2,CA23,DG,1.0657837979419176,Stress,beaches
14,A,17,40,2,CA23,DG,0.0332043377725622,Stress,fields
41,A,44,40,2,CA23,DG,-0.1449328928233579,Stress,beaches
59,A,62,40,2,CA23,DG,0.2183694828321672,Stress,fields
82,A,85,40,2,CA23,DG,-0.1178546320610868,Stress,parks
87,A,90,40,2,CA23,DG,-0.2698031747123462,Stress,beaches
98,A,101,40,2,CA23,DG,0.724900249970463,Stress,beaches
107,A,110,40,2,CA23,DG,0.1779424151323997,Stress,parks
112,A,115,40,2,CA23,DG,-0.9174256819454648,Stress,fields
116,A,119,40,2,CA23,DG,6.061351734393602,Stress,beaches
122,A,125,40,2,CA23,DG,1.9126097858088869,Stress,parks
128,A,131,40,2,CA23,DG,0.3420469807985756,Stress,parks
139,A,142,40,2,CA23,DG,0.0204946889733334,Stress,parks
144,A,147,40,2,CA23,DG,-0.1965149301157798,Stress,fields
157,A,160,40,2,CA23,DG,0.4519316550544859,Stress,fields
171,A,174,40,2,CA23,DG,-0.0407882359493706,Stress,parks
175,A,178,40,2,CA23,DG,-0.9243796913096972,Stress,beaches
186,A,189,40,2,CA23,DG,-0.4959394203463463,Stress,parks
191,A,194,40,2,CA23,DG,5.118916513487605,Stress,fields
209,A,212,40,2,CA23,DG,6.137519672238629,Stress,fields
220,A,223,40,2,CA23,DG,-0.1014779712162561,Stress,beaches
13,A,16,40,3,CA23,DG,0.0102699402978978,Stress,parks
21,A,24,40,3,CA23,DG,0.2368004518931656,Stress,fields
31,A,34,40,3,CA23,DG,-0.2292220123494909,Stress,fields
49,A,52,40,3,CA23,DG,1.0854344313611677,Stress,beaches
58,A,61,40,3,CA23,DG,0.1262832394856439,Stress,beaches
62,A,65,40,3,CA23,DG,0.6521024390175704,Stress,fields
68,A,71,40,3,CA23,DG,-0.2565330212365756,Stress,beaches
77,A,80,40,3,CA23,DG,-1.1491233955688478,Stress,beaches
90,A,93,40,3,CA23,DG,3.34603117572417,Stress,beaches
98,A,101,40,3,CA23,DG,-0.0863712560133009,Stress,beaches
103,A,106,40,3,CA23,DG,0.8798003177695582,Stress,parks
119,A,122,40,3,CA23,DG,1.6144802288059394,Stress,parks
129,A,132,40,3,CA23,DG,2.2776231928136745,Stress,fields
144,A,147,40,3,CA23,DG,-0.0724932644908231,Stress,fields
154,A,157,40,3,CA23,DG,1.3571866668984274,Stress,parks
172,A,175,40,3,CA23,DG,1.6243466686955454,Stress,parks
180,A,183,40,3,CA23,DG,0.0919854595804764,Stress,parks
190,A,193,40,3,CA23,DG,-0.1465085085064066,Stress,fields
209,A,212,40,3,CA23,DG,1.0058151204815151,Stress,fields
227,A,230,40,3,CA23,DG,-0.5619468765836265,Stress,parks
232,A,235,40,3,CA23,DG,-0.2974793346557962,Stress,beaches
7,A,10,40,4,CA23,DG,-0.1741695417118087,Stress,beaches
14,A,17,40,4,CA23,DG,2.391314557243095,Stress,parks
22,A,25,40,4,CA23,DG,0.7442262704100163,Stress,fields
38,A,41,40,4,CA23,DG,0.7565938242179874,Stress,fields
46,A,49,40,4,CA23,DG,0.0156527666799861,Stress,beaches
59,A,62,40,4,CA23,DG,-0.0343167187440623,Stress,fields
80,A,83,40,4,CA23,DG,-0.6136185778244456,Stress,parks
89,A,92,40,4,CA23,DG,0.0227161086191157,Stress,parks
105,A,108,40,4,CA23,DG,-0.0472758879979444,Stress,fields
117,A,120,40,4,CA23,DG,-0.7066204484626117,Stress,beaches
125,A,128,40,4,CA23,DG,0.4174361983060093,Stress,beaches
132,A,135,40,4,CA23,DG,-1.135831722579329,Stress,parks
152,A,155,40,4,CA23,DG,-0.0140823324524519,Stress,fields
165,A,168,40,4,CA23,DG,0.0338002636507656,Stress,parks
170,A,173,40,4,CA23,DG,0.9632219255204588,Stress,fields
179,A,182,40,4,CA23,DG,0.2180738606203943,Stress,fields
196,A,199,40,4,CA23,DG,0.050453826199047,Stress,beaches
211,A,214,40,4,CA23,DG,0.0011396442742632,Stress,beaches
227,A,230,40,4,CA23,DG,0.0657334720569109,Stress,parks
231,A,234,40,4,CA23,DG,0.7974002293892472,Stress,beaches
27,A,30,41,2,CA23,DG,0.3156708765638354,Control,lakes
45,A,48,41,2,CA23,DG,2.898410439212572,Control,lakes
50,A,53,41,2,CA23,DG,0.3512133430252872,Control,beaches
54,A,57,41,2,CA23,DG,0.0153636965834847,Control,lakes
76,A,79,41,2,CA23,DG,-0.6496983083183322,Control,lakes
92,A,95,41,2,CA23,DG,0.3289445590763686,Control,beaches
100,A,103,41,2,CA23,DG,0.3733890666228543,Control,mountains
106,A,109,41,2,CA23,DG,-0.4325470197709086,Control,lakes
114,A,117,41,2,CA23,DG,-0.3851783772045234,Control,beaches
130,A,133,41,2,CA23,DG,0.5235949496053435,Control,mountains
138,A,141,41,2,CA23,DG,0.1151015358150982,Control,beaches
152,A,155,41,2,CA23,DG,0.1398900807194287,Control,mountains
165,A,168,41,2,CA23,DG,2.9915280671783924,Control,beaches
172,A,175,41,2,CA23,DG,-0.78583475523213,Control,lakes
188,A,191,41,2,CA23,DG,0.000290564817079,Control,beaches
197,A,200,41,2,CA23,DG,-2.4596724347434016,Control,mountains
205,A,208,41,2,CA23,DG,-0.5652500526726306,Control,beaches
211,A,214,41,2,CA23,DG,0.1518410995920981,Control,mountains
217,A,220,41,2,CA23,DG,0.2359085446386372,Control,mountains
232,A,235,41,2,CA23,DG,0.6663816977532964,Control,mountains
236,A,239,41,2,CA23,DG,-1.2447367009373205,Control,lakes
12,A,15,41,3,CA23,DG,0.1974361191046167,Control,lakes
28,A,31,41,3,CA23,DG,-0.4146561251866391,Control,mountains
38,A,41,41,3,CA23,DG,1.8906516602993024,Control,lakes
45,A,48,41,3,CA23,DG,0.0294154933393689,Control,beaches
50,A,53,41,3,CA23,DG,0.5168717218029723,Control,mountains
72,A,75,41,3,CA23,DG,0.9298489384421832,Control,beaches
88,A,91,41,3,CA23,DG,-1.207780671755837,Control,beaches
94,A,97,41,3,CA23,DG,2.436717006174494,Control,mountains
108,A,111,41,3,CA23,DG,2.149361072906736,Control,mountains
117,A,120,41,3,CA23,DG,0.0183659837740473,Control,lakes
128,A,131,41,3,CA23,DG,1.082840228483333,Control,lakes
152,A,155,41,3,CA23,DG,2.02457526402934,Control,beaches
161,A,164,41,3,CA23,DG,0.2200140345607435,Control,lakes
168,A,171,41,3,CA23,DG,-0.8120356666712788,Control,mountains
193,A,196,41,3,CA23,DG,-0.0447374469630215,Control,beaches
197,A,200,41,3,CA23,DG,0.9554124391475176,Control,mountains
204,A,207,41,3,CA23,DG,-0.1045494243844073,Control,lakes
211,A,214,41,3,CA23,DG,0.6185154571618569,Control,mountains
220,A,223,41,3,CA23,DG,-0.0002151391628752,Control,lakes
225,A,228,41,3,CA23,DG,0.5198960817001317,Control,beaches
235,A,238,41,3,CA23,DG,0.5936468336222063,Control,beaches
7,A,10,41,4,CA23,DG,-0.4832585813094051,Control,beaches
26,A,29,41,4,CA23,DG,0.5947877712524965,Control,mountains
38,A,41,41,4,CA23,DG,1.544058150148659,Control,lakes
46,A,49,41,4,CA23,DG,-0.3608077230508172,Control,beaches
61,A,64,41,4,CA23,DG,-1.862507361331473,Control,lakes
73,A,76,41,4,CA23,DG,0.0647607066548242,Control,lakes
81,A,84,41,4,CA23,DG,2.5191528223858435,Control,beaches
94,A,97,41,4,CA23,DG,1.6084319885045777,Control,beaches
101,A,104,41,4,CA23,DG,0.2096421988025271,Control,mountains
117,A,120,41,4,CA23,DG,0.0145953388987075,Control,lakes
123,A,126,41,4,CA23,DG,0.0519009205611735,Control,mountains
162,A,165,41,4,CA23,DG,0.917960604998486,Control,lakes
170,A,173,41,4,CA23,DG,0.5115441344845614,Control,beaches
183,A,186,41,4,CA23,DG,0.1238813742367045,Control,mountains
190,A,193,41,4,CA23,DG,-0.5580046254992197,Control,beaches
197,A,200,41,4,CA23,DG,0.1666876343545956,Control,mountains
202,A,205,41,4,CA23,DG,-0.1328214767955885,Control,lakes
218,A,221,41,4,CA23,DG,0.2097748049799842,Control,lakes
224,A,227,41,4,CA23,DG,-0.1849279146108778,Control,mountains
229,A,232,41,4,CA23,DG,0.0011063287162222,Control,beaches
237,A,240,41,4,CA23,DG,1.7353748039922308,Control,mountains
9,A,12,42,2,CA23,DG,0.8201964171820896,Stress,canyons
15,A,18,42,2,CA23,DG,-0.051925391556308,Stress,parks
31,A,34,42,2,CA23,DG,0.4551416916761635,Stress,canyons
42,A,45,42,2,CA23,DG,-0.5709981857811556,Stress,parks
56,A,59,42,2,CA23,DG,0.0140587191389857,Stress,parks
61,A,64,42,2,CA23,DG,-2.3599663138652374,Stress,canyons
71,A,74,42,2,CA23,DG,1.648552894009398,Stress,parks
88,A,91,42,2,CA23,DG,0.015444419123912,Stress,parks
97,A,100,42,2,CA23,DG,0.5792374952668853,Stress,canyons
110,A,113,42,2,CA23,DG,-1.0416971252435838,Stress,waterfalls
128,A,131,42,2,CA23,DG,-0.0010412030964662,Stress,canyons
140,A,143,42,2,CA23,DG,0.0299620338547109,Stress,parks
146,A,149,42,2,CA23,DG,-0.1403848491510432,Stress,waterfalls
158,A,161,42,2,CA23,DG,-0.0442924215901783,Stress,waterfalls
166,A,169,42,2,CA23,DG,-0.3075143882475882,Stress,waterfalls
177,A,180,42,2,CA23,DG,0.1751477885880992,Stress,canyons
200,A,203,42,2,CA23,DG,0.1119857688986196,Stress,parks
211,A,214,42,2,CA23,DG,0.7045575226666492,Stress,waterfalls
220,A,223,42,2,CA23,DG,-0.0597518030764218,Stress,canyons
225,A,228,42,2,CA23,DG,0.0002592912637953,Stress,waterfalls
236,A,239,42,2,CA23,DG,-0.5609518991605401,Stress,waterfalls
8,A,11,42,3,CA23,DG,-0.2384266727613321,Stress,waterfalls
24,A,27,42,3,CA23,DG,2.099146395409802,Stress,waterfalls
37,A,40,42,3,CA23,DG,0.6454265272110984,Stress,canyons
52,A,55,42,3,CA23,DG,-0.0179502697458088,Stress,canyons
62,A,65,42,3,CA23,DG,0.7258327118145057,Stress,parks
68,A,71,42,3,CA23,DG,-0.529620958932398,Stress,canyons
77,A,80,42,3,CA23,DG,0.0021387327659736,Stress,canyons
93,A,96,42,3,CA23,DG,-0.5474508034931821,Stress,canyons
98,A,101,42,3,CA23,DG,0.1043481677350915,Stress,waterfalls
105,A,108,42,3,CA23,DG,-0.040100306148171,Stress,parks
112,A,115,42,3,CA23,DG,-0.4891622568759842,Stress,waterfalls
119,A,122,42,3,CA23,DG,-0.2786879761722182,Stress,parks
138,A,141,42,3,CA23,DG,0.0852767106612005,Stress,parks
144,A,147,42,3,CA23,DG,0.7687301136703104,Stress,parks
165,A,168,42,3,CA23,DG,-0.0215511565094498,Stress,parks
177,A,180,42,3,CA23,DG,0.2160251341501469,Stress,canyons
200,A,203,42,3,CA23,DG,2.859613451179458,Stress,canyons
210,A,213,42,3,CA23,DG,0.504470009724784,Stress,waterfalls
230,A,233,42,3,CA23,DG,-0.1461641655170349,Stress,parks
236,A,239,42,3,CA23,DG,0.1313179649277435,Stress,waterfalls
5,A,8,42,4,CA23,DG,0.0670170629082073,Stress,canyons
13,A,16,42,4,CA23,DG,-0.1598880083508519,Stress,canyons
29,A,32,42,4,CA23,DG,0.5902844176024602,Stress,canyons
41,A,44,42,4,CA23,DG,1.1589173931608294,Stress,parks
54,A,57,42,4,CA23,DG,1.525630611619275,Stress,waterfalls
61,A,64,42,4,CA23,DG,-0.2551258334410069,Stress,parks
69,A,72,42,4,CA23,DG,0.3219171048128729,Stress,parks
73,A,76,42,4,CA23,DG,1.1462890141850708,Stress,canyons
110,A,113,42,4,CA23,DG,0.4469670124435618,Stress,canyons
121,A,124,42,4,CA23,DG,0.3092586635587404,Stress,canyons
141,A,144,42,4,CA23,DG,0.3199530312685751,Stress,canyons
146,A,149,42,4,CA23,DG,0.5721624148030757,Stress,waterfalls
151,A,154,42,4,CA23,DG,0.9118837304241492,Stress,parks
165,A,168,42,4,CA23,DG,0.1385233513202914,Stress,waterfalls
176,A,179,42,4,CA23,DG,0.3411926672485739,Stress,parks
183,A,186,42,4,CA23,DG,0.0771288354893743,Stress,waterfalls
198,A,201,42,4,CA23,DG,-0.2939973137806381,Stress,parks
211,A,214,42,4,CA23,DG,-2.4100166685534568,Stress,waterfalls
228,A,231,42,4,CA23,DG,0.0159067216801389,Stress,waterfalls
5,A,8,43,2,CA23,DG,0.3148152285676844,Stress,lakes
14,A,17,43,2,CA23,DG,0.1801928811635668,Stress,lakes
22,A,25,43,2,CA23,DG,-0.884848657450736,Stress,lighthouses
30,A,33,43,2,CA23,DG,-0.0319869321613182,Stress,lighthouses
35,A,38,43,2,CA23,DG,0.7853570993022942,Stress,deserts
45,A,48,43,2,CA23,DG,-1.3046038364268338,Stress,deserts
67,A,70,43,2,CA23,DG,0.0360605886383117,Stress,deserts
84,A,87,43,2,CA23,DG,1.6343661904894562,Stress,deserts
92,A,95,43,2,CA23,DG,-0.1334855363428638,Stress,deserts
101,A,104,43,2,CA23,DG,-0.2678669379735025,Stress,deserts
106,A,109,43,2,CA23,DG,0.0614111170713968,Stress,lighthouses
113,A,116,43,2,CA23,DG,2.564079673732342,Stress,lakes
131,A,134,43,2,CA23,DG,0.0259862929017293,Stress,lighthouses
140,A,143,43,2,CA23,DG,-0.3021556369815683,Stress,lighthouses
149,A,152,43,2,CA23,DG,0.9492647362031148,Stress,lakes
157,A,160,43,2,CA23,DG,-0.9442080933259066,Stress,deserts
177,A,180,43,2,CA23,DG,0.1723633512689329,Stress,lighthouses
189,A,192,43,2,CA23,DG,-1.3326379440584553,Stress,lakes
200,A,203,43,2,CA23,DG,-0.2189959759149584,Stress,lakes
220,A,223,43,2,CA23,DG,0.5411329039448021,Stress,lighthouses
237,A,240,43,2,CA23,DG,-0.4709219200088045,Stress,lakes
5,A,8,43,3,CA23,DG,-0.9025193806054046,Stress,deserts
21,A,24,43,3,CA23,DG,1.653698942428554,Stress,deserts
40,A,43,43,3,CA23,DG,-0.0242478460868472,Stress,lakes
46,A,49,43,3,CA23,DG,0.0294837879696826,Stress,lakes
58,A,61,43,3,CA23,DG,-0.008793525719352,Stress,deserts
75,A,78,43,3,CA23,DG,-0.2201556191329471,Stress,lakes
87,A,90,43,3,CA23,DG,0.1082952739299194,Stress,lighthouses
92,A,95,43,3,CA23,DG,0.0208995762222973,Stress,lakes
97,A,100,43,3,CA23,DG,-2.8074575654724745,Stress,lighthouses
107,A,110,43,3,CA23,DG,0.8642953505783582,Stress,lighthouses
113,A,116,43,3,CA23,DG,0.0532385109846607,Stress,lakes
118,A,121,43,3,CA23,DG,0.0007034329110362,Stress,lighthouses
148,A,151,43,3,CA23,DG,0.2070283763353228,Stress,lighthouses
163,A,166,43,3,CA23,DG,0.0497894749924012,Stress,lighthouses
172,A,175,43,3,CA23,DG,0.5175423855423078,Stress,deserts
192,A,195,43,3,CA23,DG,0.250151035386538,Stress,deserts
201,A,204,43,3,CA23,DG,0.011465460095108,Stress,lighthouses
214,A,217,43,3,CA23,DG,0.0629801509725268,Stress,lakes
220,A,223,43,3,CA23,DG,1.0922377617337438,Stress,deserts
227,A,230,43,3,CA23,DG,0.4574416578679832,Stress,lakes
235,A,238,43,3,CA23,DG,-0.1635879079920822,Stress,deserts
14,A,17,43,4,CA23,DG,-0.0571581685601201,Stress,lakes
18,A,21,43,4,CA23,DG,-0.034943304836862,Stress,deserts
32,A,35,43,4,CA23,DG,0.5776598653630911,Stress,lakes
37,A,40,43,4,CA23,DG,1.0573219727732592,Stress,lighthouses
46,A,49,43,4,CA23,DG,-0.1560013024807797,Stress,deserts
67,A,70,43,4,CA23,DG,-0.0234376054887902,Stress,lakes
76,A,79,43,4,CA23,DG,1.603919361201493,Stress,lakes
101,A,104,43,4,CA23,DG,1.994131510040806,Stress,lakes
112,A,115,43,4,CA23,DG,0.0088314393086399,Stress,deserts
117,A,120,43,4,CA23,DG,2.034932489281183,Stress,lighthouses
124,A,127,43,4,CA23,DG,0.0138192624345912,Stress,deserts
141,A,144,43,4,CA23,DG,7.231631197244158,Stress,lighthouses
147,A,150,43,4,CA23,DG,0.2086596539017949,Stress,deserts
153,A,156,43,4,CA23,DG,0.0138116301887326,Stress,lighthouses
158,A,161,43,4,CA23,DG,2.484013220507864,Stress,deserts
172,A,175,43,4,CA23,DG,-0.8934971244408948,Stress,lakes
179,A,182,43,4,CA23,DG,0.2285932650194982,Stress,lighthouses
206,A,209,43,4,CA23,DG,0.0766100462079203,Stress,lighthouses
212,A,215,43,4,CA23,DG,-0.4246163121400869,Stress,lakes
223,A,226,43,4,CA23,DG,0.4481289844514165,Stress,lighthouses
8,A,11,44,2,CA23,DG,2.9281275404958595,Control,canyons
31,A,34,44,2,CA23,DG,0.0513316768338579,Control,lakes
42,A,45,44,2,CA23,DG,0.5169292076779578,Control,bridges
47,A,50,44,2,CA23,DG,-0.346801642267674,Control,canyons
54,A,57,44,2,CA23,DG,-0.2202632072218747,Control,bridges
74,A,77,44,2,CA23,DG,0.0352261320187577,Control,canyons
79,A,82,44,2,CA23,DG,0.7297686329734757,Control,bridges
98,A,101,44,2,CA23,DG,2.0866986585814127,Control,canyons
104,A,107,44,2,CA23,DG,-0.3820023706507933,Control,lakes
117,A,120,44,2,CA23,DG,0.1078370160443591,Control,bridges
122,A,125,44,2,CA23,DG,0.9835233818012562,Control,lakes
132,A,135,44,2,CA23,DG,-0.2052984114620019,Control,bridges
144,A,147,44,2,CA23,DG,0.0080382743751559,Control,lakes
152,A,155,44,2,CA23,DG,2.770971323885407,Control,lakes
166,A,169,44,2,CA23,DG,0.9265809340170836,Control,lakes
178,A,181,44,2,CA23,DG,0.065930017096052,Control,bridges
185,A,188,44,2,CA23,DG,1.192971560345332,Control,canyons
197,A,200,44,2,CA23,DG,-0.0011557355330259,Control,bridges
204,A,207,44,2,CA23,DG,0.0531388919376393,Control,canyons
209,A,212,44,2,CA23,DG,0.420419556228805,Control,lakes
222,A,225,44,2,CA23,DG,-0.315586350383609,Control,canyons
5,A,8,44,3,CA23,DG,0.0840512828711951,Control,canyons
17,A,20,44,3,CA23,DG,-0.0109734069080667,Control,bridges
43,A,46,44,3,CA23,DG,2.7473902262814685,Control,canyons
51,A,54,44,3,CA23,DG,-0.0420293246879749,Control,bridges
57,A,60,44,3,CA23,DG,-0.7649407456082556,Control,canyons
85,A,88,44,3,CA23,DG,-0.0273556087039916,Control,lakes
95,A,98,44,3,CA23,DG,-0.0754311314876136,Control,canyons
102,A,105,44,3,CA23,DG,0.1478489204607423,Control,lakes
111,A,114,44,3,CA23,DG,0.2243083604504959,Control,lakes
118,A,121,44,3,CA23,DG,1.121210162583338,Control,lakes
124,A,127,44,3,CA23,DG,-0.0225473072592258,Control,bridges
131,A,134,44,3,CA23,DG,-0.2735132522388707,Control,canyons
139,A,142,44,3,CA23,DG,0.1542343390457597,Control,lakes
145,A,148,44,3,CA23,DG,0.6579448491340639,Control,canyons
168,A,171,44,3,CA23,DG,-0.2193700428818182,Control,bridges
177,A,180,44,3,CA23,DG,0.006803721635947,Control,lakes
184,A,187,44,3,CA23,DG,-0.10549376808006,Control,canyons
188,A,191,44,3,CA23,DG,-0.154439134838771,Control,lakes
197,A,200,44,3,CA23,DG,0.3808542293466465,Control,bridges
205,A,208,44,3,CA23,DG,0.8042915833762585,Control,bridges
234,A,237,44,3,CA23,DG,0.4505930365163745,Control,bridges
5,A,8,44,4,CA23,DG,0.2330538002580403,Control,canyons
23,A,26,44,4,CA23,DG,0.2043198758567031,Control,lakes
52,A,55,44,4,CA23,DG,0.0060284474508807,Control,bridges
66,A,69,44,4,CA23,DG,-0.3147276927505506,Control,lakes
70,A,73,44,4,CA23,DG,0.5592631990176673,Control,canyons
81,A,84,44,4,CA23,DG,2.6222289206042757,Control,lakes
91,A,94,44,4,CA23,DG,0.4077239509272771,Control,canyons
117,A,120,44,4,CA23,DG,5.12252693713112,Control,canyons
126,A,129,44,4,CA23,DG,0.199718900110638,Control,lakes
133,A,136,44,4,CA23,DG,0.2837646753144185,Control,lakes
150,A,153,44,4,CA23,DG,0.650988625120627,Control,canyons
157,A,160,44,4,CA23,DG,-0.0235007982331701,Control,bridges
165,A,168,44,4,CA23,DG,0.2296568786579438,Control,lakes
175,A,178,44,4,CA23,DG,0.1080336060444569,Control,bridges
185,A,188,44,4,CA23,DG,0.2623022948210383,Control,bridges
190,A,193,44,4,CA23,DG,0.2748334748482636,Control,canyons
199,A,202,44,4,CA23,DG,0.6917709058650996,Control,bridges
209,A,212,44,4,CA23,DG,0.885047437290296,Control,canyons
216,A,219,44,4,CA23,DG,0.2828682822773568,Control,bridges
227,A,230,44,4,CA23,DG,-0.3461107843819541,Control,lakes
233,A,236,44,4,CA23,DG,-1.038562045244814,Control,bridges
11,A,14,45,2,CA23,DG,0.8321647743150322,Control,beaches
16,A,19,45,2,CA23,DG,-0.026541512690318,Control,fields
30,A,33,45,2,CA23,DG,-0.1035224815479303,Control,deserts
43,A,46,45,2,CA23,DG,1.5471376255439524,Control,beaches
51,A,54,45,2,CA23,DG,1.5897162281387678,Control,fields
69,A,72,45,2,CA23,DG,0.6029766842172913,Control,beaches
75,A,78,45,2,CA23,DG,0.5060262460578357,Control,fields
81,A,84,45,2,CA23,DG,0.0383082286171995,Control,deserts
88,A,91,45,2,CA23,DG,-0.0144035945313785,Control,deserts
99,A,102,45,2,CA23,DG,-0.5548589461572184,Control,beaches
119,A,122,45,2,CA23,DG,-0.0001089081359298,Control,beaches
133,A,136,45,2,CA23,DG,-0.8282676300396741,Control,beaches
141,A,144,45,2,CA23,DG,0.0388421065535058,Control,deserts
150,A,153,45,2,CA23,DG,0.4743884801458103,Control,fields
164,A,167,45,2,CA23,DG,1.1205732367237278,Control,fields
180,A,183,45,2,CA23,DG,-0.1564821002142041,Control,deserts
187,A,190,45,2,CA23,DG,0.0316651018859416,Control,deserts
196,A,199,45,2,CA23,DG,0.1040175215971893,Control,deserts
202,A,205,45,2,CA23,DG,-0.3486767394148162,Control,beaches
212,A,215,45,2,CA23,DG,0.0044034223262186,Control,fields
236,A,239,45,2,CA23,DG,0.115204918925431,Control,fields
5,A,8,45,3,CA23,DG,2.1494246337905625,Control,deserts
10,A,13,45,3,CA23,DG,0.2157476269781741,Control,fields
18,A,21,45,3,CA23,DG,0.90310802996386,Control,deserts
31,A,34,45,3,CA23,DG,0.7443030609451917,Control,deserts
46,A,49,45,3,CA23,DG,0.377768846958939,Control,deserts
61,A,64,45,3,CA23,DG,-0.1051960272696365,Control,fields
67,A,70,45,3,CA23,DG,1.6400883796702126,Control,beaches
75,A,78,45,3,CA23,DG,0.3567307920922124,Control,deserts
93,A,96,45,3,CA23,DG,-0.5585959637220459,Control,deserts
109,A,112,45,3,CA23,DG,-0.0965538819466522,Control,beaches
115,A,118,45,3,CA23,DG,0.2961262457786217,Control,fields
131,A,134,45,3,CA23,DG,2.769535310383519,Control,fields
139,A,142,45,3,CA23,DG,0.0444571206622544,Control,beaches
147,A,150,45,3,CA23,DG,-0.6497040314547247,Control,beaches
161,A,164,45,3,CA23,DG,6.557447744855089,Control,deserts
172,A,175,45,3,CA23,DG,1.454208242356268,Control,beaches
179,A,182,45,3,CA23,DG,0.1590675560470683,Control,fields
221,A,224,45,3,CA23,DG,-0.3357328088767125,Control,beaches
227,A,230,45,3,CA23,DG,-0.0444231535288815,Control,fields
232,A,235,45,3,CA23,DG,0.0145115391998807,Control,beaches
238,A,241,45,3,CA23,DG,0.893485494763729,Control,fields
7,A,10,45,4,CA23,DG,0.0209171196549741,Control,fields
11,A,14,45,4,CA23,DG,0.0889992596002729,Control,deserts
28,A,31,45,4,CA23,DG,6.245603333587705,Control,fields
46,A,49,45,4,CA23,DG,0.8424674563727808,Control,fields
54,A,57,45,4,CA23,DG,-0.0557279015907259,Control,beaches
65,A,68,45,4,CA23,DG,-1.387495533628305,Control,deserts
70,A,73,45,4,CA23,DG,2.3489782239053696,Control,beaches
82,A,85,45,4,CA23,DG,0.9627923344727924,Control,beaches
93,A,96,45,4,CA23,DG,-2.203788434084008,Control,beaches
106,A,109,45,4,CA23,DG,-0.0570395828009579,Control,deserts
113,A,116,45,4,CA23,DG,-0.2101036862735674,Control,fields
123,A,126,45,4,CA23,DG,0.3030933597513365,Control,deserts
134,A,137,45,4,CA23,DG,0.0672764774623861,Control,fields
140,A,143,45,4,CA23,DG,0.6613640731129381,Control,deserts
146,A,149,45,4,CA23,DG,0.3490342923319637,Control,beaches
174,A,177,45,4,CA23,DG,1.6794939998743434,Control,beaches
178,A,181,45,4,CA23,DG,0.0498754096735445,Control,fields
187,A,190,45,4,CA23,DG,0.0042662817978836,Control,deserts
200,A,203,45,4,CA23,DG,2.110332156174356,Control,beaches
216,A,219,45,4,CA23,DG,0.0053971618658562,Control,fields
232,A,235,45,4,CA23,DG,-0.0163850362491226,Control,deserts
5,A,8,46,2,CA23,DG,1.2477844834201752,Stress,forests
13,A,16,46,2,CA23,DG,0.2027030540077271,Stress,parks
20,A,23,46,2,CA23,DG,0.3128133007141963,Stress,mountains
36,A,39,46,2,CA23,DG,-0.1416436848414883,Stress,forests
50,A,53,46,2,CA23,DG,0.3838583189887457,Stress,forests
59,A,62,46,2,CA23,DG,-0.6735819128145012,Stress,mountains
64,A,67,46,2,CA23,DG,-0.2685914708304349,Stress,parks
82,A,85,46,2,CA23,DG,0.0064052176581989,Stress,mountains
88,A,91,46,2,CA23,DG,-1.1761535614947214,Stress,parks
101,A,104,46,2,CA23,DG,0.572965920700775,Stress,mountains
111,A,114,46,2,CA23,DG,0.5060904337973484,Stress,mountains
119,A,122,46,2,CA23,DG,0.2539298018470952,Stress,parks
128,A,131,46,2,CA23,DG,-0.0004487218390939,Stress,forests
147,A,150,46,2,CA23,DG,-0.0345469097873589,Stress,mountains
157,A,160,46,2,CA23,DG,2.1786687152444686,Stress,parks
170,A,173,46,2,CA23,DG,-0.2483215894010911,Stress,mountains
189,A,192,46,2,CA23,DG,-0.232101523612614,Stress,parks
195,A,198,46,2,CA23,DG,-0.3460369172750804,Stress,forests
209,A,212,46,2,CA23,DG,0.0343092141334769,Stress,forests
233,A,236,46,2,CA23,DG,0.0201839047772,Stress,parks
237,A,240,46,2,CA23,DG,1.6665753476343357,Stress,forests
10,A,13,46,3,CA23,DG,0.0663197945646805,Stress,parks
18,A,21,46,3,CA23,DG,-0.6063178162504208,Stress,mountains
27,A,30,46,3,CA23,DG,-0.4369572097920693,Stress,forests
44,A,47,46,3,CA23,DG,0.163375773196645,Stress,mountains
57,A,60,46,3,CA23,DG,1.6302623838487946,Stress,mountains
64,A,67,46,3,CA23,DG,-1.868938510461522,Stress,forests
73,A,76,46,3,CA23,DG,0.9352091567089816,Stress,parks
85,A,88,46,3,CA23,DG,1.852208197639374,Stress,parks
92,A,95,46,3,CA23,DG,0.0025578142393972,Stress,forests
98,A,101,46,3,CA23,DG,0.0390944439489889,Stress,mountains
117,A,120,46,3,CA23,DG,1.0119773068179665,Stress,forests
124,A,127,46,3,CA23,DG,0.6707972062286347,Stress,parks
132,A,135,46,3,CA23,DG,0.4845388633569954,Stress,parks
136,A,139,46,3,CA23,DG,-0.2455414299747597,Stress,mountains
152,A,155,46,3,CA23,DG,0.4103037251406831,Stress,parks
160,A,163,46,3,CA23,DG,-0.9418196158311832,Stress,forests
180,A,183,46,3,CA23,DG,0.4586093241395891,Stress,mountains
187,A,190,46,3,CA23,DG,-0.1797939577018577,Stress,forests
191,A,194,46,3,CA23,DG,3.681068313841107,Stress,parks
198,A,201,46,3,CA23,DG,0.2992028668217822,Stress,forests
237,A,240,46,3,CA23,DG,0.0062490342483711,Stress,mountains
16,A,19,46,4,CA23,DG,-0.7063722693567424,Stress,mountains
22,A,25,46,4,CA23,DG,0.8302850785644585,Stress,parks
34,A,37,46,4,CA23,DG,0.6868990582902513,Stress,forests
49,A,52,46,4,CA23,DG,-0.8278625763328473,Stress,parks
60,A,63,46,4,CA23,DG,-0.6351073464202199,Stress,forests
74,A,77,46,4,CA23,DG,-0.6891064739774361,Stress,mountains
97,A,100,46,4,CA23,DG,-0.1878624154658831,Stress,parks
111,A,114,46,4,CA23,DG,-0.0055261994774823,Stress,parks
119,A,122,46,4,CA23,DG,1.288080668033338,Stress,parks
127,A,130,46,4,CA23,DG,0.2800309666101187,Stress,forests
132,A,135,46,4,CA23,DG,0.0706546293958502,Stress,mountains
142,A,145,46,4,CA23,DG,-0.2079407361510144,Stress,forests
156,A,159,46,4,CA23,DG,0.2185681528217446,Stress,parks
162,A,165,46,4,CA23,DG,1.596925969600856,Stress,mountains
175,A,178,46,4,CA23,DG,-0.0408004085603677,Stress,mountains
185,A,188,46,4,CA23,DG,-0.44221423371312,Stress,mountains
196,A,199,46,4,CA23,DG,-0.5048382946740417,Stress,forests
200,A,203,46,4,CA23,DG,0.232525019582006,Stress,mountains
210,A,213,46,4,CA23,DG,-0.0019946344728782,Stress,forests
221,A,224,46,4,CA23,DG,0.2979495933574103,Stress,parks
228,A,231,46,4,CA23,DG,0.0925469920702469,Stress,forests
27,A,30,47,2,CA23,DG,-0.0819281276042145,Stress,forests
37,A,40,47,2,CA23,DG,0.0308790265986794,Stress,fields
46,A,49,47,2,CA23,DG,0.7637257741905836,Stress,forests
55,A,58,47,2,CA23,DG,2.101135860419789,Stress,forests
64,A,67,47,2,CA23,DG,0.2999804359354026,Stress,fields
71,A,74,47,2,CA23,DG,1.489096681252629,Stress,mountains
81,A,84,47,2,CA23,DG,0.647502372907661,Stress,fields
87,A,90,47,2,CA23,DG,0.1099436141352291,Stress,mountains
94,A,97,47,2,CA23,DG,-0.2891217075314195,Stress,fields
103,A,106,47,2,CA23,DG,0.9529934757830244,Stress,fields
110,A,113,47,2,CA23,DG,1.1217908094875206,Stress,mountains
120,A,123,47,2,CA23,DG,-0.0488163442578576,Stress,mountains
131,A,134,47,2,CA23,DG,-0.0563297150679509,Stress,forests
138,A,141,47,2,CA23,DG,0.3276344211419313,Stress,mountains
161,A,164,47,2,CA23,DG,3.061775228716523,Stress,fields
168,A,171,47,2,CA23,DG,-0.0952519033686875,Stress,forests
175,A,178,47,2,CA23,DG,0.0008683359626359,Stress,mountains
186,A,189,47,2,CA23,DG,-0.1255814859781218,Stress,fields
196,A,199,47,2,CA23,DG,0.0191282014820678,Stress,forests
219,A,222,47,2,CA23,DG,-0.2934632305067703,Stress,forests
235,A,238,47,2,CA23,DG,0.9817603194446386,Stress,mountains
5,A,8,47,3,CA23,DG,0.6139736527868268,Stress,fields
11,A,14,47,3,CA23,DG,-0.0002366815060812,Stress,forests
49,A,52,47,3,CA23,DG,0.399980138556803,Stress,fields
63,A,66,47,3,CA23,DG,0.0406271529732436,Stress,forests
67,A,70,47,3,CA23,DG,0.1031898667492958,Stress,mountains
72,A,75,47,3,CA23,DG,0.2487929914520716,Stress,fields
77,A,80,47,3,CA23,DG,-0.3404760133961942,Stress,mountains
86,A,89,47,3,CA23,DG,0.1163113465782785,Stress,mountains
94,A,97,47,3,CA23,DG,0.0069060090767433,Stress,fields
106,A,109,47,3,CA23,DG,-0.2083146305519666,Stress,mountains
117,A,120,47,3,CA23,DG,-1.1853011117168706,Stress,forests
134,A,137,47,3,CA23,DG,2.156688501498175,Stress,mountains
147,A,150,47,3,CA23,DG,-0.1958086368786311,Stress,fields
179,A,182,47,3,CA23,DG,-0.0364119628442132,Stress,mountains
186,A,189,47,3,CA23,DG,0.065234212766501,Stress,fields
192,A,195,47,3,CA23,DG,2.602097259207918,Stress,forests
203,A,206,47,3,CA23,DG,0.7243490631113416,Stress,forests
213,A,216,47,3,CA23,DG,-0.2485964156321629,Stress,mountains
217,A,220,47,3,CA23,DG,0.0283215527601625,Stress,forests
222,A,225,47,3,CA23,DG,-1.7345334212653325,Stress,fields
230,A,233,47,3,CA23,DG,0.0702134184036429,Stress,forests
8,A,11,47,4,CA23,DG,-0.0133072762193207,Stress,mountains
31,A,34,47,4,CA23,DG,3.2940619520666803,Stress,mountains
38,A,41,47,4,CA23,DG,-0.0693186517483971,Stress,fields
46,A,49,47,4,CA23,DG,-0.7591064432379295,Stress,mountains
65,A,68,47,4,CA23,DG,0.6447961581917043,Stress,fields
74,A,77,47,4,CA23,DG,0.0337090888855265,Stress,forests
82,A,85,47,4,CA23,DG,-3.5883479221242807,Stress,fields
87,A,90,47,4,CA23,DG,-0.0885062803237576,Stress,forests
92,A,95,47,4,CA23,DG,-0.362950355025481,Stress,fields
109,A,112,47,4,CA23,DG,0.6560154692398585,Stress,mountains
117,A,120,47,4,CA23,DG,-0.1311156866840532,Stress,forests
133,A,136,47,4,CA23,DG,-3.074389170382437,Stress,fields
138,A,141,47,4,CA23,DG,0.3910332548489356,Stress,mountains
151,A,154,47,4,CA23,DG,0.2128740588054587,Stress,fields
166,A,169,47,4,CA23,DG,1.0657460736981934,Stress,mountains
188,A,191,47,4,CA23,DG,-0.076338339243688,Stress,mountains
198,A,201,47,4,CA23,DG,0.1171729363490381,Stress,forests
204,A,207,47,4,CA23,DG,0.0086796796108298,Stress,forests
224,A,227,47,4,CA23,DG,-0.289293857918445,Stress,fields
231,A,234,47,4,CA23,DG,0.1887403130256075,Stress,forests
8,A,11,48,2,CA23,DG,0.0057090059135718,Control,bridges
16,A,19,48,2,CA23,DG,-0.2028089425201387,Control,forests
21,A,24,48,2,CA23,DG,-0.1592989337114558,Control,canyons
36,A,39,48,2,CA23,DG,0.5556069654647423,Control,forests
46,A,49,48,2,CA23,DG,-0.0066770916855679,Control,forests
52,A,55,48,2,CA23,DG,3.0824988903312334,Control,canyons
59,A,62,48,2,CA23,DG,0.7033613820998695,Control,forests
69,A,72,48,2,CA23,DG,0.4513803992069342,Control,canyons
75,A,78,48,2,CA23,DG,0.0130327329379477,Control,bridges
84,A,87,48,2,CA23,DG,2.2411455516997933,Control,bridges
104,A,107,48,2,CA23,DG,0.319796548305681,Control,forests
110,A,113,48,2,CA23,DG,0.2674333174471472,Control,canyons
121,A,124,48,2,CA23,DG,0.0730370135478875,Control,bridges
134,A,137,48,2,CA23,DG,0.3180958321525948,Control,canyons
147,A,150,48,2,CA23,DG,2.383439419629042,Control,canyons
152,A,155,48,2,CA23,DG,1.944259469585532,Control,bridges
159,A,162,48,2,CA23,DG,-0.1905339461468964,Control,forests
164,A,167,48,2,CA23,DG,0.9711756873963044,Control,bridges
187,A,190,48,2,CA23,DG,1.18768016385548,Control,bridges
198,A,201,48,2,CA23,DG,0.7206498897031509,Control,forests
234,A,237,48,2,CA23,DG,0.0124799289624079,Control,canyons
13,A,16,48,3,CA23,DG,-0.034742504440858,Control,canyons
30,A,33,48,3,CA23,DG,-0.0058235302813657,Control,forests
35,A,38,48,3,CA23,DG,-0.1226580283749833,Control,canyons
45,A,48,48,3,CA23,DG,0.0723721640086735,Control,forests
51,A,54,48,3,CA23,DG,1.2242955049386153,Control,bridges
58,A,61,48,3,CA23,DG,1.479344930557947,Control,forests
78,A,81,48,3,CA23,DG,-0.3834239538175014,Control,canyons
82,A,85,48,3,CA23,DG,0.1846395957327737,Control,bridges
112,A,115,48,3,CA23,DG,-0.0993224318360767,Control,canyons
116,A,119,48,3,CA23,DG,0.7800916947111983,Control,bridges
120,A,123,48,3,CA23,DG,1.9165331815619668,Control,forests
129,A,132,48,3,CA23,DG,0.0797063832999806,Control,bridges
145,A,148,48,3,CA23,DG,2.138592232466836,Control,bridges
150,A,153,48,3,CA23,DG,0.0003422109263565,Control,canyons
155,A,158,48,3,CA23,DG,2.5515152192514967,Control,forests
174,A,177,48,3,CA23,DG,0.9060334862824476,Control,bridges
179,A,182,48,3,CA23,DG,1.3751266911412892,Control,forests
188,A,191,48,3,CA23,DG,0.9562261131520184,Control,canyons
203,A,206,48,3,CA23,DG,0.6514374899087751,Control,bridges
211,A,214,48,3,CA23,DG,0.1553246585194537,Control,canyons
222,A,225,48,3,CA23,DG,0.050083447267905,Control,forests
5,A,8,48,4,CA23,DG,-0.0023052656640657,Control,canyons
12,A,15,48,4,CA23,DG,1.7224456728209423,Control,bridges
21,A,24,48,4,CA23,DG,1.1217752200113469,Control,forests
35,A,38,48,4,CA23,DG,-0.6649728266405655,Control,forests
42,A,45,48,4,CA23,DG,0.2467739077907525,Control,bridges
61,A,64,48,4,CA23,DG,0.166024486525032,Control,canyons
80,A,83,48,4,CA23,DG,-0.383732641854719,Control,canyons
88,A,91,48,4,CA23,DG,-0.3278799865102982,Control,bridges
101,A,104,48,4,CA23,DG,0.579096327333407,Control,bridges
112,A,115,48,4,CA23,DG,0.7598553578391327,Control,bridges
129,A,132,48,4,CA23,DG,0.540985479949819,Control,forests
135,A,138,48,4,CA23,DG,1.40055612769089,Control,bridges
147,A,150,48,4,CA23,DG,-0.0528454487263924,Control,forests
159,A,162,48,4,CA23,DG,0.4505044923711566,Control,forests
169,A,172,48,4,CA23,DG,-0.378391903050423,Control,canyons
180,A,183,48,4,CA23,DG,0.2017288611471184,Control,forests
186,A,189,48,4,CA23,DG,-0.0769752674327417,Control,bridges
207,A,210,48,4,CA23,DG,0.0450614904123297,Control,canyons
219,A,222,48,4,CA23,DG,0.6633905254275053,Control,canyons
230,A,233,48,4,CA23,DG,-0.4962562517036424,Control,canyons
235,A,238,48,4,CA23,DG,0.7175672065934393,Control,forests
8,A,11,49,2,CA23,DG,6.6324946107293,Control,beaches
32,A,35,49,2,CA23,DG,-0.0922718829683017,Control,fields
38,A,41,49,2,CA23,DG,1.0562114604025326,Control,fields
59,A,62,49,2,CA23,DG,-0.484734376654017,Control,waterfalls
65,A,68,49,2,CA23,DG,3.6873011192177434,Control,fields
70,A,73,49,2,CA23,DG,0.0062401967997513,Control,waterfalls
93,A,96,49,2,CA23,DG,0.008745756854245,Control,beaches
106,A,109,49,2,CA23,DG,1.6720284815577102,Control,waterfalls
111,A,114,49,2,CA23,DG,1.845925499578128,Control,beaches
116,A,119,49,2,CA23,DG,-0.5069147329308692,Control,waterfalls
134,A,137,49,2,CA23,DG,0.9942306388816764,Control,beaches
146,A,149,49,2,CA23,DG,-0.3515793838240745,Control,beaches
158,A,161,49,2,CA23,DG,-0.1910064175745096,Control,fields
170,A,173,49,2,CA23,DG,0.3400148704032507,Control,fields
180,A,183,49,2,CA23,DG,0.3305351974440295,Control,beaches
191,A,194,49,2,CA23,DG,0.2122892335424079,Control,waterfalls
197,A,200,49,2,CA23,DG,0.2166571641851448,Control,fields
202,A,205,49,2,CA23,DG,1.552774368325391,Control,beaches
218,A,221,49,2,CA23,DG,-4.499683326324825,Control,fields
228,A,231,49,2,CA23,DG,-1.2993862431287684,Control,waterfalls
235,A,238,49,2,CA23,DG,-0.0126310015843739,Control,waterfalls
9,A,12,49,3,CA23,DG,-0.2052418296337234,Control,beaches
15,A,18,49,3,CA23,DG,-0.0016580547202941,Control,waterfalls
26,A,29,49,3,CA23,DG,0.2384829925599725,Control,fields
36,A,39,49,3,CA23,DG,0.0218157436245285,Control,fields
45,A,48,49,3,CA23,DG,0.277118203600733,Control,waterfalls
70,A,73,49,3,CA23,DG,-0.0131645888413507,Control,beaches
76,A,79,49,3,CA23,DG,-0.0023735308985754,Control,waterfalls
86,A,89,49,3,CA23,DG,0.2729618562923422,Control,beaches
99,A,102,49,3,CA23,DG,4.714730383414775,Control,beaches
107,A,110,49,3,CA23,DG,1.372591659785866,Control,fields
118,A,121,49,3,CA23,DG,1.8218243892027937,Control,waterfalls
128,A,131,49,3,CA23,DG,-0.3549110038547653,Control,beaches
137,A,140,49,3,CA23,DG,1.2113752793400334,Control,beaches
154,A,157,49,3,CA23,DG,-0.4283998270575412,Control,waterfalls
163,A,166,49,3,CA23,DG,-0.0417793612259538,Control,fields
178,A,181,49,3,CA23,DG,-1.0887019137090976,Control,waterfalls
186,A,189,49,3,CA23,DG,-0.8706701968668037,Control,beaches
192,A,195,49,3,CA23,DG,-1.2926027682597954,Control,fields
200,A,203,49,3,CA23,DG,-0.1039354708883122,Control,waterfalls
208,A,211,49,3,CA23,DG,-0.751086533160644,Control,fields
217,A,220,49,3,CA23,DG,-1.0148034391976275,Control,fields
22,A,25,49,4,CA23,DG,0.00093262501968,Control,beaches
31,A,34,49,4,CA23,DG,0.7683874569846713,Control,waterfalls
45,A,48,49,4,CA23,DG,-0.1761264130029938,Control,waterfalls
54,A,57,49,4,CA23,DG,-0.1737002547874939,Control,beaches
67,A,70,49,4,CA23,DG,0.0895040618985903,Control,waterfalls
73,A,76,49,4,CA23,DG,1.27420880291252,Control,fields
85,A,88,49,4,CA23,DG,-0.0868130694121454,Control,fields
95,A,98,49,4,CA23,DG,2.7478062191478467,Control,fields
106,A,109,49,4,CA23,DG,1.074282669300198,Control,waterfalls
143,A,146,49,4,CA23,DG,1.8011545642249376,Control,waterfalls
150,A,153,49,4,CA23,DG,0.8024548630532138,Control,waterfalls
158,A,161,49,4,CA23,DG,-0.230116328894343,Control,beaches
170,A,173,49,4,CA23,DG,5.208897837086163,Control,fields
174,A,177,49,4,CA23,DG,-0.0344890009195258,Control,beaches
182,A,185,49,4,CA23,DG,0.3076289439351923,Control,fields
194,A,197,49,4,CA23,DG,0.0166940526806127,Control,beaches
202,A,205,49,4,CA23,DG,1.9095536496443235,Control,beaches
214,A,217,49,4,CA23,DG,-0.7404009084142342,Control,fields
223,A,226,49,4,CA23,DG,-0.0269828054790763,Control,fields
229,A,232,49,4,CA23,DG,0.5194375563123994,Control,beaches
12,A,15,50,2,CA23,DG,0.2257832666966729,Stress,waterfalls
34,A,37,50,2,CA23,DG,-0.4289731570110149,Stress,waterfalls
39,A,42,50,2,CA23,DG,-0.5147466220041473,Stress,lighthouses
48,A,51,50,2,CA23,DG,-0.0686802863688624,Stress,canyons
53,A,56,50,2,CA23,DG,-0.0510354423424149,Stress,waterfalls
62,A,65,50,2,CA23,DG,-0.0184667904928112,Stress,waterfalls
70,A,73,50,2,CA23,DG,3.068142477825702,Stress,lighthouses
90,A,93,50,2,CA23,DG,1.5362841015175197,Stress,canyons
105,A,108,50,2,CA23,DG,-1.0992651631000725,Stress,canyons
114,A,117,50,2,CA23,DG,0.1755803706214954,Stress,canyons
128,A,131,50,2,CA23,DG,0.3066311869050294,Stress,waterfalls
136,A,139,50,2,CA23,DG,0.5164226741607633,Stress,lighthouses
146,A,149,50,2,CA23,DG,2.841660735795824,Stress,waterfalls
165,A,168,50,2,CA23,DG,0.0316697060718268,Stress,lighthouses
173,A,176,50,2,CA23,DG,0.134017162700089,Stress,lighthouses
195,A,198,50,2,CA23,DG,-0.3649449585621939,Stress,waterfalls
200,A,203,50,2,CA23,DG,0.9402613473010596,Stress,canyons
206,A,209,50,2,CA23,DG,0.3190799877202511,Stress,lighthouses
214,A,217,50,2,CA23,DG,-0.1747844946159718,Stress,canyons
221,A,224,50,2,CA23,DG,0.1007709695031225,Stress,canyons
231,A,234,50,2,CA23,DG,-1.5701642862292662,Stress,lighthouses
16,A,19,50,3,CA23,DG,1.5500252152053715,Stress,waterfalls
32,A,35,50,3,CA23,DG,-0.5806100146850104,Stress,waterfalls
49,A,52,50,3,CA23,DG,-0.2142194096168965,Stress,lighthouses
59,A,62,50,3,CA23,DG,-0.3338805869647351,Stress,canyons
68,A,71,50,3,CA23,DG,-0.8815524415887585,Stress,canyons
75,A,78,50,3,CA23,DG,-0.4965564417825534,Stress,lighthouses
105,A,108,50,3,CA23,DG,-0.4141797359766285,Stress,lighthouses
113,A,116,50,3,CA23,DG,1.0662533389444655,Stress,waterfalls
131,A,134,50,3,CA23,DG,2.3974505916545064,Stress,canyons
155,A,158,50,3,CA23,DG,0.5573651873033679,Stress,lighthouses
160,A,163,50,3,CA23,DG,-0.468839998752758,Stress,canyons
165,A,168,50,3,CA23,DG,0.1774084148759934,Stress,waterfalls
175,A,178,50,3,CA23,DG,-0.3797386538307184,Stress,waterfalls
181,A,184,50,3,CA23,DG,0.2789713112648296,Stress,lighthouses
193,A,196,50,3,CA23,DG,1.2274996248608503,Stress,canyons
197,A,200,50,3,CA23,DG,0.1946897369349189,Stress,waterfalls
209,A,212,50,3,CA23,DG,0.009819484275386,Stress,waterfalls
215,A,218,50,3,CA23,DG,-0.1231504160385321,Stress,canyons
220,A,223,50,3,CA23,DG,-0.3953969188752431,Stress,lighthouses
229,A,232,50,3,CA23,DG,-0.1100025040415193,Stress,lighthouses
234,A,237,50,3,CA23,DG,0.0774345234307162,Stress,canyons
5,A,8,50,4,CA23,DG,0.996976772116439,Stress,lighthouses
15,A,18,50,4,CA23,DG,-0.0536436122440145,Stress,canyons
29,A,32,50,4,CA23,DG,0.7364555564312919,Stress,lighthouses
50,A,53,50,4,CA23,DG,-0.7606629446347953,Stress,waterfalls
57,A,60,50,4,CA23,DG,-0.0411301041741953,Stress,canyons
62,A,65,50,4,CA23,DG,1.9100591322700573,Stress,waterfalls
68,A,71,50,4,CA23,DG,-0.278942724753905,Stress,lighthouses
81,A,84,50,4,CA23,DG,-0.0110402304265183,Stress,lighthouses
93,A,96,50,4,CA23,DG,1.011814670337028,Stress,waterfalls
104,A,107,50,4,CA23,DG,1.3474025778152892,Stress,canyons
109,A,112,50,4,CA23,DG,0.1744992916029151,Stress,lighthouses
117,A,120,50,4,CA23,DG,-0.0525410820241106,Stress,canyons
123,A,126,50,4,CA23,DG,-0.141387195147855,Stress,waterfalls
129,A,132,50,4,CA23,DG,0.2149264618991035,Stress,canyons
136,A,139,50,4,CA23,DG,0.0216505104587875,Stress,waterfalls
146,A,149,50,4,CA23,DG,0.0057722442799496,Stress,lighthouses
151,A,154,50,4,CA23,DG,2.830655652552592,Stress,waterfalls
157,A,160,50,4,CA23,DG,0.1065955096860519,Stress,canyons
169,A,172,50,4,CA23,DG,0.111183916677366,Stress,waterfalls
182,A,185,50,4,CA23,DG,0.2132147043365208,Stress,canyons
194,A,197,50,4,CA23,DG,-1.1355703700744155,Stress,lighthouses
21,A,24,52,2,CA23,DG,1.8293903323656584,Control,lakes
28,A,31,52,2,CA23,DG,-1.272692063785067,Control,mountains
38,A,41,52,2,CA23,DG,1.5276134158369044,Control,deserts
45,A,48,52,2,CA23,DG,0.7273929328280362,Control,lakes
52,A,55,52,2,CA23,DG,-0.4866729147347632,Control,mountains
64,A,67,52,2,CA23,DG,0.543484796008439,Control,deserts
81,A,84,52,2,CA23,DG,1.4538601620274136,Control,mountains
98,A,101,52,2,CA23,DG,-0.002341575744825,Control,deserts
110,A,113,52,2,CA23,DG,-0.0235428988781865,Control,deserts
126,A,129,52,2,CA23,DG,4.164455975959366,Control,lakes
135,A,138,52,2,CA23,DG,-0.0012367865076565,Control,lakes
149,A,152,52,2,CA23,DG,0.1739279246983091,Control,deserts
153,A,156,52,2,CA23,DG,-0.1206881236022246,Control,mountains
167,A,170,52,2,CA23,DG,-0.0743594704439738,Control,deserts
178,A,181,52,2,CA23,DG,0.1790067604288094,Control,mountains
201,A,204,52,2,CA23,DG,3.0905813056417744,Control,lakes
210,A,213,52,2,CA23,DG,0.0527812024554923,Control,mountains
223,A,226,52,2,CA23,DG,-1.7889417438881827,Control,deserts
232,A,235,52,2,CA23,DG,0.1181034000192421,Control,mountains
10,A,13,52,3,CA23,DG,0.0782373944600341,Control,mountains
18,A,21,52,3,CA23,DG,0.1195828296501984,Control,deserts
23,A,26,52,3,CA23,DG,0.3910840970554068,Control,lakes
50,A,53,52,3,CA23,DG,1.5277966973459989,Control,mountains
55,A,58,52,3,CA23,DG,2.4997376460488674,Control,lakes
67,A,70,52,3,CA23,DG,0.7363901990537954,Control,mountains
72,A,75,52,3,CA23,DG,-0.0022245218682905,Control,deserts
82,A,85,52,3,CA23,DG,-1.1084770890689108,Control,mountains
88,A,91,52,3,CA23,DG,0.0028818164946883,Control,lakes
95,A,98,52,3,CA23,DG,0.2221005292552312,Control,mountains
111,A,114,52,3,CA23,DG,0.5689770343189146,Control,deserts
122,A,125,52,3,CA23,DG,-0.6081280248874711,Control,mountains
142,A,145,52,3,CA23,DG,0.0422413969726097,Control,lakes
150,A,153,52,3,CA23,DG,-0.0027930310148603,Control,deserts
157,A,160,52,3,CA23,DG,-0.5751663882166592,Control,lakes
168,A,171,52,3,CA23,DG,0.1561255931316251,Control,mountains
180,A,183,52,3,CA23,DG,0.7631731161788623,Control,deserts
191,A,194,52,3,CA23,DG,0.0295457968121585,Control,lakes
200,A,203,52,3,CA23,DG,0.8454525114332273,Control,deserts
211,A,214,52,3,CA23,DG,1.4967242724615686,Control,deserts
231,A,234,52,3,CA23,DG,-0.0446975091938935,Control,lakes
7,A,10,52,4,CA23,DG,-0.073520023024265,Control,deserts
25,A,28,52,4,CA23,DG,0.0330087323763954,Control,deserts
35,A,38,52,4,CA23,DG,0.5128212840259254,Control,deserts
48,A,51,52,4,CA23,DG,0.8134004287403155,Control,lakes
56,A,59,52,4,CA23,DG,5.319410509183105,Control,deserts
63,A,66,52,4,CA23,DG,1.1003022689296975,Control,mountains
73,A,76,52,4,CA23,DG,3.424730706656762,Control,lakes
81,A,84,52,4,CA23,DG,0.0286959475391001,Control,lakes
100,A,103,52,4,CA23,DG,0.0009914219620995,Control,lakes
110,A,113,52,4,CA23,DG,-0.6742861162319752,Control,deserts
120,A,123,52,4,CA23,DG,0.0451484306662214,Control,mountains
126,A,129,52,4,CA23,DG,0.0023377172719214,Control,lakes
133,A,136,52,4,CA23,DG,-0.4570950791471713,Control,mountains
142,A,145,52,4,CA23,DG,0.4663444989664941,Control,deserts
149,A,152,52,4,CA23,DG,0.391083789955665,Control,deserts
160,A,163,52,4,CA23,DG,0.1465293077199166,Control,lakes
185,A,188,52,4,CA23,DG,0.1304575916117678,Control,mountains
206,A,209,52,4,CA23,DG,-0.5084291282308183,Control,lakes
211,A,214,52,4,CA23,DG,-0.1969740119750012,Control,mountains
224,A,227,52,4,CA23,DG,4.640200713241177,Control,mountains
237,A,240,52,4,CA23,DG,0.112342609127363,Control,mountains
5,A,8,53,2,CA23,DG,0.3085855838135715,Control,lakes
12,A,15,53,2,CA23,DG,1.151964977116961,Control,fields
20,A,23,53,2,CA23,DG,3.1449776251501698,Control,parks
37,A,40,53,2,CA23,DG,0.057360699007447,Control,parks
48,A,51,53,2,CA23,DG,-0.1372560909274909,Control,lakes
55,A,58,53,2,CA23,DG,4.761790627340371,Control,parks
65,A,68,53,2,CA23,DG,0.2603001145165151,Control,lakes
75,A,78,53,2,CA23,DG,-0.1181866168529037,Control,fields
82,A,85,53,2,CA23,DG,-0.1312691487640481,Control,lakes
91,A,94,53,2,CA23,DG,0.3857952981111072,Control,parks
107,A,110,53,2,CA23,DG,-0.6240446059673393,Control,fields
124,A,127,53,2,CA23,DG,0.5616404103716115,Control,fields
129,A,132,53,2,CA23,DG,-0.2287183466822011,Control,parks
134,A,137,53,2,CA23,DG,-0.2792095680463924,Control,fields
144,A,147,53,2,CA23,DG,0.5313482792307148,Control,fields
163,A,166,53,2,CA23,DG,0.0035898144575855,Control,lakes
167,A,170,53,2,CA23,DG,0.0206051423337973,Control,parks
199,A,202,53,2,CA23,DG,-0.355145587857097,Control,fields
204,A,207,53,2,CA23,DG,-0.0180448375393674,Control,parks
219,A,222,53,2,CA23,DG,-0.2641577683476131,Control,lakes
234,A,237,53,2,CA23,DG,0.4097100191978157,Control,lakes
11,A,14,53,3,CA23,DG,2.421197536607023,Control,parks
21,A,24,53,3,CA23,DG,-0.4535107872464902,Control,fields
28,A,31,53,3,CA23,DG,4.3466482824909045,Control,fields
53,A,56,53,3,CA23,DG,0.0168729097547718,Control,parks
72,A,75,53,3,CA23,DG,0.0407148645410163,Control,parks
77,A,80,53,3,CA23,DG,1.1774259874906368,Control,lakes
84,A,87,53,3,CA23,DG,0.3303878482611854,Control,lakes
98,A,101,53,3,CA23,DG,-0.087667788243436,Control,parks
111,A,114,53,3,CA23,DG,-1.629602082030128e-05,Control,parks
123,A,126,53,3,CA23,DG,0.1203666271608489,Control,parks
129,A,132,53,3,CA23,DG,-0.0864682050441128,Control,lakes
140,A,143,53,3,CA23,DG,1.2492691237792444,Control,lakes
148,A,151,53,3,CA23,DG,0.2990361350419458,Control,fields
153,A,156,53,3,CA23,DG,0.3420519454360033,Control,lakes
166,A,169,53,3,CA23,DG,0.0464168162799888,Control,fields
172,A,175,53,3,CA23,DG,0.7141561908237449,Control,lakes
186,A,189,53,3,CA23,DG,2.799775759283844,Control,fields
195,A,198,53,3,CA23,DG,0.0205905725588987,Control,parks
202,A,205,53,3,CA23,DG,-0.0976224108366389,Control,fields
216,A,219,53,3,CA23,DG,1.000241679889286,Control,fields
231,A,234,53,3,CA23,DG,0.8061066331371156,Control,lakes
5,A,8,53,4,CA23,DG,2.0823250893719023,Control,parks
15,A,18,53,4,CA23,DG,0.1475939775979419,Control,fields
21,A,24,53,4,CA23,DG,0.3850567742655011,Control,lakes
33,A,36,53,4,CA23,DG,0.1356115777611419,Control,lakes
51,A,54,53,4,CA23,DG,0.5532023290947217,Control,fields
57,A,60,53,4,CA23,DG,-0.041552334827761,Control,lakes
72,A,75,53,4,CA23,DG,0.5280044292816374,Control,parks
77,A,80,53,4,CA23,DG,0.0001163530389553,Control,lakes
90,A,93,53,4,CA23,DG,-0.0388884211173023,Control,parks
101,A,104,53,4,CA23,DG,2.8765331372074527,Control,fields
106,A,109,53,4,CA23,DG,-0.0591728291588858,Control,lakes
116,A,119,53,4,CA23,DG,0.2746514886890778,Control,parks
136,A,139,53,4,CA23,DG,0.0141734203924902,Control,parks
143,A,146,53,4,CA23,DG,-0.0551997062009192,Control,fields
158,A,161,53,4,CA23,DG,-0.1570679689810026,Control,lakes
166,A,169,53,4,CA23,DG,-0.2792701286614327,Control,fields
182,A,185,53,4,CA23,DG,0.1036651997255612,Control,fields
188,A,191,53,4,CA23,DG,0.0310436756998943,Control,parks
208,A,211,53,4,CA23,DG,2.750454074690455,Control,fields
215,A,218,53,4,CA23,DG,0.9814980389157304,Control,lakes
232,A,235,53,4,CA23,DG,0.787953764172677,Control,parks
19,A,22,54,2,CA23,DG,-0.2063495221080735,Stress,deserts
32,A,35,54,2,CA23,DG,0.3711556460249846,Stress,bridges
39,A,42,54,2,CA23,DG,-0.0761902107902542,Stress,bridges
56,A,59,54,2,CA23,DG,-0.2211111100915427,Stress,lakes
63,A,66,54,2,CA23,DG,-0.0957732007455699,Stress,bridges
77,A,80,54,2,CA23,DG,-0.3092429676998148,Stress,deserts
84,A,87,54,2,CA23,DG,0.0395531007095044,Stress,bridges
97,A,100,54,2,CA23,DG,0.2285936211351343,Stress,lakes
105,A,108,54,2,CA23,DG,-0.0410863359668211,Stress,deserts
120,A,123,54,2,CA23,DG,0.812248675172797,Stress,deserts
125,A,128,54,2,CA23,DG,0.3548116924748116,Stress,lakes
132,A,135,54,2,CA23,DG,0.2743512993023771,Stress,lakes
137,A,140,54,2,CA23,DG,0.2170406965534895,Stress,bridges
153,A,156,54,2,CA23,DG,2.4420164095530845,Stress,deserts
159,A,162,54,2,CA23,DG,-0.8476026895624617,Stress,lakes
184,A,187,54,2,CA23,DG,0.0027833405070128,Stress,deserts
189,A,192,54,2,CA23,DG,0.0018813018526026,Stress,bridges
198,A,201,54,2,CA23,DG,0.0016853141957331,Stress,lakes
204,A,207,54,2,CA23,DG,2.193405374750799,Stress,bridges
214,A,217,54,2,CA23,DG,0.010898877070418,Stress,lakes
225,A,228,54,2,CA23,DG,0.9515875887753362,Stress,deserts
7,A,10,54,3,CA23,DG,-0.9458668434111884,Stress,deserts
15,A,18,54,3,CA23,DG,-0.0337553592855035,Stress,bridges
30,A,33,54,3,CA23,DG,0.2272171484280926,Stress,deserts
40,A,43,54,3,CA23,DG,0.5900448195248454,Stress,lakes
74,A,77,54,3,CA23,DG,-0.1047715655469336,Stress,deserts
83,A,86,54,3,CA23,DG,0.4594628556280498,Stress,lakes
89,A,92,54,3,CA23,DG,0.02907682947202,Stress,lakes
99,A,102,54,3,CA23,DG,0.6324996668174554,Stress,bridges
106,A,109,54,3,CA23,DG,0.0070611441568425,Stress,bridges
116,A,119,54,3,CA23,DG,2.466337194002564,Stress,bridges
126,A,129,54,3,CA23,DG,0.896863489868789,Stress,deserts
131,A,134,54,3,CA23,DG,0.414959152528816,Stress,lakes
151,A,154,54,3,CA23,DG,0.7383880087379621,Stress,deserts
164,A,167,54,3,CA23,DG,1.871323513453832,Stress,lakes
176,A,179,54,3,CA23,DG,0.3947360421561077,Stress,lakes
182,A,185,54,3,CA23,DG,-3.040028447442812e-05,Stress,bridges
189,A,192,54,3,CA23,DG,0.016373929078897,Stress,deserts
199,A,202,54,3,CA23,DG,0.4495068750756525,Stress,deserts
211,A,214,54,3,CA23,DG,4.064916340888265,Stress,lakes
220,A,223,54,3,CA23,DG,3.696574563386489,Stress,bridges
228,A,231,54,3,CA23,DG,0.0265905510610711,Stress,bridges
5,A,8,54,4,CA23,DG,-0.7161549849893367,Stress,deserts
12,A,15,54,4,CA23,DG,-0.2085682999212886,Stress,lakes
20,A,23,54,4,CA23,DG,0.0030612770032964,Stress,deserts
28,A,31,54,4,CA23,DG,0.3549082344903526,Stress,deserts
36,A,39,54,4,CA23,DG,0.1521604724796981,Stress,bridges
73,A,76,54,4,CA23,DG,-0.1409627449860527,Stress,lakes
78,A,81,54,4,CA23,DG,0.4455116644653609,Stress,bridges
96,A,99,54,4,CA23,DG,0.4646285148810686,Stress,lakes
105,A,108,54,4,CA23,DG,0.0126023022156638,Stress,deserts
122,A,125,54,4,CA23,DG,-0.0152574486077643,Stress,bridges
128,A,131,54,4,CA23,DG,2.1776160623605136,Stress,deserts
134,A,137,54,4,CA23,DG,0.4823628575429591,Stress,bridges
149,A,152,54,4,CA23,DG,0.3151284805613212,Stress,bridges
167,A,170,54,4,CA23,DG,8.282372557151143e-05,Stress,bridges
181,A,184,54,4,CA23,DG,-0.071309484476522,Stress,lakes
185,A,188,54,4,CA23,DG,0.5489916717427762,Stress,deserts
196,A,199,54,4,CA23,DG,1.23585742877046,Stress,bridges
205,A,208,54,4,CA23,DG,-0.1022441108031371,Stress,lakes
217,A,220,54,4,CA23,DG,0.0197226689503568,Stress,lakes
231,A,234,54,4,CA23,DG,0.3606512971923521,Stress,deserts
238,A,241,54,4,CA23,DG,0.6008016323226434,Stress,lakes
8,A,11,55,2,CA23,DG,2.076411278611753,Stress,canyons
19,A,22,55,2,CA23,DG,-0.6415409009011431,Stress,canyons
30,A,33,55,2,CA23,DG,0.4689148602151586,Stress,marshes
54,A,57,55,2,CA23,DG,-0.3679208566795563,Stress,parks
63,A,66,55,2,CA23,DG,0.7542997765121165,Stress,parks
70,A,73,55,2,CA23,DG,-0.0453773935090676,Stress,canyons
78,A,81,55,2,CA23,DG,1.755842699862145,Stress,parks
94,A,97,55,2,CA23,DG,-0.0704241541524659,Stress,parks
101,A,104,55,2,CA23,DG,-0.4192939716211343,Stress,canyons
111,A,114,55,2,CA23,DG,0.0233362247852292,Stress,marshes
118,A,121,55,2,CA23,DG,0.1910702278698427,Stress,canyons
127,A,130,55,2,CA23,DG,0.4468866040570929,Stress,parks
136,A,139,55,2,CA23,DG,1.4265370056072773,Stress,marshes
161,A,164,55,2,CA23,DG,0.012720229911186,Stress,canyons
166,A,169,55,2,CA23,DG,-0.0868550455062165,Stress,marshes
175,A,178,55,2,CA23,DG,1.1861596555473246,Stress,canyons
180,A,183,55,2,CA23,DG,-0.2858018999259109,Stress,parks
194,A,197,55,2,CA23,DG,-0.0002696868133674,Stress,marshes
208,A,211,55,2,CA23,DG,-0.5597581042475435,Stress,marshes
219,A,222,55,2,CA23,DG,0.3614220180946349,Stress,parks
224,A,227,55,2,CA23,DG,-0.0119776106416087,Stress,marshes
5,A,8,55,3,CA23,DG,3.452499882380266,Stress,marshes
10,A,13,55,3,CA23,DG,5.905642821572533,Stress,parks
17,A,20,55,3,CA23,DG,0.242830796324565,Stress,canyons
29,A,32,55,3,CA23,DG,0.6110287062493818,Stress,marshes
34,A,37,55,3,CA23,DG,0.3821815091948873,Stress,canyons
42,A,45,55,3,CA23,DG,0.9410071960847924,Stress,marshes
46,A,49,55,3,CA23,DG,0.0865430985905518,Stress,parks
65,A,68,55,3,CA23,DG,-0.30333667297228,Stress,marshes
77,A,80,55,3,CA23,DG,3.440594538281061,Stress,canyons
83,A,86,55,3,CA23,DG,2.3813916835604285,Stress,parks
90,A,93,55,3,CA23,DG,2.465113899198652,Stress,parks
95,A,98,55,3,CA23,DG,0.2504816914889243,Stress,canyons
107,A,110,55,3,CA23,DG,0.0390869987711788,Stress,canyons
116,A,119,55,3,CA23,DG,0.1533342021314715,Stress,marshes
127,A,130,55,3,CA23,DG,-0.0026063408265527,Stress,canyons
155,A,158,55,3,CA23,DG,-0.0014020447903181,Stress,marshes
179,A,182,55,3,CA23,DG,-0.6015512401567148,Stress,canyons
195,A,198,55,3,CA23,DG,3.875273262320081,Stress,parks
209,A,212,55,3,CA23,DG,0.2262148564697925,Stress,parks
227,A,230,55,3,CA23,DG,1.554543888874962,Stress,parks
235,A,238,55,3,CA23,DG,-1.213804296027961,Stress,marshes
15,A,18,55,4,CA23,DG,0.1241359810194606,Stress,marshes
22,A,25,55,4,CA23,DG,-0.4792239215999516,Stress,canyons
31,A,34,55,4,CA23,DG,0.976786779382078,Stress,marshes
53,A,56,55,4,CA23,DG,0.287420073971369,Stress,parks
68,A,71,55,4,CA23,DG,3.601777206849707,Stress,canyons
75,A,78,55,4,CA23,DG,0.0521174303952844,Stress,marshes
92,A,95,55,4,CA23,DG,0.4076464691612126,Stress,canyons
105,A,108,55,4,CA23,DG,2.930033608124908,Stress,marshes
120,A,123,55,4,CA23,DG,0.9050509727914396,Stress,canyons
133,A,136,55,4,CA23,DG,0.214369920971412,Stress,marshes
139,A,142,55,4,CA23,DG,0.0025571217761431,Stress,canyons
148,A,151,55,4,CA23,DG,0.4311205640798505,Stress,marshes
152,A,155,55,4,CA23,DG,3.815254137463155,Stress,parks
163,A,166,55,4,CA23,DG,-0.0633120798534546,Stress,canyons
183,A,186,55,4,CA23,DG,-2.25628426268528,Stress,parks
190,A,193,55,4,CA23,DG,0.7987263366343826,Stress,parks
199,A,202,55,4,CA23,DG,0.1840853361971312,Stress,parks
203,A,206,55,4,CA23,DG,-1.2030898853712726,Stress,marshes
222,A,225,55,4,CA23,DG,-0.0347338139435415,Stress,parks
227,A,230,55,4,CA23,DG,0.9198455550282556,Stress,canyons
234,A,237,55,4,CA23,DG,-0.6546765413397228,Stress,parks
5,A,8,56,2,CA23,DG,-0.7208263467377077,Control,forests
11,A,14,56,2,CA23,DG,1.4925471700104798,Control,marshes
26,A,29,56,2,CA23,DG,-0.6805877984972645,Control,bridges
34,A,37,56,2,CA23,DG,0.2287222035725998,Control,bridges
42,A,45,56,2,CA23,DG,0.0614064495589273,Control,forests
55,A,58,56,2,CA23,DG,1.8950220493008332,Control,bridges
68,A,71,56,2,CA23,DG,-0.6207298524988182,Control,forests
75,A,78,56,2,CA23,DG,-0.0235588219816338,Control,marshes
90,A,93,56,2,CA23,DG,-0.078112042869429,Control,bridges
110,A,113,56,2,CA23,DG,-0.2915378302672247,Control,bridges
121,A,124,56,2,CA23,DG,0.1322370706293897,Control,marshes
135,A,138,56,2,CA23,DG,0.3945658177618419,Control,marshes
139,A,142,56,2,CA23,DG,-0.7381043005895227,Control,forests
148,A,151,56,2,CA23,DG,0.0018305715241843,Control,bridges
154,A,157,56,2,CA23,DG,-0.1144427836763281,Control,marshes
172,A,175,56,2,CA23,DG,-0.4785258368559056,Control,forests
183,A,186,56,2,CA23,DG,0.4173708001801315,Control,marshes
200,A,203,56,2,CA23,DG,-0.0011515947213246,Control,forests
210,A,213,56,2,CA23,DG,-0.0660635478499751,Control,bridges
226,A,229,56,2,CA23,DG,-0.4678233947595579,Control,forests
236,A,239,56,2,CA23,DG,0.4654657971376551,Control,marshes
11,A,14,56,3,CA23,DG,0.2702725862952818,Control,bridges
22,A,25,56,3,CA23,DG,-0.232999885284142,Control,forests
40,A,43,56,3,CA23,DG,-0.0880083712889237,Control,bridges
46,A,49,56,3,CA23,DG,-0.2724100541263962,Control,marshes
72,A,75,56,3,CA23,DG,0.9783721525985912,Control,marshes
81,A,84,56,3,CA23,DG,1.2199564547425568,Control,forests
86,A,89,56,3,CA23,DG,0.003948608046668,Control,bridges
93,A,96,56,3,CA23,DG,0.1754035999801033,Control,marshes
115,A,118,56,3,CA23,DG,0.7468321455691279,Control,forests
121,A,124,56,3,CA23,DG,-0.0377022977984798,Control,bridges
135,A,138,56,3,CA23,DG,0.4480770900247883,Control,bridges
140,A,143,56,3,CA23,DG,0.0187904524927064,Control,marshes
154,A,157,56,3,CA23,DG,0.0996916281692982,Control,marshes
164,A,167,56,3,CA23,DG,0.1874942573635327,Control,bridges
170,A,173,56,3,CA23,DG,-0.9000426665937754,Control,forests
176,A,179,56,3,CA23,DG,0.1517920408624671,Control,bridges
181,A,184,56,3,CA23,DG,1.5904656689597938,Control,marshes
191,A,194,56,3,CA23,DG,0.2229272739138546,Control,marshes
199,A,202,56,3,CA23,DG,0.7606615415323404,Control,forests
218,A,221,56,3,CA23,DG,-0.8390222037944532,Control,forests
231,A,234,56,3,CA23,DG,1.585776814323834,Control,forests
13,A,16,56,4,CA23,DG,0.1759225306318582,Control,marshes
23,A,26,56,4,CA23,DG,0.5176722477710255,Control,bridges
30,A,33,56,4,CA23,DG,0.1029289893417412,Control,forests
46,A,49,56,4,CA23,DG,0.3290923211102157,Control,forests
54,A,57,56,4,CA23,DG,1.79332074506648,Control,bridges
59,A,62,56,4,CA23,DG,0.1780244702759706,Control,forests
85,A,88,56,4,CA23,DG,0.0575943661106874,Control,bridges
91,A,94,56,4,CA23,DG,-0.0762572717255897,Control,bridges
100,A,103,56,4,CA23,DG,1.8296200083089007,Control,marshes
105,A,108,56,4,CA23,DG,0.3070067489078303,Control,forests
118,A,121,56,4,CA23,DG,-0.0231805227376129,Control,bridges
125,A,128,56,4,CA23,DG,-0.0160668293483289,Control,marshes
133,A,136,56,4,CA23,DG,0.3112040599854065,Control,forests
144,A,147,56,4,CA23,DG,1.8666402992895044,Control,marshes
155,A,158,56,4,CA23,DG,0.0209692785805283,Control,forests
172,A,175,56,4,CA23,DG,3.042120288071,Control,bridges
180,A,183,56,4,CA23,DG,0.4451218057804402,Control,marshes
196,A,199,56,4,CA23,DG,3.4211640475203007,Control,forests
204,A,207,56,4,CA23,DG,-0.1639908567131327,Control,marshes
217,A,220,56,4,CA23,DG,3.66054723263668,Control,marshes
231,A,234,56,4,CA23,DG,0.1077987436278749,Control,bridges
10,A,13,57,2,CA23,DG,0.1781505027348385,Control,forests
22,A,25,57,2,CA23,DG,-0.3049533550837842,Control,forests
29,A,32,57,2,CA23,DG,-1.2054766313044545,Control,parks
38,A,41,57,2,CA23,DG,0.2041520985465747,Control,forests
48,A,51,57,2,CA23,DG,0.27839060352184,Control,parks
75,A,78,57,2,CA23,DG,-1.1484811765704983,Control,parks
87,A,90,57,2,CA23,DG,0.1557239050207884,Control,parks
92,A,95,57,2,CA23,DG,-2.067260627255465,Control,canyons
98,A,101,57,2,CA23,DG,0.0039322422300062,Control,forests
117,A,120,57,2,CA23,DG,-0.3831055052130449,Control,parks
123,A,126,57,2,CA23,DG,2.638935660521682,Control,canyons
131,A,134,57,2,CA23,DG,-0.0015974280329589,Control,forests
144,A,147,57,2,CA23,DG,1.9668953873930244,Control,canyons
159,A,162,57,2,CA23,DG,-0.413638517036402,Control,parks
164,A,167,57,2,CA23,DG,0.8380353894646793,Control,canyons
173,A,176,57,2,CA23,DG,-0.5403818963567203,Control,forests
193,A,196,57,2,CA23,DG,4.311043286289204,Control,canyons
207,A,210,57,2,CA23,DG,-0.7667355007960286,Control,parks
213,A,216,57,2,CA23,DG,0.0272336224789295,Control,canyons
222,A,225,57,2,CA23,DG,0.0030472892923772,Control,forests
235,A,238,57,2,CA23,DG,-0.8163307961528106,Control,canyons
5,A,8,57,3,CA23,DG,0.3694464969361894,Control,canyons
12,A,15,57,3,CA23,DG,2.158557840520181,Control,parks
26,A,29,57,3,CA23,DG,-1.2419222530167222,Control,canyons
31,A,34,57,3,CA23,DG,-0.7059449956145953,Control,forests
38,A,41,57,3,CA23,DG,0.055762502347396,Control,forests
51,A,54,57,3,CA23,DG,0.0130483897467951,Control,parks
56,A,59,57,3,CA23,DG,4.937776606043617,Control,canyons
67,A,70,57,3,CA23,DG,-0.0924458552939088,Control,parks
73,A,76,57,3,CA23,DG,0.0388252549186891,Control,forests
84,A,87,57,3,CA23,DG,1.9687273418704612,Control,forests
108,A,111,57,3,CA23,DG,1.2875197453318332,Control,parks
118,A,121,57,3,CA23,DG,0.1821483819658425,Control,forests
136,A,139,57,3,CA23,DG,-0.257590171314128,Control,parks
147,A,150,57,3,CA23,DG,1.8483008261131364,Control,canyons
154,A,157,57,3,CA23,DG,1.4804016138276592,Control,parks
168,A,171,57,3,CA23,DG,2.092836979305871,Control,forests
180,A,183,57,3,CA23,DG,-0.37728863769434,Control,forests
186,A,189,57,3,CA23,DG,0.0815472205646747,Control,parks
203,A,206,57,3,CA23,DG,0.578315949280055,Control,canyons
226,A,229,57,3,CA23,DG,0.002383988900055,Control,canyons
235,A,238,57,3,CA23,DG,0.0656138118379604,Control,canyons
8,A,11,57,4,CA23,DG,0.0918879929189694,Control,forests
18,A,21,57,4,CA23,DG,-0.3160864358307743,Control,forests
24,A,27,57,4,CA23,DG,0.102896203727382,Control,parks
35,A,38,57,4,CA23,DG,0.1780252458040831,Control,forests
51,A,54,57,4,CA23,DG,0.0046390486429833,Control,parks
63,A,66,57,4,CA23,DG,0.103630549336034,Control,canyons
68,A,71,57,4,CA23,DG,0.1311712105620139,Control,parks
82,A,85,57,4,CA23,DG,0.0130141116149912,Control,canyons
91,A,94,57,4,CA23,DG,7.160475100898032e-05,Control,canyons
104,A,107,57,4,CA23,DG,-0.0012722551136989,Control,forests
109,A,112,57,4,CA23,DG,0.5897346309803452,Control,canyons
129,A,132,57,4,CA23,DG,1.914820758622464,Control,parks
134,A,137,57,4,CA23,DG,4.117285621808236,Control,canyons
144,A,147,57,4,CA23,DG,0.6149813128306095,Control,parks
148,A,151,57,4,CA23,DG,0.0174404555659963,Control,forests
169,A,172,57,4,CA23,DG,-1.7198663374109189,Control,canyons
176,A,179,57,4,CA23,DG,0.3692290017352688,Control,parks
186,A,189,57,4,CA23,DG,-0.232250535453226,Control,forests
194,A,197,57,4,CA23,DG,2.593948163554332,Control,canyons
220,A,223,57,4,CA23,DG,0.918268404026944,Control,forests
228,A,231,57,4,CA23,DG,0.2232328744198264,Control,parks
11,A,14,58,2,CA23,DG,0.3218199036483963,Stress,lighthouses
25,A,28,58,2,CA23,DG,0.0246324343928641,Stress,lighthouses
33,A,36,58,2,CA23,DG,0.6898149636830266,Stress,beaches
53,A,56,58,2,CA23,DG,-0.1362102017170086,Stress,lighthouses
73,A,76,58,2,CA23,DG,0.1220367037502897,Stress,forests
78,A,81,58,2,CA23,DG,1.548289270229521,Stress,lighthouses
90,A,93,58,2,CA23,DG,1.2212602637950454,Stress,beaches
95,A,98,58,2,CA23,DG,0.661620830691081,Stress,forests
119,A,122,58,2,CA23,DG,3.060776945033956,Stress,lighthouses
129,A,132,58,2,CA23,DG,-0.1572988524705858,Stress,beaches
134,A,137,58,2,CA23,DG,0.3900670523692348,Stress,forests
139,A,142,58,2,CA23,DG,0.0041369710462561,Stress,beaches
148,A,151,58,2,CA23,DG,0.0260486105805692,Stress,forests
179,A,182,58,2,CA23,DG,1.3356038558587855,Stress,forests
188,A,191,58,2,CA23,DG,0.8675467505884522,Stress,beaches
195,A,198,58,2,CA23,DG,0.341204882130631,Stress,beaches
201,A,204,58,2,CA23,DG,-0.4118225622057609,Stress,forests
208,A,211,58,2,CA23,DG,0.8885437518067216,Stress,lighthouses
214,A,217,58,2,CA23,DG,2.3715800076108127,Stress,beaches
223,A,226,58,2,CA23,DG,0.0083795108699431,Stress,forests
229,A,232,58,2,CA23,DG,-0.3849598669694651,Stress,lighthouses
11,A,14,58,3,CA23,DG,0.0109568029387933,Stress,forests
22,A,25,58,3,CA23,DG,-0.0904344570350249,Stress,lighthouses
31,A,34,58,3,CA23,DG,-0.8909773974822232,Stress,forests
38,A,41,58,3,CA23,DG,-1.427321149621818,Stress,lighthouses
49,A,52,58,3,CA23,DG,-0.1398676360541255,Stress,forests
59,A,62,58,3,CA23,DG,0.2973571770292291,Stress,beaches
66,A,69,58,3,CA23,DG,0.1958315398486895,Stress,forests
71,A,74,58,3,CA23,DG,1.6767099300983483,Stress,lighthouses
77,A,80,58,3,CA23,DG,0.0389814378114241,Stress,beaches
100,A,103,58,3,CA23,DG,0.0406872845522976,Stress,lighthouses
108,A,111,58,3,CA23,DG,-0.7141873227400038,Stress,beaches
130,A,133,58,3,CA23,DG,0.0489027631000904,Stress,lighthouses
141,A,144,58,3,CA23,DG,2.1438748088180977,Stress,beaches
150,A,153,58,3,CA23,DG,2.3232789102101274,Stress,beaches
158,A,161,58,3,CA23,DG,0.3017952150105251,Stress,forests
168,A,171,58,3,CA23,DG,0.2247903974090713,Stress,lighthouses
188,A,191,58,3,CA23,DG,0.003141512726088,Stress,forests
193,A,196,58,3,CA23,DG,0.7816311576501109,Stress,lighthouses
198,A,201,58,3,CA23,DG,-0.2496696480009658,Stress,forests
218,A,221,58,3,CA23,DG,-0.042867668126803,Stress,beaches
235,A,238,58,3,CA23,DG,-0.1822897675991586,Stress,beaches
13,A,16,58,4,CA23,DG,2.7939687588635733,Stress,forests
19,A,22,58,4,CA23,DG,0.1057583657492421,Stress,beaches
30,A,33,58,4,CA23,DG,0.8195471075461204,Stress,forests
45,A,48,58,4,CA23,DG,-0.3446530006459335,Stress,lighthouses
49,A,52,58,4,CA23,DG,0.565780709570754,Stress,beaches
55,A,58,58,4,CA23,DG,3.150714712062741,Stress,lighthouses
67,A,70,58,4,CA23,DG,0.0260980416972333,Stress,lighthouses
71,A,74,58,4,CA23,DG,0.4251338213411834,Stress,forests
82,A,85,58,4,CA23,DG,1.1861792833255005,Stress,lighthouses
89,A,92,58,4,CA23,DG,0.116718335468698,Stress,forests
103,A,106,58,4,CA23,DG,0.1814443766744585,Stress,lighthouses
114,A,117,58,4,CA23,DG,0.2048184509889317,Stress,beaches
121,A,124,58,4,CA23,DG,0.6187017496393346,Stress,lighthouses
140,A,143,58,4,CA23,DG,0.1812594089423906,Stress,beaches
152,A,155,58,4,CA23,DG,0.1869158259366486,Stress,beaches
159,A,162,58,4,CA23,DG,-0.1114311884127662,Stress,forests
176,A,179,58,4,CA23,DG,2.107821752251393,Stress,beaches
182,A,185,58,4,CA23,DG,0.1037725139057584,Stress,forests
194,A,197,58,4,CA23,DG,2.8075250341533926,Stress,beaches
221,A,224,58,4,CA23,DG,0.2060823152155595,Stress,forests
229,A,232,58,4,CA23,DG,3.2412275973525805e-05,Stress,lighthouses
8,A,11,59,2,CA23,DG,0.3258244477161662,Stress,lighthouses
19,A,22,59,2,CA23,DG,1.2040157035086692,Stress,mountains
28,A,31,59,2,CA23,DG,-0.6063518680996571,Stress,mountains
40,A,43,59,2,CA23,DG,-0.6459803521738975,Stress,mountains
48,A,51,59,2,CA23,DG,-0.4695987678385316,Stress,lighthouses
56,A,59,59,2,CA23,DG,1.2116120509456263,Stress,beaches
92,A,95,59,2,CA23,DG,2.090812488822937,Stress,beaches
98,A,101,59,2,CA23,DG,0.0216659704193109,Stress,lighthouses
106,A,109,59,2,CA23,DG,2.536579454721508,Stress,lighthouses
118,A,121,59,2,CA23,DG,-1.5763745515166716,Stress,mountains
124,A,127,59,2,CA23,DG,-0.0110751291009905,Stress,beaches
130,A,133,59,2,CA23,DG,-0.0195478029470132,Stress,mountains
141,A,144,59,2,CA23,DG,-0.9650997449239574,Stress,beaches
152,A,155,59,2,CA23,DG,0.2468187438007965,Stress,lighthouses
162,A,165,59,2,CA23,DG,0.0622773514613729,Stress,beaches
175,A,178,59,2,CA23,DG,-0.0562012510938681,Stress,mountains
187,A,190,59,2,CA23,DG,-0.1995827178061655,Stress,beaches
205,A,208,59,2,CA23,DG,1.224141491116228,Stress,mountains
212,A,215,59,2,CA23,DG,-0.0001440037811451,Stress,lighthouses
217,A,220,59,2,CA23,DG,0.0048118639913021,Stress,beaches
230,A,233,59,2,CA23,DG,2.21543332802943,Stress,lighthouses
11,A,14,59,3,CA23,DG,-0.2799902583469378,Stress,lighthouses
19,A,22,59,3,CA23,DG,2.0994776054993007,Stress,beaches
27,A,30,59,3,CA23,DG,0.0108006418010622,Stress,lighthouses
48,A,51,59,3,CA23,DG,0.2440160854454376,Stress,mountains
62,A,65,59,3,CA23,DG,4.325574643868332,Stress,lighthouses
68,A,71,59,3,CA23,DG,0.074632061659488,Stress,mountains
83,A,86,59,3,CA23,DG,0.1054513868166091,Stress,lighthouses
93,A,96,59,3,CA23,DG,-1.1679728972824703,Stress,mountains
115,A,118,59,3,CA23,DG,-0.4977039105380959,Stress,beaches
120,A,123,59,3,CA23,DG,-0.7487251326307228,Stress,mountains
133,A,136,59,3,CA23,DG,0.2560597692317023,Stress,beaches
143,A,146,59,3,CA23,DG,4.099498244403041,Stress,mountains
154,A,157,59,3,CA23,DG,3.0997416789929755,Stress,lighthouses
163,A,166,59,3,CA23,DG,2.101694929307332,Stress,beaches
186,A,189,59,3,CA23,DG,-0.0699044773757336,Stress,beaches
197,A,200,59,3,CA23,DG,-0.6162214749018583,Stress,mountains
202,A,205,59,3,CA23,DG,0.1807218840192587,Stress,lighthouses
210,A,213,59,3,CA23,DG,0.1653874978027047,Stress,mountains
222,A,225,59,3,CA23,DG,0.0685506575428376,Stress,beaches
227,A,230,59,3,CA23,DG,-0.0677421592727413,Stress,lighthouses
237,A,240,59,3,CA23,DG,0.2357586800617851,Stress,beaches
7,A,10,59,4,CA23,DG,0.3305015755318677,Stress,lighthouses
13,A,16,59,4,CA23,DG,1.8887590585415088,Stress,mountains
22,A,25,59,4,CA23,DG,-0.4835777524592357,Stress,mountains
30,A,33,59,4,CA23,DG,0.8228156485356711,Stress,lighthouses
40,A,43,59,4,CA23,DG,2.7219286579349387,Stress,beaches
48,A,51,59,4,CA23,DG,-0.1976878423460703,Stress,mountains
53,A,56,59,4,CA23,DG,0.1821034270950046,Stress,beaches
59,A,62,59,4,CA23,DG,0.6430669700490511,Stress,lighthouses
72,A,75,59,4,CA23,DG,0.2869951915691937,Stress,beaches
93,A,96,59,4,CA23,DG,-0.0519363822253443,Stress,mountains
105,A,108,59,4,CA23,DG,1.4523947698851982,Stress,beaches
112,A,115,59,4,CA23,DG,0.1786985173935651,Stress,lighthouses
128,A,131,59,4,CA23,DG,-0.2718467771040667,Stress,beaches
145,A,148,59,4,CA23,DG,2.73225489792786,Stress,beaches
156,A,159,59,4,CA23,DG,0.0202927002485285,Stress,lighthouses
161,A,164,59,4,CA23,DG,0.0470856834379777,Stress,mountains
165,A,168,59,4,CA23,DG,0.1035138754241543,Stress,beaches
172,A,175,59,4,CA23,DG,0.7722090890349398,Stress,lighthouses
192,A,195,59,4,CA23,DG,-0.0446177118647506,Stress,mountains
212,A,215,59,4,CA23,DG,3.504493414789536,Stress,lighthouses
227,A,230,59,4,CA23,DG,-0.1813407623506998,Stress,mountains
12,A,15,60,2,CA23,DG,1.322881390133712,Stress,deserts
29,A,32,60,2,CA23,DG,-0.32678049679042,Stress,mountains
33,A,36,60,2,CA23,DG,1.4043105647431862,Stress,bridges
41,A,44,60,2,CA23,DG,-2.0843857323831023,Stress,mountains
58,A,61,60,2,CA23,DG,0.2159900008218349,Stress,mountains
75,A,78,60,2,CA23,DG,0.0359471545553004,Stress,deserts
83,A,86,60,2,CA23,DG,-0.2942757812813109,Stress,mountains
93,A,96,60,2,CA23,DG,0.0237921225664062,Stress,bridges
108,A,111,60,2,CA23,DG,-0.0849351410775605,Stress,deserts
115,A,118,60,2,CA23,DG,-2.1409327621681813,Stress,bridges
125,A,128,60,2,CA23,DG,-0.3355790825486463,Stress,deserts
136,A,139,60,2,CA23,DG,-1.0264324071222313,Stress,mountains
144,A,147,60,2,CA23,DG,-0.1451346393844193,Stress,deserts
157,A,160,60,2,CA23,DG,0.464929528253217,Stress,bridges
162,A,165,60,2,CA23,DG,3.8723577379409466,Stress,mountains
170,A,173,60,2,CA23,DG,0.6575014535864808,Stress,bridges
175,A,178,60,2,CA23,DG,-0.1609888643873753,Stress,deserts
185,A,188,60,2,CA23,DG,-0.9522997493413412,Stress,deserts
200,A,203,60,2,CA23,DG,0.0085597628334958,Stress,bridges
220,A,223,60,2,CA23,DG,1.7749599108538583,Stress,mountains
233,A,236,60,2,CA23,DG,-0.00454535497555,Stress,bridges
7,A,10,60,3,CA23,DG,0.2284879803120272,Stress,deserts
16,A,19,60,3,CA23,DG,0.1915767988768398,Stress,mountains
28,A,31,60,3,CA23,DG,-0.0182296596924537,Stress,bridges
53,A,56,60,3,CA23,DG,-1.8310122632375287,Stress,mountains
64,A,67,60,3,CA23,DG,-0.2537329504572632,Stress,mountains
88,A,91,60,3,CA23,DG,-0.3191424228295803,Stress,bridges
99,A,102,60,3,CA23,DG,0.1825657086110959,Stress,bridges
105,A,108,60,3,CA23,DG,-0.0623654737927498,Stress,mountains
111,A,114,60,3,CA23,DG,0.0716083386259224,Stress,bridges
137,A,140,60,3,CA23,DG,0.0400593180638265,Stress,deserts
155,A,158,60,3,CA23,DG,1.7163771180047604,Stress,bridges
161,A,164,60,3,CA23,DG,0.6429468987735634,Stress,deserts
165,A,168,60,3,CA23,DG,-0.2688309934873092,Stress,mountains
178,A,181,60,3,CA23,DG,0.8651162851940827,Stress,bridges
184,A,187,60,3,CA23,DG,-0.7968271221159833,Stress,deserts
191,A,194,60,3,CA23,DG,-0.1664971837886779,Stress,mountains
198,A,201,60,3,CA23,DG,-0.9329948855272956,Stress,deserts
209,A,212,60,3,CA23,DG,0.1094795050762734,Stress,mountains
217,A,220,60,3,CA23,DG,-0.458109670062692,Stress,bridges
221,A,224,60,3,CA23,DG,-0.2204823062303796,Stress,deserts
229,A,232,60,3,CA23,DG,-0.4847065770674692,Stress,deserts
5,A,8,60,4,CA23,DG,-0.0274147251237852,Stress,bridges
14,A,17,60,4,CA23,DG,-0.5513519021323872,Stress,mountains
22,A,25,60,4,CA23,DG,0.8867694232918791,Stress,deserts
33,A,36,60,4,CA23,DG,3.066060523840559,Stress,mountains
41,A,44,60,4,CA23,DG,-0.0349166437107941,Stress,bridges
49,A,52,60,4,CA23,DG,0.3040516930899,Stress,deserts
57,A,60,60,4,CA23,DG,-0.156984676725256,Stress,bridges
66,A,69,60,4,CA23,DG,0.2780220330394314,Stress,deserts
79,A,82,60,4,CA23,DG,0.1112390048774697,Stress,deserts
94,A,97,60,4,CA23,DG,0.0306681388145397,Stress,mountains
103,A,106,60,4,CA23,DG,-0.0008532517265218,Stress,bridges
127,A,130,60,4,CA23,DG,-0.1095995705159493,Stress,mountains
138,A,141,60,4,CA23,DG,2.70163903990135,Stress,mountains
146,A,149,60,4,CA23,DG,0.1023052889900513,Stress,mountains
157,A,160,60,4,CA23,DG,0.2579698856909109,Stress,bridges
162,A,165,60,4,CA23,DG,0.5894385316701062,Stress,deserts
176,A,179,60,4,CA23,DG,-0.0777786263264499,Stress,bridges
197,A,200,60,4,CA23,DG,-0.3650315466884808,Stress,mountains
217,A,220,60,4,CA23,DG,-0.1204059537714589,Stress,deserts
223,A,226,60,4,CA23,DG,0.0126420764438825,Stress,bridges
230,A,233,60,4,CA23,DG,0.4467147804434291,Stress,deserts
5,A,8,61,2,CA23,DG,-1.1619636587104396,Stress,canyons
10,A,13,61,2,CA23,DG,-0.2363429328898755,Stress,lighthouses
15,A,18,61,2,CA23,DG,0.1737170954902578,Stress,parks
23,A,26,61,2,CA23,DG,1.201909227655231,Stress,canyons
36,A,39,61,2,CA23,DG,-0.2935952777467093,Stress,parks
50,A,53,61,2,CA23,DG,0.1089401544250386,Stress,lighthouses
63,A,66,61,2,CA23,DG,0.744225186669265,Stress,lighthouses
73,A,76,61,2,CA23,DG,-0.1721821115438899,Stress,parks
81,A,84,61,2,CA23,DG,1.0923700073457756,Stress,parks
91,A,94,61,2,CA23,DG,0.1267179468168282,Stress,canyons
118,A,121,61,2,CA23,DG,0.1902610295242458,Stress,canyons
132,A,135,61,2,CA23,DG,0.2251489416694861,Stress,parks
138,A,141,61,2,CA23,DG,-0.0106529152092259,Stress,lighthouses
149,A,152,61,2,CA23,DG,0.7046349913097761,Stress,parks
157,A,160,61,2,CA23,DG,0.0790830948805068,Stress,lighthouses
171,A,174,61,2,CA23,DG,-1.5510367644997205,Stress,canyons
179,A,182,61,2,CA23,DG,-2.4223208530035807,Stress,lighthouses
189,A,192,61,2,CA23,DG,-1.6280174183793954,Stress,parks
205,A,208,61,2,CA23,DG,0.0005797153414085,Stress,lighthouses
217,A,220,61,2,CA23,DG,2.38336531011174,Stress,canyons
226,A,229,61,2,CA23,DG,1.3858478840099882,Stress,canyons
10,A,13,61,3,CA23,DG,-0.0092257636903678,Stress,canyons
16,A,19,61,3,CA23,DG,4.149852057752057,Stress,lighthouses
22,A,25,61,3,CA23,DG,0.6448476370318214,Stress,canyons
43,A,46,61,3,CA23,DG,-0.4111188733722338,Stress,canyons
48,A,51,61,3,CA23,DG,-0.669047703730317,Stress,parks
56,A,59,61,3,CA23,DG,-0.1129512000748867,Stress,lighthouses
66,A,69,61,3,CA23,DG,-0.1425542772351911,Stress,parks
77,A,80,61,3,CA23,DG,-0.1306975158516917,Stress,parks
81,A,84,61,3,CA23,DG,-0.2037040558522067,Stress,lighthouses
100,A,103,61,3,CA23,DG,-0.2410740203699791,Stress,parks
113,A,116,61,3,CA23,DG,0.0050107080524113,Stress,lighthouses
130,A,133,61,3,CA23,DG,-0.4447388981152368,Stress,lighthouses
138,A,141,61,3,CA23,DG,-0.2645964418181271,Stress,canyons
171,A,174,61,3,CA23,DG,0.1966903942985618,Stress,parks
178,A,181,61,3,CA23,DG,-0.470897665348443,Stress,parks
187,A,190,61,3,CA23,DG,-0.4386061703892149,Stress,canyons
193,A,196,61,3,CA23,DG,0.0032221126121733,Stress,parks
200,A,203,61,3,CA23,DG,-3.262160875046457,Stress,lighthouses
214,A,217,61,3,CA23,DG,-0.5232060094132467,Stress,canyons
219,A,222,61,3,CA23,DG,0.0504900839986081,Stress,lighthouses
233,A,236,61,3,CA23,DG,-0.0199176885423785,Stress,canyons
5,A,8,61,4,CA23,DG,-0.654961585857222,Stress,canyons
15,A,18,61,4,CA23,DG,0.2237384275392532,Stress,parks
24,A,27,61,4,CA23,DG,0.5181610778971133,Stress,lighthouses
46,A,49,61,4,CA23,DG,0.754596650825214,Stress,lighthouses
52,A,55,61,4,CA23,DG,1.6661295531336058,Stress,parks
67,A,70,61,4,CA23,DG,6.317211959121684,Stress,canyons
75,A,78,61,4,CA23,DG,-0.2340755922625408,Stress,parks
83,A,86,61,4,CA23,DG,-0.3688186014846045,Stress,parks
93,A,96,61,4,CA23,DG,1.6731609262004494,Stress,parks
103,A,106,61,4,CA23,DG,-0.1668591948283475,Stress,canyons
107,A,110,61,4,CA23,DG,0.3956776413625447,Stress,lighthouses
122,A,125,61,4,CA23,DG,-0.8249447163604212,Stress,lighthouses
144,A,147,61,4,CA23,DG,1.2235676029370124,Stress,canyons
154,A,157,61,4,CA23,DG,-0.4511607009306567,Stress,lighthouses
164,A,167,61,4,CA23,DG,0.0162380212125322,Stress,canyons
177,A,180,61,4,CA23,DG,-0.4559654622555025,Stress,canyons
186,A,189,61,4,CA23,DG,-1.1246933448519636,Stress,lighthouses
199,A,202,61,4,CA23,DG,-0.3001301734293796,Stress,lighthouses
219,A,222,61,4,CA23,DG,1.8429701747220808,Stress,canyons
224,A,227,61,4,CA23,DG,0.2173314642604658,Stress,parks
232,A,235,61,4,CA23,DG,-0.047136537494769,Stress,parks
23,A,26,62,2,CA23,DG,-0.1844757169497406,Control,lighthouses
29,A,32,62,2,CA23,DG,-0.1457008324295342,Control,fields
49,A,52,62,2,CA23,DG,-0.2681376333722775,Control,fields
60,A,63,62,2,CA23,DG,0.0001207957260608,Control,mountains
65,A,68,62,2,CA23,DG,1.9605536811119184,Control,lighthouses
74,A,77,62,2,CA23,DG,3.2327528187237875,Control,lighthouses
88,A,91,62,2,CA23,DG,0.0468075502207364,Control,mountains
93,A,96,62,2,CA23,DG,0.3177055794642734,Control,lighthouses
100,A,103,62,2,CA23,DG,0.7347221172020207,Control,fields
108,A,111,62,2,CA23,DG,0.4933166864703395,Control,lighthouses
126,A,129,62,2,CA23,DG,-0.851514256890069,Control,fields
140,A,143,62,2,CA23,DG,-6.140688257251874e-05,Control,mountains
148,A,151,62,2,CA23,DG,-0.1686734363430771,Control,fields
152,A,155,62,2,CA23,DG,-0.0688200308879093,Control,mountains
169,A,172,62,2,CA23,DG,-0.5800988657609817,Control,lighthouses
178,A,181,62,2,CA23,DG,0.4101510157096937,Control,fields
184,A,187,62,2,CA23,DG,-0.0134271167502952,Control,mountains
203,A,206,62,2,CA23,DG,0.087776640011024,Control,mountains
209,A,212,62,2,CA23,DG,0.2063395213647187,Control,fields
215,A,218,62,2,CA23,DG,0.6458105813451425,Control,lighthouses
230,A,233,62,2,CA23,DG,0.5561333423923301,Control,mountains
5,A,8,62,3,CA23,DG,3.88830131548788,Control,mountains
10,A,13,62,3,CA23,DG,3.59090779451844,Control,lighthouses
24,A,27,62,3,CA23,DG,-0.0833214148037044,Control,lighthouses
47,A,50,62,3,CA23,DG,-0.0071044909817601,Control,lighthouses
53,A,56,62,3,CA23,DG,0.0434437847593715,Control,mountains
60,A,63,62,3,CA23,DG,-0.5899127039421008,Control,lighthouses
72,A,75,62,3,CA23,DG,0.0761093651884772,Control,fields
102,A,105,62,3,CA23,DG,0.0002542918275749,Control,lighthouses
112,A,115,62,3,CA23,DG,0.0136226172227376,Control,mountains
122,A,125,62,3,CA23,DG,-0.0737946808755769,Control,lighthouses
126,A,129,62,3,CA23,DG,0.7255403180641838,Control,mountains
132,A,135,62,3,CA23,DG,0.2513450582426749,Control,mountains
140,A,143,62,3,CA23,DG,-1.0673888969716825,Control,fields
147,A,150,62,3,CA23,DG,0.1001864111537687,Control,mountains
157,A,160,62,3,CA23,DG,-1.0547351718586588,Control,fields
171,A,174,62,3,CA23,DG,6.88557388692203,Control,lighthouses
180,A,183,62,3,CA23,DG,0.1887959313169632,Control,mountains
193,A,196,62,3,CA23,DG,0.2938215604804409,Control,fields
200,A,203,62,3,CA23,DG,-0.168232507041635,Control,fields
215,A,218,62,3,CA23,DG,0.6412110507284358,Control,fields
236,A,239,62,3,CA23,DG,0.0008843468032889,Control,fields
5,A,8,62,4,CA23,DG,2.739536417087153,Control,mountains
12,A,15,62,4,CA23,DG,0.4626173157269546,Control,fields
27,A,30,62,4,CA23,DG,0.7949782302471458,Control,lighthouses
46,A,49,62,4,CA23,DG,0.5649491263303579,Control,fields
59,A,62,62,4,CA23,DG,0.3549470874673432,Control,fields
76,A,79,62,4,CA23,DG,0.6901045872208886,Control,mountains
81,A,84,62,4,CA23,DG,0.988010781156104,Control,lighthouses
97,A,100,62,4,CA23,DG,0.0163098462199251,Control,lighthouses
112,A,115,62,4,CA23,DG,0.6532302561644866,Control,fields
129,A,132,62,4,CA23,DG,0.7201612753037374,Control,mountains
139,A,142,62,4,CA23,DG,0.5305008087754322,Control,fields
145,A,148,62,4,CA23,DG,-0.3153121651665299,Control,lighthouses
154,A,157,62,4,CA23,DG,0.1423315630987084,Control,lighthouses
163,A,166,62,4,CA23,DG,0.910208530141624,Control,lighthouses
187,A,190,62,4,CA23,DG,0.0227316960525749,Control,fields
192,A,195,62,4,CA23,DG,0.3822016753975096,Control,mountains
200,A,203,62,4,CA23,DG,-0.5739893214538188,Control,mountains
209,A,212,62,4,CA23,DG,1.1533295392961864,Control,fields
222,A,225,62,4,CA23,DG,0.9420611136934786,Control,mountains
229,A,232,62,4,CA23,DG,1.946747967792733,Control,mountains
235,A,238,62,4,CA23,DG,-0.3774606733695507,Control,lighthouses
5,A,8,63,2,CA23,DG,0.7099610528011429,Stress,bridges
17,A,20,63,2,CA23,DG,0.5489716965531307,Stress,parks
22,A,25,63,2,CA23,DG,0.0848449668780753,Stress,forests
31,A,34,63,2,CA23,DG,0.2614111708463728,Stress,parks
45,A,48,63,2,CA23,DG,0.0092171919320344,Stress,forests
60,A,63,63,2,CA23,DG,6.209073020519163,Stress,bridges
65,A,68,63,2,CA23,DG,0.2324775689994235,Stress,forests
74,A,77,63,2,CA23,DG,0.0031605367489893,Stress,bridges
86,A,89,63,2,CA23,DG,-0.1023629142737999,Stress,forests
103,A,106,63,2,CA23,DG,0.7831010487716872,Stress,bridges
112,A,115,63,2,CA23,DG,-2.6628115586088743,Stress,forests
124,A,127,63,2,CA23,DG,-0.4241455874128618,Stress,parks
136,A,139,63,2,CA23,DG,0.4812108470630017,Stress,bridges
144,A,147,63,2,CA23,DG,-0.170912278423817,Stress,parks
149,A,152,63,2,CA23,DG,-0.7021573336771285,Stress,bridges
155,A,158,63,2,CA23,DG,0.0745572058098708,Stress,parks
182,A,185,63,2,CA23,DG,-2.286421780791449,Stress,parks
202,A,205,63,2,CA23,DG,0.4442455101011304,Stress,bridges
209,A,212,63,2,CA23,DG,0.8510232126393292,Stress,parks
222,A,225,63,2,CA23,DG,0.4307765244089978,Stress,forests
233,A,236,63,2,CA23,DG,-0.5311543175709563,Stress,forests
14,A,17,63,3,CA23,DG,1.6686408560991974,Stress,bridges
27,A,30,63,3,CA23,DG,-0.8277355287641188,Stress,parks
36,A,39,63,3,CA23,DG,-0.0712429382185759,Stress,bridges
63,A,66,63,3,CA23,DG,0.6751254962880503,Stress,parks
73,A,76,63,3,CA23,DG,-0.277589431992381,Stress,bridges
78,A,81,63,3,CA23,DG,0.3079375707693721,Stress,forests
85,A,88,63,3,CA23,DG,-0.048027688022192,Stress,bridges
92,A,95,63,3,CA23,DG,-0.0565077047642932,Stress,forests
96,A,99,63,3,CA23,DG,-0.8273577423357931,Stress,bridges
100,A,103,63,3,CA23,DG,0.0372938212987476,Stress,forests
116,A,119,63,3,CA23,DG,0.9368786567808466,Stress,forests
123,A,126,63,3,CA23,DG,0.3087804277917753,Stress,parks
143,A,146,63,3,CA23,DG,-0.6445240379286075,Stress,parks
154,A,157,63,3,CA23,DG,-0.0336569716738796,Stress,forests
163,A,166,63,3,CA23,DG,0.022382942122803,Stress,parks
170,A,173,63,3,CA23,DG,0.6587500623647944,Stress,bridges
188,A,191,63,3,CA23,DG,-0.003717415259356,Stress,bridges
202,A,205,63,3,CA23,DG,0.2828392642677371,Stress,parks
207,A,210,63,3,CA23,DG,-0.0841787721672139,Stress,forests
219,A,222,63,3,CA23,DG,0.1081649921583653,Stress,forests
232,A,235,63,3,CA23,DG,-0.5522356354258506,Stress,parks
13,A,16,63,4,CA23,DG,-0.2444580750749002,Stress,forests
19,A,22,63,4,CA23,DG,0.4529567176720617,Stress,parks
28,A,31,63,4,CA23,DG,2.099212030396601,Stress,parks
35,A,38,63,4,CA23,DG,-0.7566661489801714,Stress,parks
51,A,54,63,4,CA23,DG,-0.0194664834509628,Stress,bridges
58,A,61,63,4,CA23,DG,-0.0608822511508002,Stress,forests
72,A,75,63,4,CA23,DG,0.406661853369021,Stress,bridges
89,A,92,63,4,CA23,DG,1.2702932443345218,Stress,bridges
101,A,104,63,4,CA23,DG,0.2518646474787728,Stress,parks
107,A,110,63,4,CA23,DG,0.0017552589154752,Stress,forests
121,A,124,63,4,CA23,DG,-0.0330850559572015,Stress,bridges
127,A,130,63,4,CA23,DG,0.0001066774233509,Stress,parks
135,A,138,63,4,CA23,DG,0.4119708759495327,Stress,parks
141,A,144,63,4,CA23,DG,-0.6145907339029593,Stress,forests
150,A,153,63,4,CA23,DG,-0.334984167446889,Stress,bridges
161,A,164,63,4,CA23,DG,0.4976426750639401,Stress,forests
176,A,179,63,4,CA23,DG,-0.1214517175451275,Stress,forests
195,A,198,63,4,CA23,DG,0.9327341858422136,Stress,bridges
209,A,212,63,4,CA23,DG,-0.0032060931365634,Stress,forests
221,A,224,63,4,CA23,DG,0.5046518452361929,Stress,parks
232,A,235,63,4,CA23,DG,-0.2929647998757866,Stress,bridges
12,A,15,64,2,CA23,DG,2.0265043502485183,Control,fields
25,A,28,64,2,CA23,DG,-1.6294657007981057,Control,fields
50,A,53,64,2,CA23,DG,-0.7270016599987398,Control,parks
58,A,61,64,2,CA23,DG,1.036124290655209,Control,fields
69,A,72,64,2,CA23,DG,0.2087205151367821,Control,mountains
91,A,94,64,2,CA23,DG,0.2768507467947828,Control,parks
103,A,106,64,2,CA23,DG,-0.0364757747260188,Control,mountains
112,A,115,64,2,CA23,DG,0.3412047478615755,Control,fields
119,A,122,64,2,CA23,DG,1.457756903182875,Control,parks
133,A,136,64,2,CA23,DG,0.0222260831190214,Control,mountains
140,A,143,64,2,CA23,DG,-1.0961858141596748,Control,fields
163,A,166,64,2,CA23,DG,-0.1956771208710171,Control,mountains
174,A,177,64,2,CA23,DG,0.0239058469394245,Control,parks
186,A,189,64,2,CA23,DG,0.8556728656065568,Control,parks
192,A,195,64,2,CA23,DG,-0.0063649592210771,Control,fields
200,A,203,64,2,CA23,DG,-0.6209830183746194,Control,parks
205,A,208,64,2,CA23,DG,-0.5627268331546783,Control,mountains
212,A,215,64,2,CA23,DG,-0.1824203359397015,Control,fields
222,A,225,64,2,CA23,DG,2.665715021674574,Control,mountains
229,A,232,64,2,CA23,DG,-1.78555844615304,Control,mountains
233,A,236,64,2,CA23,DG,1.2373826628594269,Control,parks
20,A,23,64,3,CA23,DG,-0.5678288362274856,Control,mountains
28,A,31,64,3,CA23,DG,1.803792336549335,Control,parks
40,A,43,64,3,CA23,DG,2.401020137899157,Control,parks
45,A,48,64,3,CA23,DG,0.3833542689145445,Control,fields
51,A,54,64,3,CA23,DG,0.2848889209849681,Control,fields
68,A,71,64,3,CA23,DG,-0.7010584506236669,Control,mountains
80,A,83,64,3,CA23,DG,-1.3328810106541769,Control,mountains
92,A,95,64,3,CA23,DG,-0.4040353199683243,Control,parks
118,A,121,64,3,CA23,DG,0.9420344886370208,Control,parks
127,A,130,64,3,CA23,DG,0.0129214845846809,Control,fields
137,A,140,64,3,CA23,DG,-0.5028496623194345,Control,mountains
146,A,149,64,3,CA23,DG,-0.17590863395872,Control,mountains
151,A,154,64,3,CA23,DG,1.6556163713034218,Control,fields
158,A,161,64,3,CA23,DG,0.7593761020813564,Control,mountains
165,A,168,64,3,CA23,DG,0.29032863039727,Control,fields
173,A,176,64,3,CA23,DG,0.0322939786128949,Control,parks
187,A,190,64,3,CA23,DG,0.8826434643805838,Control,fields
199,A,202,64,3,CA23,DG,0.0682818204232498,Control,fields
206,A,209,64,3,CA23,DG,0.6747002861765588,Control,parks
219,A,222,64,3,CA23,DG,2.06828947243162,Control,mountains
235,A,238,64,3,CA23,DG,-0.6673721487420907,Control,parks
7,A,10,64,4,CA23,DG,1.493622437760885,Control,mountains
26,A,29,64,4,CA23,DG,0.4279364467148047,Control,fields
32,A,35,64,4,CA23,DG,-0.395598412999449,Control,parks
46,A,49,64,4,CA23,DG,0.2729939737160076,Control,fields
53,A,56,64,4,CA23,DG,-0.4477408203400751,Control,mountains
67,A,70,64,4,CA23,DG,-0.5964891758769214,Control,parks
74,A,77,64,4,CA23,DG,0.0812823791664648,Control,fields
88,A,91,64,4,CA23,DG,-0.1968295528523768,Control,fields
96,A,99,64,4,CA23,DG,0.8816073130285169,Control,parks
102,A,105,64,4,CA23,DG,-0.3737257098256464,Control,mountains
119,A,122,64,4,CA23,DG,-0.610002240195642,Control,mountains
131,A,134,64,4,CA23,DG,1.0185663241663077,Control,mountains
139,A,142,64,4,CA23,DG,1.4752454418891907,Control,fields
154,A,157,64,4,CA23,DG,0.9652944728360648,Control,fields
160,A,163,64,4,CA23,DG,-0.2418302813695489,Control,parks
183,A,186,64,4,CA23,DG,0.509807135203781,Control,parks
196,A,199,64,4,CA23,DG,0.1575940661667829,Control,mountains
202,A,205,64,4,CA23,DG,-1.0168799072287609,Control,parks
211,A,214,64,4,CA23,DG,0.0922781516867798,Control,mountains
221,A,224,64,4,CA23,DG,0.5396338102554376,Control,parks
230,A,233,64,4,CA23,DG,0.616356368393776,Control,fields
5,A,8,65,2,CA23,DG,0.4196827612307781,Stress,canyons
12,A,15,65,2,CA23,DG,1.0427383339025438,Stress,bridges
17,A,20,65,2,CA23,DG,1.6427055862035616,Stress,deserts
30,A,33,65,2,CA23,DG,0.0043234305779678,Stress,canyons
35,A,38,65,2,CA23,DG,-0.1087328266248985,Stress,deserts
43,A,46,65,2,CA23,DG,0.5568275963269127,Stress,bridges
61,A,64,65,2,CA23,DG,0.4231761476361997,Stress,bridges
80,A,83,65,2,CA23,DG,-0.0743110132112808,Stress,bridges
89,A,92,65,2,CA23,DG,0.1394789026201711,Stress,canyons
100,A,103,65,2,CA23,DG,-0.5712579933221694,Stress,bridges
110,A,113,65,2,CA23,DG,-1.0388269298297683,Stress,canyons
120,A,123,65,2,CA23,DG,-0.6765438032991102,Stress,deserts
134,A,137,65,2,CA23,DG,-0.8531950343144524,Stress,bridges
144,A,147,65,2,CA23,DG,-0.0910265835941169,Stress,deserts
149,A,152,65,2,CA23,DG,2.7231390478091977,Stress,bridges
169,A,172,65,2,CA23,DG,3.367968850630701,Stress,canyons
179,A,182,65,2,CA23,DG,0.0076561642340579,Stress,deserts
191,A,194,65,2,CA23,DG,-0.1151408944325148,Stress,deserts
211,A,214,65,2,CA23,DG,1.0432422656947349,Stress,canyons
225,A,228,65,2,CA23,DG,0.1103264420359296,Stress,deserts
230,A,233,65,2,CA23,DG,-0.0996883818259307,Stress,canyons
10,A,13,65,3,CA23,DG,-0.1253061030274208,Stress,bridges
20,A,23,65,3,CA23,DG,0.4209676335598735,Stress,bridges
30,A,33,65,3,CA23,DG,-0.0770602912462621,Stress,canyons
36,A,39,65,3,CA23,DG,1.3930762956076237,Stress,deserts
41,A,44,65,3,CA23,DG,0.1725491479260835,Stress,canyons
49,A,52,65,3,CA23,DG,-0.3723916427088573,Stress,deserts
54,A,57,65,3,CA23,DG,0.4173286027973436,Stress,canyons
62,A,65,65,3,CA23,DG,0.5834147494208703,Stress,canyons
67,A,70,65,3,CA23,DG,0.4323882868579527,Stress,deserts
73,A,76,65,3,CA23,DG,1.779908301181906,Stress,bridges
81,A,84,65,3,CA23,DG,1.8000057375831944,Stress,deserts
105,A,108,65,3,CA23,DG,0.1043651237128441,Stress,canyons
118,A,121,65,3,CA23,DG,0.4574168535733426,Stress,canyons
131,A,134,65,3,CA23,DG,0.0727475441035425,Stress,canyons
139,A,142,65,3,CA23,DG,2.038745111217728,Stress,deserts
147,A,150,65,3,CA23,DG,1.4328157647404205,Stress,bridges
162,A,165,65,3,CA23,DG,-0.0008742923106414,Stress,bridges
171,A,174,65,3,CA23,DG,0.1603856906634251,Stress,bridges
181,A,184,65,3,CA23,DG,1.185895976224023,Stress,deserts
216,A,219,65,3,CA23,DG,-0.3255093630132008,Stress,bridges
225,A,228,65,3,CA23,DG,-0.2059891858128339,Stress,deserts
14,A,17,65,4,CA23,DG,0.0083108680134394,Stress,canyons
25,A,28,65,4,CA23,DG,0.4687850348615356,Stress,deserts
41,A,44,65,4,CA23,DG,0.0930645124060408,Stress,bridges
55,A,58,65,4,CA23,DG,-0.0168282120310285,Stress,deserts
66,A,69,65,4,CA23,DG,0.6222168586924438,Stress,deserts
74,A,77,65,4,CA23,DG,0.6613268648267404,Stress,bridges
81,A,84,65,4,CA23,DG,-0.0252133473183084,Stress,bridges
95,A,98,65,4,CA23,DG,0.0054161537360454,Stress,canyons
99,A,102,65,4,CA23,DG,0.2456641239221757,Stress,deserts
110,A,113,65,4,CA23,DG,-0.2239968735752514,Stress,bridges
116,A,119,65,4,CA23,DG,-0.2745721996299294,Stress,deserts
129,A,132,65,4,CA23,DG,1.3471351928281594,Stress,deserts
139,A,142,65,4,CA23,DG,-0.3882517459801259,Stress,canyons
146,A,149,65,4,CA23,DG,-0.480307386677425,Stress,canyons
182,A,185,65,4,CA23,DG,-0.0234101898564426,Stress,canyons
194,A,197,65,4,CA23,DG,0.273324824085107,Stress,bridges
201,A,204,65,4,CA23,DG,2.0616754418799683,Stress,deserts
207,A,210,65,4,CA23,DG,0.5344979305162342,Stress,bridges
216,A,219,65,4,CA23,DG,0.000227631503382,Stress,canyons
221,A,224,65,4,CA23,DG,0.3371404211301433,Stress,bridges
232,A,235,65,4,CA23,DG,0.0493152298331593,Stress,canyons
17,A,20,66,2,CA23,DG,-0.3252907250152679,Stress,lakes
34,A,37,66,2,CA23,DG,-0.0198994733309038,Stress,forests
43,A,46,66,2,CA23,DG,0.1260470956151953,Stress,forests
49,A,52,66,2,CA23,DG,0.3378948099895885,Stress,lakes
56,A,59,66,2,CA23,DG,-0.8579379536961101,Stress,bridges
74,A,77,66,2,CA23,DG,0.3609980150385843,Stress,forests
82,A,85,66,2,CA23,DG,0.0394628287430358,Stress,forests
90,A,93,66,2,CA23,DG,0.4108562354875876,Stress,lakes
103,A,106,66,2,CA23,DG,0.8627206726252364,Stress,bridges
113,A,116,66,2,CA23,DG,1.146922075322793,Stress,lakes
117,A,120,66,2,CA23,DG,1.453327671796239,Stress,bridges
124,A,127,66,2,CA23,DG,0.3321225477041772,Stress,lakes
136,A,139,66,2,CA23,DG,1.3946869880930042,Stress,bridges
148,A,151,66,2,CA23,DG,-0.130551900903854,Stress,lakes
154,A,157,66,2,CA23,DG,0.1378737310924251,Stress,bridges
162,A,165,66,2,CA23,DG,0.0982921687679933,Stress,forests
176,A,179,66,2,CA23,DG,0.1414481760165476,Stress,forests
189,A,192,66,2,CA23,DG,-0.0390858918921007,Stress,bridges
199,A,202,66,2,CA23,DG,-0.614235458583308,Stress,bridges
210,A,213,66,2,CA23,DG,-0.5109084301600685,Stress,forests
217,A,220,66,2,CA23,DG,-0.2804929288025149,Stress,lakes
9,A,12,66,3,CA23,DG,2.2293996923485597,Stress,forests
16,A,19,66,3,CA23,DG,-0.5406608250403233,Stress,lakes
28,A,31,66,3,CA23,DG,-0.0875656137468143,Stress,forests
43,A,46,66,3,CA23,DG,0.5972888690656276,Stress,bridges
52,A,55,66,3,CA23,DG,0.0238161863894233,Stress,lakes
64,A,67,66,3,CA23,DG,-0.0003275807607787,Stress,lakes
69,A,72,66,3,CA23,DG,0.0672056291709543,Stress,bridges
93,A,96,66,3,CA23,DG,0.4727527265025751,Stress,lakes
99,A,102,66,3,CA23,DG,-0.058703348533336,Stress,bridges
105,A,108,66,3,CA23,DG,0.2316594748264451,Stress,forests
113,A,116,66,3,CA23,DG,0.0580206435402223,Stress,bridges
129,A,132,66,3,CA23,DG,1.7258173947161732,Stress,forests
137,A,140,66,3,CA23,DG,0.4465596994833972,Stress,bridges
144,A,147,66,3,CA23,DG,0.6592280912660174,Stress,lakes
150,A,153,66,3,CA23,DG,-0.7102126999378102,Stress,forests
176,A,179,66,3,CA23,DG,-0.0347741001365333,Stress,lakes
189,A,192,66,3,CA23,DG,-0.7002855240034463,Stress,forests
196,A,199,66,3,CA23,DG,0.3356894743658902,Stress,forests
203,A,206,66,3,CA23,DG,-0.3199385816728629,Stress,lakes
225,A,228,66,3,CA23,DG,0.0132074480281874,Stress,bridges
233,A,236,66,3,CA23,DG,2.27301288199208,Stress,bridges
5,A,8,66,4,CA23,DG,0.0070446641628971,Stress,lakes
40,A,43,66,4,CA23,DG,-1.3308263134961476,Stress,lakes
47,A,50,66,4,CA23,DG,0.1349157695498824,Stress,bridges
58,A,61,66,4,CA23,DG,-0.7381295311618816,Stress,lakes
64,A,67,66,4,CA23,DG,0.3373239805295507,Stress,forests
69,A,72,66,4,CA23,DG,0.3647249448512775,Stress,lakes
74,A,77,66,4,CA23,DG,1.2358010856419357,Stress,bridges
103,A,106,66,4,CA23,DG,0.9056328453879988,Stress,bridges
118,A,121,66,4,CA23,DG,0.2375262756482778,Stress,bridges
131,A,134,66,4,CA23,DG,0.0021776456999251,Stress,bridges
138,A,141,66,4,CA23,DG,-0.242793480827581,Stress,forests
154,A,157,66,4,CA23,DG,-0.923206000277762,Stress,bridges
162,A,165,66,4,CA23,DG,-0.1605576491144651,Stress,lakes
168,A,171,66,4,CA23,DG,0.8629991428169155,Stress,forests
181,A,184,66,4,CA23,DG,0.4371076889702481,Stress,lakes
191,A,194,66,4,CA23,DG,-0.1680977701113682,Stress,forests
198,A,201,66,4,CA23,DG,1.1951361187496992,Stress,bridges
203,A,206,66,4,CA23,DG,-1.363180400828682,Stress,forests
214,A,217,66,4,CA23,DG,0.1071004149289716,Stress,forests
218,A,221,66,4,CA23,DG,-0.1808540226715958,Stress,lakes
230,A,233,66,4,CA23,DG,-0.0573127235002046,Stress,forests
5,A,8,68,2,CA23,DG,0.0069901422180779,Stress,lighthouses
10,A,13,68,2,CA23,DG,0.0054092987100959,Stress,marshes
30,A,33,68,2,CA23,DG,0.1405116282503641,Stress,lighthouses
38,A,41,68,2,CA23,DG,-0.2150790772591936,Stress,waterfalls
55,A,58,68,2,CA23,DG,-0.0382491323491741,Stress,marshes
60,A,63,68,2,CA23,DG,-0.5509651277507766,Stress,waterfalls
72,A,75,68,2,CA23,DG,0.0393571244770928,Stress,lighthouses
78,A,81,68,2,CA23,DG,2.954977370123406,Stress,waterfalls
92,A,95,68,2,CA23,DG,0.6228913420500987,Stress,lighthouses
98,A,101,68,2,CA23,DG,0.1047219528593706,Stress,waterfalls
114,A,117,68,2,CA23,DG,0.7514600927482015,Stress,marshes
122,A,125,68,2,CA23,DG,0.1555705730946485,Stress,waterfalls
128,A,131,68,2,CA23,DG,0.1370610949418706,Stress,lighthouses
151,A,154,68,2,CA23,DG,-0.7110889231638505,Stress,lighthouses
167,A,170,68,2,CA23,DG,-0.1064294550690322,Stress,marshes
176,A,179,68,2,CA23,DG,0.0038366553092248,Stress,marshes
192,A,195,68,2,CA23,DG,1.0931470785820616,Stress,waterfalls
206,A,209,68,2,CA23,DG,0.0023152387493488,Stress,marshes
212,A,215,68,2,CA23,DG,0.1189645587041618,Stress,waterfalls
225,A,228,68,2,CA23,DG,0.0082249624828065,Stress,marshes
235,A,238,68,2,CA23,DG,0.0411640575289007,Stress,lighthouses
9,A,12,68,3,CA23,DG,-0.0837168927347998,Stress,lighthouses
21,A,24,68,3,CA23,DG,0.0387223596673399,Stress,lighthouses
30,A,33,68,3,CA23,DG,1.2267486892867827,Stress,waterfalls
45,A,48,68,3,CA23,DG,0.1079801223517051,Stress,marshes
64,A,67,68,3,CA23,DG,-4.071812657738125,Stress,lighthouses
86,A,89,68,3,CA23,DG,-0.0007421109861942,Stress,waterfalls
96,A,99,68,3,CA23,DG,0.3929927793763432,Stress,marshes
106,A,109,68,3,CA23,DG,3.6484176870165617,Stress,marshes
130,A,133,68,3,CA23,DG,0.4137651581754006,Stress,marshes
149,A,152,68,3,CA23,DG,0.1929364761139077,Stress,waterfalls
165,A,168,68,3,CA23,DG,1.644799017164038,Stress,waterfalls
174,A,177,68,3,CA23,DG,-0.0523622637831313,Stress,marshes
182,A,185,68,3,CA23,DG,-1.2198260331862627,Stress,lighthouses
187,A,190,68,3,CA23,DG,1.6891469511136206,Stress,marshes
193,A,196,68,3,CA23,DG,0.5934204556086203,Stress,waterfalls
199,A,202,68,3,CA23,DG,0.16583305287887,Stress,lighthouses
204,A,207,68,3,CA23,DG,-0.3736022756970751,Stress,waterfalls
210,A,213,68,3,CA23,DG,0.9694607772569512,Stress,lighthouses
223,A,226,68,3,CA23,DG,-0.044823432923348,Stress,lighthouses
234,A,237,68,3,CA23,DG,0.9266140353369114,Stress,waterfalls
16,A,19,68,4,CA23,DG,-0.2882074855127459,Stress,waterfalls
31,A,34,68,4,CA23,DG,0.9030634211053008,Stress,lighthouses
41,A,44,68,4,CA23,DG,-0.030329444466575,Stress,waterfalls
53,A,56,68,4,CA23,DG,1.2358367875671012,Stress,waterfalls
60,A,63,68,4,CA23,DG,1.0389326636750456,Stress,marshes
68,A,71,68,4,CA23,DG,0.0026064727614849,Stress,lighthouses
78,A,81,68,4,CA23,DG,0.0670314150982984,Stress,waterfalls
88,A,91,68,4,CA23,DG,0.3297020281346448,Stress,lighthouses
97,A,100,68,4,CA23,DG,1.7299562979540566,Stress,lighthouses
103,A,106,68,4,CA23,DG,2.2404910065340053,Stress,waterfalls
109,A,112,68,4,CA23,DG,-0.0628938375669016,Stress,marshes
118,A,121,68,4,CA23,DG,0.605787641935632,Stress,marshes
131,A,134,68,4,CA23,DG,-0.5194331604862484,Stress,marshes
138,A,141,68,4,CA23,DG,0.0012146568450002,Stress,lighthouses
153,A,156,68,4,CA23,DG,0.2851552520749147,Stress,marshes
161,A,164,68,4,CA23,DG,0.0149823546266445,Stress,marshes
196,A,199,68,4,CA23,DG,0.7490431008916192,Stress,waterfalls
227,A,230,68,4,CA23,DG,0.2806776128401308,Stress,marshes
234,A,237,68,4,CA23,DG,-0.3318745233602732,Stress,waterfalls
8,A,11,69,2,CA23,DG,0.0021796402255172,Control,fields
15,A,18,69,2,CA23,DG,-0.0891997501483814,Control,waterfalls
37,A,40,69,2,CA23,DG,-0.0256683783915853,Control,waterfalls
43,A,46,69,2,CA23,DG,0.1239418409971734,Control,lakes
52,A,55,69,2,CA23,DG,-0.8746828863170651,Control,fields
60,A,63,69,2,CA23,DG,0.1408197791362981,Control,fields
66,A,69,69,2,CA23,DG,-0.040151441744897,Control,lakes
83,A,86,69,2,CA23,DG,1.4997431843039328,Control,lakes
90,A,93,69,2,CA23,DG,-0.0351678226185847,Control,fields
96,A,99,69,2,CA23,DG,-1.097918950396268,Control,waterfalls
109,A,112,69,2,CA23,DG,0.0116591809148486,Control,waterfalls
114,A,117,69,2,CA23,DG,-0.2844056637735701,Control,fields
130,A,133,69,2,CA23,DG,-0.1913287949887512,Control,lakes
139,A,142,69,2,CA23,DG,1.150287244646235,Control,lakes
145,A,148,69,2,CA23,DG,-0.0821532187808132,Control,waterfalls
174,A,177,69,2,CA23,DG,0.7028276176941287,Control,fields
186,A,189,69,2,CA23,DG,-0.2114815596212728,Control,waterfalls
194,A,197,69,2,CA23,DG,0.8493015277894584,Control,waterfalls
207,A,210,69,2,CA23,DG,0.1459778062869826,Control,lakes
223,A,226,69,2,CA23,DG,0.688155506250942,Control,lakes
234,A,237,69,2,CA23,DG,1.1893796097351057,Control,fields
8,A,11,69,3,CA23,DG,-0.4170648811637258,Control,waterfalls
17,A,20,69,3,CA23,DG,-0.5349780549091252,Control,waterfalls
27,A,30,69,3,CA23,DG,0.0420655205665686,Control,waterfalls
37,A,40,69,3,CA23,DG,0.4266809442441274,Control,fields
47,A,50,69,3,CA23,DG,0.2157429161070739,Control,waterfalls
54,A,57,69,3,CA23,DG,-0.1874723853176766,Control,lakes
62,A,65,69,3,CA23,DG,-0.1743725679337124,Control,waterfalls
80,A,83,69,3,CA23,DG,-0.1381853718197565,Control,lakes
90,A,93,69,3,CA23,DG,1.191396766311483,Control,fields
100,A,103,69,3,CA23,DG,1.1576433531443602,Control,fields
129,A,132,69,3,CA23,DG,0.0044200856603946,Control,lakes
141,A,144,69,3,CA23,DG,0.8805387379020904,Control,fields
148,A,151,69,3,CA23,DG,0.6135218064050134,Control,lakes
156,A,159,69,3,CA23,DG,0.9779986112429356,Control,fields
169,A,172,69,3,CA23,DG,-0.908213746757639,Control,lakes
177,A,180,69,3,CA23,DG,0.0669520618055859,Control,waterfalls
186,A,189,69,3,CA23,DG,-0.4285695787026404,Control,fields
192,A,195,69,3,CA23,DG,1.1366066893838118,Control,waterfalls
201,A,204,69,3,CA23,DG,0.0846281041331043,Control,lakes
219,A,222,69,3,CA23,DG,-0.0223483319684796,Control,lakes
234,A,237,69,3,CA23,DG,-0.6453239940258179,Control,fields
18,A,21,69,4,CA23,DG,0.0353730899667824,Control,fields
29,A,32,69,4,CA23,DG,0.2648215641726292,Control,waterfalls
35,A,38,69,4,CA23,DG,-0.2542944283789302,Control,lakes
44,A,47,69,4,CA23,DG,0.7582212901920024,Control,waterfalls
51,A,54,69,4,CA23,DG,0.2077785286326634,Control,lakes
57,A,60,69,4,CA23,DG,0.0039823281995018,Control,waterfalls
63,A,66,69,4,CA23,DG,-0.117960859078865,Control,fields
69,A,72,69,4,CA23,DG,0.4601221422734045,Control,lakes
86,A,89,69,4,CA23,DG,0.4154985082268055,Control,waterfalls
99,A,102,69,4,CA23,DG,-0.9741336927787636,Control,waterfalls
106,A,109,69,4,CA23,DG,1.6584775778841887,Control,fields
111,A,114,69,4,CA23,DG,-0.4135749651552357,Control,waterfalls
126,A,129,69,4,CA23,DG,-0.4670194362338071,Control,lakes
135,A,138,69,4,CA23,DG,0.6546053187523183,Control,lakes
149,A,152,69,4,CA23,DG,-0.6073604402455064,Control,lakes
155,A,158,69,4,CA23,DG,-0.555911053852091,Control,fields
180,A,183,69,4,CA23,DG,-0.3460998565598918,Control,lakes
200,A,203,69,4,CA23,DG,-0.0774767022207698,Control,fields
205,A,208,69,4,CA23,DG,0.3938291070860275,Control,waterfalls
224,A,227,69,4,CA23,DG,0.7156462061736563,Control,fields
232,A,235,69,4,CA23,DG,3.46740088678687,Control,fields
5,A,8,71,2,CA23,DG,1.404491162734399,Control,marshes
35,A,38,71,2,CA23,DG,0.3226200941814572,Control,deserts
46,A,49,71,2,CA23,DG,0.792810075063592,Control,deserts
51,A,54,71,2,CA23,DG,0.8611583092884733,Control,beaches
58,A,61,71,2,CA23,DG,1.0686231690693306,Control,marshes
69,A,72,71,2,CA23,DG,-0.0183981386475115,Control,deserts
77,A,80,71,2,CA23,DG,0.0002467726495825,Control,marshes
86,A,89,71,2,CA23,DG,1.1607811761125306,Control,marshes
98,A,101,71,2,CA23,DG,0.0213499769364052,Control,deserts
106,A,109,71,2,CA23,DG,0.0039432732235958,Control,beaches
122,A,125,71,2,CA23,DG,0.0226062864312295,Control,marshes
126,A,129,71,2,CA23,DG,2.0185854977738718,Control,deserts
144,A,147,71,2,CA23,DG,0.5124363844758825,Control,marshes
152,A,155,71,2,CA23,DG,-0.5913537851861255,Control,beaches
167,A,170,71,2,CA23,DG,0.6165939187069837,Control,deserts
179,A,182,71,2,CA23,DG,0.9535646035297226,Control,beaches
190,A,193,71,2,CA23,DG,-0.3305849347701071,Control,marshes
197,A,200,71,2,CA23,DG,0.0001444726751708,Control,beaches
206,A,209,71,2,CA23,DG,-0.527446489281447,Control,deserts
223,A,226,71,2,CA23,DG,0.889011308777869,Control,beaches
233,A,236,71,2,CA23,DG,0.1275559744457614,Control,beaches
39,A,42,71,3,CA23,DG,-0.0787784336901089,Control,beaches
45,A,48,71,3,CA23,DG,0.630884477774464,Control,marshes
52,A,55,71,3,CA23,DG,0.087873426611772,Control,deserts
61,A,64,71,3,CA23,DG,2.026568045912658,Control,deserts
65,A,68,71,3,CA23,DG,1.0540898995345318,Control,marshes
69,A,72,71,3,CA23,DG,0.0188884589674437,Control,deserts
83,A,86,71,3,CA23,DG,0.001326802825646,Control,deserts
110,A,113,71,3,CA23,DG,1.4490129351233283,Control,beaches
125,A,128,71,3,CA23,DG,0.330816550807161,Control,beaches
136,A,139,71,3,CA23,DG,0.2190111459194184,Control,marshes
151,A,154,71,3,CA23,DG,-0.450203933659307,Control,beaches
162,A,165,71,3,CA23,DG,-0.6448749740925183,Control,beaches
166,A,169,71,3,CA23,DG,1.4741524440126987,Control,deserts
172,A,175,71,3,CA23,DG,4.290590234785994,Control,marshes
180,A,183,71,3,CA23,DG,0.0012872312996025,Control,beaches
189,A,192,71,3,CA23,DG,-0.1884940907369631,Control,deserts
197,A,200,71,3,CA23,DG,0.0013647264236279,Control,marshes
209,A,212,71,3,CA23,DG,2.909321707087602,Control,deserts
214,A,217,71,3,CA23,DG,0.3069024970389203,Control,marshes
221,A,224,71,3,CA23,DG,-0.3575402775543077,Control,beaches
237,A,240,71,3,CA23,DG,-0.8416868137135938,Control,marshes
9,A,12,71,4,CA23,DG,0.0057089224792716,Control,marshes
27,A,30,71,4,CA23,DG,0.477861119936242,Control,beaches
33,A,36,71,4,CA23,DG,0.0604424318593771,Control,marshes
45,A,48,71,4,CA23,DG,0.2804695756593631,Control,beaches
52,A,55,71,4,CA23,DG,0.4963298216229015,Control,beaches
56,A,59,71,4,CA23,DG,-0.2214468446937273,Control,marshes
85,A,88,71,4,CA23,DG,0.2112039178144509,Control,marshes
96,A,99,71,4,CA23,DG,2.853083889507155,Control,beaches
102,A,105,71,4,CA23,DG,3.616427995431568,Control,deserts
114,A,117,71,4,CA23,DG,0.151561650984069,Control,beaches
132,A,135,71,4,CA23,DG,-0.0015743362119901,Control,beaches
145,A,148,71,4,CA23,DG,0.1851447178893229,Control,marshes
151,A,154,71,4,CA23,DG,0.0349557671117535,Control,marshes
158,A,161,71,4,CA23,DG,0.1773725830493542,Control,deserts
167,A,170,71,4,CA23,DG,0.1515072018361767,Control,deserts
179,A,182,71,4,CA23,DG,0.0700543310878374,Control,deserts
194,A,197,71,4,CA23,DG,-0.0010095531326511,Control,deserts
199,A,202,71,4,CA23,DG,3.677772117051176,Control,beaches
206,A,209,71,4,CA23,DG,-0.0273854195169297,Control,marshes
215,A,218,71,4,CA23,DG,2.177793494652884,Control,deserts
222,A,225,71,4,CA23,DG,1.0144075937500656,Control,deserts
5,A,8,72,2,CA23,DG,0.1849309375154081,Stress,waterfalls
12,A,15,72,2,CA23,DG,0.0469794623277438,Stress,waterfalls
52,A,55,72,2,CA23,DG,0.0066242700923972,Stress,waterfalls
58,A,61,72,2,CA23,DG,1.5426078611525065,Stress,beaches
89,A,92,72,2,CA23,DG,1.721424635862579,Stress,forests
94,A,97,72,2,CA23,DG,-0.319888803247453,Stress,beaches
103,A,106,72,2,CA23,DG,0.0707903568621858,Stress,forests
115,A,118,72,2,CA23,DG,0.2456073316523078,Stress,forests
125,A,128,72,2,CA23,DG,0.2499365810341753,Stress,forests
134,A,137,72,2,CA23,DG,0.2896931208059581,Stress,forests
143,A,146,72,2,CA23,DG,0.2128313440033847,Stress,beaches
150,A,153,72,2,CA23,DG,0.0022789256078298,Stress,beaches
155,A,158,72,2,CA23,DG,1.060332343263216,Stress,waterfalls
162,A,165,72,2,CA23,DG,0.2584116246707085,Stress,beaches
184,A,187,72,2,CA23,DG,-0.0029992095242458,Stress,forests
188,A,191,72,2,CA23,DG,0.4234604909290198,Stress,waterfalls
202,A,205,72,2,CA23,DG,-0.1461234345916559,Stress,waterfalls
206,A,209,72,2,CA23,DG,0.56934685104359,Stress,forests
217,A,220,72,2,CA23,DG,-0.0967738510731462,Stress,waterfalls
224,A,227,72,2,CA23,DG,-0.0508823419145783,Stress,beaches
231,A,234,72,2,CA23,DG,0.8440382321144543,Stress,beaches
13,A,16,72,3,CA23,DG,0.0275572168524167,Stress,forests
23,A,26,72,3,CA23,DG,0.8602726177506119,Stress,forests
35,A,38,72,3,CA23,DG,-0.0282073818041469,Stress,forests
43,A,46,72,3,CA23,DG,-0.0181980440997843,Stress,waterfalls
48,A,51,72,3,CA23,DG,1.4192665360203591,Stress,beaches
57,A,60,72,3,CA23,DG,3.3905044112918388,Stress,waterfalls
63,A,66,72,3,CA23,DG,2.9500508772442644,Stress,beaches
68,A,71,72,3,CA23,DG,5.800453623559127,Stress,forests
83,A,86,72,3,CA23,DG,0.9804761594278938,Stress,waterfalls
92,A,95,72,3,CA23,DG,0.1048371558803874,Stress,beaches
98,A,101,72,3,CA23,DG,0.4409261855336808,Stress,waterfalls
106,A,109,72,3,CA23,DG,0.0720871727520518,Stress,waterfalls
126,A,129,72,3,CA23,DG,-1.2449122308914118,Stress,forests
133,A,136,72,3,CA23,DG,0.0057965754604703,Stress,beaches
171,A,174,72,3,CA23,DG,-0.7470386498772653,Stress,forests
181,A,184,72,3,CA23,DG,0.1411404072234193,Stress,beaches
199,A,202,72,3,CA23,DG,0.4987217149957473,Stress,beaches
205,A,208,72,3,CA23,DG,-0.0186027828526231,Stress,beaches
221,A,224,72,3,CA23,DG,0.5524084645816494,Stress,forests
227,A,230,72,3,CA23,DG,1.549711660020154,Stress,waterfalls
238,A,241,72,3,CA23,DG,0.5994628736327577,Stress,waterfalls
19,A,22,72,4,CA23,DG,-0.0461831631363458,Stress,beaches
26,A,29,72,4,CA23,DG,1.250410597913932,Stress,waterfalls
36,A,39,72,4,CA23,DG,0.2747536784244215,Stress,waterfalls
48,A,51,72,4,CA23,DG,-0.1858599097652487,Stress,waterfalls
53,A,56,72,4,CA23,DG,2.7401639195122334,Stress,beaches
60,A,63,72,4,CA23,DG,0.7149474347106246,Stress,beaches
67,A,70,72,4,CA23,DG,0.3566584163597094,Stress,forests
77,A,80,72,4,CA23,DG,-0.0260680346645671,Stress,forests
88,A,91,72,4,CA23,DG,-0.4269039060253528,Stress,waterfalls
94,A,97,72,4,CA23,DG,-0.056091381793548,Stress,forests
108,A,111,72,4,CA23,DG,0.59428781891607,Stress,beaches
119,A,122,72,4,CA23,DG,1.9486229277162488,Stress,forests
146,A,149,72,4,CA23,DG,0.0427903545276628,Stress,forests
155,A,158,72,4,CA23,DG,-0.0298156556323185,Stress,beaches
168,A,171,72,4,CA23,DG,0.5734184597140558,Stress,waterfalls
186,A,189,72,4,CA23,DG,0.8599718421717574,Stress,beaches
192,A,195,72,4,CA23,DG,1.1442074150707284,Stress,waterfalls
204,A,207,72,4,CA23,DG,3.903561551555276,Stress,waterfalls
211,A,214,72,4,CA23,DG,-1.265098813727155,Stress,forests
233,A,236,72,4,CA23,DG,0.2994073770440908,Stress,forests
5,A,8,73,2,CA23,DG,0.2571056044136275,Control,canyons
9,A,12,73,2,CA23,DG,-0.4639326271206138,Control,marshes
15,A,18,73,2,CA23,DG,-0.4910294179484133,Control,canyons
22,A,25,73,2,CA23,DG,0.5374711221380783,Control,parks
42,A,45,73,2,CA23,DG,-0.0665225440319592,Control,parks
49,A,52,73,2,CA23,DG,-0.0897623862239851,Control,parks
58,A,61,73,2,CA23,DG,-0.4392342151395017,Control,marshes
69,A,72,73,2,CA23,DG,-0.2557811527393842,Control,marshes
80,A,83,73,2,CA23,DG,0.0158276502287226,Control,parks
89,A,92,73,2,CA23,DG,0.2762668478868182,Control,canyons
109,A,112,73,2,CA23,DG,-0.0359554746983901,Control,marshes
123,A,126,73,2,CA23,DG,0.4425853272202291,Control,canyons
131,A,134,73,2,CA23,DG,-0.5308889730677321,Control,marshes
136,A,139,73,2,CA23,DG,0.0875057691807445,Control,canyons
159,A,162,73,2,CA23,DG,0.8178943299137509,Control,parks
170,A,173,73,2,CA23,DG,0.0532459790449422,Control,canyons
191,A,194,73,2,CA23,DG,0.0226322470965854,Control,marshes
203,A,206,73,2,CA23,DG,-0.0085242895771132,Control,parks
222,A,225,73,2,CA23,DG,0.2204819058653385,Control,marshes
228,A,231,73,2,CA23,DG,0.046124894083312,Control,canyons
235,A,238,73,2,CA23,DG,-0.1069444368099985,Control,parks
11,A,14,73,3,CA23,DG,0.8834400704440734,Control,marshes
21,A,24,73,3,CA23,DG,0.0314837539598894,Control,parks
33,A,36,73,3,CA23,DG,0.2556299217370932,Control,marshes
43,A,46,73,3,CA23,DG,1.312719746841692,Control,marshes
47,A,50,73,3,CA23,DG,0.5833572840648422,Control,canyons
54,A,57,73,3,CA23,DG,-0.0977066528358253,Control,marshes
61,A,64,73,3,CA23,DG,0.6789214422761496,Control,parks
79,A,82,73,3,CA23,DG,0.9301483573384416,Control,canyons
86,A,89,73,3,CA23,DG,0.2923492684254083,Control,parks
90,A,93,73,3,CA23,DG,-1.131129860131894,Control,canyons
106,A,109,73,3,CA23,DG,-0.7996431504741309,Control,canyons
113,A,116,73,3,CA23,DG,0.6212993350634407,Control,marshes
126,A,129,73,3,CA23,DG,-0.128963065227432,Control,parks
137,A,140,73,3,CA23,DG,2.491675412528439,Control,parks
158,A,161,73,3,CA23,DG,-0.0250023589518838,Control,canyons
172,A,175,73,3,CA23,DG,0.29373129949111,Control,canyons
180,A,183,73,3,CA23,DG,-0.066301621089444,Control,marshes
192,A,195,73,3,CA23,DG,-0.0124689275646027,Control,canyons
216,A,219,73,3,CA23,DG,0.2646999044650091,Control,parks
222,A,225,73,3,CA23,DG,-0.0074780219498507,Control,marshes
230,A,233,73,3,CA23,DG,1.7337838744625829,Control,parks
5,A,8,73,4,CA23,DG,0.5368408740763085,Control,marshes
21,A,24,73,4,CA23,DG,0.1821388364282105,Control,marshes
26,A,29,73,4,CA23,DG,-0.1000915454561163,Control,parks
45,A,48,73,4,CA23,DG,0.1056491178476707,Control,marshes
50,A,53,73,4,CA23,DG,0.4338786163241931,Control,parks
69,A,72,73,4,CA23,DG,-0.5081483426942448,Control,canyons
76,A,79,73,4,CA23,DG,0.8305066551124819,Control,marshes
83,A,86,73,4,CA23,DG,-0.8547810680165607,Control,canyons
96,A,99,73,4,CA23,DG,-0.0267013729600959,Control,parks
108,A,111,73,4,CA23,DG,0.0089197740383897,Control,parks
114,A,117,73,4,CA23,DG,0.0129104481363249,Control,canyons
123,A,126,73,4,CA23,DG,0.008049200967158,Control,canyons
132,A,135,73,4,CA23,DG,-0.0020268585400188,Control,canyons
153,A,156,73,4,CA23,DG,-1.1449118440046704,Control,marshes
160,A,163,73,4,CA23,DG,-0.0985847120151155,Control,parks
177,A,180,73,4,CA23,DG,-0.0356028580130591,Control,marshes
183,A,186,73,4,CA23,DG,-0.7609827154070035,Control,canyons
206,A,209,73,4,CA23,DG,-1.2875502939449088,Control,parks
221,A,224,73,4,CA23,DG,-0.6530744600490191,Control,marshes
237,A,240,73,4,CA23,DG,-0.2278737857888571,Control,canyons
10,A,13,74,2,CA23,DG,0.795634948781593,Control,bridges
21,A,24,74,2,CA23,DG,1.3032628490263531,Control,parks
28,A,31,74,2,CA23,DG,-2.7151063179579125,Control,lakes
40,A,43,74,2,CA23,DG,-0.0311152841946514,Control,parks
49,A,52,74,2,CA23,DG,-0.1414257974065116,Control,bridges
61,A,64,74,2,CA23,DG,0.2462242020919353,Control,parks
74,A,77,74,2,CA23,DG,-3.905398585470464e-06,Control,lakes
90,A,93,74,2,CA23,DG,0.5550161417682082,Control,lakes
98,A,101,74,2,CA23,DG,0.0485184205453357,Control,bridges
107,A,110,74,2,CA23,DG,0.7144212692554653,Control,lakes
118,A,121,74,2,CA23,DG,0.5764291796758568,Control,lakes
131,A,134,74,2,CA23,DG,-0.5560553348201026,Control,bridges
145,A,148,74,2,CA23,DG,-0.4945778859028013,Control,parks
157,A,160,74,2,CA23,DG,1.3317416713463823,Control,parks
171,A,174,74,2,CA23,DG,0.9844317754454844,Control,parks
192,A,195,74,2,CA23,DG,0.0379829899082506,Control,lakes
201,A,204,74,2,CA23,DG,-0.2245965514642804,Control,bridges
210,A,213,74,2,CA23,DG,2.517069320710987,Control,parks
217,A,220,74,2,CA23,DG,0.0234618129866839,Control,bridges
230,A,233,74,2,CA23,DG,0.2996914621171633,Control,lakes
237,A,240,74,2,CA23,DG,0.6337328549067214,Control,bridges
9,A,12,74,3,CA23,DG,0.0212783983429533,Control,lakes
14,A,17,74,3,CA23,DG,0.3406024167870953,Control,bridges
25,A,28,74,3,CA23,DG,2.2356770953124,Control,parks
38,A,41,74,3,CA23,DG,4.890854618891564,Control,parks
42,A,45,74,3,CA23,DG,-0.5103307380844104,Control,lakes
55,A,58,74,3,CA23,DG,0.1039688844291066,Control,parks
66,A,69,74,3,CA23,DG,-0.4173386571649077,Control,parks
78,A,81,74,3,CA23,DG,-0.0981598710573954,Control,bridges
86,A,89,74,3,CA23,DG,-0.012695598181599,Control,bridges
94,A,97,74,3,CA23,DG,-1.1186375189872604,Control,bridges
120,A,123,74,3,CA23,DG,0.418443703263606,Control,parks
130,A,133,74,3,CA23,DG,0.17769103974995,Control,lakes
155,A,158,74,3,CA23,DG,0.8761851556950672,Control,lakes
164,A,167,74,3,CA23,DG,-0.2537605440887358,Control,lakes
170,A,173,74,3,CA23,DG,-0.006959249690512,Control,bridges
181,A,184,74,3,CA23,DG,0.3517267210928774,Control,bridges
192,A,195,74,3,CA23,DG,1.0131450026723752,Control,lakes
198,A,201,74,3,CA23,DG,0.0199977661559465,Control,bridges
211,A,214,74,3,CA23,DG,0.2183629323777251,Control,parks
226,A,229,74,3,CA23,DG,-0.1045180952831665,Control,parks
7,A,10,74,4,CA23,DG,0.5706638408469089,Control,bridges
12,A,15,74,4,CA23,DG,0.876196916362044,Control,lakes
21,A,24,74,4,CA23,DG,0.7976768281749557,Control,lakes
38,A,41,74,4,CA23,DG,4.017139315905723,Control,bridges
43,A,46,74,4,CA23,DG,0.0790291215405211,Control,lakes
56,A,59,74,4,CA23,DG,-0.0571454185641337,Control,bridges
66,A,69,74,4,CA23,DG,0.3924704420825518,Control,bridges
72,A,75,74,4,CA23,DG,-0.221582281256328,Control,parks
76,A,79,74,4,CA23,DG,-0.6587752400521923,Control,bridges
98,A,101,74,4,CA23,DG,0.0865678067635937,Control,parks
111,A,114,74,4,CA23,DG,-0.5280728968920575,Control,lakes
136,A,139,74,4,CA23,DG,-2.160348199583048,Control,parks
186,A,189,74,4,CA23,DG,0.2260663169020058,Control,parks
193,A,196,74,4,CA23,DG,-0.1746889855999363,Control,lakes
212,A,215,74,4,CA23,DG,-0.0674319366399115,Control,parks
220,A,223,74,4,CA23,DG,-0.084040571186009,Control,lakes
230,A,233,74,4,CA23,DG,1.8147883955140005,Control,parks
14,A,17,75,2,CA23,DG,0.7888107401962652,Stress,lighthouses
27,A,30,75,2,CA23,DG,-0.4533887565439725,Stress,forests
37,A,40,75,2,CA23,DG,1.2385368267663297,Stress,fields
42,A,45,75,2,CA23,DG,0.3857031132800982,Stress,forests
50,A,53,75,2,CA23,DG,-0.7068127372762928,Stress,lighthouses
59,A,62,75,2,CA23,DG,0.3088038493710711,Stress,lighthouses
70,A,73,75,2,CA23,DG,0.1908578180598135,Stress,lighthouses
75,A,78,75,2,CA23,DG,0.078317671456022,Stress,forests
83,A,86,75,2,CA23,DG,3.2780779072275017,Stress,forests
107,A,110,75,2,CA23,DG,0.9533008575984494,Stress,forests
115,A,118,75,2,CA23,DG,-0.0155421767970963,Stress,fields
124,A,127,75,2,CA23,DG,0.0873256843527319,Stress,lighthouses
139,A,142,75,2,CA23,DG,-0.2012911125279988,Stress,fields
146,A,149,75,2,CA23,DG,0.512436853547071,Stress,forests
150,A,153,75,2,CA23,DG,0.7221945974722023,Stress,fields
178,A,181,75,2,CA23,DG,-0.4705864593790875,Stress,fields
190,A,193,75,2,CA23,DG,2.5026282107429303,Stress,forests
195,A,198,75,2,CA23,DG,0.0003573957934185,Stress,lighthouses
207,A,210,75,2,CA23,DG,0.0021503818415356,Stress,fields
217,A,220,75,2,CA23,DG,2.20007988214491,Stress,fields
236,A,239,75,2,CA23,DG,0.0077153572907068,Stress,lighthouses
5,A,8,75,3,CA23,DG,0.0996884685395858,Stress,fields
9,A,12,75,3,CA23,DG,-0.4655418986946142,Stress,forests
19,A,22,75,3,CA23,DG,-0.0536622881434261,Stress,lighthouses
28,A,31,75,3,CA23,DG,1.1137633773668507,Stress,lighthouses
34,A,37,75,3,CA23,DG,0.998768777006704,Stress,forests
45,A,48,75,3,CA23,DG,0.2326843414727826,Stress,lighthouses
52,A,55,75,3,CA23,DG,2.209190926530861,Stress,forests
62,A,65,75,3,CA23,DG,-0.2101275164672212,Stress,forests
75,A,78,75,3,CA23,DG,0.3863989611796021,Stress,fields
99,A,102,75,3,CA23,DG,-0.0011920679073891,Stress,forests
117,A,120,75,3,CA23,DG,-0.1030954757383935,Stress,fields
130,A,133,75,3,CA23,DG,-0.3568920614601129,Stress,fields
137,A,140,75,3,CA23,DG,2.0995131949168298,Stress,fields
143,A,146,75,3,CA23,DG,0.0769137187356945,Stress,forests
147,A,150,75,3,CA23,DG,0.0274592652144228,Stress,lighthouses
162,A,165,75,3,CA23,DG,-0.0001373806966083,Stress,lighthouses
179,A,182,75,3,CA23,DG,0.1827789306894239,Stress,fields
193,A,196,75,3,CA23,DG,0.3545900258728559,Stress,lighthouses
202,A,205,75,3,CA23,DG,0.4264596375912755,Stress,fields
228,A,231,75,3,CA23,DG,-0.5753273804676889,Stress,lighthouses
234,A,237,75,3,CA23,DG,0.065529996592637,Stress,forests
11,A,14,75,4,CA23,DG,-0.17025874498004,Stress,forests
21,A,24,75,4,CA23,DG,1.0872716822422666,Stress,lighthouses
29,A,32,75,4,CA23,DG,0.0816765771124073,Stress,fields
43,A,46,75,4,CA23,DG,0.3215879846998305,Stress,fields
52,A,55,75,4,CA23,DG,-0.9397308896502083,Stress,lighthouses
57,A,60,75,4,CA23,DG,3.242408052808269,Stress,fields
77,A,80,75,4,CA23,DG,0.3985700747589383,Stress,fields
98,A,101,75,4,CA23,DG,-0.4613627415966457,Stress,fields
103,A,106,75,4,CA23,DG,-0.0056769258044549,Stress,lighthouses
111,A,114,75,4,CA23,DG,0.0012332395217149,Stress,forests
121,A,124,75,4,CA23,DG,-0.3546982949146717,Stress,fields
126,A,129,75,4,CA23,DG,-0.0805220593056444,Stress,forests
131,A,134,75,4,CA23,DG,0.0618338229335838,Stress,lighthouses
151,A,154,75,4,CA23,DG,-0.0066516249068489,Stress,forests
159,A,162,75,4,CA23,DG,0.4786458845910992,Stress,fields
172,A,175,75,4,CA23,DG,-0.800903984233926,Stress,lighthouses
179,A,182,75,4,CA23,DG,2.255431152505773,Stress,forests
191,A,194,75,4,CA23,DG,1.4834968397322643,Stress,forests
196,A,199,75,4,CA23,DG,1.677594483854688,Stress,lighthouses
202,A,205,75,4,CA23,DG,0.9066948855972145,Stress,lighthouses
8,A,11,76,2,CA23,DG,0.3843946515559756,Control,beaches
12,A,15,76,2,CA23,DG,-0.1623085682444984,Control,lakes
26,A,29,76,2,CA23,DG,0.2275898336661367,Control,lakes
40,A,43,76,2,CA23,DG,-0.063227732403888,Control,beaches
56,A,59,76,2,CA23,DG,0.0213106825367993,Control,beaches
61,A,64,76,2,CA23,DG,0.8211912434773592,Control,lakes
67,A,70,76,2,CA23,DG,0.0426208536272056,Control,lighthouses
88,A,91,76,2,CA23,DG,0.1236635704395787,Control,lighthouses
92,A,95,76,2,CA23,DG,-0.0642134922006086,Control,beaches
97,A,100,76,2,CA23,DG,0.8742773453633401,Control,lighthouses
107,A,110,76,2,CA23,DG,0.0189202603935672,Control,lighthouses
113,A,116,76,2,CA23,DG,-0.2357877091673184,Control,lakes
121,A,124,76,2,CA23,DG,0.8548626362488451,Control,lighthouses
132,A,135,76,2,CA23,DG,1.0053993877086915,Control,lakes
142,A,145,76,2,CA23,DG,-0.0053594365633022,Control,beaches
152,A,155,76,2,CA23,DG,-0.1545278187302597,Control,lakes
160,A,163,76,2,CA23,DG,-0.3375546558502865,Control,lakes
171,A,174,76,2,CA23,DG,-0.2950449535865633,Control,beaches
212,A,215,76,2,CA23,DG,0.9937297486034992,Control,lighthouses
218,A,221,76,2,CA23,DG,0.1287782104940789,Control,beaches
234,A,237,76,2,CA23,DG,1.5953389652416508,Control,lighthouses
10,A,13,76,3,CA23,DG,0.3034668044137246,Control,beaches
31,A,34,76,3,CA23,DG,0.0740708060260756,Control,lakes
39,A,42,76,3,CA23,DG,0.1619216244325047,Control,lighthouses
44,A,47,76,3,CA23,DG,0.377369984969457,Control,lakes
48,A,51,76,3,CA23,DG,0.4606130785090566,Control,lighthouses
58,A,61,76,3,CA23,DG,2.5741152825866065,Control,lakes
62,A,65,76,3,CA23,DG,0.0056315476201323,Control,beaches
72,A,75,76,3,CA23,DG,-0.1243445024065331,Control,lakes
77,A,80,76,3,CA23,DG,-0.0471286181363736,Control,lighthouses
94,A,97,76,3,CA23,DG,0.130186617899728,Control,lighthouses
109,A,112,76,3,CA23,DG,-0.5304155269219609,Control,lighthouses
131,A,134,76,3,CA23,DG,0.0037711919288714,Control,lakes
137,A,140,76,3,CA23,DG,-0.0170276948548669,Control,lighthouses
148,A,151,76,3,CA23,DG,2.1675747344084484,Control,beaches
158,A,161,76,3,CA23,DG,0.044377262518511,Control,lighthouses
165,A,168,76,3,CA23,DG,3.328208384634164,Control,lakes
178,A,181,76,3,CA23,DG,-0.1854662512285203,Control,beaches
201,A,204,76,3,CA23,DG,0.9037925605352528,Control,beaches
219,A,222,76,3,CA23,DG,1.2539455098302814,Control,lakes
223,A,226,76,3,CA23,DG,0.035022640257134,Control,beaches
230,A,233,76,3,CA23,DG,-0.4912742431599009,Control,beaches
5,A,8,76,4,CA23,DG,0.0011450713305331,Control,lakes
10,A,13,76,4,CA23,DG,2.340606755973129,Control,lighthouses
19,A,22,76,4,CA23,DG,-0.0068751601703762,Control,lighthouses
33,A,36,76,4,CA23,DG,0.0354697502147747,Control,lighthouses
39,A,42,76,4,CA23,DG,0.914803038024358,Control,beaches
53,A,56,76,4,CA23,DG,0.0283474784678583,Control,lighthouses
66,A,69,76,4,CA23,DG,0.422940192936966,Control,lakes
76,A,79,76,4,CA23,DG,1.132601660218727,Control,lakes
86,A,89,76,4,CA23,DG,0.9240426019585384,Control,beaches
92,A,95,76,4,CA23,DG,0.0020905922928541,Control,lighthouses
107,A,110,76,4,CA23,DG,12.573295733738794,Control,beaches
124,A,127,76,4,CA23,DG,0.4414854763331091,Control,lakes
131,A,134,76,4,CA23,DG,0.2235663101897522,Control,beaches
147,A,150,76,4,CA23,DG,-0.0032058715420026,Control,beaches
152,A,155,76,4,CA23,DG,-0.0741921727239331,Control,lakes
166,A,169,76,4,CA23,DG,-0.0850164297945385,Control,beaches
172,A,175,76,4,CA23,DG,0.021007372298797,Control,lakes
181,A,184,76,4,CA23,DG,1.0943055187241295,Control,lighthouses
194,A,197,76,4,CA23,DG,-0.2207709712504141,Control,lighthouses
209,A,212,76,4,CA23,DG,0.0041333418857935,Control,lakes
231,A,234,76,4,CA23,DG,3.9830204905476623,Control,beaches
7,A,10,77,2,CA23,DG,-0.243032459827983,Stress,marshes
16,A,19,77,2,CA23,DG,0.7150915025559849,Stress,marshes
35,A,38,77,2,CA23,DG,-0.7878719891902964,Stress,lighthouses
46,A,49,77,2,CA23,DG,0.5168981348474323,Stress,mountains
54,A,57,77,2,CA23,DG,0.6999597178604905,Stress,marshes
70,A,73,77,2,CA23,DG,-0.0031237375373484,Stress,lighthouses
74,A,77,77,2,CA23,DG,-0.2800565409731678,Stress,mountains
81,A,84,77,2,CA23,DG,0.7779790333042812,Stress,marshes
96,A,99,77,2,CA23,DG,0.03532216581735,Stress,marshes
117,A,120,77,2,CA23,DG,-0.0474743156435669,Stress,lighthouses
123,A,126,77,2,CA23,DG,0.1616167002562215,Stress,mountains
132,A,135,77,2,CA23,DG,0.9156857939706868,Stress,lighthouses
142,A,145,77,2,CA23,DG,-0.3118362672977283,Stress,mountains
154,A,157,77,2,CA23,DG,-1.1040389685237202,Stress,mountains
168,A,171,77,2,CA23,DG,0.8177173934743529,Stress,marshes
177,A,180,77,2,CA23,DG,0.1183193688972562,Stress,lighthouses
188,A,191,77,2,CA23,DG,0.0060265356961977,Stress,mountains
205,A,208,77,2,CA23,DG,0.7977889537025415,Stress,mountains
222,A,225,77,2,CA23,DG,1.0129546091240822,Stress,lighthouses
233,A,236,77,2,CA23,DG,0.4761739172969964,Stress,lighthouses
11,A,14,77,3,CA23,DG,-0.0520643465641086,Stress,lighthouses
46,A,49,77,3,CA23,DG,-1.476666026862367,Stress,lighthouses
60,A,63,77,3,CA23,DG,-0.0024167501712091,Stress,marshes
71,A,74,77,3,CA23,DG,0.281780220551088,Stress,mountains
84,A,87,77,3,CA23,DG,0.9314139136827212,Stress,lighthouses
88,A,91,77,3,CA23,DG,-0.8123667213635992,Stress,mountains
93,A,96,77,3,CA23,DG,-0.4744013491341437,Stress,marshes
100,A,103,77,3,CA23,DG,-1.206278468311413,Stress,lighthouses
131,A,134,77,3,CA23,DG,-0.0003733217459487,Stress,lighthouses
145,A,148,77,3,CA23,DG,1.7352916180099849,Stress,mountains
159,A,162,77,3,CA23,DG,-0.2128142522329189,Stress,mountains
166,A,169,77,3,CA23,DG,-0.0002085576270975,Stress,mountains
172,A,175,77,3,CA23,DG,-0.0810195599475386,Stress,marshes
182,A,185,77,3,CA23,DG,-0.1169920843058561,Stress,marshes
192,A,195,77,3,CA23,DG,0.1794422076698922,Stress,lighthouses
196,A,199,77,3,CA23,DG,-0.3619078356425283,Stress,marshes
208,A,211,77,3,CA23,DG,-0.0130685956396161,Stress,marshes
221,A,224,77,3,CA23,DG,0.0041944896420238,Stress,mountains
229,A,232,77,3,CA23,DG,1.194025754067608,Stress,marshes
238,A,241,77,3,CA23,DG,0.1237134985743729,Stress,mountains
5,A,8,77,4,CA23,DG,0.3662976729124699,Stress,marshes
30,A,33,77,4,CA23,DG,0.2460764869875954,Stress,marshes
51,A,54,77,4,CA23,DG,-0.1694337221651173,Stress,mountains
60,A,63,77,4,CA23,DG,-1.3456204857430487,Stress,lighthouses
65,A,68,77,4,CA23,DG,-0.2468856387684717,Stress,marshes
95,A,98,77,4,CA23,DG,0.1991153154106507,Stress,lighthouses
101,A,104,77,4,CA23,DG,-0.293865211145871,Stress,mountains
106,A,109,77,4,CA23,DG,-0.0434313184786397,Stress,lighthouses
136,A,139,77,4,CA23,DG,2.258506637042081,Stress,lighthouses
146,A,149,77,4,CA23,DG,-0.0641880429105827,Stress,lighthouses
152,A,155,77,4,CA23,DG,0.0075125979422192,Stress,marshes
166,A,169,77,4,CA23,DG,-0.2257040248921787,Stress,lighthouses
182,A,185,77,4,CA23,DG,5.059795927092349,Stress,mountains
193,A,196,77,4,CA23,DG,0.1338936448406229,Stress,mountains
208,A,211,77,4,CA23,DG,0.0381649764032532,Stress,marshes
220,A,223,77,4,CA23,DG,-0.3457032314778304,Stress,lighthouses
10,A,13,78,2,CA23,DG,-0.119949975509756,Stress,lakes
18,A,21,78,2,CA23,DG,-0.6953229487042665,Stress,mountains
34,A,37,78,2,CA23,DG,0.215592781601361,Stress,lakes
49,A,52,78,2,CA23,DG,0.1930767321298751,Stress,mountains
62,A,65,78,2,CA23,DG,0.6383917576177064,Stress,lakes
82,A,85,78,2,CA23,DG,-0.6839023112284525,Stress,lakes
104,A,107,78,2,CA23,DG,-0.301869410478911,Stress,mountains
109,A,112,78,2,CA23,DG,1.40831496359794,Stress,waterfalls
119,A,122,78,2,CA23,DG,1.3956531170877338,Stress,waterfalls
131,A,134,78,2,CA23,DG,1.482887876204873,Stress,lakes
139,A,142,78,2,CA23,DG,0.3027431480359454,Stress,waterfalls
144,A,147,78,2,CA23,DG,0.4591119183732382,Stress,mountains
155,A,158,78,2,CA23,DG,-0.7309392670613138,Stress,mountains
160,A,163,78,2,CA23,DG,-0.0017228563332282,Stress,waterfalls
172,A,175,78,2,CA23,DG,-1.1287313268672603,Stress,lakes
184,A,187,78,2,CA23,DG,-0.6097049425785771,Stress,mountains
193,A,196,78,2,CA23,DG,-0.3893333145814278,Stress,lakes
200,A,203,78,2,CA23,DG,0.906984369012646,Stress,mountains
206,A,209,78,2,CA23,DG,0.5332363029412832,Stress,waterfalls
233,A,236,78,2,CA23,DG,0.7229239930368846,Stress,waterfalls
17,A,20,78,3,CA23,DG,1.0959293791757914,Stress,waterfalls
22,A,25,78,3,CA23,DG,0.3696032190412036,Stress,mountains
34,A,37,78,3,CA23,DG,-0.9090165210612547,Stress,mountains
44,A,47,78,3,CA23,DG,-0.6114542166456508,Stress,mountains
51,A,54,78,3,CA23,DG,0.3339493403159632,Stress,lakes
68,A,71,78,3,CA23,DG,0.7593835060488601,Stress,waterfalls
78,A,81,78,3,CA23,DG,1.6058457200805585,Stress,mountains
89,A,92,78,3,CA23,DG,-0.610263121812158,Stress,mountains
96,A,99,78,3,CA23,DG,1.4411418732491608,Stress,lakes
120,A,123,78,3,CA23,DG,0.1226084987961245,Stress,waterfalls
128,A,131,78,3,CA23,DG,-0.8577543473771148,Stress,lakes
135,A,138,78,3,CA23,DG,0.2634833468894099,Stress,mountains
145,A,148,78,3,CA23,DG,-0.0120213093419144,Stress,waterfalls
157,A,160,78,3,CA23,DG,0.0124092773354933,Stress,waterfalls
164,A,167,78,3,CA23,DG,0.9916145146161331,Stress,lakes
169,A,172,78,3,CA23,DG,1.5461063089886518,Stress,waterfalls
174,A,177,78,3,CA23,DG,1.3069488410328916,Stress,lakes
187,A,190,78,3,CA23,DG,-0.023665839849178,Stress,waterfalls
195,A,198,78,3,CA23,DG,-0.0040480933166456,Stress,mountains
200,A,203,78,3,CA23,DG,-0.3851391233090723,Stress,lakes
231,A,234,78,3,CA23,DG,0.9023227054054758,Stress,lakes
12,A,15,78,4,CA23,DG,-0.4134110863706038,Stress,lakes
20,A,23,78,4,CA23,DG,-0.0104696830421167,Stress,waterfalls
26,A,29,78,4,CA23,DG,-0.0018399820096323,Stress,mountains
37,A,40,78,4,CA23,DG,0.0724729135309523,Stress,waterfalls
44,A,47,78,4,CA23,DG,0.0298557372902084,Stress,lakes
77,A,80,78,4,CA23,DG,0.5875688534281612,Stress,lakes
83,A,86,78,4,CA23,DG,0.0059944788047669,Stress,mountains
110,A,113,78,4,CA23,DG,0.6432327065776755,Stress,mountains
118,A,121,78,4,CA23,DG,0.0420400314048692,Stress,waterfalls
138,A,141,78,4,CA23,DG,1.4300150087750312,Stress,mountains
144,A,147,78,4,CA23,DG,-0.9369695620386244,Stress,lakes
149,A,152,78,4,CA23,DG,0.0496506552301936,Stress,waterfalls
159,A,162,78,4,CA23,DG,2.1310277205058417,Stress,mountains
166,A,169,78,4,CA23,DG,0.2273888930006439,Stress,lakes
181,A,184,78,4,CA23,DG,-1.4737603053667276,Stress,mountains
186,A,189,78,4,CA23,DG,-0.1042180458939008,Stress,waterfalls
195,A,198,78,4,CA23,DG,1.0348081938286369,Stress,lakes
203,A,206,78,4,CA23,DG,0.2913543884756244,Stress,lakes
209,A,212,78,4,CA23,DG,-0.3945837413949618,Stress,waterfalls
221,A,224,78,4,CA23,DG,0.870601704265255,Stress,mountains
229,A,232,78,4,CA23,DG,-0.136780348976385,Stress,waterfalls
5,A,8,79,2,CA23,DG,0.3568860459086203,Control,parks
12,A,15,79,2,CA23,DG,0.034293890737848,Control,parks
25,A,28,79,2,CA23,DG,0.8826015004782786,Control,marshes
33,A,36,79,2,CA23,DG,-0.3214055003258277,Control,parks
43,A,46,79,2,CA23,DG,0.3247528336859027,Control,parks
49,A,52,79,2,CA23,DG,0.6274422445007145,Control,fields
56,A,59,79,2,CA23,DG,-1.092682417020331,Control,marshes
69,A,72,79,2,CA23,DG,-0.2635342722003213,Control,marshes
77,A,80,79,2,CA23,DG,0.2493358600602119,Control,marshes
82,A,85,79,2,CA23,DG,1.7974818390010283,Control,parks
98,A,101,79,2,CA23,DG,1.7408163326618458,Control,fields
103,A,106,79,2,CA23,DG,0.7719944996132793,Control,marshes
110,A,113,79,2,CA23,DG,-0.3280934284199228,Control,fields
117,A,120,79,2,CA23,DG,-0.5210306528100633,Control,fields
150,A,153,79,2,CA23,DG,0.0453981572490036,Control,marshes
177,A,180,79,2,CA23,DG,-0.2664638222191429,Control,parks
185,A,188,79,2,CA23,DG,0.0002110338278977,Control,fields
195,A,198,79,2,CA23,DG,0.4754701851211557,Control,marshes
200,A,203,79,2,CA23,DG,-0.0624303801983978,Control,fields
211,A,214,79,2,CA23,DG,0.1323760195178347,Control,parks
222,A,225,79,2,CA23,DG,0.6363785909234789,Control,fields
5,A,8,79,3,CA23,DG,0.0764848163059265,Control,parks
11,A,14,79,3,CA23,DG,0.8834541253140469,Control,fields
22,A,25,79,3,CA23,DG,2.2958910073860634,Control,parks
35,A,38,79,3,CA23,DG,-0.0990606116400227,Control,marshes
50,A,53,79,3,CA23,DG,-0.3872909589621226,Control,marshes
57,A,60,79,3,CA23,DG,-0.0363510779055224,Control,parks
68,A,71,79,3,CA23,DG,-0.0049157266815941,Control,marshes
79,A,82,79,3,CA23,DG,0.9509229466406532,Control,parks
86,A,89,79,3,CA23,DG,3.3438271399607005,Control,marshes
91,A,94,79,3,CA23,DG,-0.5582119104664713,Control,fields
103,A,106,79,3,CA23,DG,-0.0857170912201203,Control,fields
109,A,112,79,3,CA23,DG,0.0019516871932958,Control,parks
113,A,116,79,3,CA23,DG,0.0523956897236084,Control,marshes
127,A,130,79,3,CA23,DG,-0.3497681294593251,Control,marshes
138,A,141,79,3,CA23,DG,0.0928981060590113,Control,fields
149,A,152,79,3,CA23,DG,3.1509073984582634,Control,parks
174,A,177,79,3,CA23,DG,0.7764848435785815,Control,marshes
183,A,186,79,3,CA23,DG,0.0254964918654845,Control,fields
194,A,197,79,3,CA23,DG,-0.0012469620144576,Control,parks
208,A,211,79,3,CA23,DG,-1.741988144760195,Control,fields
219,A,222,79,3,CA23,DG,0.2543327101857876,Control,fields
11,A,14,79,4,CA23,DG,0.8080757269503186,Control,marshes
42,A,45,79,4,CA23,DG,-0.7329601157717112,Control,parks
52,A,55,79,4,CA23,DG,1.5934572914716618,Control,parks
63,A,66,79,4,CA23,DG,0.7347609287820692,Control,fields
74,A,77,79,4,CA23,DG,0.3707206139213582,Control,fields
81,A,84,79,4,CA23,DG,1.0362212220007208,Control,marshes
92,A,95,79,4,CA23,DG,0.0639783723681666,Control,marshes
101,A,104,79,4,CA23,DG,0.3283630673975076,Control,marshes
111,A,114,79,4,CA23,DG,1.5277718347355511,Control,parks
118,A,121,79,4,CA23,DG,0.035887333397291,Control,fields
132,A,135,79,4,CA23,DG,1.1991486581907205,Control,parks
136,A,139,79,4,CA23,DG,-0.9771992000643148,Control,marshes
147,A,150,79,4,CA23,DG,0.3207566295911979,Control,fields
156,A,159,79,4,CA23,DG,1.6509807021829106,Control,marshes
162,A,165,79,4,CA23,DG,-0.0434243256159728,Control,fields
170,A,173,79,4,CA23,DG,-0.137673804509204,Control,parks
178,A,181,79,4,CA23,DG,-0.3385642145752077,Control,marshes
189,A,192,79,4,CA23,DG,-0.9966563309103366,Control,parks
199,A,202,79,4,CA23,DG,0.0881254338861437,Control,fields
209,A,212,79,4,CA23,DG,0.0137216446613184,Control,parks
217,A,220,79,4,CA23,DG,0.0140796607648819,Control,fields
5,A,8,80,2,CA23,DG,0.5317104941583403,Stress,canyons
18,A,21,80,2,CA23,DG,0.2322262858188198,Stress,fields
26,A,29,80,2,CA23,DG,0.4230646782751021,Stress,beaches
39,A,42,80,2,CA23,DG,0.0400542068015402,Stress,fields
46,A,49,80,2,CA23,DG,-0.2874631730573803,Stress,beaches
56,A,59,80,2,CA23,DG,0.112084204636951,Stress,fields
65,A,68,80,2,CA23,DG,0.3987607418900111,Stress,canyons
75,A,78,80,2,CA23,DG,0.3891605602372188,Stress,fields
81,A,84,80,2,CA23,DG,0.0556635165772339,Stress,beaches
108,A,111,80,2,CA23,DG,0.5751733305057598,Stress,fields
115,A,118,80,2,CA23,DG,1.1500750604403236,Stress,canyons
135,A,138,80,2,CA23,DG,-0.1528914054150987,Stress,fields
149,A,152,80,2,CA23,DG,4.3013712737360965,Stress,canyons
154,A,157,80,2,CA23,DG,1.2945747957095155,Stress,beaches
171,A,174,80,2,CA23,DG,-0.0587746479028446,Stress,beaches
185,A,188,80,2,CA23,DG,-0.1978616378224846,Stress,canyons
192,A,195,80,2,CA23,DG,0.0315999905947548,Stress,canyons
205,A,208,80,2,CA23,DG,0.1275171708665059,Stress,beaches
216,A,219,80,2,CA23,DG,0.1933098581496544,Stress,fields
229,A,232,80,2,CA23,DG,4.33601406636856,Stress,beaches
236,A,239,80,2,CA23,DG,0.4831984390705629,Stress,canyons
11,A,14,80,3,CA23,DG,0.7131289486632745,Stress,fields
38,A,41,80,3,CA23,DG,0.9045326689844893,Stress,canyons
50,A,53,80,3,CA23,DG,0.2861153718028706,Stress,beaches
59,A,62,80,3,CA23,DG,-0.1554268559040533,Stress,canyons
64,A,67,80,3,CA23,DG,-0.0826858318457835,Stress,beaches
73,A,76,80,3,CA23,DG,0.9433877636064888,Stress,canyons
81,A,84,80,3,CA23,DG,0.1975733997482358,Stress,beaches
87,A,90,80,3,CA23,DG,3.781908948305753,Stress,fields
99,A,102,80,3,CA23,DG,-0.025247939903509,Stress,beaches
106,A,109,80,3,CA23,DG,0.0564640375480546,Stress,fields
113,A,116,80,3,CA23,DG,-0.4757554873823252,Stress,fields
141,A,144,80,3,CA23,DG,-0.602904439813878,Stress,beaches
160,A,163,80,3,CA23,DG,-0.8485343022186592,Stress,beaches
168,A,171,80,3,CA23,DG,0.7852913544780322,Stress,canyons
176,A,179,80,3,CA23,DG,0.2691675887085249,Stress,fields
181,A,184,80,3,CA23,DG,0.0425196955110599,Stress,canyons
194,A,197,80,3,CA23,DG,0.7981508107019853,Stress,canyons
219,A,222,80,3,CA23,DG,0.3986162203402735,Stress,beaches
5,A,8,80,4,CA23,DG,-0.1781592838105025,Stress,canyons
10,A,13,80,4,CA23,DG,0.038170577840796,Stress,fields
24,A,27,80,4,CA23,DG,4.127104360359404,Stress,canyons
40,A,43,80,4,CA23,DG,0.5160211107898096,Stress,canyons
51,A,54,80,4,CA23,DG,0.1518015067853691,Stress,fields
66,A,69,80,4,CA23,DG,0.1325686807924706,Stress,canyons
76,A,79,80,4,CA23,DG,-0.2307736443108966,Stress,fields
84,A,87,80,4,CA23,DG,2.556809683476844,Stress,fields
98,A,101,80,4,CA23,DG,-0.2719504113134973,Stress,beaches
104,A,107,80,4,CA23,DG,-0.5549149583202535,Stress,canyons
110,A,113,80,4,CA23,DG,-0.534438616639756,Stress,fields
132,A,135,80,4,CA23,DG,-0.5327441275314966,Stress,beaches
158,A,161,80,4,CA23,DG,0.0030634676893636,Stress,beaches
188,A,191,80,4,CA23,DG,0.0192785108183004,Stress,beaches
196,A,199,80,4,CA23,DG,0.0208128590635163,Stress,canyons
16,A,19,81,2,CA23,DG,1.7260186565818871,Control,waterfalls
22,A,25,81,2,CA23,DG,-1.4755695659568633,Control,forests
27,A,30,81,2,CA23,DG,-0.0112501481205749,Control,deserts
47,A,50,81,2,CA23,DG,-0.2959116482272899,Control,deserts
57,A,60,81,2,CA23,DG,0.7960280582534514,Control,waterfalls
68,A,71,81,2,CA23,DG,0.405755446576798,Control,waterfalls
79,A,82,81,2,CA23,DG,0.0755874060590537,Control,waterfalls
85,A,88,81,2,CA23,DG,0.8581708213108241,Control,forests
97,A,100,81,2,CA23,DG,0.0053766987752761,Control,forests
110,A,113,81,2,CA23,DG,4.757153120110507,Control,forests
120,A,123,81,2,CA23,DG,-0.2571406572472807,Control,forests
125,A,128,81,2,CA23,DG,-0.0381015138715102,Control,deserts
134,A,137,81,2,CA23,DG,1.9308233072826135,Control,forests
153,A,156,81,2,CA23,DG,0.0976593258013174,Control,deserts
166,A,169,81,2,CA23,DG,0.0914987863103539,Control,forests
182,A,185,81,2,CA23,DG,-0.3042899682226856,Control,deserts
191,A,194,81,2,CA23,DG,1.0777652146856127,Control,waterfalls
200,A,203,81,2,CA23,DG,0.0001568804294947,Control,waterfalls
206,A,209,81,2,CA23,DG,-0.30380669564136,Control,deserts
218,A,221,81,2,CA23,DG,0.4864308939929578,Control,waterfalls
233,A,236,81,2,CA23,DG,-0.0040107192666291,Control,deserts
5,A,8,81,3,CA23,DG,0.0080776674199367,Control,waterfalls
16,A,19,81,3,CA23,DG,-0.31725111505474,Control,forests
37,A,40,81,3,CA23,DG,0.02167886901376,Control,waterfalls
56,A,59,81,3,CA23,DG,-0.0479742241149007,Control,waterfalls
68,A,71,81,3,CA23,DG,0.0173485623997182,Control,deserts
83,A,86,81,3,CA23,DG,-0.5797713062896336,Control,forests
93,A,96,81,3,CA23,DG,0.6467117666802932,Control,waterfalls
101,A,104,81,3,CA23,DG,0.0927614450943669,Control,forests
108,A,111,81,3,CA23,DG,-0.4066802667272342,Control,deserts
121,A,124,81,3,CA23,DG,0.2899744609674485,Control,deserts
129,A,132,81,3,CA23,DG,-0.0072885549402646,Control,forests
137,A,140,81,3,CA23,DG,2.0785591789306976,Control,forests
148,A,151,81,3,CA23,DG,0.4286613650009428,Control,forests
156,A,159,81,3,CA23,DG,0.2401092194222933,Control,waterfalls
160,A,163,81,3,CA23,DG,0.0245776579966019,Control,deserts
169,A,172,81,3,CA23,DG,0.0023028138535009,Control,forests
194,A,197,81,3,CA23,DG,0.1494031555685912,Control,deserts
203,A,206,81,3,CA23,DG,1.2939507076237935,Control,deserts
218,A,221,81,3,CA23,DG,0.2011267065223096,Control,waterfalls
224,A,227,81,3,CA23,DG,-0.0611988364513986,Control,deserts
235,A,238,81,3,CA23,DG,-0.5606435424352709,Control,waterfalls
21,A,24,81,4,CA23,DG,0.3923281522645996,Control,deserts
26,A,29,81,4,CA23,DG,-0.366263554908408,Control,forests
45,A,48,81,4,CA23,DG,0.3754740516173345,Control,forests
58,A,61,81,4,CA23,DG,-0.0800875705295851,Control,waterfalls
63,A,66,81,4,CA23,DG,-0.3073940577668443,Control,deserts
81,A,84,81,4,CA23,DG,0.7676739403712887,Control,forests
91,A,94,81,4,CA23,DG,-0.2062152166841931,Control,forests
123,A,126,81,4,CA23,DG,0.7920210279693299,Control,waterfalls
132,A,135,81,4,CA23,DG,-0.5924345582387418,Control,deserts
144,A,147,81,4,CA23,DG,-0.4248897572542056,Control,deserts
159,A,162,81,4,CA23,DG,0.8460369139035709,Control,forests
165,A,168,81,4,CA23,DG,0.1221663257909972,Control,deserts
178,A,181,81,4,CA23,DG,0.4934277440869505,Control,deserts
184,A,187,81,4,CA23,DG,2.72862532858012,Control,waterfalls
191,A,194,81,4,CA23,DG,-0.0064411317633586,Control,waterfalls
196,A,199,81,4,CA23,DG,0.5671009900582379,Control,forests
206,A,209,81,4,CA23,DG,0.0476090806324952,Control,waterfalls
212,A,215,81,4,CA23,DG,1.1344395359611998,Control,deserts
221,A,224,81,4,CA23,DG,0.2444881169826606,Control,waterfalls
230,A,233,81,4,CA23,DG,0.6832283167556841,Control,waterfalls
235,A,238,81,4,CA23,DG,0.2794943382982626,Control,forests
17,A,20,82,2,CA23,DG,0.988242636093092,Control,canyons
32,A,35,82,2,CA23,DG,0.2654708771004533,Control,deserts
43,A,46,82,2,CA23,DG,0.1359592317760651,Control,beaches
58,A,61,82,2,CA23,DG,-1.2766278569845566,Control,beaches
66,A,69,82,2,CA23,DG,-0.959901734318826,Control,deserts
72,A,75,82,2,CA23,DG,0.9118853342190256,Control,beaches
82,A,85,82,2,CA23,DG,-0.718826357819642,Control,canyons
100,A,103,82,2,CA23,DG,0.8224047619505982,Control,canyons
115,A,118,82,2,CA23,DG,0.078504319095758,Control,canyons
123,A,126,82,2,CA23,DG,0.7745606131739013,Control,beaches
130,A,133,82,2,CA23,DG,-0.3705079580794131,Control,deserts
138,A,141,82,2,CA23,DG,0.0144710541324646,Control,canyons
150,A,153,82,2,CA23,DG,0.6052323510793742,Control,deserts
177,A,180,82,2,CA23,DG,0.057895499428706,Control,canyons
187,A,190,82,2,CA23,DG,1.3263146050395396,Control,beaches
193,A,196,82,2,CA23,DG,2.425605534854737,Control,deserts
197,A,200,82,2,CA23,DG,-1.4195116784813842,Control,beaches
203,A,206,82,2,CA23,DG,-0.0337090475123865,Control,beaches
210,A,213,82,2,CA23,DG,-0.5901023069497365,Control,deserts
216,A,219,82,2,CA23,DG,-0.1257271539784998,Control,canyons
236,A,239,82,2,CA23,DG,-0.5461531111942785,Control,deserts
8,A,11,82,3,CA23,DG,0.5039648992068435,Control,beaches
19,A,22,82,3,CA23,DG,2.0311490861432557,Control,deserts
27,A,30,82,3,CA23,DG,0.2976765087261092,Control,beaches
36,A,39,82,3,CA23,DG,0.659727237020548,Control,deserts
43,A,46,82,3,CA23,DG,-0.0970817673860195,Control,canyons
52,A,55,82,3,CA23,DG,0.0380289218625089,Control,beaches
62,A,65,82,3,CA23,DG,0.5400235124380941,Control,deserts
70,A,73,82,3,CA23,DG,1.1551647687237143,Control,deserts
78,A,81,82,3,CA23,DG,-0.0468775571158113,Control,beaches
84,A,87,82,3,CA23,DG,-0.2632697120925175,Control,deserts
91,A,94,82,3,CA23,DG,-0.3335453756102061,Control,beaches
108,A,111,82,3,CA23,DG,-0.3605564444466274,Control,deserts
122,A,125,82,3,CA23,DG,2.2672146956606185,Control,canyons
130,A,133,82,3,CA23,DG,0.1120461863606708,Control,canyons
135,A,138,82,3,CA23,DG,-1.2036174450442414,Control,beaches
160,A,163,82,3,CA23,DG,0.4721433251505997,Control,canyons
169,A,172,82,3,CA23,DG,0.306609980225399,Control,canyons
187,A,190,82,3,CA23,DG,0.0768151905901423,Control,deserts
198,A,201,82,3,CA23,DG,2.1134335423343464,Control,beaches
211,A,214,82,3,CA23,DG,0.0005797511903594,Control,canyons
221,A,224,82,3,CA23,DG,-1.0116108566017603,Control,canyons
12,A,15,82,4,CA23,DG,4.98296939158017,Control,canyons
28,A,31,82,4,CA23,DG,1.2325748958015363,Control,beaches
42,A,45,82,4,CA23,DG,0.6333284396342977,Control,deserts
56,A,59,82,4,CA23,DG,0.0457463357090201,Control,canyons
66,A,69,82,4,CA23,DG,1.1405903001315754,Control,deserts
78,A,81,82,4,CA23,DG,-0.0066906665696502,Control,deserts
91,A,94,82,4,CA23,DG,-0.6750930840097163,Control,beaches
105,A,108,82,4,CA23,DG,0.9893217391004338,Control,canyons
114,A,117,82,4,CA23,DG,0.47068375942115,Control,deserts
132,A,135,82,4,CA23,DG,-0.1124228668999096,Control,canyons
139,A,142,82,4,CA23,DG,0.7925693609805738,Control,canyons
155,A,158,82,4,CA23,DG,1.6252439080498813,Control,beaches
166,A,169,82,4,CA23,DG,0.1677008593587222,Control,beaches
176,A,179,82,4,CA23,DG,0.0320750588892618,Control,deserts
181,A,184,82,4,CA23,DG,0.4462067222559909,Control,beaches
185,A,188,82,4,CA23,DG,0.6826385457404355,Control,canyons
195,A,198,82,4,CA23,DG,0.0252235302261837,Control,canyons
202,A,205,82,4,CA23,DG,1.7187603982608812,Control,beaches
215,A,218,82,4,CA23,DG,1.529310694548652,Control,deserts
219,A,222,82,4,CA23,DG,0.4525476308695579,Control,beaches
224,A,227,82,4,CA23,DG,-0.2293833285568418,Control,deserts
20,A,23,83,2,CA23,DG,-0.2074669636411424,Control,bridges
29,A,32,83,2,CA23,DG,2.075286952449674,Control,bridges
35,A,38,83,2,CA23,DG,-0.6807996372728534,Control,waterfalls
46,A,49,83,2,CA23,DG,0.0716528168808734,Control,bridges
54,A,57,83,2,CA23,DG,0.5694066853846813,Control,waterfalls
74,A,77,83,2,CA23,DG,-0.2377206661675681,Control,bridges
85,A,88,83,2,CA23,DG,2.6657994689958024,Control,bridges
92,A,95,83,2,CA23,DG,2.043253876305365,Control,waterfalls
104,A,107,83,2,CA23,DG,-0.2087235608787857,Control,waterfalls
117,A,120,83,2,CA23,DG,0.0145181100426721,Control,mountains
140,A,143,83,2,CA23,DG,0.1553271296822301,Control,mountains
145,A,148,83,2,CA23,DG,-0.2893886112191028,Control,bridges
150,A,153,83,2,CA23,DG,0.4225737822160099,Control,mountains
156,A,159,83,2,CA23,DG,0.5094600799700737,Control,waterfalls
178,A,181,83,2,CA23,DG,-0.0558880394362825,Control,mountains
188,A,191,83,2,CA23,DG,0.7722728875667227,Control,mountains
193,A,196,83,2,CA23,DG,-0.893860245655064,Control,waterfalls
198,A,201,83,2,CA23,DG,0.8322216405874221,Control,mountains
208,A,211,83,2,CA23,DG,-0.6842520051898466,Control,mountains
225,A,228,83,2,CA23,DG,-0.1369319616065433,Control,waterfalls
235,A,238,83,2,CA23,DG,-0.4048845095265188,Control,bridges
8,A,11,83,3,CA23,DG,-0.1468700804092293,Control,waterfalls
18,A,21,83,3,CA23,DG,0.071265988203467,Control,waterfalls
25,A,28,83,3,CA23,DG,-0.0095576891372693,Control,mountains
31,A,34,83,3,CA23,DG,0.6307511915147163,Control,bridges
55,A,58,83,3,CA23,DG,-0.2621123659540727,Control,bridges
62,A,65,83,3,CA23,DG,1.1225195487454127,Control,waterfalls
69,A,72,83,3,CA23,DG,0.180477400713627,Control,mountains
99,A,102,83,3,CA23,DG,-0.0926258555026322,Control,bridges
110,A,113,83,3,CA23,DG,0.3781605819318461,Control,waterfalls
119,A,122,83,3,CA23,DG,-0.2325736373813234,Control,bridges
123,A,126,83,3,CA23,DG,-0.0074336846196262,Control,waterfalls
131,A,134,83,3,CA23,DG,-0.3886241765300294,Control,bridges
135,A,138,83,3,CA23,DG,-0.7435626684681,Control,waterfalls
143,A,146,83,3,CA23,DG,-1.491786984327634,Control,mountains
147,A,150,83,3,CA23,DG,0.9490218321836972,Control,waterfalls
176,A,179,83,3,CA23,DG,1.4875315723774163,Control,bridges
185,A,188,83,3,CA23,DG,-0.3643937135711446,Control,mountains
195,A,198,83,3,CA23,DG,-0.124776771531568,Control,mountains
206,A,209,83,3,CA23,DG,0.224941522892308,Control,mountains
215,A,218,83,3,CA23,DG,1.1149459852778705,Control,mountains
229,A,232,83,3,CA23,DG,0.0152947305179597,Control,bridges
15,A,18,83,4,CA23,DG,3.0233674006149585,Control,bridges
23,A,26,83,4,CA23,DG,0.273808222374617,Control,bridges
39,A,42,83,4,CA23,DG,-0.2864814040793536,Control,bridges
62,A,65,83,4,CA23,DG,0.7177660000555982,Control,waterfalls
70,A,73,83,4,CA23,DG,0.8920948647093367,Control,waterfalls
77,A,80,83,4,CA23,DG,0.5367662933090088,Control,mountains
89,A,92,83,4,CA23,DG,0.132731973585525,Control,waterfalls
110,A,113,83,4,CA23,DG,-1.443589171350243,Control,waterfalls
120,A,123,83,4,CA23,DG,2.1152509820922782,Control,bridges
129,A,132,83,4,CA23,DG,0.8690323104538645,Control,waterfalls
147,A,150,83,4,CA23,DG,-0.5280275496212832,Control,mountains
154,A,157,83,4,CA23,DG,-0.0362770133722096,Control,bridges
158,A,161,83,4,CA23,DG,-0.3685648973130738,Control,mountains
163,A,166,83,4,CA23,DG,-0.0959309077787997,Control,waterfalls
172,A,175,83,4,CA23,DG,-0.0751393604742776,Control,mountains
177,A,180,83,4,CA23,DG,-0.3941844833358013,Control,waterfalls
196,A,199,83,4,CA23,DG,1.5999716828239718,Control,mountains
214,A,217,83,4,CA23,DG,-0.9704436263296826,Control,bridges
221,A,224,83,4,CA23,DG,0.056836686577369,Control,mountains
231,A,234,83,4,CA23,DG,0.8392830790120691,Control,bridges
238,A,241,83,4,CA23,DG,0.0484471932127473,Control,mountains
8,A,11,84,2,CA23,DG,0.455456636358946,Stress,forests
23,A,26,84,2,CA23,DG,0.986257067940113,Stress,bridges
29,A,32,84,2,CA23,DG,0.2768936155096079,Stress,deserts
40,A,43,84,2,CA23,DG,-0.5126801709793893,Stress,forests
48,A,51,84,2,CA23,DG,-0.0656398974240094,Stress,forests
55,A,58,84,2,CA23,DG,-0.2346264534125058,Stress,forests
64,A,67,84,2,CA23,DG,-0.8583145309441549,Stress,deserts
73,A,76,84,2,CA23,DG,1.055769910156892,Stress,bridges
103,A,106,84,2,CA23,DG,-0.0670588015321262,Stress,deserts
108,A,111,84,2,CA23,DG,0.3011989004200039,Stress,bridges
115,A,118,84,2,CA23,DG,1.0874113637434502,Stress,forests
127,A,130,84,2,CA23,DG,-0.6965556081604746,Stress,forests
135,A,138,84,2,CA23,DG,0.9010381872489216,Stress,deserts
140,A,143,84,2,CA23,DG,-0.8746364170884336,Stress,bridges
152,A,155,84,2,CA23,DG,-1.3546639926263713,Stress,deserts
172,A,175,84,2,CA23,DG,0.0130405882152658,Stress,deserts
182,A,185,84,2,CA23,DG,-0.2320581905273881,Stress,bridges
199,A,202,84,2,CA23,DG,0.5204729116391835,Stress,bridges
213,A,216,84,2,CA23,DG,0.8052996757405035,Stress,bridges
223,A,226,84,2,CA23,DG,1.1600756700014545,Stress,forests
233,A,236,84,2,CA23,DG,0.9875394697402448,Stress,deserts
16,A,19,84,3,CA23,DG,0.0138313577685941,Stress,deserts
30,A,33,84,3,CA23,DG,0.0704046319274429,Stress,bridges
40,A,43,84,3,CA23,DG,0.5114928691914833,Stress,deserts
49,A,52,84,3,CA23,DG,0.6999934761210963,Stress,deserts
64,A,67,84,3,CA23,DG,0.8591982164441402,Stress,bridges
71,A,74,84,3,CA23,DG,0.0046021066584761,Stress,forests
86,A,89,84,3,CA23,DG,0.0975225275919909,Stress,bridges
92,A,95,84,3,CA23,DG,1.454518189992035,Stress,forests
102,A,105,84,3,CA23,DG,0.2925047495154111,Stress,bridges
106,A,109,84,3,CA23,DG,1.3113100005689735,Stress,deserts
116,A,119,84,3,CA23,DG,0.6603412443366303,Stress,deserts
123,A,126,84,3,CA23,DG,1.0048270673037327,Stress,bridges
127,A,130,84,3,CA23,DG,-0.0430424677791354,Stress,forests
149,A,152,84,3,CA23,DG,-0.1828773938228151,Stress,deserts
161,A,164,84,3,CA23,DG,1.1843806291370556,Stress,forests
166,A,169,84,3,CA23,DG,-0.0942327633475627,Stress,deserts
192,A,195,84,3,CA23,DG,-0.1985370501274212,Stress,forests
209,A,212,84,3,CA23,DG,0.134153566379767,Stress,forests
216,A,219,84,3,CA23,DG,0.8255741940278764,Stress,forests
226,A,229,84,3,CA23,DG,2.924847724313356,Stress,bridges
235,A,238,84,3,CA23,DG,1.3428471797570798,Stress,bridges
5,A,8,84,4,CA23,DG,-0.1312952623199161,Stress,forests
18,A,21,84,4,CA23,DG,-0.2808487282966639,Stress,deserts
23,A,26,84,4,CA23,DG,-1.7239596698265711,Stress,forests
31,A,34,84,4,CA23,DG,-0.0708465038780157,Stress,deserts
43,A,46,84,4,CA23,DG,-0.162888589016205,Stress,deserts
60,A,63,84,4,CA23,DG,-0.0181808611207567,Stress,forests
74,A,77,84,4,CA23,DG,0.7548166793739104,Stress,bridges
83,A,86,84,4,CA23,DG,1.4481286034585898,Stress,bridges
89,A,92,84,4,CA23,DG,0.8173883498851606,Stress,deserts
93,A,96,84,4,CA23,DG,0.7308393307387587,Stress,bridges
125,A,128,84,4,CA23,DG,5.427666988493182,Stress,deserts
133,A,136,84,4,CA23,DG,0.4207468477935766,Stress,bridges
151,A,154,84,4,CA23,DG,0.8321403667779115,Stress,deserts
163,A,166,84,4,CA23,DG,-0.1813815701987444,Stress,bridges
171,A,174,84,4,CA23,DG,0.0401016089062091,Stress,forests
177,A,180,84,4,CA23,DG,-0.0846856845761571,Stress,bridges
190,A,193,84,4,CA23,DG,-0.3466926299805787,Stress,forests
195,A,198,84,4,CA23,DG,0.0013829637289557,Stress,bridges
203,A,206,84,4,CA23,DG,-3.4460912837187982,Stress,forests
225,A,228,84,4,CA23,DG,0.0861664435604842,Stress,forests
234,A,237,84,4,CA23,DG,-0.123123649204249,Stress,deserts
28,A,31,85,2,CA23,DG,0.836041235236629,Stress,lighthouses
42,A,45,85,2,CA23,DG,0.1870172737706747,Stress,parks
47,A,50,85,2,CA23,DG,-1.0149717889960597,Stress,lighthouses
57,A,60,85,2,CA23,DG,1.1546949083840818,Stress,parks
70,A,73,85,2,CA23,DG,1.0758061938344532,Stress,bridges
75,A,78,85,2,CA23,DG,-1.4085222591004003,Stress,lighthouses
82,A,85,85,2,CA23,DG,0.6270735621220788,Stress,bridges
103,A,106,85,2,CA23,DG,-0.0004591467060333,Stress,bridges
111,A,114,85,2,CA23,DG,0.0028419480947896,Stress,lighthouses
117,A,120,85,2,CA23,DG,-0.0571979511986797,Stress,bridges
124,A,127,85,2,CA23,DG,1.9915842576079616,Stress,parks
132,A,135,85,2,CA23,DG,0.9079388701602183,Stress,lighthouses
150,A,153,85,2,CA23,DG,-0.004067304535037,Stress,bridges
155,A,158,85,2,CA23,DG,0.2095939409945638,Stress,lighthouses
161,A,164,85,2,CA23,DG,0.2232291559381429,Stress,parks
179,A,182,85,2,CA23,DG,1.0680007417907107,Stress,parks
185,A,188,85,2,CA23,DG,0.4162137596490575,Stress,bridges
198,A,201,85,2,CA23,DG,-0.1529112097041741,Stress,bridges
209,A,212,85,2,CA23,DG,0.5074346342782354,Stress,parks
216,A,219,85,2,CA23,DG,0.0405204587480826,Stress,lighthouses
235,A,238,85,2,CA23,DG,3.219409309910952,Stress,parks
9,A,12,85,3,CA23,DG,0.005928068377356,Stress,lighthouses
15,A,18,85,3,CA23,DG,-0.4026401698610602,Stress,bridges
20,A,23,85,3,CA23,DG,0.0557155083625091,Stress,parks
49,A,52,85,3,CA23,DG,0.0685737265719381,Stress,lighthouses
54,A,57,85,3,CA23,DG,0.2602762936557276,Stress,parks
70,A,73,85,3,CA23,DG,-0.0824049437468694,Stress,bridges
81,A,84,85,3,CA23,DG,0.7875924737626668,Stress,bridges
89,A,92,85,3,CA23,DG,0.2388936046568,Stress,parks
95,A,98,85,3,CA23,DG,0.3873240232276552,Stress,bridges
112,A,115,85,3,CA23,DG,-0.0622670552093369,Stress,parks
117,A,120,85,3,CA23,DG,-0.2869051838264262,Stress,lighthouses
135,A,138,85,3,CA23,DG,0.1766793218429936,Stress,bridges
140,A,143,85,3,CA23,DG,-0.373970023739075,Stress,lighthouses
149,A,152,85,3,CA23,DG,0.8096966685023661,Stress,lighthouses
153,A,156,85,3,CA23,DG,0.1797404383129637,Stress,bridges
157,A,160,85,3,CA23,DG,0.1073743159912479,Stress,parks
166,A,169,85,3,CA23,DG,-0.1933313364403801,Stress,bridges
172,A,175,85,3,CA23,DG,2.4688195328925038,Stress,lighthouses
186,A,189,85,3,CA23,DG,-3.184373868352711,Stress,parks
198,A,201,85,3,CA23,DG,-0.1611114417833642,Stress,parks
229,A,232,85,3,CA23,DG,-2.270649875129146,Stress,lighthouses
7,A,10,85,4,CA23,DG,-0.2944153056326649,Stress,bridges
18,A,21,85,4,CA23,DG,-0.0157020740053483,Stress,lighthouses
27,A,30,85,4,CA23,DG,1.61106345068446,Stress,parks
33,A,36,85,4,CA23,DG,-1.358111462554095,Stress,lighthouses
50,A,53,85,4,CA23,DG,2.434867749246259,Stress,lighthouses
55,A,58,85,4,CA23,DG,0.0044139394417683,Stress,bridges
60,A,63,85,4,CA23,DG,-0.3734541801794751,Stress,lighthouses
72,A,75,85,4,CA23,DG,-0.0667058797059763,Stress,parks
95,A,98,85,4,CA23,DG,0.1174977744988968,Stress,parks
103,A,106,85,4,CA23,DG,0.0055817033584822,Stress,parks
107,A,110,85,4,CA23,DG,-0.1864100264250601,Stress,bridges
117,A,120,85,4,CA23,DG,0.2984665908297717,Stress,bridges
140,A,143,85,4,CA23,DG,-0.0017840461011671,Stress,lighthouses
156,A,159,85,4,CA23,DG,4.069637118472987,Stress,lighthouses
165,A,168,85,4,CA23,DG,-0.0848329932223555,Stress,parks
174,A,177,85,4,CA23,DG,0.7937302879328663,Stress,bridges
185,A,188,85,4,CA23,DG,-0.6641709856589046,Stress,parks
200,A,203,85,4,CA23,DG,-0.5108554464145102,Stress,bridges
209,A,212,85,4,CA23,DG,0.1295912935535492,Stress,bridges
222,A,225,85,4,CA23,DG,0.005499401514727,Stress,lighthouses
229,A,232,85,4,CA23,DG,-0.3542978722061178,Stress,parks
5,A,8,86,2,CA23,DG,0.2943674966116472,Control,mountains
12,A,15,86,2,CA23,DG,-0.0700438149607987,Control,waterfalls
25,A,28,86,2,CA23,DG,3.481249490987215,Control,waterfalls
29,A,32,86,2,CA23,DG,2.766885043528505,Control,lakes
47,A,50,86,2,CA23,DG,0.2693801026566055,Control,mountains
56,A,59,86,2,CA23,DG,1.4822640421614814,Control,mountains
67,A,70,86,2,CA23,DG,0.3513504517982441,Control,waterfalls
73,A,76,86,2,CA23,DG,0.1048381978299936,Control,lakes
88,A,91,86,2,CA23,DG,-1.05487368884592,Control,lakes
111,A,114,86,2,CA23,DG,0.4940738171647644,Control,mountains
124,A,127,86,2,CA23,DG,-0.0539497638778056,Control,mountains
140,A,143,86,2,CA23,DG,0.6781837477494276,Control,lakes
146,A,149,86,2,CA23,DG,-0.1874025481717029,Control,waterfalls
157,A,160,86,2,CA23,DG,0.4662871951507297,Control,lakes
168,A,171,86,2,CA23,DG,0.0589845736375899,Control,mountains
176,A,179,86,2,CA23,DG,0.3823543266268766,Control,lakes
191,A,194,86,2,CA23,DG,-0.6978292481765201,Control,waterfalls
197,A,200,86,2,CA23,DG,4.0183481504922696e-05,Control,mountains
210,A,213,86,2,CA23,DG,0.4294113818053805,Control,lakes
217,A,220,86,2,CA23,DG,0.1666712472341508,Control,waterfalls
227,A,230,86,2,CA23,DG,-0.0334489884186901,Control,waterfalls
5,A,8,86,3,CA23,DG,2.3405407645679595,Control,waterfalls
22,A,25,86,3,CA23,DG,-0.2265743439854697,Control,waterfalls
33,A,36,86,3,CA23,DG,-0.2842429762453644,Control,mountains
38,A,41,86,3,CA23,DG,-0.3172771931970685,Control,lakes
46,A,49,86,3,CA23,DG,-0.0495510356230615,Control,mountains
57,A,60,86,3,CA23,DG,-0.0005717672420939,Control,mountains
66,A,69,86,3,CA23,DG,8.75414363734326e-05,Control,lakes
81,A,84,86,3,CA23,DG,-0.0448251122378561,Control,waterfalls
87,A,90,86,3,CA23,DG,-0.2595974566579,Control,lakes
98,A,101,86,3,CA23,DG,-0.1448073154677598,Control,waterfalls
111,A,114,86,3,CA23,DG,0.0570881603650761,Control,waterfalls
120,A,123,86,3,CA23,DG,1.304785828033033,Control,lakes
126,A,129,86,3,CA23,DG,-0.3711649852456203,Control,mountains
138,A,141,86,3,CA23,DG,-0.1379289561031901,Control,mountains
148,A,151,86,3,CA23,DG,-0.2150567239226851,Control,lakes
194,A,197,86,3,CA23,DG,-1.2063762352332863,Control,mountains
202,A,205,86,3,CA23,DG,-0.0046890081156855,Control,waterfalls
209,A,212,86,3,CA23,DG,0.0536480274419454,Control,mountains
216,A,219,86,3,CA23,DG,0.9795968749132146,Control,lakes
226,A,229,86,3,CA23,DG,1.528424978749609,Control,waterfalls
236,A,239,86,3,CA23,DG,-0.7796089096467299,Control,lakes
11,A,14,86,4,CA23,DG,0.0618515540469681,Control,mountains
25,A,28,86,4,CA23,DG,-0.0817377170488534,Control,lakes
31,A,34,86,4,CA23,DG,1.6797452161484068,Control,waterfalls
38,A,41,86,4,CA23,DG,1.8398548068137877,Control,lakes
46,A,49,86,4,CA23,DG,0.5998267963576744,Control,waterfalls
63,A,66,86,4,CA23,DG,0.0006881580310011,Control,lakes
78,A,81,86,4,CA23,DG,0.0009499689427834,Control,waterfalls
83,A,86,86,4,CA23,DG,0.0847900091962084,Control,lakes
114,A,117,86,4,CA23,DG,-0.0043331817260241,Control,mountains
128,A,131,86,4,CA23,DG,-0.2108854357039245,Control,lakes
137,A,140,86,4,CA23,DG,0.3763326321034818,Control,waterfalls
145,A,148,86,4,CA23,DG,5.187832481561591,Control,mountains
157,A,160,86,4,CA23,DG,0.9524327989854608,Control,mountains
164,A,167,86,4,CA23,DG,0.8015620595370944,Control,waterfalls
176,A,179,86,4,CA23,DG,0.4361715116735687,Control,waterfalls
198,A,201,86,4,CA23,DG,0.612726696052588,Control,waterfalls
204,A,207,86,4,CA23,DG,0.0021625459663924,Control,lakes
208,A,211,86,4,CA23,DG,0.2494199578588334,Control,mountains
223,A,226,86,4,CA23,DG,0.5040965571192141,Control,mountains
229,A,232,86,4,CA23,DG,0.1336881684391841,Control,lakes
235,A,238,86,4,CA23,DG,3.877675932229885,Control,mountains
11,A,14,87,2,CA23,DG,-0.2625926886972495,Control,mountains
19,A,22,87,2,CA23,DG,0.041164149389421,Control,canyons
25,A,28,87,2,CA23,DG,0.4481194888868279,Control,mountains
34,A,37,87,2,CA23,DG,0.2583706552675731,Control,marshes
51,A,54,87,2,CA23,DG,1.2385690268515377,Control,marshes
68,A,71,87,2,CA23,DG,0.6809187892166416,Control,mountains
75,A,78,87,2,CA23,DG,-0.4506122346111157,Control,marshes
85,A,88,87,2,CA23,DG,-0.1926170273798506,Control,mountains
94,A,97,87,2,CA23,DG,-0.2123036746174118,Control,canyons
108,A,111,87,2,CA23,DG,-0.0226715214612021,Control,mountains
119,A,122,87,2,CA23,DG,-0.0056548155260661,Control,canyons
133,A,136,87,2,CA23,DG,-0.6204023488828105,Control,canyons
152,A,155,87,2,CA23,DG,0.2377802879698577,Control,marshes
160,A,163,87,2,CA23,DG,-0.0059413390570049,Control,canyons
174,A,177,87,2,CA23,DG,0.6573400640920798,Control,canyons
192,A,195,87,2,CA23,DG,0.2944733179991895,Control,mountains
197,A,200,87,2,CA23,DG,0.0372242104389013,Control,marshes
203,A,206,87,2,CA23,DG,0.4690529335872159,Control,canyons
219,A,222,87,2,CA23,DG,2.4390257726468323,Control,marshes
229,A,232,87,2,CA23,DG,0.0349389923340301,Control,mountains
236,A,239,87,2,CA23,DG,1.5734575584892885,Control,marshes
12,A,15,87,3,CA23,DG,0.0428582588775816,Control,mountains
22,A,25,87,3,CA23,DG,-0.0837520744948546,Control,mountains
28,A,31,87,3,CA23,DG,1.126790128840616,Control,canyons
35,A,38,87,3,CA23,DG,-0.1036081182902247,Control,mountains
48,A,51,87,3,CA23,DG,0.9784470106798128,Control,canyons
57,A,60,87,3,CA23,DG,0.2250344870780673,Control,mountains
63,A,66,87,3,CA23,DG,-0.027152896162499,Control,canyons
85,A,88,87,3,CA23,DG,0.3463458912598109,Control,mountains
100,A,103,87,3,CA23,DG,-2.282787950891944,Control,marshes
106,A,109,87,3,CA23,DG,0.4843363655576186,Control,canyons
115,A,118,87,3,CA23,DG,-0.2047735202067847,Control,marshes
128,A,131,87,3,CA23,DG,-0.2093817177403126,Control,marshes
134,A,137,87,3,CA23,DG,2.2007160424859906,Control,canyons
141,A,144,87,3,CA23,DG,0.5067950595987064,Control,mountains
167,A,170,87,3,CA23,DG,2.542178271529872,Control,marshes
173,A,176,87,3,CA23,DG,0.339535310150349,Control,mountains
177,A,180,87,3,CA23,DG,0.0198960270302288,Control,canyons
190,A,193,87,3,CA23,DG,-0.5098024253000089,Control,canyons
200,A,203,87,3,CA23,DG,0.8115706147827381,Control,marshes
214,A,217,87,3,CA23,DG,0.1005005433596179,Control,marshes
229,A,232,87,3,CA23,DG,1.1778417563849644,Control,marshes
18,A,21,87,4,CA23,DG,-0.6310850810484758,Control,mountains
29,A,32,87,4,CA23,DG,-0.432704318086216,Control,marshes
43,A,46,87,4,CA23,DG,-0.8143444528758184,Control,canyons
54,A,57,87,4,CA23,DG,0.0030856975531919,Control,mountains
63,A,66,87,4,CA23,DG,0.0348641796170382,Control,marshes
71,A,74,87,4,CA23,DG,1.7482304806131188,Control,canyons
76,A,79,87,4,CA23,DG,0.3227935297598403,Control,marshes
97,A,100,87,4,CA23,DG,0.4450257808381774,Control,mountains
101,A,104,87,4,CA23,DG,-0.0657443929731992,Control,canyons
109,A,112,87,4,CA23,DG,0.6171771755527049,Control,canyons
118,A,121,87,4,CA23,DG,-0.2110476164456358,Control,marshes
124,A,127,87,4,CA23,DG,0.1405542586276349,Control,mountains
132,A,135,87,4,CA23,DG,1.3849153160720589,Control,marshes
136,A,139,87,4,CA23,DG,-0.006697498279243,Control,canyons
153,A,156,87,4,CA23,DG,5.117468556933377,Control,marshes
172,A,175,87,4,CA23,DG,1.296593309009268,Control,mountains
186,A,189,87,4,CA23,DG,0.3255538572643448,Control,marshes
193,A,196,87,4,CA23,DG,-0.0133040897312009,Control,canyons
207,A,210,87,4,CA23,DG,-1.0623247700055798,Control,canyons
219,A,222,87,4,CA23,DG,2.3825212129994697,Control,mountains
237,A,240,87,4,CA23,DG,2.497012152687897,Control,mountains
13,A,16,88,2,CA23,DG,-0.0011499497798757,Stress,parks
19,A,22,88,2,CA23,DG,0.4440643987077307,Stress,canyons
32,A,35,88,2,CA23,DG,1.1650894550851558,Stress,fields
41,A,44,88,2,CA23,DG,-0.0194806486865534,Stress,fields
48,A,51,88,2,CA23,DG,1.6411420587876668,Stress,fields
56,A,59,88,2,CA23,DG,0.4166220265115598,Stress,parks
71,A,74,88,2,CA23,DG,-0.1581117650247425,Stress,fields
76,A,79,88,2,CA23,DG,0.8715399694303947,Stress,canyons
86,A,89,88,2,CA23,DG,-0.0399711535860884,Stress,canyons
94,A,97,88,2,CA23,DG,-0.7104147818436128,Stress,fields
106,A,109,88,2,CA23,DG,-0.0046438768403453,Stress,parks
129,A,132,88,2,CA23,DG,-1.2043553193018075,Stress,parks
136,A,139,88,2,CA23,DG,-0.0133573841212464,Stress,canyons
148,A,151,88,2,CA23,DG,-0.4035070150228703,Stress,canyons
154,A,157,88,2,CA23,DG,-0.1931680717872744,Stress,parks
189,A,192,88,2,CA23,DG,0.317457338562323,Stress,parks
201,A,204,88,2,CA23,DG,0.9927617500920588,Stress,canyons
208,A,211,88,2,CA23,DG,-1.684360128080253,Stress,fields
219,A,222,88,2,CA23,DG,3.0943241814455904,Stress,canyons
225,A,228,88,2,CA23,DG,0.3580134994675992,Stress,parks
230,A,233,88,2,CA23,DG,0.2565032348471263,Stress,fields
11,A,14,88,3,CA23,DG,-0.0013514232567623,Stress,fields
20,A,23,88,3,CA23,DG,0.3339674313093167,Stress,canyons
44,A,47,88,3,CA23,DG,-2.1102208776958755,Stress,parks
51,A,54,88,3,CA23,DG,-0.0056198601498503,Stress,fields
57,A,60,88,3,CA23,DG,-0.7546154158927912,Stress,canyons
69,A,72,88,3,CA23,DG,1.3454658367944898,Stress,canyons
79,A,82,88,3,CA23,DG,-0.6050617037997703,Stress,parks
93,A,96,88,3,CA23,DG,-0.3449814098361155,Stress,canyons
106,A,109,88,3,CA23,DG,0.3952021503466769,Stress,fields
114,A,117,88,3,CA23,DG,0.3881619476729753,Stress,parks
120,A,123,88,3,CA23,DG,0.3560644432292207,Stress,fields
124,A,127,88,3,CA23,DG,-1.978325589009737,Stress,canyons
131,A,134,88,3,CA23,DG,0.0041499419598758,Stress,parks
153,A,156,88,3,CA23,DG,-0.330609869740658,Stress,fields
159,A,162,88,3,CA23,DG,-0.3360116068676309,Stress,canyons
165,A,168,88,3,CA23,DG,4.4647388113737065,Stress,parks
183,A,186,88,3,CA23,DG,0.0314632943964914,Stress,parks
194,A,197,88,3,CA23,DG,0.147801336375495,Stress,fields
209,A,212,88,3,CA23,DG,-0.1849649958218767,Stress,canyons
230,A,233,88,3,CA23,DG,0.3911211577254333,Stress,fields
234,A,237,88,3,CA23,DG,-0.3016316755961467,Stress,parks
5,A,8,88,4,CA23,DG,0.0950603323577607,Stress,parks
15,A,18,88,4,CA23,DG,-0.0993435593118294,Stress,canyons
19,A,22,88,4,CA23,DG,-0.602336127579129,Stress,fields
28,A,31,88,4,CA23,DG,0.0039071895397383,Stress,fields
41,A,44,88,4,CA23,DG,-1.4737404380417334,Stress,fields
46,A,49,88,4,CA23,DG,-0.7763176975539494,Stress,canyons
54,A,57,88,4,CA23,DG,0.3969354252404117,Stress,canyons
62,A,65,88,4,CA23,DG,0.2167663860359763,Stress,parks
72,A,75,88,4,CA23,DG,0.0089811823096341,Stress,canyons
89,A,92,88,4,CA23,DG,2.5744801908185084,Stress,parks
98,A,101,88,4,CA23,DG,0.2278727830497513,Stress,parks
115,A,118,88,4,CA23,DG,0.0041297373506199,Stress,parks
120,A,123,88,4,CA23,DG,-0.7344597478757783,Stress,fields
126,A,129,88,4,CA23,DG,0.0665140119748028,Stress,parks
133,A,136,88,4,CA23,DG,0.143615759902688,Stress,canyons
147,A,150,88,4,CA23,DG,0.1795501115717446,Stress,canyons
174,A,177,88,4,CA23,DG,0.0006089636019566,Stress,fields
181,A,184,88,4,CA23,DG,0.5070628255839309,Stress,fields
199,A,202,88,4,CA23,DG,-0.5157114994726469,Stress,parks
209,A,212,88,4,CA23,DG,3.1203167273510646,Stress,canyons
231,A,234,88,4,CA23,DG,0.0133144652203648,Stress,fields
14,A,17,89,2,CA23,DG,-0.403454609553686,Control,beaches
21,A,24,89,2,CA23,DG,0.0416357489008198,Control,deserts
29,A,32,89,2,CA23,DG,-0.0994642563583912,Control,deserts
51,A,54,89,2,CA23,DG,-0.639215959984474,Control,beaches
58,A,61,89,2,CA23,DG,0.0176914885407578,Control,bridges
64,A,67,89,2,CA23,DG,0.8773121850057166,Control,deserts
73,A,76,89,2,CA23,DG,1.3797326364083906,Control,bridges
81,A,84,89,2,CA23,DG,0.569501515329914,Control,beaches
97,A,100,89,2,CA23,DG,0.9257138825763354,Control,deserts
102,A,105,89,2,CA23,DG,0.7659913569309448,Control,beaches
114,A,117,89,2,CA23,DG,-0.6600565377686399,Control,beaches
127,A,130,89,2,CA23,DG,0.1916944884468511,Control,beaches
136,A,139,89,2,CA23,DG,0.2185880177104376,Control,deserts
143,A,146,89,2,CA23,DG,0.7881508329849383,Control,deserts
151,A,154,89,2,CA23,DG,-0.1321575384711082,Control,bridges
181,A,184,89,2,CA23,DG,0.1864403332661354,Control,bridges
189,A,192,89,2,CA23,DG,0.0130531400125629,Control,deserts
198,A,201,89,2,CA23,DG,0.0310586148222107,Control,bridges
212,A,215,89,2,CA23,DG,2.4758106280005614,Control,beaches
219,A,222,89,2,CA23,DG,1.1038312596016682,Control,bridges
235,A,238,89,2,CA23,DG,-0.0225028296333288,Control,bridges
7,A,10,89,3,CA23,DG,0.041278534858229,Control,beaches
28,A,31,89,3,CA23,DG,0.0341734806020995,Control,bridges
35,A,38,89,3,CA23,DG,0.0027942685877048,Control,bridges
45,A,48,89,3,CA23,DG,0.2907888213337062,Control,beaches
53,A,56,89,3,CA23,DG,-0.0708200206887009,Control,beaches
65,A,68,89,3,CA23,DG,0.2778717890250763,Control,bridges
79,A,82,89,3,CA23,DG,2.0503298866010136,Control,bridges
87,A,90,89,3,CA23,DG,2.255645753918196,Control,deserts
111,A,114,89,3,CA23,DG,0.6913614086799208,Control,beaches
124,A,127,89,3,CA23,DG,0.7346296943701374,Control,bridges
128,A,131,89,3,CA23,DG,0.4256259335667861,Control,deserts
139,A,142,89,3,CA23,DG,-0.005820154134689,Control,beaches
145,A,148,89,3,CA23,DG,-0.5955586406438721,Control,deserts
159,A,162,89,3,CA23,DG,0.4956641861467973,Control,deserts
167,A,170,89,3,CA23,DG,3.413113220075181,Control,beaches
173,A,176,89,3,CA23,DG,0.6528658350744404,Control,bridges
183,A,186,89,3,CA23,DG,0.104837792831706,Control,deserts
193,A,196,89,3,CA23,DG,-0.2167818627721738,Control,bridges
208,A,211,89,3,CA23,DG,0.2734368373217124,Control,beaches
220,A,223,89,3,CA23,DG,3.071519666202428,Control,deserts
229,A,232,89,3,CA23,DG,-1.2726034825828865,Control,deserts
8,A,11,89,4,CA23,DG,-0.0672726646213601,Control,bridges
14,A,17,89,4,CA23,DG,-0.0516675902238604,Control,beaches
37,A,40,89,4,CA23,DG,-0.0127783046122548,Control,bridges
42,A,45,89,4,CA23,DG,6.383934896486885,Control,deserts
62,A,65,89,4,CA23,DG,0.3627495184743133,Control,beaches
75,A,78,89,4,CA23,DG,-0.0707095524075804,Control,bridges
81,A,84,89,4,CA23,DG,0.2783631589155216,Control,deserts
90,A,93,89,4,CA23,DG,1.1490160498086568,Control,beaches
94,A,97,89,4,CA23,DG,0.6537582482816888,Control,bridges
107,A,110,89,4,CA23,DG,0.1284602539478794,Control,bridges
120,A,123,89,4,CA23,DG,2.2735019621372405,Control,beaches
136,A,139,89,4,CA23,DG,0.5889990193426242,Control,deserts
145,A,148,89,4,CA23,DG,1.5626745229300656,Control,deserts
164,A,167,89,4,CA23,DG,0.811824547788683,Control,deserts
183,A,186,89,4,CA23,DG,2.203912142225884,Control,beaches
190,A,193,89,4,CA23,DG,2.1074505308006115,Control,bridges
202,A,205,89,4,CA23,DG,2.7236134364679385,Control,deserts
209,A,212,89,4,CA23,DG,0.1067516051200574,Control,beaches
214,A,217,89,4,CA23,DG,0.9968406026197274,Control,deserts
230,A,233,89,4,CA23,DG,-0.1840229954194754,Control,beaches
237,A,240,89,4,CA23,DG,0.0366620443442891,Control,bridges
5,A,8,90,2,CA23,DG,-0.0030867749740686,Stress,mountains
35,A,38,90,2,CA23,DG,0.8805856017328133,Stress,beaches
47,A,50,90,2,CA23,DG,0.1585033474962793,Stress,mountains
57,A,60,90,2,CA23,DG,0.4195864487694599,Stress,beaches
64,A,67,90,2,CA23,DG,-1.0085747343429448,Stress,mountains
82,A,85,90,2,CA23,DG,0.0391002557233343,Stress,beaches
90,A,93,90,2,CA23,DG,2.047366254672808,Stress,canyons
102,A,105,90,2,CA23,DG,0.2948356295023507,Stress,canyons
113,A,116,90,2,CA23,DG,0.5722125941993612,Stress,beaches
120,A,123,90,2,CA23,DG,0.0778802850218478,Stress,beaches
130,A,133,90,2,CA23,DG,0.1063688985278592,Stress,canyons
149,A,152,90,2,CA23,DG,-0.2870304147006204,Stress,mountains
158,A,161,90,2,CA23,DG,0.1974908236372523,Stress,beaches
163,A,166,90,2,CA23,DG,0.1136961451403457,Stress,canyons
174,A,177,90,2,CA23,DG,0.1656963717145045,Stress,canyons
180,A,183,90,2,CA23,DG,0.3285510616509445,Stress,mountains
198,A,201,90,2,CA23,DG,0.433776316331625,Stress,canyons
210,A,213,90,2,CA23,DG,-0.6335961474715982,Stress,mountains
226,A,229,90,2,CA23,DG,0.533893064913873,Stress,beaches
231,A,234,90,2,CA23,DG,-0.0211661296965097,Stress,canyons
236,A,239,90,2,CA23,DG,0.2189865154570842,Stress,mountains
11,A,14,90,3,CA23,DG,-0.7911335785026443,Stress,canyons
22,A,25,90,3,CA23,DG,-1.247151962798038,Stress,mountains
29,A,32,90,3,CA23,DG,-0.7719609600766013,Stress,mountains
38,A,41,90,3,CA23,DG,1.6018947264930332,Stress,canyons
48,A,51,90,3,CA23,DG,-0.2121555834466641,Stress,canyons
59,A,62,90,3,CA23,DG,0.9006113656959746,Stress,beaches
64,A,67,90,3,CA23,DG,-0.2712441673684234,Stress,mountains
73,A,76,90,3,CA23,DG,0.1747786196236323,Stress,beaches
87,A,90,90,3,CA23,DG,0.6447463313937488,Stress,canyons
105,A,108,90,3,CA23,DG,-0.7095650045579864,Stress,canyons
110,A,113,90,3,CA23,DG,-0.1748156869205123,Stress,beaches
129,A,132,90,3,CA23,DG,-1.4896393157619765,Stress,mountains
146,A,149,90,3,CA23,DG,0.4801257243588637,Stress,canyons
156,A,159,90,3,CA23,DG,5.954633993484178,Stress,beaches
172,A,175,90,3,CA23,DG,0.8812598342025852,Stress,mountains
198,A,201,90,3,CA23,DG,2.523949421278915,Stress,beaches
209,A,212,90,3,CA23,DG,2.5361533907617706,Stress,beaches
215,A,218,90,3,CA23,DG,1.0338234689572412,Stress,mountains
223,A,226,90,3,CA23,DG,0.2961007043920625,Stress,mountains
227,A,230,90,3,CA23,DG,2.0035582228974915,Stress,canyons
234,A,237,90,3,CA23,DG,-1.207549660359901,Stress,beaches
11,A,14,90,4,CA23,DG,3.892453733227122,Stress,mountains
53,A,56,90,4,CA23,DG,-0.3727589679850889,Stress,beaches
63,A,66,90,4,CA23,DG,1.1842376081337345,Stress,canyons
70,A,73,90,4,CA23,DG,0.0040226333004975,Stress,canyons
79,A,82,90,4,CA23,DG,-0.7792954299391136,Stress,beaches
86,A,89,90,4,CA23,DG,0.9407097245267594,Stress,mountains
91,A,94,90,4,CA23,DG,-0.1113150361304904,Stress,beaches
96,A,99,90,4,CA23,DG,-0.6217717906148585,Stress,canyons
108,A,111,90,4,CA23,DG,0.2592851143249367,Stress,canyons
114,A,117,90,4,CA23,DG,3.7498348300801134,Stress,mountains
129,A,132,90,4,CA23,DG,-1.3193886661387129,Stress,beaches
140,A,143,90,4,CA23,DG,-0.0505691380690952,Stress,mountains
151,A,154,90,4,CA23,DG,-0.1348244913507798,Stress,mountains
169,A,172,90,4,CA23,DG,-0.1463192265624342,Stress,mountains
178,A,181,90,4,CA23,DG,2.539188952584229,Stress,beaches
195,A,198,90,4,CA23,DG,2.233138510165139,Stress,canyons
205,A,208,90,4,CA23,DG,0.0001331638103441,Stress,beaches
210,A,213,90,4,CA23,DG,0.0092204887054425,Stress,canyons
217,A,220,90,4,CA23,DG,2.405278261913848e-05,Stress,canyons
226,A,229,90,4,CA23,DG,1.814504809990352,Stress,mountains
230,A,233,90,4,CA23,DG,0.6342616502721405,Stress,beaches
12,A,15,91,2,CA23,DG,-0.000874878267024,Control,lakes
21,A,24,91,2,CA23,DG,0.0521839962444261,Control,marshes
32,A,35,91,2,CA23,DG,0.3568103078318875,Control,marshes
52,A,55,91,2,CA23,DG,0.2650517162544377,Control,bridges
65,A,68,91,2,CA23,DG,-1.0913813011051003,Control,bridges
70,A,73,91,2,CA23,DG,0.3918970332712658,Control,lakes
87,A,90,91,2,CA23,DG,-0.0020623903396507,Control,bridges
98,A,101,91,2,CA23,DG,0.1562074650054397,Control,lakes
106,A,109,91,2,CA23,DG,0.0297277493682652,Control,bridges
121,A,124,91,2,CA23,DG,0.0004015381716918,Control,lakes
129,A,132,91,2,CA23,DG,0.3923270224545581,Control,bridges
144,A,147,91,2,CA23,DG,5.071545515071375,Control,lakes
153,A,156,91,2,CA23,DG,-0.0894339489067647,Control,bridges
158,A,161,91,2,CA23,DG,-0.9648142462443006,Control,marshes
171,A,174,91,2,CA23,DG,0.340081064112914,Control,marshes
179,A,182,91,2,CA23,DG,-0.1688602162502307,Control,marshes
194,A,197,91,2,CA23,DG,4.9128614247230887e-05,Control,bridges
198,A,201,91,2,CA23,DG,6.276464182934861,Control,lakes
220,A,223,91,2,CA23,DG,0.8285609403417539,Control,lakes
225,A,228,91,2,CA23,DG,-1.6037408547849483,Control,marshes
233,A,236,91,2,CA23,DG,1.73402461785326,Control,marshes
5,A,8,91,3,CA23,DG,0.5943129058277293,Control,lakes
23,A,26,91,3,CA23,DG,1.5964968696383672,Control,bridges
32,A,35,91,3,CA23,DG,-0.9856135092412576,Control,lakes
48,A,51,91,3,CA23,DG,0.4202855723929551,Control,lakes
58,A,61,91,3,CA23,DG,-0.2221808646266618,Control,bridges
72,A,75,91,3,CA23,DG,0.0006399534718768,Control,lakes
96,A,99,91,3,CA23,DG,0.1885347679081583,Control,marshes
102,A,105,91,3,CA23,DG,0.6240304297372932,Control,lakes
109,A,112,91,3,CA23,DG,0.93682873986492,Control,marshes
114,A,117,91,3,CA23,DG,-0.3080457342152171,Control,bridges
128,A,131,91,3,CA23,DG,0.0615333080837038,Control,bridges
143,A,146,91,3,CA23,DG,0.375799366732289,Control,lakes
160,A,163,91,3,CA23,DG,2.881942502630388,Control,marshes
166,A,169,91,3,CA23,DG,2.4062207728019693,Control,lakes
172,A,175,91,3,CA23,DG,0.4272515177710684,Control,marshes
181,A,184,91,3,CA23,DG,-0.1819497815848378,Control,bridges
200,A,203,91,3,CA23,DG,0.5857335027942129,Control,bridges
207,A,210,91,3,CA23,DG,1.055149162530178,Control,marshes
215,A,218,91,3,CA23,DG,0.0340006411383908,Control,bridges
225,A,228,91,3,CA23,DG,0.0042033412504269,Control,marshes
238,A,241,91,3,CA23,DG,-0.0356703886471221,Control,marshes
5,A,8,91,4,CA23,DG,0.6205416298379275,Control,bridges
13,A,16,91,4,CA23,DG,-0.811398526047606,Control,bridges
25,A,28,91,4,CA23,DG,-0.0253365175011561,Control,lakes
32,A,35,91,4,CA23,DG,-0.4894797181418491,Control,marshes
48,A,51,91,4,CA23,DG,-2.0111114223625632,Control,bridges
54,A,57,91,4,CA23,DG,0.1163350120833535,Control,lakes
64,A,67,91,4,CA23,DG,0.5671033835582119,Control,marshes
74,A,77,91,4,CA23,DG,-0.6910436402381702,Control,lakes
93,A,96,91,4,CA23,DG,-3.0999754685856016,Control,marshes
106,A,109,91,4,CA23,DG,-0.1752865045461731,Control,bridges
115,A,118,91,4,CA23,DG,0.0209412435382986,Control,lakes
127,A,130,91,4,CA23,DG,-4.953428714536097,Control,bridges
133,A,136,91,4,CA23,DG,-0.004253990781157,Control,lakes
137,A,140,91,4,CA23,DG,-0.1507277307637621,Control,marshes
151,A,154,91,4,CA23,DG,0.2917087459934703,Control,bridges
156,A,159,91,4,CA23,DG,0.0317412777072494,Control,marshes
163,A,166,91,4,CA23,DG,0.5605988780750532,Control,lakes
189,A,192,91,4,CA23,DG,-0.2775271099572938,Control,marshes
203,A,206,91,4,CA23,DG,0.0103588079316578,Control,lakes
226,A,229,91,4,CA23,DG,-0.1853618649558111,Control,marshes
233,A,236,91,4,CA23,DG,-0.5949976532527401,Control,bridges
24,A,27,92,2,CA23,DG,0.4854549585577228,Stress,lakes
33,A,36,92,2,CA23,DG,2.6661161733176204,Stress,beaches
49,A,52,92,2,CA23,DG,0.002125569654614,Stress,beaches
61,A,64,92,2,CA23,DG,0.3461600150575935,Stress,fields
66,A,69,92,2,CA23,DG,-0.1895639246584504,Stress,lakes
79,A,82,92,2,CA23,DG,0.0263727194606457,Stress,beaches
98,A,101,92,2,CA23,DG,0.1714374112701657,Stress,fields
109,A,112,92,2,CA23,DG,-1.1622197093560822,Stress,fields
118,A,121,92,2,CA23,DG,-0.5510206960968752,Stress,fields
129,A,132,92,2,CA23,DG,3.217311438113397,Stress,lakes
133,A,136,92,2,CA23,DG,-0.008933284121445,Stress,beaches
140,A,143,92,2,CA23,DG,-0.039942099401021,Stress,fields
159,A,162,92,2,CA23,DG,1.4984090919780857,Stress,beaches
170,A,173,92,2,CA23,DG,0.2981635559272286,Stress,lakes
178,A,181,92,2,CA23,DG,-0.0138216320880373,Stress,fields
186,A,189,92,2,CA23,DG,-0.4382154924403162,Stress,lakes
203,A,206,92,2,CA23,DG,0.0747336309953318,Stress,lakes
208,A,211,92,2,CA23,DG,-0.6260679720455564,Stress,fields
212,A,215,92,2,CA23,DG,0.0097144187935583,Stress,lakes
224,A,227,92,2,CA23,DG,0.180996260514194,Stress,beaches
5,A,8,92,3,CA23,DG,1.220615347118693,Stress,beaches
16,A,19,92,3,CA23,DG,2.6360656725033387,Stress,fields
25,A,28,92,3,CA23,DG,-0.4931991944791876,Stress,lakes
32,A,35,92,3,CA23,DG,0.541326506803345,Stress,fields
41,A,44,92,3,CA23,DG,1.7035673952517945,Stress,fields
59,A,62,92,3,CA23,DG,-0.4801829164135544,Stress,beaches
69,A,72,92,3,CA23,DG,0.0280089527386739,Stress,lakes
80,A,83,92,3,CA23,DG,0.0012753461607697,Stress,beaches
97,A,100,92,3,CA23,DG,-1.0028581935800225,Stress,fields
112,A,115,92,3,CA23,DG,0.8845260163531222,Stress,lakes
118,A,121,92,3,CA23,DG,0.2966939504779364,Stress,fields
130,A,133,92,3,CA23,DG,0.0054954444127157,Stress,lakes
145,A,148,92,3,CA23,DG,0.8778562876464449,Stress,lakes
150,A,153,92,3,CA23,DG,0.1713938510034394,Stress,beaches
165,A,168,92,3,CA23,DG,0.0003747104545795,Stress,fields
171,A,174,92,3,CA23,DG,1.222837037527991,Stress,beaches
187,A,190,92,3,CA23,DG,-0.1750711257269525,Stress,lakes
209,A,212,92,3,CA23,DG,1.159547634364732,Stress,beaches
222,A,225,92,3,CA23,DG,0.1289716211938137,Stress,fields
236,A,239,92,3,CA23,DG,-0.0527241639725093,Stress,beaches
14,A,17,92,4,CA23,DG,-1.1341298725081177,Stress,lakes
23,A,26,92,4,CA23,DG,-0.0410157631762874,Stress,beaches
36,A,39,92,4,CA23,DG,-1.4437530549990152,Stress,fields
46,A,49,92,4,CA23,DG,0.8478607163328445,Stress,fields
56,A,59,92,4,CA23,DG,-0.1121884299854829,Stress,fields
68,A,71,92,4,CA23,DG,0.3586236054924588,Stress,lakes
78,A,81,92,4,CA23,DG,0.6656365114345132,Stress,beaches
90,A,93,92,4,CA23,DG,0.0083485094867413,Stress,lakes
103,A,106,92,4,CA23,DG,-0.4487200266713516,Stress,lakes
110,A,113,92,4,CA23,DG,-0.900520468824731,Stress,beaches
122,A,125,92,4,CA23,DG,0.1231222101544844,Stress,lakes
141,A,144,92,4,CA23,DG,0.0099530754226857,Stress,beaches
148,A,151,92,4,CA23,DG,-0.4610597955453387,Stress,lakes
182,A,185,92,4,CA23,DG,-0.205860337279873,Stress,fields
207,A,210,92,4,CA23,DG,0.0524825563174206,Stress,fields
214,A,217,92,4,CA23,DG,2.6108905768945543,Stress,beaches
225,A,228,92,4,CA23,DG,0.1979930058017851,Stress,fields
229,A,232,92,4,CA23,DG,1.0244665004748483,Stress,beaches
236,A,239,92,4,CA23,DG,0.8317461711331716,Stress,fields
15,A,18,93,2,CA23,DG,1.011027685690896,Control,lighthouses
23,A,26,93,2,CA23,DG,-0.0268911664300871,Control,waterfalls
31,A,34,93,2,CA23,DG,0.8550916001536221,Control,parks
37,A,40,93,2,CA23,DG,-0.0786157433728508,Control,lighthouses
48,A,51,93,2,CA23,DG,0.0465100395198069,Control,waterfalls
58,A,61,93,2,CA23,DG,0.4647214987830974,Control,lighthouses
69,A,72,93,2,CA23,DG,0.2342582806090145,Control,lighthouses
77,A,80,93,2,CA23,DG,4.012439107202959,Control,parks
84,A,87,93,2,CA23,DG,-0.3436151131907671,Control,waterfalls
108,A,111,93,2,CA23,DG,-0.0193962278757462,Control,waterfalls
131,A,134,93,2,CA23,DG,-0.0082412905858667,Control,parks
140,A,143,93,2,CA23,DG,2.2623603931793643,Control,parks
149,A,152,93,2,CA23,DG,0.5564481547379948,Control,lighthouses
160,A,163,93,2,CA23,DG,1.2209065811286972,Control,parks
166,A,169,93,2,CA23,DG,0.0015677698539703,Control,lighthouses
180,A,183,93,2,CA23,DG,1.066620088444148,Control,waterfalls
191,A,194,93,2,CA23,DG,-0.0232930918070775,Control,lighthouses
203,A,206,93,2,CA23,DG,0.1100655701321966,Control,parks
223,A,226,93,2,CA23,DG,-1.0337790540984022,Control,waterfalls
230,A,233,93,2,CA23,DG,-0.2974918539520577,Control,parks
19,A,22,93,3,CA23,DG,-0.0073523101431821,Control,waterfalls
24,A,27,93,3,CA23,DG,0.1012835157876343,Control,parks
33,A,36,93,3,CA23,DG,1.82486346753143,Control,parks
41,A,44,93,3,CA23,DG,0.5261459705482286,Control,waterfalls
49,A,52,93,3,CA23,DG,-0.6097267379736161,Control,parks
54,A,57,93,3,CA23,DG,-0.1311807005596086,Control,lighthouses
76,A,79,93,3,CA23,DG,4.373520183582736,Control,waterfalls
84,A,87,93,3,CA23,DG,-0.1997394292385938,Control,parks
92,A,95,93,3,CA23,DG,-0.3163898176438269,Control,waterfalls
99,A,102,93,3,CA23,DG,1.8661973055469088,Control,lighthouses
121,A,124,93,3,CA23,DG,4.873973590641766,Control,waterfalls
135,A,138,93,3,CA23,DG,9.957010890370932e-05,Control,lighthouses
145,A,148,93,3,CA23,DG,-1.0936824523550446,Control,lighthouses
150,A,153,93,3,CA23,DG,-1.0165729018069898,Control,parks
166,A,169,93,3,CA23,DG,1.1579816093021018,Control,lighthouses
174,A,177,93,3,CA23,DG,0.8905817711972774,Control,lighthouses
185,A,188,93,3,CA23,DG,-0.0009830108804688,Control,parks
191,A,194,93,3,CA23,DG,0.0878875180064287,Control,waterfalls
217,A,220,93,3,CA23,DG,-0.3591692394728802,Control,parks
228,A,231,93,3,CA23,DG,0.7624262572566038,Control,lighthouses
236,A,239,93,3,CA23,DG,0.4132282908768704,Control,waterfalls
8,A,11,93,4,CA23,DG,0.297952338609206,Control,parks
27,A,30,93,4,CA23,DG,0.3023697958481586,Control,parks
66,A,69,93,4,CA23,DG,0.4813152073147188,Control,lighthouses
74,A,77,93,4,CA23,DG,-1.1025539032657383,Control,lighthouses
79,A,82,93,4,CA23,DG,0.0765653105461425,Control,parks
84,A,87,93,4,CA23,DG,0.7072656626205432,Control,lighthouses
90,A,93,93,4,CA23,DG,-0.2681990708568894,Control,waterfalls
98,A,101,93,4,CA23,DG,0.2182205193523515,Control,waterfalls
105,A,108,93,4,CA23,DG,-0.5233133860673609,Control,parks
122,A,125,93,4,CA23,DG,-0.1258113665671588,Control,parks
127,A,130,93,4,CA23,DG,3.5735851699319725,Control,waterfalls
139,A,142,93,4,CA23,DG,0.157683981192437,Control,waterfalls
146,A,149,93,4,CA23,DG,1.1010398984286105,Control,waterfalls
158,A,161,93,4,CA23,DG,2.990991235300421,Control,waterfalls
164,A,167,93,4,CA23,DG,0.000356018195434,Control,lighthouses
171,A,174,93,4,CA23,DG,-0.0194931164948116,Control,parks
177,A,180,93,4,CA23,DG,0.4565206146644076,Control,waterfalls
186,A,189,93,4,CA23,DG,-0.3928540091817041,Control,parks
209,A,212,93,4,CA23,DG,0.138625102315192,Control,lighthouses
219,A,222,93,4,CA23,DG,-0.2009697196602426,Control,lighthouses
231,A,234,93,4,CA23,DG,-0.0975766279730039,Control,lighthouses
20,A,23,94,2,CA23,DG,-0.1246351283132979,Control,marshes
27,A,30,94,2,CA23,DG,-1.053869293252678,Control,forests
31,A,34,94,2,CA23,DG,1.4340565600337254,Control,fields
58,A,61,94,2,CA23,DG,-0.1055114132599327,Control,forests
66,A,69,94,2,CA23,DG,-1.0949704116896624,Control,forests
78,A,81,94,2,CA23,DG,-0.0034304096674377,Control,fields
91,A,94,94,2,CA23,DG,0.1216198466184353,Control,marshes
98,A,101,94,2,CA23,DG,0.0498545372023639,Control,forests
111,A,114,94,2,CA23,DG,-0.0509271067467506,Control,marshes
115,A,118,94,2,CA23,DG,-1.206604328839765,Control,fields
121,A,124,94,2,CA23,DG,1.9562029474633509,Control,marshes
133,A,136,94,2,CA23,DG,-0.4724167755076228,Control,forests
139,A,142,94,2,CA23,DG,0.0193208257179873,Control,fields
150,A,153,94,2,CA23,DG,0.0759001278644405,Control,forests
158,A,161,94,2,CA23,DG,0.0900488318424688,Control,fields
171,A,174,94,2,CA23,DG,1.146705959655267,Control,fields
202,A,205,94,2,CA23,DG,-1.0910100780789245,Control,marshes
208,A,211,94,2,CA23,DG,0.4344948802116916,Control,fields
220,A,223,94,2,CA23,DG,0.1061908992349901,Control,marshes
227,A,230,94,2,CA23,DG,-0.2060240773556083,Control,forests
5,A,8,94,3,CA23,DG,4.926960056357774,Control,fields
10,A,13,94,3,CA23,DG,0.2458617743400705,Control,marshes
21,A,24,94,3,CA23,DG,0.1409117632814159,Control,forests
40,A,43,94,3,CA23,DG,-0.3647124393587647,Control,forests
49,A,52,94,3,CA23,DG,0.0014913041658268,Control,marshes
58,A,61,94,3,CA23,DG,0.218529227104632,Control,forests
71,A,74,94,3,CA23,DG,1.1929900062783971,Control,fields
85,A,88,94,3,CA23,DG,0.4696568239206553,Control,fields
105,A,108,94,3,CA23,DG,1.1262392640344197,Control,marshes
111,A,114,94,3,CA23,DG,0.991443288944143,Control,fields
125,A,128,94,3,CA23,DG,-0.4314423524455218,Control,fields
157,A,160,94,3,CA23,DG,0.9907349826100535,Control,fields
166,A,169,94,3,CA23,DG,-0.2227046374502322,Control,marshes
171,A,174,94,3,CA23,DG,1.9449315743718945,Control,forests
197,A,200,94,3,CA23,DG,4.822558049558379,Control,forests
208,A,211,94,3,CA23,DG,0.6949230537191294,Control,marshes
215,A,218,94,3,CA23,DG,-0.0253923818177472,Control,forests
220,A,223,94,3,CA23,DG,0.6535330591548882,Control,fields
224,A,227,94,3,CA23,DG,0.0919644241175835,Control,forests
233,A,236,94,3,CA23,DG,2.6810421449404496,Control,marshes
5,A,8,94,4,CA23,DG,-1.9183592186882,Control,forests
10,A,13,94,4,CA23,DG,-0.3220188470554005,Control,marshes
27,A,30,94,4,CA23,DG,-0.0644930331319039,Control,forests
39,A,42,94,4,CA23,DG,0.2859960285086388,Control,fields
49,A,52,94,4,CA23,DG,0.1874950901979264,Control,marshes
59,A,62,94,4,CA23,DG,-0.3566763658353126,Control,fields
77,A,80,94,4,CA23,DG,-0.1668707559472077,Control,fields
96,A,99,94,4,CA23,DG,7.029899823621237,Control,marshes
107,A,110,94,4,CA23,DG,-1.6715383445009346,Control,forests
113,A,116,94,4,CA23,DG,-0.0630401693968045,Control,marshes
142,A,145,94,4,CA23,DG,3.985731326819857,Control,fields
148,A,151,94,4,CA23,DG,-0.034557288070416,Control,forests
157,A,160,94,4,CA23,DG,0.6789499944967649,Control,fields
161,A,164,94,4,CA23,DG,0.2922327408956545,Control,forests
178,A,181,94,4,CA23,DG,-0.0077368510014128,Control,marshes
185,A,188,94,4,CA23,DG,-1.2200353930174648,Control,fields
190,A,193,94,4,CA23,DG,-0.62557166573889,Control,marshes
195,A,198,94,4,CA23,DG,-0.1011357987638535,Control,forests
203,A,206,94,4,CA23,DG,-0.0006707705852622,Control,forests
229,A,232,94,4,CA23,DG,-0.097665401877694,Control,marshes
235,A,238,94,4,CA23,DG,0.0065133011675566,Control,fields
7,A,10,95,2,CA23,DG,0.6074577173332348,Control,waterfalls
16,A,19,95,2,CA23,DG,1.1282135441140493,Control,forests
32,A,35,95,2,CA23,DG,-0.2428778081091708,Control,waterfalls
37,A,40,95,2,CA23,DG,-0.1873757904230444,Control,deserts
67,A,70,95,2,CA23,DG,-0.4456695247414777,Control,deserts
72,A,75,95,2,CA23,DG,0.8898647346596753,Control,forests
78,A,81,95,2,CA23,DG,-0.8730434349123632,Control,waterfalls
84,A,87,95,2,CA23,DG,-1.3485731514043875,Control,deserts
92,A,95,95,2,CA23,DG,-0.0323536218687739,Control,forests
97,A,100,95,2,CA23,DG,1.2210577966892708,Control,deserts
102,A,105,95,2,CA23,DG,-0.0202163122509794,Control,waterfalls
108,A,111,95,2,CA23,DG,0.0523775172378169,Control,forests
118,A,121,95,2,CA23,DG,-0.3221810817327892,Control,deserts
133,A,136,95,2,CA23,DG,0.1434538305366113,Control,waterfalls
144,A,147,95,2,CA23,DG,0.325275536335649,Control,deserts
157,A,160,95,2,CA23,DG,0.2086643267154586,Control,forests
180,A,183,95,2,CA23,DG,2.403908593777297,Control,waterfalls
203,A,206,95,2,CA23,DG,0.8926200987769303,Control,waterfalls
226,A,229,95,2,CA23,DG,0.0023164588114764,Control,forests
232,A,235,95,2,CA23,DG,-0.3192790895764636,Control,deserts
236,A,239,95,2,CA23,DG,2.315897939639415,Control,forests
5,A,8,95,3,CA23,DG,-0.0594188934389755,Control,waterfalls
18,A,21,95,3,CA23,DG,1.0900204481218738,Control,forests
29,A,32,95,3,CA23,DG,-1.7743851049077302,Control,deserts
37,A,40,95,3,CA23,DG,2.460447050737809,Control,forests
56,A,59,95,3,CA23,DG,-0.0566112745446493,Control,forests
64,A,67,95,3,CA23,DG,0.9244305700048704,Control,waterfalls
69,A,72,95,3,CA23,DG,0.0157665696802212,Control,deserts
75,A,78,95,3,CA23,DG,0.1826760611662228,Control,forests
91,A,94,95,3,CA23,DG,0.0382975902133467,Control,waterfalls
96,A,99,95,3,CA23,DG,0.2981995366552596,Control,deserts
109,A,112,95,3,CA23,DG,0.027928940153125,Control,waterfalls
123,A,126,95,3,CA23,DG,-0.3948068436591956,Control,deserts
144,A,147,95,3,CA23,DG,-0.3704955420197192,Control,forests
149,A,152,95,3,CA23,DG,0.74110999899514,Control,waterfalls
163,A,166,95,3,CA23,DG,-0.0669772332826654,Control,waterfalls
168,A,171,95,3,CA23,DG,-0.7886838675380938,Control,forests
180,A,183,95,3,CA23,DG,-0.5010223633834768,Control,forests
196,A,199,95,3,CA23,DG,-0.0315795402110752,Control,deserts
203,A,206,95,3,CA23,DG,-0.0915170946747724,Control,waterfalls
213,A,216,95,3,CA23,DG,-0.1317528230824947,Control,deserts
237,A,240,95,3,CA23,DG,-0.0473259658852251,Control,deserts
10,A,13,95,4,CA23,DG,-0.4080577885653232,Control,deserts
24,A,27,95,4,CA23,DG,-0.0074322325069422,Control,waterfalls
39,A,42,95,4,CA23,DG,-0.0066609471846249,Control,deserts
45,A,48,95,4,CA23,DG,-0.0357361924382164,Control,forests
50,A,53,95,4,CA23,DG,-0.0340565635248971,Control,deserts
69,A,72,95,4,CA23,DG,0.0088441230626557,Control,waterfalls
80,A,83,95,4,CA23,DG,0.421778832633581,Control,waterfalls
89,A,92,95,4,CA23,DG,0.1043038176885257,Control,forests
105,A,108,95,4,CA23,DG,-0.0008697091935688,Control,deserts
114,A,117,95,4,CA23,DG,-0.0743008347990567,Control,deserts
125,A,128,95,4,CA23,DG,2.0368734034148988,Control,waterfalls
129,A,132,95,4,CA23,DG,0.2089739567384967,Control,deserts
149,A,152,95,4,CA23,DG,-0.1017702492437779,Control,waterfalls
157,A,160,95,4,CA23,DG,-1.316902510026324,Control,waterfalls
164,A,167,95,4,CA23,DG,-0.0008505103478484,Control,waterfalls
171,A,174,95,4,CA23,DG,0.5323344834385434,Control,forests
181,A,184,95,4,CA23,DG,0.1424861782634509,Control,forests
191,A,194,95,4,CA23,DG,0.027881678951261,Control,forests
210,A,213,95,4,CA23,DG,-2.2684602729166703,Control,forests
219,A,222,95,4,CA23,DG,-1.9638276918972568,Control,deserts
232,A,235,95,4,CA23,DG,4.195350826650836,Control,forests
15,A,18,96,2,CA23,DG,-0.2933564637353174,Stress,forests
28,A,31,96,2,CA23,DG,0.6974524557738041,Stress,forests
37,A,40,96,2,CA23,DG,0.1443656299618765,Stress,deserts
54,A,57,96,2,CA23,DG,-0.0043140969868998,Stress,forests
86,A,89,96,2,CA23,DG,1.800087588608811,Stress,lighthouses
95,A,98,96,2,CA23,DG,-1.3151313997646334,Stress,forests
102,A,105,96,2,CA23,DG,3.0837714218869543,Stress,lighthouses
112,A,115,96,2,CA23,DG,4.107170629072911,Stress,deserts
125,A,128,96,2,CA23,DG,0.8689240862729949,Stress,lighthouses
134,A,137,96,2,CA23,DG,0.8603909775556783,Stress,deserts
138,A,141,96,2,CA23,DG,-0.0114927429750461,Stress,forests
142,A,145,96,2,CA23,DG,0.2493803140537731,Stress,lighthouses
147,A,150,96,2,CA23,DG,0.7589328251577272,Stress,deserts
153,A,156,96,2,CA23,DG,-0.3406343190896067,Stress,forests
166,A,169,96,2,CA23,DG,2.613455859334848,Stress,lighthouses
179,A,182,96,2,CA23,DG,-0.2690788095115807,Stress,deserts
190,A,193,96,2,CA23,DG,0.2690520307348491,Stress,forests
198,A,201,96,2,CA23,DG,0.0833376089784347,Stress,deserts
208,A,211,96,2,CA23,DG,-0.0264311514157052,Stress,lighthouses
213,A,216,96,2,CA23,DG,0.1578989499966983,Stress,deserts
236,A,239,96,2,CA23,DG,-1.0143241467328403,Stress,lighthouses
18,A,21,96,3,CA23,DG,0.0497487270379471,Stress,lighthouses
32,A,35,96,3,CA23,DG,-0.3816547907029214,Stress,forests
47,A,50,96,3,CA23,DG,-1.394427217694666,Stress,forests
52,A,55,96,3,CA23,DG,0.0164585825226684,Stress,lighthouses
62,A,65,96,3,CA23,DG,-1.4899665223566287,Stress,forests
71,A,74,96,3,CA23,DG,0.2546669001189521,Stress,deserts
80,A,83,96,3,CA23,DG,1.4503951673518791,Stress,deserts
88,A,91,96,3,CA23,DG,3.5267634907132512,Stress,lighthouses
107,A,110,96,3,CA23,DG,1.0873613100295343,Stress,lighthouses
115,A,118,96,3,CA23,DG,0.0082876114407893,Stress,deserts
126,A,129,96,3,CA23,DG,0.4652921186784406,Stress,forests
136,A,139,96,3,CA23,DG,-0.4480232287648912,Stress,lighthouses
155,A,158,96,3,CA23,DG,0.3773867802315169,Stress,forests
162,A,165,96,3,CA23,DG,0.0472035271506764,Stress,deserts
177,A,180,96,3,CA23,DG,0.2202357642922159,Stress,lighthouses
183,A,186,96,3,CA23,DG,0.0029518018682283,Stress,forests
192,A,195,96,3,CA23,DG,1.161772127810111,Stress,forests
198,A,201,96,3,CA23,DG,-0.0358946349228707,Stress,lighthouses
216,A,219,96,3,CA23,DG,-0.1586687524733979,Stress,deserts
225,A,228,96,3,CA23,DG,-0.1875634005537793,Stress,deserts
234,A,237,96,3,CA23,DG,-0.8912873268293777,Stress,deserts
5,A,8,96,4,CA23,DG,-0.0061954927515409,Stress,forests
16,A,19,96,4,CA23,DG,0.1272633305459547,Stress,deserts
47,A,50,96,4,CA23,DG,-0.4423550609356045,Stress,forests
52,A,55,96,4,CA23,DG,-0.3665282161830534,Stress,lighthouses
71,A,74,96,4,CA23,DG,0.5197976794480993,Stress,lighthouses
82,A,85,96,4,CA23,DG,2.237191557660809,Stress,deserts
96,A,99,96,4,CA23,DG,1.2797860179573846,Stress,forests
111,A,114,96,4,CA23,DG,-0.1926225753761554,Stress,deserts
125,A,128,96,4,CA23,DG,1.533363033405876,Stress,forests
138,A,141,96,4,CA23,DG,-0.4236542545379529,Stress,deserts
145,A,148,96,4,CA23,DG,-0.5760170044819842,Stress,lighthouses
154,A,157,96,4,CA23,DG,1.6117880151951132,Stress,deserts
160,A,163,96,4,CA23,DG,-0.1862154217897122,Stress,forests
165,A,168,96,4,CA23,DG,-1.1721919134263852,Stress,lighthouses
176,A,179,96,4,CA23,DG,3.0546700694665727,Stress,lighthouses
184,A,187,96,4,CA23,DG,0.6431192902413863,Stress,lighthouses
196,A,199,96,4,CA23,DG,0.0366049813348586,Stress,lighthouses
201,A,204,96,4,CA23,DG,2.049476331357305,Stress,forests
216,A,219,96,4,CA23,DG,0.0201967221267023,Stress,deserts
230,A,233,96,4,CA23,DG,0.3748239426400166,Stress,forests
236,A,239,96,4,CA23,DG,0.7144424205481814,Stress,deserts
9,A,12,98,2,CA23,DG,0.0124681429307952,Stress,lakes
19,A,22,98,2,CA23,DG,0.8911598340075813,Stress,marshes
49,A,52,98,2,CA23,DG,0.2448226512503009,Stress,lakes
56,A,59,98,2,CA23,DG,-0.5180118824029619,Stress,marshes
68,A,71,98,2,CA23,DG,0.0069493185610232,Stress,lakes
77,A,80,98,2,CA23,DG,-0.0556506342388242,Stress,marshes
88,A,91,98,2,CA23,DG,0.3808743648054584,Stress,canyons
106,A,109,98,2,CA23,DG,0.001310100579993,Stress,lakes
112,A,115,98,2,CA23,DG,-0.3145220379398211,Stress,canyons
116,A,119,98,2,CA23,DG,0.0536613043127556,Stress,marshes
122,A,125,98,2,CA23,DG,0.2344813447508519,Stress,canyons
129,A,132,98,2,CA23,DG,3.27620094870992,Stress,lakes
142,A,145,98,2,CA23,DG,0.1270601872073994,Stress,canyons
150,A,153,98,2,CA23,DG,-0.0039773496389629,Stress,lakes
157,A,160,98,2,CA23,DG,0.250342523780042,Stress,marshes
164,A,167,98,2,CA23,DG,0.0011051599507009,Stress,canyons
175,A,178,98,2,CA23,DG,-0.019851754598809,Stress,canyons
183,A,186,98,2,CA23,DG,2.7176738645719385,Stress,marshes
190,A,193,98,2,CA23,DG,-0.9597354521594768,Stress,lakes
207,A,210,98,2,CA23,DG,-0.1183185381218962,Stress,canyons
231,A,234,98,2,CA23,DG,-0.0013072043107852,Stress,marshes
11,A,14,98,3,CA23,DG,-0.9899037254613948,Stress,lakes
20,A,23,98,3,CA23,DG,-0.4922760907555151,Stress,marshes
26,A,29,98,3,CA23,DG,0.6677904900626218,Stress,lakes
35,A,38,98,3,CA23,DG,-0.1759336544089423,Stress,lakes
49,A,52,98,3,CA23,DG,0.0600428377024782,Stress,lakes
54,A,57,98,3,CA23,DG,0.6692355896079931,Stress,marshes
58,A,61,98,3,CA23,DG,1.007242463664663,Stress,lakes
92,A,95,98,3,CA23,DG,-0.5273896447749075,Stress,marshes
102,A,105,98,3,CA23,DG,-0.3206541765653182,Stress,lakes
109,A,112,98,3,CA23,DG,-1.5265183116259302,Stress,marshes
116,A,119,98,3,CA23,DG,0.0959501831467746,Stress,canyons
137,A,140,98,3,CA23,DG,0.8828423444958331,Stress,canyons
147,A,150,98,3,CA23,DG,0.0008588911743637,Stress,canyons
161,A,164,98,3,CA23,DG,-1.5191742593593307,Stress,marshes
169,A,172,98,3,CA23,DG,-0.3217724356029818,Stress,canyons
173,A,176,98,3,CA23,DG,2.8471105781903625,Stress,marshes
183,A,186,98,3,CA23,DG,0.1807897949828951,Stress,marshes
191,A,194,98,3,CA23,DG,6.761245085436509,Stress,lakes
202,A,205,98,3,CA23,DG,0.0105362797118581,Stress,canyons
221,A,224,98,3,CA23,DG,0.184494495026578,Stress,canyons
9,A,12,98,4,CA23,DG,-0.5018345982782134,Stress,lakes
18,A,21,98,4,CA23,DG,0.7022019409368762,Stress,lakes
27,A,30,98,4,CA23,DG,-0.5688304826349456,Stress,marshes
34,A,37,98,4,CA23,DG,0.0022430432299406,Stress,lakes
60,A,63,98,4,CA23,DG,-0.4843380425024503,Stress,lakes
68,A,71,98,4,CA23,DG,-1.1629786038150716,Stress,lakes
85,A,88,98,4,CA23,DG,-0.0215471659705595,Stress,lakes
93,A,96,98,4,CA23,DG,0.4151537799247854,Stress,canyons
106,A,109,98,4,CA23,DG,2.227292912811453,Stress,canyons
124,A,127,98,4,CA23,DG,1.006734447969305,Stress,marshes
128,A,131,98,4,CA23,DG,0.2037552002068762,Stress,canyons
137,A,140,98,4,CA23,DG,0.8588401889821062,Stress,marshes
149,A,152,98,4,CA23,DG,-9.687502908096288e-05,Stress,marshes
158,A,161,98,4,CA23,DG,0.7724012839570588,Stress,canyons
168,A,171,98,4,CA23,DG,-0.0146789614973219,Stress,canyons
202,A,205,98,4,CA23,DG,3.041834408688266,Stress,lakes
209,A,212,98,4,CA23,DG,-1.1733376688298454,Stress,marshes
224,A,227,98,4,CA23,DG,1.6776239680624667,Stress,marshes
233,A,236,98,4,CA23,DG,-0.0969807325723891,Stress,marshes
237,A,240,98,4,CA23,DG,-0.0445086407480255,Stress,canyons
13,A,16,100,2,CA23,DG,0.071696464429862,Control,fields
27,A,30,100,2,CA23,DG,0.0001801220745999,Control,fields
44,A,47,100,2,CA23,DG,0.4311232540499389,Control,parks
58,A,61,100,2,CA23,DG,0.6651282429928023,Control,forests
66,A,69,100,2,CA23,DG,4.551960577456772,Control,fields
73,A,76,100,2,CA23,DG,-0.0069965914072486,Control,forests
87,A,90,100,2,CA23,DG,-0.0155129739148982,Control,fields
93,A,96,100,2,CA23,DG,-0.0200995206207333,Control,parks
107,A,110,100,2,CA23,DG,0.1777005085961986,Control,forests
125,A,128,100,2,CA23,DG,0.0045276354604641,Control,fields
136,A,139,100,2,CA23,DG,0.3837488580563607,Control,parks
146,A,149,100,2,CA23,DG,2.0045052319016845,Control,parks
151,A,154,100,2,CA23,DG,-0.3664357786752125,Control,forests
161,A,164,100,2,CA23,DG,0.2390221239211379,Control,forests
167,A,170,100,2,CA23,DG,1.688099305547878,Control,fields
173,A,176,100,2,CA23,DG,-0.0031354493845732,Control,parks
181,A,184,100,2,CA23,DG,-0.0534963239168018,Control,fields
187,A,190,100,2,CA23,DG,1.948855871668556,Control,parks
202,A,205,100,2,CA23,DG,0.9013268339449386,Control,parks
222,A,225,100,2,CA23,DG,1.535678658336903,Control,forests
235,A,238,100,2,CA23,DG,-0.3853010931673623,Control,forests
5,A,8,100,3,CA23,DG,-0.1001423601911984,Control,forests
9,A,12,100,3,CA23,DG,0.2338329698988644,Control,parks
18,A,21,100,3,CA23,DG,0.1157083704503645,Control,forests
34,A,37,100,3,CA23,DG,0.006817443985371,Control,fields
38,A,41,100,3,CA23,DG,2.9397625841664072,Control,parks
51,A,54,100,3,CA23,DG,0.021441930403015,Control,parks
62,A,65,100,3,CA23,DG,0.0060276293853432,Control,forests
72,A,75,100,3,CA23,DG,0.8760567638855027,Control,fields
82,A,85,100,3,CA23,DG,0.4946050865534893,Control,forests
96,A,99,100,3,CA23,DG,1.891297100415188,Control,parks
111,A,114,100,3,CA23,DG,-1.6610179826738252,Control,forests
116,A,119,100,3,CA23,DG,-0.4501188881454017,Control,fields
140,A,143,100,3,CA23,DG,-0.7758427012395367,Control,parks
150,A,153,100,3,CA23,DG,-0.725099223542536,Control,fields
156,A,159,100,3,CA23,DG,0.6601838102652683,Control,forests
170,A,173,100,3,CA23,DG,0.4833460172379427,Control,forests
175,A,178,100,3,CA23,DG,0.9216410288493296,Control,parks
185,A,188,100,3,CA23,DG,-0.1902464688456006,Control,parks
200,A,203,100,3,CA23,DG,-0.6383367951318397,Control,fields
217,A,220,100,3,CA23,DG,0.0004204555676764,Control,fields
235,A,238,100,3,CA23,DG,-0.9055866157142995,Control,fields
8,A,11,100,4,CA23,DG,0.6391445517296025,Control,parks
16,A,19,100,4,CA23,DG,0.1530039921644949,Control,parks
29,A,32,100,4,CA23,DG,-0.30702619544648,Control,forests
39,A,42,100,4,CA23,DG,0.4114530318605091,Control,fields
45,A,48,100,4,CA23,DG,0.0017224638572389,Control,parks
61,A,64,100,4,CA23,DG,-0.8132509762827957,Control,forests
79,A,82,100,4,CA23,DG,0.0035640403421416,Control,parks
91,A,94,100,4,CA23,DG,1.9099846917753136,Control,forests
106,A,109,100,4,CA23,DG,0.7958609758441217,Control,forests
114,A,117,100,4,CA23,DG,-1.1328463713963577,Control,fields
121,A,124,100,4,CA23,DG,-0.0352644285803735,Control,forests
135,A,138,100,4,CA23,DG,0.1110482500842667,Control,fields
154,A,157,100,4,CA23,DG,0.9207508354661516,Control,forests
165,A,168,100,4,CA23,DG,2.9248235574672865e-05,Control,forests
172,A,175,100,4,CA23,DG,-0.4998036875850044,Control,parks
176,A,179,100,4,CA23,DG,0.8618808258160251,Control,fields
183,A,186,100,4,CA23,DG,0.0133403253720267,Control,parks
188,A,191,100,4,CA23,DG,1.971080153830831,Control,fields
198,A,201,100,4,CA23,DG,-0.952158208864455,Control,fields
204,A,207,100,4,CA23,DG,-0.3406531045745735,Control,parks
216,A,219,100,4,CA23,DG,-6.508156611022435e-05,Control,fields
8,A,11,101,2,CA23,DG,-0.0688508595317983,Stress,parks
19,A,22,101,2,CA23,DG,0.5581054399417851,Stress,forests
25,A,28,101,2,CA23,DG,0.1016382932897536,Stress,beaches
41,A,44,101,2,CA23,DG,0.0178636469273753,Stress,forests
48,A,51,101,2,CA23,DG,0.5144487341225316,Stress,beaches
56,A,59,101,2,CA23,DG,-0.1045041597486083,Stress,forests
64,A,67,101,2,CA23,DG,0.1726691242428699,Stress,beaches
77,A,80,101,2,CA23,DG,-0.0309030965676218,Stress,forests
97,A,100,101,2,CA23,DG,-0.0158354743370319,Stress,beaches
118,A,121,101,2,CA23,DG,0.2189749154217273,Stress,parks
129,A,132,101,2,CA23,DG,0.1389757570195631,Stress,parks
134,A,137,101,2,CA23,DG,-0.0754481238333717,Stress,beaches
154,A,157,101,2,CA23,DG,0.7101440979064515,Stress,parks
164,A,167,101,2,CA23,DG,0.0019755734310281,Stress,parks
179,A,182,101,2,CA23,DG,-0.0437933367791588,Stress,forests
190,A,193,101,2,CA23,DG,0.3927862696010816,Stress,forests
197,A,200,101,2,CA23,DG,-0.0076477524441226,Stress,parks
205,A,208,101,2,CA23,DG,-0.1247409032514181,Stress,beaches
211,A,214,101,2,CA23,DG,-0.054141874151542,Stress,beaches
220,A,223,101,2,CA23,DG,2.570031903825679,Stress,forests
225,A,228,101,2,CA23,DG,-0.2819183509907266,Stress,parks
17,A,20,101,3,CA23,DG,-0.3617949353002865,Stress,beaches
29,A,32,101,3,CA23,DG,-0.3133260289895999,Stress,forests
40,A,43,101,3,CA23,DG,1.312849431191032,Stress,beaches
55,A,58,101,3,CA23,DG,0.391815367579352,Stress,forests
60,A,63,101,3,CA23,DG,-0.1162946832757422,Stress,beaches
65,A,68,101,3,CA23,DG,0.0323555636138136,Stress,parks
85,A,88,101,3,CA23,DG,-1.7130419921289035,Stress,parks
91,A,94,101,3,CA23,DG,0.020633660964556,Stress,beaches
95,A,98,101,3,CA23,DG,-0.049625209890555,Stress,forests
104,A,107,101,3,CA23,DG,-0.1847029482881375,Stress,parks
114,A,117,101,3,CA23,DG,0.4228749678762216,Stress,parks
127,A,130,101,3,CA23,DG,-0.7730986711064749,Stress,forests
133,A,136,101,3,CA23,DG,1.5825182560965738,Stress,beaches
140,A,143,101,3,CA23,DG,-0.0792480815570271,Stress,beaches
145,A,148,101,3,CA23,DG,0.0319136149997772,Stress,forests
153,A,156,101,3,CA23,DG,0.8936983339038153,Stress,beaches
182,A,185,101,3,CA23,DG,0.4418200085275119,Stress,forests
205,A,208,101,3,CA23,DG,-2.43906174359848,Stress,forests
223,A,226,101,3,CA23,DG,0.4420792580741233,Stress,parks
236,A,239,101,3,CA23,DG,-0.0884262188140878,Stress,parks
5,A,8,101,4,CA23,DG,0.3633177058822738,Stress,forests
21,A,24,101,4,CA23,DG,-0.8019586456509894,Stress,parks
38,A,41,101,4,CA23,DG,2.5328233888038905,Stress,beaches
42,A,45,101,4,CA23,DG,1.0038503295793808,Stress,parks
51,A,54,101,4,CA23,DG,0.0002221050884329,Stress,beaches
55,A,58,101,4,CA23,DG,-0.050619723128768,Stress,parks
62,A,65,101,4,CA23,DG,-1.4565374389169146,Stress,forests
71,A,74,101,4,CA23,DG,-0.4418650013803102,Stress,parks
75,A,78,101,4,CA23,DG,-0.225276713357916,Stress,forests
93,A,96,101,4,CA23,DG,0.8369255296678739,Stress,parks
106,A,109,101,4,CA23,DG,-0.6752943788107315,Stress,beaches
118,A,121,101,4,CA23,DG,0.91964422412112,Stress,beaches
129,A,132,101,4,CA23,DG,0.1736836968123404,Stress,beaches
140,A,143,101,4,CA23,DG,-0.0096877978029472,Stress,parks
158,A,161,101,4,CA23,DG,0.1059318533942195,Stress,beaches
165,A,168,101,4,CA23,DG,0.5959159257683974,Stress,forests
177,A,180,101,4,CA23,DG,0.1410043182712666,Stress,forests
189,A,192,101,4,CA23,DG,-1.041566716999221,Stress,beaches
193,A,196,101,4,CA23,DG,1.706407072204085,Stress,parks
225,A,228,101,4,CA23,DG,-0.875685266270086,Stress,forests
9,A,12,103,2,CA23,DG,0.2597410069949547,Stress,lakes
17,A,20,103,2,CA23,DG,0.2051652365290303,Stress,beaches
26,A,29,103,2,CA23,DG,0.0277472021232112,Stress,beaches
31,A,34,103,2,CA23,DG,0.1354734366035433,Stress,deserts
49,A,52,103,2,CA23,DG,0.7972439231354089,Stress,beaches
64,A,67,103,2,CA23,DG,2.1742846390340477e-05,Stress,beaches
73,A,76,103,2,CA23,DG,2.5026411208469206,Stress,lakes
83,A,86,103,2,CA23,DG,-0.4955845124930312,Stress,lakes
121,A,124,103,2,CA23,DG,0.2363332665209865,Stress,deserts
128,A,131,103,2,CA23,DG,3.7940863772556512,Stress,deserts
144,A,147,103,2,CA23,DG,-0.0724251558122447,Stress,deserts
153,A,156,103,2,CA23,DG,-0.359949208212231,Stress,beaches
164,A,167,103,2,CA23,DG,2.191839148561169,Stress,deserts
168,A,171,103,2,CA23,DG,0.1931296773947399,Stress,beaches
183,A,186,103,2,CA23,DG,-0.6564378997425013,Stress,lakes
188,A,191,103,2,CA23,DG,-0.5396100955993769,Stress,deserts
193,A,196,103,2,CA23,DG,0.6620663601522306,Stress,lakes
210,A,213,103,2,CA23,DG,-0.0034252547133726,Stress,lakes
215,A,218,103,2,CA23,DG,-0.0830894523816014,Stress,beaches
226,A,229,103,2,CA23,DG,1.1247874375780595,Stress,lakes
237,A,240,103,2,CA23,DG,0.1395764150707937,Stress,deserts
5,A,8,103,3,CA23,DG,0.0502998779043252,Stress,beaches
20,A,23,103,3,CA23,DG,-1.7995508324361054,Stress,lakes
26,A,29,103,3,CA23,DG,0.2262518720862178,Stress,deserts
33,A,36,103,3,CA23,DG,-0.5768298355210013,Stress,beaches
38,A,41,103,3,CA23,DG,-0.0240600728697376,Stress,lakes
54,A,57,103,3,CA23,DG,2.2400143369339194,Stress,deserts
65,A,68,103,3,CA23,DG,0.0047044607110114,Stress,lakes
70,A,73,103,3,CA23,DG,0.0028604928459453,Stress,deserts
75,A,78,103,3,CA23,DG,-0.3960590155250319,Stress,beaches
81,A,84,103,3,CA23,DG,-0.1841899742329767,Stress,lakes
96,A,99,103,3,CA23,DG,-2.7666331469303693,Stress,lakes
105,A,108,103,3,CA23,DG,1.2574612393818725,Stress,deserts
111,A,114,103,3,CA23,DG,-0.275057336035306,Stress,beaches
133,A,136,103,3,CA23,DG,-0.1750803715168682,Stress,lakes
144,A,147,103,3,CA23,DG,1.006073497745709,Stress,deserts
163,A,166,103,3,CA23,DG,0.084287291291472,Stress,deserts
193,A,196,103,3,CA23,DG,-0.0131233588577685,Stress,beaches
205,A,208,103,3,CA23,DG,0.1106422308057928,Stress,lakes
223,A,226,103,3,CA23,DG,0.5813534479337847,Stress,beaches
236,A,239,103,3,CA23,DG,1.8182919048655708,Stress,beaches
8,A,11,103,4,CA23,DG,-1.3247792278022157,Stress,deserts
21,A,24,103,4,CA23,DG,0.4748553646504496,Stress,beaches
31,A,34,103,4,CA23,DG,-0.6111405555993537,Stress,deserts
46,A,49,103,4,CA23,DG,3.392692227432258,Stress,lakes
57,A,60,103,4,CA23,DG,1.3351841696973663,Stress,lakes
66,A,69,103,4,CA23,DG,0.2572430170693987,Stress,beaches
74,A,77,103,4,CA23,DG,-0.0545973532558663,Stress,deserts
90,A,93,103,4,CA23,DG,-0.558925581538403,Stress,deserts
97,A,100,103,4,CA23,DG,-0.0456147835347805,Stress,deserts
102,A,105,103,4,CA23,DG,0.1439680533909367,Stress,beaches
121,A,124,103,4,CA23,DG,0.0014294801011514,Stress,deserts
130,A,133,103,4,CA23,DG,0.1979394464790496,Stress,lakes
143,A,146,103,4,CA23,DG,-0.0001230852528128,Stress,deserts
164,A,167,103,4,CA23,DG,0.3419955866374868,Stress,beaches
179,A,182,103,4,CA23,DG,-2.458289381754829,Stress,lakes
188,A,191,103,4,CA23,DG,-0.0009989885427811,Stress,lakes
195,A,198,103,4,CA23,DG,-3.2620224874172647,Stress,beaches
204,A,207,103,4,CA23,DG,-0.0003465401071523,Stress,beaches
222,A,225,103,4,CA23,DG,0.0470075178236731,Stress,lakes
230,A,233,103,4,CA23,DG,0.145755066369569,Stress,beaches
234,A,237,103,4,CA23,DG,1.4271106514352032,Stress,lakes
5,A,8,104,2,CA23,DG,-0.6813783651931922,Stress,mountains
26,A,29,104,2,CA23,DG,0.1436919934888282,Stress,waterfalls
33,A,36,104,2,CA23,DG,-0.1249036899784984,Stress,mountains
41,A,44,104,2,CA23,DG,0.1085356987271628,Stress,waterfalls
47,A,50,104,2,CA23,DG,-0.3579413340042275,Stress,mountains
58,A,61,104,2,CA23,DG,-0.7532599422240909,Stress,beaches
69,A,72,104,2,CA23,DG,0.0006389493625265,Stress,waterfalls
78,A,81,104,2,CA23,DG,-1.796065308083655,Stress,mountains
93,A,96,104,2,CA23,DG,0.0069296696605915,Stress,beaches
109,A,112,104,2,CA23,DG,-0.0517470329444239,Stress,mountains
118,A,121,104,2,CA23,DG,0.2008412158698798,Stress,beaches
135,A,138,104,2,CA23,DG,-0.1249748392069534,Stress,mountains
141,A,144,104,2,CA23,DG,-3.762320389873899,Stress,waterfalls
148,A,151,104,2,CA23,DG,-0.0021697736414109,Stress,waterfalls
155,A,158,104,2,CA23,DG,3.4669438897910823,Stress,beaches
164,A,167,104,2,CA23,DG,-0.0338846543064513,Stress,waterfalls
168,A,171,104,2,CA23,DG,-0.2605827958271514,Stress,beaches
183,A,186,104,2,CA23,DG,-0.0044090470991324,Stress,beaches
197,A,200,104,2,CA23,DG,-0.0915090302997292,Stress,waterfalls
208,A,211,104,2,CA23,DG,0.692034943210124,Stress,mountains
229,A,232,104,2,CA23,DG,3.4310255522378528,Stress,beaches
5,A,8,104,3,CA23,DG,1.3553495520250949,Stress,beaches
12,A,15,104,3,CA23,DG,-2.0333765094724634,Stress,mountains
18,A,21,104,3,CA23,DG,0.0006623411620914,Stress,beaches
30,A,33,104,3,CA23,DG,-0.4168835657694467,Stress,waterfalls
36,A,39,104,3,CA23,DG,3.806100488273181,Stress,mountains
50,A,53,104,3,CA23,DG,0.8256980893310736,Stress,waterfalls
75,A,78,104,3,CA23,DG,0.6847506514954812,Stress,mountains
93,A,96,104,3,CA23,DG,0.0191242242694788,Stress,waterfalls
131,A,134,104,3,CA23,DG,0.1106522128785544,Stress,mountains
155,A,158,104,3,CA23,DG,0.8201739327691657,Stress,mountains
163,A,166,104,3,CA23,DG,-0.0656467832333189,Stress,waterfalls
167,A,170,104,3,CA23,DG,1.8314763091589243,Stress,beaches
175,A,178,104,3,CA23,DG,0.2837061211392941,Stress,mountains
196,A,199,104,3,CA23,DG,1.4041240027937596,Stress,beaches
203,A,206,104,3,CA23,DG,0.7438117808287628,Stress,mountains
11,A,14,104,4,CA23,DG,-0.2490972269063587,Stress,mountains
19,A,22,104,4,CA23,DG,-0.4132378558747216,Stress,waterfalls
28,A,31,104,4,CA23,DG,1.027133880473177,Stress,waterfalls
44,A,47,104,4,CA23,DG,-0.5926142456763106,Stress,mountains
66,A,69,104,4,CA23,DG,-0.2067291087001663,Stress,mountains
73,A,76,104,4,CA23,DG,-0.1505358495780617,Stress,waterfalls
88,A,91,104,4,CA23,DG,0.0414269707702286,Stress,waterfalls
96,A,99,104,4,CA23,DG,-1.47046900806488,Stress,beaches
102,A,105,104,4,CA23,DG,-0.6802550686069,Stress,mountains
111,A,114,104,4,CA23,DG,-0.1557650846639311,Stress,beaches
168,A,171,104,4,CA23,DG,0.0379054265502026,Stress,beaches
233,A,236,104,4,CA23,DG,-0.0804141686902211,Stress,waterfalls
5,A,8,105,2,CA23,DG,0.1068924285076077,Stress,deserts
13,A,16,105,2,CA23,DG,-1.4520878363033085,Stress,mountains
26,A,29,105,2,CA23,DG,-0.5880497070874378,Stress,mountains
40,A,43,105,2,CA23,DG,-0.0277078541030835,Stress,deserts
46,A,49,105,2,CA23,DG,0.1528950787005342,Stress,waterfalls
58,A,61,105,2,CA23,DG,2.382039212367335,Stress,mountains
70,A,73,105,2,CA23,DG,0.0051412702604375,Stress,waterfalls
78,A,81,105,2,CA23,DG,0.5192212808156198,Stress,deserts
82,A,85,105,2,CA23,DG,0.9758124555709352,Stress,mountains
89,A,92,105,2,CA23,DG,0.1398331090277727,Stress,waterfalls
102,A,105,105,2,CA23,DG,0.0695252446688186,Stress,waterfalls
108,A,111,105,2,CA23,DG,-0.1814556445141255,Stress,deserts
125,A,128,105,2,CA23,DG,1.9159244192797973,Stress,deserts
143,A,146,105,2,CA23,DG,2.0673510918896034,Stress,waterfalls
177,A,180,105,2,CA23,DG,1.945185727627062,Stress,deserts
181,A,184,105,2,CA23,DG,-0.5512089802052508,Stress,waterfalls
192,A,195,105,2,CA23,DG,0.0632483980674504,Stress,waterfalls
212,A,215,105,2,CA23,DG,-1.597295013985916,Stress,mountains
220,A,223,105,2,CA23,DG,2.043574640860661,Stress,mountains
226,A,229,105,2,CA23,DG,0.9493118926287876,Stress,mountains
238,A,241,105,2,CA23,DG,-0.7070435961345055,Stress,deserts
12,A,15,105,3,CA23,DG,0.0678545124486813,Stress,waterfalls
27,A,30,105,3,CA23,DG,-0.0127097011371724,Stress,deserts
38,A,41,105,3,CA23,DG,0.4242838316073353,Stress,mountains
59,A,62,105,3,CA23,DG,-1.585531251576289,Stress,mountains
85,A,88,105,3,CA23,DG,0.1256905415321067,Stress,deserts
99,A,102,105,3,CA23,DG,0.8824565242601741,Stress,deserts
107,A,110,105,3,CA23,DG,0.5926603799619742,Stress,waterfalls
116,A,119,105,3,CA23,DG,0.1993740535906313,Stress,mountains
122,A,125,105,3,CA23,DG,-0.1324178387556135,Stress,deserts
135,A,138,105,3,CA23,DG,3.340109062488005,Stress,mountains
140,A,143,105,3,CA23,DG,0.391227779977672,Stress,waterfalls
150,A,153,105,3,CA23,DG,0.2108167347002132,Stress,waterfalls
162,A,165,105,3,CA23,DG,0.7114071441019715,Stress,deserts
171,A,174,105,3,CA23,DG,0.3777183728915496,Stress,waterfalls
181,A,184,105,3,CA23,DG,0.1452575272729932,Stress,deserts
187,A,190,105,3,CA23,DG,-0.4504851713323132,Stress,waterfalls
192,A,195,105,3,CA23,DG,-0.2789313730837154,Stress,mountains
197,A,200,105,3,CA23,DG,0.1530550208486099,Stress,deserts
214,A,217,105,3,CA23,DG,0.0353644682678523,Stress,waterfalls
224,A,227,105,3,CA23,DG,-1.3919979695329898,Stress,mountains
236,A,239,105,3,CA23,DG,0.2823826978192486,Stress,mountains
12,A,15,105,4,CA23,DG,-1.6595176628047656,Stress,deserts
27,A,30,105,4,CA23,DG,0.4346662839206668,Stress,deserts
31,A,34,105,4,CA23,DG,1.4013045601584009,Stress,waterfalls
43,A,46,105,4,CA23,DG,0.8095133704758639,Stress,mountains
61,A,64,105,4,CA23,DG,2.162840705539776,Stress,mountains
68,A,71,105,4,CA23,DG,-0.0344680353248713,Stress,deserts
79,A,82,105,4,CA23,DG,0.3469307938440616,Stress,waterfalls
95,A,98,105,4,CA23,DG,0.242441398057699,Stress,waterfalls
112,A,115,105,4,CA23,DG,0.0037192728503587,Stress,mountains
130,A,133,105,4,CA23,DG,0.0851583810999935,Stress,deserts
141,A,144,105,4,CA23,DG,-0.165412287499861,Stress,waterfalls
147,A,150,105,4,CA23,DG,0.5024218080451526,Stress,mountains
157,A,160,105,4,CA23,DG,3.357124912518199,Stress,mountains
163,A,166,105,4,CA23,DG,-0.6170007086895977,Stress,waterfalls
168,A,171,105,4,CA23,DG,3.403253237324462,Stress,mountains
184,A,187,105,4,CA23,DG,2.077178281568976,Stress,waterfalls
191,A,194,105,4,CA23,DG,-2.922215278158077e-05,Stress,deserts
201,A,204,105,4,CA23,DG,1.168341084797223,Stress,deserts
209,A,212,105,4,CA23,DG,0.4542022034539851,Stress,waterfalls
220,A,223,105,4,CA23,DG,0.5408763572722415,Stress,mountains
230,A,233,105,4,CA23,DG,3.210608519159927,Stress,deserts
5,A,8,106,2,CA23,DG,-0.3374828199143705,Control,lighthouses
21,A,24,106,2,CA23,DG,-0.1281549534398841,Control,waterfalls
25,A,28,106,2,CA23,DG,-0.2200749717832123,Control,lighthouses
31,A,34,106,2,CA23,DG,1.115467011039686,Control,bridges
43,A,46,106,2,CA23,DG,1.2176939329600347,Control,bridges
49,A,52,106,2,CA23,DG,0.1858566527704144,Control,lighthouses
66,A,69,106,2,CA23,DG,0.0372111447169418,Control,bridges
75,A,78,106,2,CA23,DG,-0.2113390760243363,Control,lighthouses
83,A,86,106,2,CA23,DG,0.2480673406529428,Control,bridges
87,A,90,106,2,CA23,DG,0.0002172540774062,Control,waterfalls
101,A,104,106,2,CA23,DG,2.8698961794973057,Control,bridges
114,A,117,106,2,CA23,DG,3.4895716716988447,Control,lighthouses
123,A,126,106,2,CA23,DG,0.0232218909491278,Control,waterfalls
173,A,176,106,2,CA23,DG,-2.503072306982043,Control,waterfalls
178,A,181,106,2,CA23,DG,0.1587550147451436,Control,lighthouses
189,A,192,106,2,CA23,DG,-0.2954992255107246,Control,bridges
198,A,201,106,2,CA23,DG,0.0456382795612555,Control,waterfalls
209,A,212,106,2,CA23,DG,-0.0255582398104359,Control,waterfalls
216,A,219,106,2,CA23,DG,0.825952313208314,Control,waterfalls
228,A,231,106,2,CA23,DG,-0.4510468210229152,Control,bridges
12,A,15,106,3,CA23,DG,-0.7667247034814861,Control,waterfalls
22,A,25,106,3,CA23,DG,0.0395374870388379,Control,bridges
43,A,46,106,3,CA23,DG,-1.3981601103606538,Control,waterfalls
56,A,59,106,3,CA23,DG,1.7148383559397955,Control,lighthouses
71,A,74,106,3,CA23,DG,0.3619664818931769,Control,lighthouses
86,A,89,106,3,CA23,DG,-0.144917515522419,Control,bridges
99,A,102,106,3,CA23,DG,-0.0505653219370896,Control,bridges
114,A,117,106,3,CA23,DG,0.3818207976892581,Control,lighthouses
126,A,129,106,3,CA23,DG,-0.0018172701504696,Control,waterfalls
138,A,141,106,3,CA23,DG,0.0095282430828756,Control,waterfalls
143,A,146,106,3,CA23,DG,-0.0219711040175297,Control,lighthouses
152,A,155,106,3,CA23,DG,-0.5510947106432464,Control,bridges
166,A,169,106,3,CA23,DG,-0.0017326374349566,Control,bridges
185,A,188,106,3,CA23,DG,0.4797692341008235,Control,lighthouses
189,A,192,106,3,CA23,DG,0.3730551851812001,Control,waterfalls
200,A,203,106,3,CA23,DG,-0.0393669991664061,Control,waterfalls
210,A,213,106,3,CA23,DG,-0.24486095843489,Control,lighthouses
215,A,218,106,3,CA23,DG,0.8513674456674158,Control,bridges
232,A,235,106,3,CA23,DG,-1.579732607102779,Control,waterfalls
237,A,240,106,3,CA23,DG,-0.7589493138105002,Control,lighthouses
11,A,14,106,4,CA23,DG,-0.0355458974842103,Control,waterfalls
25,A,28,106,4,CA23,DG,0.3576735646209397,Control,waterfalls
31,A,34,106,4,CA23,DG,-0.1805705497178872,Control,bridges
41,A,44,106,4,CA23,DG,1.533045191926575,Control,waterfalls
65,A,68,106,4,CA23,DG,0.8671779249806879,Control,lighthouses
74,A,77,106,4,CA23,DG,0.0692743590541653,Control,waterfalls
94,A,97,106,4,CA23,DG,1.4920824814234988,Control,waterfalls
101,A,104,106,4,CA23,DG,0.1762530515742264,Control,bridges
107,A,110,106,4,CA23,DG,-0.4288120125809115,Control,lighthouses
127,A,130,106,4,CA23,DG,-0.8771252305568722,Control,bridges
143,A,146,106,4,CA23,DG,-0.0363352910134169,Control,lighthouses
162,A,165,106,4,CA23,DG,-0.2557930347741832,Control,lighthouses
173,A,176,106,4,CA23,DG,-0.6003102333398088,Control,lighthouses
178,A,181,106,4,CA23,DG,-0.7113482913039043,Control,bridges
192,A,195,106,4,CA23,DG,0.0995906671591634,Control,bridges
212,A,215,106,4,CA23,DG,0.3228751357538985,Control,lighthouses
220,A,223,106,4,CA23,DG,0.4827402136224725,Control,waterfalls
228,A,231,106,4,CA23,DG,-1.3810460263873388,Control,waterfalls
236,A,239,106,4,CA23,DG,3.4141579375907325,Control,lighthouses
