onsetTR,cond,shiftedTR,subid,run,roi1,roi2,ets,group,category
26,A,29,2,2,CA1,CA23,0.0084499821324058,Stress,deserts
40,A,43,2,2,CA1,CA23,0.0353174754879077,Stress,canyons
49,A,52,2,2,CA1,CA23,0.675095437768008,Stress,deserts
60,A,63,2,2,CA1,CA23,-0.4306220379323199,Stress,canyons
68,A,71,2,2,CA1,CA23,-0.2963744968166823,Stress,marshes
78,A,81,2,2,CA1,CA23,-0.2636844389770046,Stress,marshes
91,A,94,2,2,CA1,CA23,0.0359536114911097,Stress,deserts
97,A,100,2,2,CA1,CA23,-1.197691168177028,Stress,canyons
115,A,118,2,2,CA1,CA23,-0.6766348209748914,Stress,marshes
133,A,136,2,2,CA1,CA23,-0.5127153347532913,Stress,canyons
140,A,143,2,2,CA1,CA23,1.15057648327966,Stress,marshes
148,A,151,2,2,CA1,CA23,2.1921205581632632,Stress,marshes
154,A,157,2,2,CA1,CA23,0.0435299694054642,Stress,canyons
174,A,177,2,2,CA1,CA23,0.1081472843691354,Stress,deserts
178,A,181,2,2,CA1,CA23,-0.6585413193393724,Stress,marshes
190,A,193,2,2,CA1,CA23,0.4243005837622451,Stress,deserts
198,A,201,2,2,CA1,CA23,0.490360842267056,Stress,marshes
207,A,210,2,2,CA1,CA23,-0.0519016552204537,Stress,canyons
217,A,220,2,2,CA1,CA23,0.9282833854716268,Stress,deserts
228,A,231,2,2,CA1,CA23,1.3873721101744243,Stress,canyons
5,A,8,2,3,CA1,CA23,0.0195582616140862,Stress,deserts
12,A,15,2,3,CA1,CA23,0.0414129893914045,Stress,marshes
19,A,22,2,3,CA1,CA23,1.9984691084415769,Stress,deserts
35,A,38,2,3,CA1,CA23,-0.743524049418078,Stress,deserts
46,A,49,2,3,CA1,CA23,0.4611212216027937,Stress,deserts
53,A,56,2,3,CA1,CA23,-0.044433631787847,Stress,marshes
57,A,60,2,3,CA1,CA23,-0.3249755506515176,Stress,canyons
69,A,72,2,3,CA1,CA23,2.4097379161517063,Stress,marshes
90,A,93,2,3,CA1,CA23,-0.0200762210262385,Stress,canyons
96,A,99,2,3,CA1,CA23,-0.1495366029449485,Stress,marshes
116,A,119,2,3,CA1,CA23,-1.4540319883285358,Stress,canyons
132,A,135,2,3,CA1,CA23,-0.0103215214602242,Stress,marshes
141,A,144,2,3,CA1,CA23,0.7548375817241142,Stress,deserts
161,A,164,2,3,CA1,CA23,-0.2169992084951577,Stress,canyons
171,A,174,2,3,CA1,CA23,0.3656999587513896,Stress,marshes
177,A,180,2,3,CA1,CA23,0.1207518132730232,Stress,deserts
183,A,186,2,3,CA1,CA23,0.6170056223667622,Stress,marshes
200,A,203,2,3,CA1,CA23,-0.4907932863369059,Stress,canyons
212,A,215,2,3,CA1,CA23,0.2425926861164558,Stress,deserts
225,A,228,2,3,CA1,CA23,-0.049671256480373,Stress,canyons
234,A,237,2,3,CA1,CA23,3.4098486627427667,Stress,canyons
5,A,8,2,4,CA1,CA23,0.0469887165997901,Stress,deserts
16,A,19,2,4,CA1,CA23,0.0091798705351571,Stress,marshes
22,A,25,2,4,CA1,CA23,1.6513334650585307,Stress,deserts
32,A,35,2,4,CA1,CA23,-0.042907287042109,Stress,canyons
38,A,41,2,4,CA1,CA23,0.1340354979070195,Stress,marshes
60,A,63,2,4,CA1,CA23,1.1925019037794318,Stress,deserts
85,A,88,2,4,CA1,CA23,3.9587016202101,Stress,marshes
90,A,93,2,4,CA1,CA23,-1.557297831717323,Stress,canyons
95,A,98,2,4,CA1,CA23,0.4549445897947479,Stress,marshes
103,A,106,2,4,CA1,CA23,0.2043984459917236,Stress,canyons
112,A,115,2,4,CA1,CA23,-0.4459296610021516,Stress,deserts
118,A,121,2,4,CA1,CA23,0.4979517835299424,Stress,canyons
141,A,144,2,4,CA1,CA23,0.4328101519303899,Stress,marshes
152,A,155,2,4,CA1,CA23,0.8375225740731665,Stress,deserts
161,A,164,2,4,CA1,CA23,8.361780582821779e-05,Stress,deserts
172,A,175,2,4,CA1,CA23,-0.0631278177817677,Stress,canyons
186,A,189,2,4,CA1,CA23,-0.0201924901314457,Stress,canyons
196,A,199,2,4,CA1,CA23,-0.338838480394018,Stress,marshes
207,A,210,2,4,CA1,CA23,1.0678274667882504,Stress,deserts
227,A,230,2,4,CA1,CA23,0.3214459721612895,Stress,marshes
5,A,8,3,2,CA1,CA23,0.0658056186254727,Control,bridges
16,A,19,3,2,CA1,CA23,0.3539265872077707,Control,forests
20,A,23,3,2,CA1,CA23,3.5030431366460224,Control,bridges
25,A,28,3,2,CA1,CA23,0.1604216261754364,Control,parks
32,A,35,3,2,CA1,CA23,-0.7400071894177374,Control,forests
39,A,42,3,2,CA1,CA23,1.7718318138875702,Control,parks
47,A,50,3,2,CA1,CA23,0.0267676995014203,Control,parks
52,A,55,3,2,CA1,CA23,4.2461274269617406e-05,Control,bridges
61,A,64,3,2,CA1,CA23,0.0251390228185932,Control,bridges
71,A,74,3,2,CA1,CA23,-0.2819886603055387,Control,bridges
77,A,80,3,2,CA1,CA23,7.746057693571,Control,forests
81,A,84,3,2,CA1,CA23,-1.7037380887145923,Control,bridges
91,A,94,3,2,CA1,CA23,0.1859043372636342,Control,forests
114,A,117,3,2,CA1,CA23,-0.3290576167487331,Control,forests
121,A,124,3,2,CA1,CA23,0.0799745745700662,Control,bridges
139,A,142,3,2,CA1,CA23,0.0173051168321292,Control,parks
163,A,166,3,2,CA1,CA23,-0.9732199555487128,Control,parks
191,A,194,3,2,CA1,CA23,2.5634461569527245,Control,parks
201,A,204,3,2,CA1,CA23,1.3969700488156471,Control,parks
212,A,215,3,2,CA1,CA23,-1.8969497292231927,Control,forests
219,A,222,3,2,CA1,CA23,-0.2430781652621539,Control,forests
5,A,8,3,3,CA1,CA23,0.0974512086912125,Control,bridges
18,A,21,3,3,CA1,CA23,-0.122486337682333,Control,parks
34,A,37,3,3,CA1,CA23,0.4805476926442091,Control,forests
52,A,55,3,3,CA1,CA23,0.5259752866322854,Control,forests
57,A,60,3,3,CA1,CA23,-0.2291877426561643,Control,parks
66,A,69,3,3,CA1,CA23,-0.3138847468733517,Control,bridges
77,A,80,3,3,CA1,CA23,4.702976880508173,Control,parks
92,A,95,3,3,CA1,CA23,2.6398951960865986,Control,forests
101,A,104,3,3,CA1,CA23,0.0008679837724466,Control,bridges
111,A,114,3,3,CA1,CA23,-0.1032550097272509,Control,forests
119,A,122,3,3,CA1,CA23,0.6399083979025019,Control,parks
126,A,129,3,3,CA1,CA23,2.1173972490281234,Control,bridges
137,A,140,3,3,CA1,CA23,-0.9358733779716558,Control,bridges
145,A,148,3,3,CA1,CA23,0.258035249340995,Control,forests
152,A,155,3,3,CA1,CA23,-0.3668447550514628,Control,bridges
157,A,160,3,3,CA1,CA23,1.6288082936646335,Control,parks
175,A,178,3,3,CA1,CA23,-0.0830901848655302,Control,forests
198,A,201,3,3,CA1,CA23,-0.2334719713537247,Control,forests
205,A,208,3,3,CA1,CA23,-0.1807955861007432,Control,parks
215,A,218,3,3,CA1,CA23,0.1445900408767664,Control,parks
225,A,228,3,3,CA1,CA23,1.712562666880145,Control,bridges
9,A,12,3,4,CA1,CA23,-0.044493953808175,Control,bridges
25,A,28,3,4,CA1,CA23,0.47023087182852,Control,forests
36,A,39,3,4,CA1,CA23,0.0389449011282777,Control,parks
41,A,44,3,4,CA1,CA23,-2.459245161562843,Control,forests
46,A,49,3,4,CA1,CA23,0.5403252545997684,Control,parks
52,A,55,3,4,CA1,CA23,-0.41245065771307,Control,bridges
64,A,67,3,4,CA1,CA23,0.3510056597924809,Control,bridges
80,A,83,3,4,CA1,CA23,-0.4940265614604419,Control,forests
87,A,90,3,4,CA1,CA23,0.622265480500819,Control,parks
96,A,99,3,4,CA1,CA23,-0.5491506007465174,Control,parks
100,A,103,3,4,CA1,CA23,0.1054414211910786,Control,bridges
118,A,121,3,4,CA1,CA23,0.120456220523085,Control,forests
138,A,141,3,4,CA1,CA23,0.0981799760121386,Control,parks
154,A,157,3,4,CA1,CA23,0.0761448401557829,Control,forests
168,A,171,3,4,CA1,CA23,0.8260032408363546,Control,parks
184,A,187,3,4,CA1,CA23,1.3246966103491098,Control,parks
189,A,192,3,4,CA1,CA23,0.0838683466864256,Control,bridges
198,A,201,3,4,CA1,CA23,6.264815726845991,Control,forests
208,A,211,3,4,CA1,CA23,0.0975204071432324,Control,bridges
220,A,223,3,4,CA1,CA23,-0.1316722171226286,Control,bridges
226,A,229,3,4,CA1,CA23,-0.4857574952469503,Control,forests
18,A,21,4,2,CA1,CA23,0.1909693542235815,Stress,fields
36,A,39,4,2,CA1,CA23,0.1698380019419431,Stress,fields
43,A,46,4,2,CA1,CA23,0.4566562312847314,Stress,lakes
56,A,59,4,2,CA1,CA23,0.6025102772061068,Stress,bridges
99,A,102,4,2,CA1,CA23,-0.0074168026380485,Stress,fields
111,A,114,4,2,CA1,CA23,-0.004011448660364,Stress,lakes
116,A,119,4,2,CA1,CA23,0.0445456104033169,Stress,bridges
121,A,124,4,2,CA1,CA23,-0.0056260472431662,Stress,fields
128,A,131,4,2,CA1,CA23,-1.7004472125872585,Stress,lakes
146,A,149,4,2,CA1,CA23,-0.0095291336555133,Stress,bridges
154,A,157,4,2,CA1,CA23,-0.3159308172245616,Stress,lakes
161,A,164,4,2,CA1,CA23,-0.6695430032904961,Stress,fields
168,A,171,4,2,CA1,CA23,1.091926005650473,Stress,lakes
180,A,183,4,2,CA1,CA23,-0.761870459824886,Stress,lakes
185,A,188,4,2,CA1,CA23,-0.803660346309179,Stress,bridges
195,A,198,4,2,CA1,CA23,-0.816295314212923,Stress,fields
204,A,207,4,2,CA1,CA23,-0.2681814604668063,Stress,bridges
208,A,211,4,2,CA1,CA23,0.7669413325662918,Stress,fields
218,A,221,4,2,CA1,CA23,-0.4368441726110036,Stress,bridges
225,A,228,4,2,CA1,CA23,-0.0782407639872965,Stress,lakes
233,A,236,4,2,CA1,CA23,0.8235852480615017,Stress,bridges
15,A,18,4,3,CA1,CA23,0.2503428635368774,Stress,lakes
20,A,23,4,3,CA1,CA23,-0.8795429575455295,Stress,bridges
27,A,30,4,3,CA1,CA23,-0.8396715655159351,Stress,lakes
42,A,45,4,3,CA1,CA23,0.5799633339391568,Stress,lakes
50,A,53,4,3,CA1,CA23,-1.311943211503152,Stress,bridges
60,A,63,4,3,CA1,CA23,-0.0682234502103854,Stress,fields
71,A,74,4,3,CA1,CA23,0.2074580670324547,Stress,fields
88,A,91,4,3,CA1,CA23,0.0744343542163622,Stress,fields
105,A,108,4,3,CA1,CA23,0.0368611720755102,Stress,bridges
116,A,119,4,3,CA1,CA23,2.5515348114533736,Stress,lakes
122,A,125,4,3,CA1,CA23,-0.1254874136331313,Stress,fields
127,A,130,4,3,CA1,CA23,-0.1160409453983283,Stress,bridges
140,A,143,4,3,CA1,CA23,0.1100854808751439,Stress,bridges
161,A,164,4,3,CA1,CA23,0.5440634168521356,Stress,fields
170,A,173,4,3,CA1,CA23,1.0879405158140851,Stress,lakes
175,A,178,4,3,CA1,CA23,1.224049517354107,Stress,bridges
181,A,184,4,3,CA1,CA23,2.786575572231308,Stress,fields
188,A,191,4,3,CA1,CA23,-1.539396676487585,Stress,lakes
203,A,206,4,3,CA1,CA23,0.5912767128884873,Stress,lakes
210,A,213,4,3,CA1,CA23,-0.8861335805681645,Stress,bridges
236,A,239,4,3,CA1,CA23,-1.236492852146196,Stress,fields
13,A,16,4,4,CA1,CA23,-0.0827613858210532,Stress,lakes
19,A,22,4,4,CA1,CA23,0.3877459086735931,Stress,fields
37,A,40,4,4,CA1,CA23,0.3730828745693405,Stress,fields
57,A,60,4,4,CA1,CA23,-0.1209745883815556,Stress,bridges
61,A,64,4,4,CA1,CA23,1.1247151874585828,Stress,fields
67,A,70,4,4,CA1,CA23,1.2737667526142065,Stress,bridges
79,A,82,4,4,CA1,CA23,-0.8041298109564694,Stress,bridges
93,A,96,4,4,CA1,CA23,0.0009561845420984,Stress,lakes
107,A,110,4,4,CA1,CA23,-0.4864483277686748,Stress,bridges
115,A,118,4,4,CA1,CA23,1.0338857663604006,Stress,bridges
124,A,127,4,4,CA1,CA23,0.0706571033383674,Stress,lakes
134,A,137,4,4,CA1,CA23,3.500891126898129e-05,Stress,lakes
150,A,153,4,4,CA1,CA23,0.9048532528989788,Stress,bridges
167,A,170,4,4,CA1,CA23,0.512651622161424,Stress,bridges
174,A,177,4,4,CA1,CA23,0.0547221727339319,Stress,lakes
186,A,189,4,4,CA1,CA23,-0.0143198659762669,Stress,fields
193,A,196,4,4,CA1,CA23,0.0080221268363617,Stress,lakes
213,A,216,4,4,CA1,CA23,0.2144094378663336,Stress,fields
220,A,223,4,4,CA1,CA23,0.0218297860590325,Stress,fields
227,A,230,4,4,CA1,CA23,-0.0418570253696082,Stress,fields
232,A,235,4,4,CA1,CA23,0.7793540202383497,Stress,lakes
21,A,24,5,2,CA1,CA23,0.2022484938526774,Control,mountains
32,A,35,5,2,CA1,CA23,0.140714317041363,Control,lakes
37,A,40,5,2,CA1,CA23,0.5475110921685655,Control,mountains
52,A,55,5,2,CA1,CA23,0.10311457159621,Control,waterfalls
58,A,61,5,2,CA1,CA23,0.72378277000207,Control,lakes
69,A,72,5,2,CA1,CA23,2.359507305719307,Control,waterfalls
74,A,77,5,2,CA1,CA23,-0.600543299090597,Control,mountains
89,A,92,5,2,CA1,CA23,0.0023263065408016,Control,mountains
94,A,97,5,2,CA1,CA23,0.9581116997439678,Control,waterfalls
104,A,107,5,2,CA1,CA23,0.0002076602867066,Control,waterfalls
111,A,114,5,2,CA1,CA23,-0.0847904366346263,Control,waterfalls
119,A,122,5,2,CA1,CA23,0.0392419705907623,Control,lakes
131,A,134,5,2,CA1,CA23,-0.3298097693611568,Control,mountains
136,A,139,5,2,CA1,CA23,0.8457511785360423,Control,lakes
147,A,150,5,2,CA1,CA23,-0.6237173984569238,Control,lakes
167,A,170,5,2,CA1,CA23,0.236230712997908,Control,mountains
174,A,177,5,2,CA1,CA23,0.4469110274195577,Control,mountains
193,A,196,5,2,CA1,CA23,-1.4025652745760848,Control,lakes
213,A,216,5,2,CA1,CA23,0.2498358007537515,Control,lakes
219,A,222,5,2,CA1,CA23,0.1252022706529473,Control,waterfalls
234,A,237,5,2,CA1,CA23,0.1972734794974296,Control,waterfalls
11,A,14,5,3,CA1,CA23,0.8595383608067478,Control,waterfalls
27,A,30,5,3,CA1,CA23,0.0791496294789519,Control,mountains
33,A,36,5,3,CA1,CA23,-0.054455294689746,Control,lakes
46,A,49,5,3,CA1,CA23,0.3883516650473993,Control,lakes
52,A,55,5,3,CA1,CA23,-0.3791948095583842,Control,mountains
67,A,70,5,3,CA1,CA23,-0.3132862605462709,Control,lakes
80,A,83,5,3,CA1,CA23,-1.5144567296621672,Control,waterfalls
88,A,91,5,3,CA1,CA23,1.1253165810384085,Control,mountains
100,A,103,5,3,CA1,CA23,0.9953517023209748,Control,lakes
105,A,108,5,3,CA1,CA23,-0.2354781241686232,Control,mountains
112,A,115,5,3,CA1,CA23,0.5251258284822755,Control,waterfalls
120,A,123,5,3,CA1,CA23,-0.1502264907395264,Control,mountains
138,A,141,5,3,CA1,CA23,0.9507631867811782,Control,waterfalls
147,A,150,5,3,CA1,CA23,1.500952843969168,Control,lakes
153,A,156,5,3,CA1,CA23,0.0091328653025658,Control,waterfalls
159,A,162,5,3,CA1,CA23,0.0031002155747987,Control,mountains
165,A,168,5,3,CA1,CA23,0.6903706661143574,Control,waterfalls
188,A,191,5,3,CA1,CA23,0.1682738846687466,Control,waterfalls
200,A,203,5,3,CA1,CA23,-0.3077861267813167,Control,lakes
204,A,207,5,3,CA1,CA23,0.0431407445853698,Control,mountains
220,A,223,5,3,CA1,CA23,-0.6156660667121461,Control,lakes
5,A,8,5,4,CA1,CA23,-0.8743920366177995,Control,mountains
11,A,14,5,4,CA1,CA23,-0.7401026291812884,Control,waterfalls
19,A,22,5,4,CA1,CA23,-0.2023404491418141,Control,mountains
32,A,35,5,4,CA1,CA23,-0.4684522062314749,Control,waterfalls
48,A,51,5,4,CA1,CA23,0.1019280900378463,Control,waterfalls
60,A,63,5,4,CA1,CA23,0.018346204278597,Control,lakes
65,A,68,5,4,CA1,CA23,5.271349086493799e-05,Control,mountains
74,A,77,5,4,CA1,CA23,-0.6825866765480075,Control,waterfalls
91,A,94,5,4,CA1,CA23,0.0012856643235123,Control,mountains
108,A,111,5,4,CA1,CA23,0.0022652046208032,Control,lakes
125,A,128,5,4,CA1,CA23,-0.8541315949084123,Control,lakes
137,A,140,5,4,CA1,CA23,1.6913618770900776,Control,lakes
143,A,146,5,4,CA1,CA23,0.4622720280860539,Control,mountains
150,A,153,5,4,CA1,CA23,0.9877770055188968,Control,lakes
166,A,169,5,4,CA1,CA23,0.092956456367086,Control,waterfalls
170,A,173,5,4,CA1,CA23,-0.9009527242469212,Control,mountains
176,A,179,5,4,CA1,CA23,0.0132540767521296,Control,waterfalls
186,A,189,5,4,CA1,CA23,-0.7192020959175407,Control,lakes
197,A,200,5,4,CA1,CA23,0.0245892670451662,Control,mountains
221,A,224,5,4,CA1,CA23,0.4811623299212278,Control,waterfalls
234,A,237,5,4,CA1,CA23,-0.0318397483240113,Control,lakes
13,A,16,7,2,CA1,CA23,-1.6114600030988186,Control,lighthouses
20,A,23,7,2,CA1,CA23,-1.1875388296917988,Control,lighthouses
25,A,28,7,2,CA1,CA23,0.6460589729349486,Control,parks
39,A,42,7,2,CA1,CA23,-0.0090308410595835,Control,lighthouses
46,A,49,7,2,CA1,CA23,-1.102751905566265,Control,forests
57,A,60,7,2,CA1,CA23,0.2540333801577967,Control,forests
81,A,84,7,2,CA1,CA23,0.6103194163949675,Control,parks
93,A,96,7,2,CA1,CA23,1.4409920045936555,Control,parks
104,A,107,7,2,CA1,CA23,0.1850847224821246,Control,parks
121,A,124,7,2,CA1,CA23,-0.7265122072660273,Control,forests
127,A,130,7,2,CA1,CA23,0.956842724266766,Control,lighthouses
132,A,135,7,2,CA1,CA23,-0.4182114400242134,Control,forests
141,A,144,7,2,CA1,CA23,-0.3502926094428362,Control,lighthouses
147,A,150,7,2,CA1,CA23,0.4971691662369201,Control,forests
159,A,162,7,2,CA1,CA23,0.3078612638081131,Control,lighthouses
171,A,174,7,2,CA1,CA23,1.0388274917193476,Control,forests
179,A,182,7,2,CA1,CA23,-3.1196967094596704,Control,lighthouses
194,A,197,7,2,CA1,CA23,0.6615350345788081,Control,parks
200,A,203,7,2,CA1,CA23,0.8394521262551293,Control,forests
216,A,219,7,2,CA1,CA23,0.4532983761438786,Control,parks
236,A,239,7,2,CA1,CA23,0.1463466610739555,Control,parks
5,A,8,7,3,CA1,CA23,0.037882180229649,Control,forests
13,A,16,7,3,CA1,CA23,-0.0140783364790067,Control,parks
22,A,25,7,3,CA1,CA23,0.0553767073824789,Control,lighthouses
33,A,36,7,3,CA1,CA23,1.432811129359736,Control,forests
40,A,43,7,3,CA1,CA23,-1.0953977333302378,Control,lighthouses
45,A,48,7,3,CA1,CA23,-0.7589059876988054,Control,parks
54,A,57,7,3,CA1,CA23,-0.7614684574970051,Control,lighthouses
58,A,61,7,3,CA1,CA23,-0.1188395072229457,Control,forests
69,A,72,7,3,CA1,CA23,-0.9050380816355575,Control,forests
89,A,92,7,3,CA1,CA23,0.6019580070376661,Control,parks
96,A,99,7,3,CA1,CA23,0.2040735688119538,Control,lighthouses
108,A,111,7,3,CA1,CA23,-1.1904526183309558,Control,lighthouses
114,A,117,7,3,CA1,CA23,-0.0402442154795459,Control,parks
120,A,123,7,3,CA1,CA23,0.1213840320095849,Control,forests
129,A,132,7,3,CA1,CA23,-0.6800689446043007,Control,lighthouses
136,A,139,7,3,CA1,CA23,-0.4156895741629211,Control,forests
154,A,157,7,3,CA1,CA23,1.2941416880402985,Control,parks
184,A,187,7,3,CA1,CA23,0.9619639514412864,Control,forests
190,A,193,7,3,CA1,CA23,1.7499157517109971,Control,parks
195,A,198,7,3,CA1,CA23,-0.0319307876838232,Control,lighthouses
208,A,211,7,3,CA1,CA23,-0.0289855174553697,Control,parks
5,A,8,7,4,CA1,CA23,0.072152431211974,Control,lighthouses
12,A,15,7,4,CA1,CA23,-0.7164993146664024,Control,forests
23,A,26,7,4,CA1,CA23,0.897518390036006,Control,parks
36,A,39,7,4,CA1,CA23,0.0409775177113702,Control,forests
47,A,50,7,4,CA1,CA23,0.5036115010577809,Control,lighthouses
65,A,68,7,4,CA1,CA23,0.0869736198862409,Control,lighthouses
84,A,87,7,4,CA1,CA23,-0.3114562330687965,Control,parks
92,A,95,7,4,CA1,CA23,-0.2648365697747631,Control,parks
115,A,118,7,4,CA1,CA23,-0.7771334940643222,Control,lighthouses
122,A,125,7,4,CA1,CA23,-1.9135307976023657,Control,forests
144,A,147,7,4,CA1,CA23,2.13904913984608,Control,forests
151,A,154,7,4,CA1,CA23,0.7703238283380685,Control,lighthouses
163,A,166,7,4,CA1,CA23,1.7385471806808377,Control,lighthouses
169,A,172,7,4,CA1,CA23,0.5831906367125598,Control,forests
173,A,176,7,4,CA1,CA23,2.280256383278989,Control,parks
178,A,181,7,4,CA1,CA23,0.3202128868430732,Control,lighthouses
182,A,185,7,4,CA1,CA23,1.5101696652051757,Control,forests
203,A,206,7,4,CA1,CA23,0.5911120105514713,Control,parks
213,A,216,7,4,CA1,CA23,0.9818720897373348,Control,parks
224,A,227,7,4,CA1,CA23,-0.6204242656520698,Control,parks
235,A,238,7,4,CA1,CA23,0.0178475607402752,Control,forests
11,A,14,8,2,CA1,CA23,0.6548914331795873,Control,lakes
17,A,20,8,2,CA1,CA23,-1.3903927613205247,Control,beaches
26,A,29,8,2,CA1,CA23,0.0505751751570777,Control,lakes
38,A,41,8,2,CA1,CA23,0.3779859969386824,Control,beaches
49,A,52,8,2,CA1,CA23,0.2552301061244262,Control,lighthouses
63,A,66,8,2,CA1,CA23,0.078974409275551,Control,lighthouses
83,A,86,8,2,CA1,CA23,-0.6726601310957265,Control,lighthouses
93,A,96,8,2,CA1,CA23,0.1425629613938263,Control,beaches
97,A,100,8,2,CA1,CA23,-0.281240479341725,Control,lighthouses
112,A,115,8,2,CA1,CA23,-0.0496808516071614,Control,lighthouses
123,A,126,8,2,CA1,CA23,-0.4488905317745417,Control,beaches
131,A,134,8,2,CA1,CA23,-0.2123509520120243,Control,lakes
140,A,143,8,2,CA1,CA23,0.0339370101597507,Control,beaches
152,A,155,8,2,CA1,CA23,-0.3339511516271222,Control,lakes
163,A,166,8,2,CA1,CA23,1.0561547307808017,Control,lighthouses
172,A,175,8,2,CA1,CA23,-0.9827228163939916,Control,lakes
182,A,185,8,2,CA1,CA23,0.3878076276999964,Control,lighthouses
194,A,197,8,2,CA1,CA23,0.2431380615198948,Control,lakes
218,A,221,8,2,CA1,CA23,0.216617460593402,Control,beaches
235,A,238,8,2,CA1,CA23,1.1474165835927166,Control,beaches
5,A,8,8,3,CA1,CA23,2.066243839586849,Control,lakes
32,A,35,8,3,CA1,CA23,0.0003215411918103,Control,lighthouses
46,A,49,8,3,CA1,CA23,0.0096808175730474,Control,beaches
57,A,60,8,3,CA1,CA23,-0.5409519120712746,Control,lakes
61,A,64,8,3,CA1,CA23,0.1892777215027838,Control,lighthouses
67,A,70,8,3,CA1,CA23,0.8605744823366643,Control,beaches
72,A,75,8,3,CA1,CA23,-0.2742696977464789,Control,lighthouses
87,A,90,8,3,CA1,CA23,6.244891238135081,Control,lakes
98,A,101,8,3,CA1,CA23,9.559578678499456e-05,Control,lakes
105,A,108,8,3,CA1,CA23,1.0081316179136113,Control,beaches
114,A,117,8,3,CA1,CA23,0.2140353868150447,Control,lighthouses
126,A,129,8,3,CA1,CA23,-1.1732930545132694,Control,beaches
149,A,152,8,3,CA1,CA23,0.0010476425753866,Control,lakes
154,A,157,8,3,CA1,CA23,-0.2041350757625657,Control,lighthouses
167,A,170,8,3,CA1,CA23,-1.4211578340219018,Control,beaches
179,A,182,8,3,CA1,CA23,0.2057174671689058,Control,lighthouses
188,A,191,8,3,CA1,CA23,0.0079649222053267,Control,lighthouses
197,A,200,8,3,CA1,CA23,0.5151131496344178,Control,lakes
207,A,210,8,3,CA1,CA23,2.626052070138337,Control,beaches
213,A,216,8,3,CA1,CA23,-1.842190139267264,Control,lakes
226,A,229,8,3,CA1,CA23,1.2576541068621292,Control,beaches
9,A,12,8,4,CA1,CA23,-0.0365332320634508,Control,lighthouses
18,A,21,8,4,CA1,CA23,0.0477721348290241,Control,lighthouses
24,A,27,8,4,CA1,CA23,0.0570345260421771,Control,lakes
33,A,36,8,4,CA1,CA23,-0.0814112883495722,Control,beaches
55,A,58,8,4,CA1,CA23,0.118950365080369,Control,beaches
70,A,73,8,4,CA1,CA23,0.414750428161565,Control,beaches
78,A,81,8,4,CA1,CA23,0.976028019133546,Control,beaches
84,A,87,8,4,CA1,CA23,2.4596908237794444,Control,lakes
104,A,107,8,4,CA1,CA23,-1.482931554880258,Control,lakes
111,A,114,8,4,CA1,CA23,0.0085998548612156,Control,lighthouses
122,A,125,8,4,CA1,CA23,0.0047365311181485,Control,lighthouses
133,A,136,8,4,CA1,CA23,0.0134819011799034,Control,lighthouses
145,A,148,8,4,CA1,CA23,0.0660643166025006,Control,lakes
151,A,154,8,4,CA1,CA23,3.874771713916173,Control,lighthouses
180,A,183,8,4,CA1,CA23,0.0028631081017025,Control,lakes
184,A,187,8,4,CA1,CA23,0.3692521432685147,Control,lighthouses
192,A,195,8,4,CA1,CA23,0.9023639507790552,Control,beaches
209,A,212,8,4,CA1,CA23,-0.3229293211656575,Control,lakes
215,A,218,8,4,CA1,CA23,-1.0697685659362046,Control,beaches
221,A,224,8,4,CA1,CA23,0.37968692499858,Control,lakes
236,A,239,8,4,CA1,CA23,2.970087916562109,Control,beaches
15,A,18,10,2,CA1,CA23,-0.0290526573337953,Stress,lighthouses
23,A,26,10,2,CA1,CA23,3.5796124536637195,Stress,mountains
43,A,46,10,2,CA1,CA23,0.1228635631492248,Stress,lighthouses
51,A,54,10,2,CA1,CA23,-0.2228406216009782,Stress,mountains
62,A,65,10,2,CA1,CA23,-0.1210476239656396,Stress,lighthouses
72,A,75,10,2,CA1,CA23,-0.320148458308036,Stress,mountains
78,A,81,10,2,CA1,CA23,0.8373025750632201,Stress,lighthouses
83,A,86,10,2,CA1,CA23,-0.4096692937298969,Stress,mountains
122,A,125,10,2,CA1,CA23,1.4476162460685742,Stress,fields
135,A,138,10,2,CA1,CA23,1.0867166960410188,Stress,lighthouses
150,A,153,10,2,CA1,CA23,-0.352202527949353,Stress,fields
163,A,166,10,2,CA1,CA23,-0.0041244957686894,Stress,mountains
168,A,171,10,2,CA1,CA23,-2.472619861920605,Stress,fields
172,A,175,10,2,CA1,CA23,-1.1306229710887448,Stress,mountains
178,A,181,10,2,CA1,CA23,-0.8488607412084971,Stress,lighthouses
196,A,199,10,2,CA1,CA23,0.0535270240621193,Stress,fields
210,A,213,10,2,CA1,CA23,0.0523184906870483,Stress,fields
214,A,217,10,2,CA1,CA23,0.257328094047035,Stress,mountains
229,A,232,10,2,CA1,CA23,0.1518513832713346,Stress,lighthouses
236,A,239,10,2,CA1,CA23,0.0317157043265745,Stress,fields
5,A,8,10,3,CA1,CA23,0.0493380729694845,Stress,lighthouses
19,A,22,10,3,CA1,CA23,1.0398680930365207,Stress,mountains
25,A,28,10,3,CA1,CA23,-0.0027362144313707,Stress,lighthouses
35,A,38,10,3,CA1,CA23,-0.513499450819665,Stress,fields
42,A,45,10,3,CA1,CA23,0.6769021444991957,Stress,mountains
53,A,56,10,3,CA1,CA23,0.0174330408126496,Stress,lighthouses
67,A,70,10,3,CA1,CA23,2.4767147341288807,Stress,lighthouses
75,A,78,10,3,CA1,CA23,-0.8483162231356354,Stress,mountains
141,A,144,10,3,CA1,CA23,0.4133083021091691,Stress,fields
160,A,163,10,3,CA1,CA23,1.7378744034143945,Stress,fields
174,A,177,10,3,CA1,CA23,0.5336316330450498,Stress,lighthouses
179,A,182,10,3,CA1,CA23,0.0006573893334444,Stress,mountains
227,A,230,10,3,CA1,CA23,2.166490836329109,Stress,fields
234,A,237,10,3,CA1,CA23,1.3747057859841096,Stress,mountains
5,A,8,10,4,CA1,CA23,-0.1457331291110561,Stress,lighthouses
22,A,25,10,4,CA1,CA23,1.0844908295917897,Stress,fields
27,A,30,10,4,CA1,CA23,-0.0135651141160057,Stress,mountains
54,A,57,10,4,CA1,CA23,0.8253730087713027,Stress,mountains
59,A,62,10,4,CA1,CA23,-0.0985723117836457,Stress,lighthouses
76,A,79,10,4,CA1,CA23,2.778843715934817,Stress,mountains
83,A,86,10,4,CA1,CA23,-0.3151691880334881,Stress,lighthouses
93,A,96,10,4,CA1,CA23,0.0905399171274448,Stress,lighthouses
113,A,116,10,4,CA1,CA23,0.0245455187524069,Stress,mountains
144,A,147,10,4,CA1,CA23,0.0068657865590281,Stress,fields
153,A,156,10,4,CA1,CA23,3.085374047296028,Stress,mountains
160,A,163,10,4,CA1,CA23,-1.163500247064191,Stress,mountains
168,A,171,10,4,CA1,CA23,0.5270427687109102,Stress,lighthouses
177,A,180,10,4,CA1,CA23,-1.250906404995701,Stress,fields
223,A,226,10,4,CA1,CA23,0.640072562473012,Stress,mountains
233,A,236,10,4,CA1,CA23,1.3852491354013152,Stress,fields
13,A,16,13,2,CA1,CA23,-0.9279535921779204,Control,fields
21,A,24,13,2,CA1,CA23,-0.3158341545409906,Control,forests
29,A,32,13,2,CA1,CA23,-0.0539907853501382,Control,waterfalls
40,A,43,13,2,CA1,CA23,-0.4423692013171472,Control,waterfalls
44,A,47,13,2,CA1,CA23,-2.4795659548513185,Control,forests
62,A,65,13,2,CA1,CA23,0.0557389948806585,Control,fields
74,A,77,13,2,CA1,CA23,0.0133304335616531,Control,fields
94,A,97,13,2,CA1,CA23,-1.7214690210222496,Control,forests
109,A,112,13,2,CA1,CA23,-3.4331390279363903,Control,waterfalls
117,A,120,13,2,CA1,CA23,0.8782441112425811,Control,waterfalls
125,A,128,13,2,CA1,CA23,1.2186197859115273,Control,forests
151,A,154,13,2,CA1,CA23,0.0001632012960946,Control,fields
160,A,163,13,2,CA1,CA23,0.0011776924004222,Control,forests
165,A,168,13,2,CA1,CA23,-0.4567675637925785,Control,waterfalls
172,A,175,13,2,CA1,CA23,-0.0294331091611302,Control,forests
184,A,187,13,2,CA1,CA23,0.2122856311639878,Control,fields
196,A,199,13,2,CA1,CA23,0.495728538065685,Control,waterfalls
207,A,210,13,2,CA1,CA23,-0.5798088104362331,Control,fields
218,A,221,13,2,CA1,CA23,1.9348838346795785,Control,waterfalls
223,A,226,13,2,CA1,CA23,0.9190967942436216,Control,forests
233,A,236,13,2,CA1,CA23,0.1757487190466669,Control,fields
5,A,8,13,3,CA1,CA23,2.625510176082506,Control,fields
19,A,22,13,3,CA1,CA23,1.302442620643706,Control,forests
37,A,40,13,3,CA1,CA23,-3.037497333012175e-05,Control,fields
65,A,68,13,3,CA1,CA23,2.470220370385358,Control,waterfalls
77,A,80,13,3,CA1,CA23,1.659418474242318,Control,waterfalls
88,A,91,13,3,CA1,CA23,-0.1746105683813157,Control,fields
101,A,104,13,3,CA1,CA23,0.0010089680700742,Control,fields
117,A,120,13,3,CA1,CA23,-2.242813172999665e-05,Control,waterfalls
127,A,130,13,3,CA1,CA23,0.7512921640420895,Control,waterfalls
136,A,139,13,3,CA1,CA23,-0.1557944788460471,Control,forests
145,A,148,13,3,CA1,CA23,-6.157000437596848e-05,Control,forests
154,A,157,13,3,CA1,CA23,-0.0426579830853026,Control,waterfalls
164,A,167,13,3,CA1,CA23,-0.0155339759671552,Control,forests
170,A,173,13,3,CA1,CA23,1.1451504547033746,Control,fields
176,A,179,13,3,CA1,CA23,-0.1227455023075774,Control,forests
182,A,185,13,3,CA1,CA23,-0.0164150159710324,Control,waterfalls
187,A,190,13,3,CA1,CA23,0.4965402661347786,Control,fields
201,A,204,13,3,CA1,CA23,0.5978578261140417,Control,fields
206,A,209,13,3,CA1,CA23,0.0207309565024664,Control,waterfalls
217,A,220,13,3,CA1,CA23,2.3322578973695447,Control,forests
230,A,233,13,3,CA1,CA23,-1.6648756430219525,Control,forests
8,A,11,13,4,CA1,CA23,-2.484626413345788,Control,forests
14,A,17,13,4,CA1,CA23,1.0460795668764602,Control,fields
28,A,31,13,4,CA1,CA23,0.8202337709360852,Control,forests
38,A,41,13,4,CA1,CA23,0.0243332364870464,Control,fields
46,A,49,13,4,CA1,CA23,0.412356218014582,Control,waterfalls
61,A,64,13,4,CA1,CA23,0.1858175972393302,Control,waterfalls
70,A,73,13,4,CA1,CA23,1.2166798849279463,Control,fields
78,A,81,13,4,CA1,CA23,1.5633096282261691,Control,fields
90,A,93,13,4,CA1,CA23,0.1852921516486202,Control,fields
96,A,99,13,4,CA1,CA23,0.2958902277961688,Control,waterfalls
102,A,105,13,4,CA1,CA23,-0.0099053868097696,Control,forests
110,A,113,13,4,CA1,CA23,-1.4167998919758304,Control,waterfalls
118,A,121,13,4,CA1,CA23,0.3552363027458314,Control,fields
144,A,147,13,4,CA1,CA23,-0.5751653748456902,Control,forests
155,A,158,13,4,CA1,CA23,0.2231377340698885,Control,forests
161,A,164,13,4,CA1,CA23,-0.448557111045094,Control,forests
170,A,173,13,4,CA1,CA23,0.0176478876159556,Control,fields
197,A,200,13,4,CA1,CA23,0.0016300688981981,Control,waterfalls
210,A,213,13,4,CA1,CA23,-0.1752541618415475,Control,waterfalls
219,A,222,13,4,CA1,CA23,0.2167779952901105,Control,forests
228,A,231,13,4,CA1,CA23,-0.0255284924692357,Control,waterfalls
8,A,11,14,2,CA1,CA23,-0.0495693089973044,Stress,bridges
16,A,19,14,2,CA1,CA23,-0.039667845822551,Stress,fields
26,A,29,14,2,CA1,CA23,-0.3170038361406008,Stress,fields
36,A,39,14,2,CA1,CA23,-0.873792111460046,Stress,bridges
46,A,49,14,2,CA1,CA23,-0.0498354163837868,Stress,bridges
58,A,61,14,2,CA1,CA23,0.0081990495163331,Stress,waterfalls
67,A,70,14,2,CA1,CA23,-0.1202840458131142,Stress,fields
86,A,89,14,2,CA1,CA23,0.5940087131304808,Stress,fields
98,A,101,14,2,CA1,CA23,-0.8337172299052243,Stress,fields
115,A,118,14,2,CA1,CA23,-0.2103875901621295,Stress,waterfalls
126,A,129,14,2,CA1,CA23,-0.0013061365872827,Stress,bridges
132,A,135,14,2,CA1,CA23,1.7433705665130843,Stress,fields
140,A,143,14,2,CA1,CA23,-0.0218680549062039,Stress,bridges
152,A,155,14,2,CA1,CA23,0.3897471877044894,Stress,waterfalls
161,A,164,14,2,CA1,CA23,-0.417104324289513,Stress,waterfalls
186,A,189,14,2,CA1,CA23,-0.2417298497127035,Stress,bridges
196,A,199,14,2,CA1,CA23,1.2814202499932732,Stress,waterfalls
209,A,212,14,2,CA1,CA23,-1.03038886285848,Stress,waterfalls
216,A,219,14,2,CA1,CA23,-0.2774793369583885,Stress,fields
224,A,227,14,2,CA1,CA23,-0.0029941511926767,Stress,waterfalls
228,A,231,14,2,CA1,CA23,-0.175713971739275,Stress,bridges
5,A,8,14,3,CA1,CA23,0.4831373532970208,Stress,fields
18,A,21,14,3,CA1,CA23,0.0805088404060858,Stress,fields
22,A,25,14,3,CA1,CA23,0.1032218117321346,Stress,bridges
30,A,33,14,3,CA1,CA23,0.1751063321213437,Stress,bridges
35,A,38,14,3,CA1,CA23,1.936749967784696,Stress,fields
56,A,59,14,3,CA1,CA23,0.8942217062221104,Stress,waterfalls
74,A,77,14,3,CA1,CA23,-0.2109278308252594,Stress,fields
83,A,86,14,3,CA1,CA23,-0.5964201304949314,Stress,bridges
89,A,92,14,3,CA1,CA23,0.3385722116308581,Stress,waterfalls
103,A,106,14,3,CA1,CA23,-0.4998443003125723,Stress,bridges
111,A,114,14,3,CA1,CA23,0.2968683673235029,Stress,fields
131,A,134,14,3,CA1,CA23,0.115213501554231,Stress,waterfalls
143,A,146,14,3,CA1,CA23,0.3787939724688239,Stress,fields
159,A,162,14,3,CA1,CA23,-0.6929118882981384,Stress,waterfalls
168,A,171,14,3,CA1,CA23,2.685523129768848,Stress,bridges
181,A,184,14,3,CA1,CA23,0.1298585260037245,Stress,bridges
187,A,190,14,3,CA1,CA23,-0.0821832673664819,Stress,waterfalls
194,A,197,14,3,CA1,CA23,-0.985617591643783,Stress,bridges
210,A,213,14,3,CA1,CA23,0.127172020607427,Stress,waterfalls
230,A,233,14,3,CA1,CA23,0.3128361729410168,Stress,waterfalls
236,A,239,14,3,CA1,CA23,-0.2790326505250719,Stress,fields
10,A,13,14,4,CA1,CA23,-0.1267845968964846,Stress,fields
14,A,17,14,4,CA1,CA23,-0.2512846652380807,Stress,bridges
31,A,34,14,4,CA1,CA23,-0.3899986078277366,Stress,waterfalls
36,A,39,14,4,CA1,CA23,0.1552087305049199,Stress,fields
43,A,46,14,4,CA1,CA23,-0.5733389999086228,Stress,bridges
51,A,54,14,4,CA1,CA23,-0.0071408887326013,Stress,fields
56,A,59,14,4,CA1,CA23,0.3859446395234171,Stress,waterfalls
67,A,70,14,4,CA1,CA23,1.8531757739564043,Stress,waterfalls
77,A,80,14,4,CA1,CA23,-1.883302023964434,Stress,bridges
86,A,89,14,4,CA1,CA23,0.811835965623372,Stress,fields
104,A,107,14,4,CA1,CA23,-0.3674009159109009,Stress,waterfalls
113,A,116,14,4,CA1,CA23,-0.4726328694726432,Stress,waterfalls
146,A,149,14,4,CA1,CA23,0.5527076916976281,Stress,fields
157,A,160,14,4,CA1,CA23,0.1244671768247425,Stress,bridges
167,A,170,14,4,CA1,CA23,-3.5537382659018264,Stress,bridges
176,A,179,14,4,CA1,CA23,0.0361716388366379,Stress,fields
184,A,187,14,4,CA1,CA23,0.1573766118247369,Stress,bridges
204,A,207,14,4,CA1,CA23,2.732474301737358,Stress,waterfalls
216,A,219,14,4,CA1,CA23,-3.017188027148487,Stress,waterfalls
5,A,8,15,2,CA1,CA23,0.4236169223577861,Control,lakes
13,A,16,15,2,CA1,CA23,0.009223583359097,Control,lakes
19,A,22,15,2,CA1,CA23,0.4691138811747198,Control,mountains
34,A,37,15,2,CA1,CA23,1.4323401331563783,Control,lakes
45,A,48,15,2,CA1,CA23,0.8857257004254565,Control,lakes
54,A,57,15,2,CA1,CA23,1.2763196755993675,Control,deserts
63,A,66,15,2,CA1,CA23,-0.2361314851869099,Control,deserts
82,A,85,15,2,CA1,CA23,0.0745470194229689,Control,mountains
89,A,92,15,2,CA1,CA23,-0.0486683133666036,Control,mountains
118,A,121,15,2,CA1,CA23,-0.0276640833311249,Control,deserts
128,A,131,15,2,CA1,CA23,-2.111823025731176,Control,mountains
141,A,144,15,2,CA1,CA23,0.1394328243318346,Control,deserts
146,A,149,15,2,CA1,CA23,-0.7973185180676939,Control,lakes
153,A,156,15,2,CA1,CA23,-0.0819084897170547,Control,deserts
161,A,164,15,2,CA1,CA23,0.0282051056514756,Control,lakes
180,A,183,15,2,CA1,CA23,0.1374808306900795,Control,deserts
192,A,195,15,2,CA1,CA23,-0.1113249250991874,Control,mountains
198,A,201,15,2,CA1,CA23,0.2501202863008621,Control,deserts
204,A,207,15,2,CA1,CA23,-0.0022802878337784,Control,mountains
212,A,215,15,2,CA1,CA23,-0.8186431708039621,Control,lakes
229,A,232,15,2,CA1,CA23,1.6358605275899092,Control,mountains
13,A,16,15,3,CA1,CA23,0.0001197862922485,Control,lakes
32,A,35,15,3,CA1,CA23,0.195145873926349,Control,mountains
40,A,43,15,3,CA1,CA23,-0.0647368251296919,Control,lakes
52,A,55,15,3,CA1,CA23,0.8511295973674697,Control,deserts
60,A,63,15,3,CA1,CA23,0.0973274268738383,Control,mountains
69,A,72,15,3,CA1,CA23,-0.164973063322354,Control,mountains
79,A,82,15,3,CA1,CA23,-0.9176276537924608,Control,lakes
91,A,94,15,3,CA1,CA23,0.0871890437930038,Control,deserts
106,A,109,15,3,CA1,CA23,-0.0818759186114512,Control,lakes
110,A,113,15,3,CA1,CA23,-0.4710681630158086,Control,deserts
126,A,129,15,3,CA1,CA23,1.789717966151075,Control,lakes
141,A,144,15,3,CA1,CA23,1.5907392688879547,Control,deserts
155,A,158,15,3,CA1,CA23,0.28866540496726,Control,mountains
165,A,168,15,3,CA1,CA23,0.0005013036270619,Control,deserts
181,A,184,15,3,CA1,CA23,0.2226959302968877,Control,mountains
194,A,197,15,3,CA1,CA23,0.7771074576648308,Control,deserts
201,A,204,15,3,CA1,CA23,0.3757532287922492,Control,lakes
206,A,209,15,3,CA1,CA23,2.007142910387051,Control,mountains
225,A,228,15,3,CA1,CA23,-0.3142406854261063,Control,mountains
230,A,233,15,3,CA1,CA23,5.102971338113803,Control,deserts
236,A,239,15,3,CA1,CA23,0.6885331692125174,Control,lakes
9,A,12,15,4,CA1,CA23,-0.0295339242170928,Control,mountains
17,A,20,15,4,CA1,CA23,-0.0894115963799548,Control,deserts
27,A,30,15,4,CA1,CA23,-0.3107787175766079,Control,mountains
34,A,37,15,4,CA1,CA23,0.4198612901680477,Control,lakes
38,A,41,15,4,CA1,CA23,1.312852891620926,Control,deserts
50,A,53,15,4,CA1,CA23,-0.2461009390428248,Control,lakes
62,A,65,15,4,CA1,CA23,0.051984777144128,Control,lakes
78,A,81,15,4,CA1,CA23,-0.0014816652056793,Control,deserts
96,A,99,15,4,CA1,CA23,0.2443283493409814,Control,lakes
101,A,104,15,4,CA1,CA23,0.688038390301872,Control,mountains
110,A,113,15,4,CA1,CA23,0.0012765724863741,Control,mountains
130,A,133,15,4,CA1,CA23,0.0374850292632259,Control,mountains
141,A,144,15,4,CA1,CA23,0.6774061481584279,Control,mountains
150,A,153,15,4,CA1,CA23,0.0167335963397755,Control,deserts
158,A,161,15,4,CA1,CA23,0.6658462166593744,Control,lakes
163,A,166,15,4,CA1,CA23,2.132004168046558,Control,deserts
173,A,176,15,4,CA1,CA23,-0.7819390355651976,Control,deserts
196,A,199,15,4,CA1,CA23,-0.1774276382995488,Control,lakes
203,A,206,15,4,CA1,CA23,1.1487727416107425,Control,deserts
225,A,228,15,4,CA1,CA23,0.2633569417767171,Control,lakes
233,A,236,15,4,CA1,CA23,1.845252947349889,Control,mountains
16,A,19,17,2,CA1,CA23,0.1112071563312376,Control,marshes
36,A,39,17,2,CA1,CA23,0.9698965650269696,Control,canyons
43,A,46,17,2,CA1,CA23,0.0708031866893064,Control,fields
49,A,52,17,2,CA1,CA23,-0.6028536140238091,Control,canyons
63,A,66,17,2,CA1,CA23,0.1961542698889389,Control,canyons
81,A,84,17,2,CA1,CA23,0.8939635541703104,Control,marshes
91,A,94,17,2,CA1,CA23,-0.0393497818807811,Control,fields
97,A,100,17,2,CA1,CA23,1.4091560573313355,Control,canyons
107,A,110,17,2,CA1,CA23,0.0737299806164822,Control,fields
111,A,114,17,2,CA1,CA23,0.1726695781375729,Control,canyons
118,A,121,17,2,CA1,CA23,1.334093041950928,Control,fields
122,A,125,17,2,CA1,CA23,0.2161123541262545,Control,marshes
133,A,136,17,2,CA1,CA23,0.7144612322029097,Control,fields
139,A,142,17,2,CA1,CA23,-0.4519800991865017,Control,marshes
152,A,155,17,2,CA1,CA23,0.0070361616828433,Control,canyons
182,A,185,17,2,CA1,CA23,-0.1532323995906947,Control,marshes
192,A,195,17,2,CA1,CA23,1.3813427478171996,Control,fields
206,A,209,17,2,CA1,CA23,1.3649342497292174,Control,canyons
211,A,214,17,2,CA1,CA23,-0.3384429509730641,Control,fields
217,A,220,17,2,CA1,CA23,-0.6396504213672114,Control,marshes
228,A,231,17,2,CA1,CA23,0.4812841746982083,Control,marshes
7,A,10,17,3,CA1,CA23,-0.0417883185632765,Control,fields
15,A,18,17,3,CA1,CA23,0.0071176770819374,Control,fields
24,A,27,17,3,CA1,CA23,-0.4632583533089774,Control,marshes
49,A,52,17,3,CA1,CA23,-0.6156004933001359,Control,marshes
60,A,63,17,3,CA1,CA23,0.5466489363304597,Control,fields
76,A,79,17,3,CA1,CA23,1.3150739779135712,Control,canyons
81,A,84,17,3,CA1,CA23,2.5956207800379807,Control,marshes
88,A,91,17,3,CA1,CA23,1.6424464073493774,Control,marshes
99,A,102,17,3,CA1,CA23,0.1061152047161717,Control,marshes
109,A,112,17,3,CA1,CA23,1.3777377531581547,Control,fields
115,A,118,17,3,CA1,CA23,-0.958563098236378,Control,canyons
125,A,128,17,3,CA1,CA23,1.1880239536011818,Control,fields
142,A,145,17,3,CA1,CA23,-1.4241012215043374,Control,canyons
177,A,180,17,3,CA1,CA23,-1.810116393324144,Control,canyons
186,A,189,17,3,CA1,CA23,0.8099031453312503,Control,fields
199,A,202,17,3,CA1,CA23,1.3863176096866296,Control,canyons
219,A,222,17,3,CA1,CA23,-0.300314787811783,Control,canyons
223,A,226,17,3,CA1,CA23,-0.1194811309961944,Control,marshes
228,A,231,17,3,CA1,CA23,-0.0509546073174944,Control,canyons
237,A,240,17,3,CA1,CA23,-0.120636085620155,Control,fields
9,A,12,17,4,CA1,CA23,0.0001496479826258,Control,fields
17,A,20,17,4,CA1,CA23,-0.3672317994885437,Control,marshes
25,A,28,17,4,CA1,CA23,-0.1256670844460296,Control,canyons
41,A,44,17,4,CA1,CA23,-0.0036983863479177,Control,fields
50,A,53,17,4,CA1,CA23,-0.4065298793002876,Control,marshes
60,A,63,17,4,CA1,CA23,0.1733853237897162,Control,fields
72,A,75,17,4,CA1,CA23,-0.2522621986722833,Control,marshes
88,A,91,17,4,CA1,CA23,0.0193137217029544,Control,marshes
93,A,96,17,4,CA1,CA23,0.6602006110490549,Control,fields
105,A,108,17,4,CA1,CA23,1.346667506923767,Control,marshes
131,A,134,17,4,CA1,CA23,0.8049796267264278,Control,marshes
181,A,184,17,4,CA1,CA23,0.191123081847617,Control,canyons
202,A,205,17,4,CA1,CA23,0.3351321477588833,Control,fields
219,A,222,17,4,CA1,CA23,0.4799705025871159,Control,canyons
233,A,236,17,4,CA1,CA23,0.7508179509835751,Control,marshes
8,A,11,20,2,CA1,CA23,0.0204068483068052,Control,parks
16,A,19,20,2,CA1,CA23,-1.5708721751176675,Control,beaches
33,A,36,20,2,CA1,CA23,-1.0310098513552903,Control,deserts
40,A,43,20,2,CA1,CA23,-0.2023181275661814,Control,beaches
55,A,58,20,2,CA1,CA23,0.4035621012892062,Control,parks
73,A,76,20,2,CA1,CA23,-0.3791613620426031,Control,beaches
80,A,83,20,2,CA1,CA23,0.7555278019660967,Control,deserts
86,A,89,20,2,CA1,CA23,-0.8276384319690282,Control,parks
104,A,107,20,2,CA1,CA23,-0.1294622459573895,Control,beaches
110,A,113,20,2,CA1,CA23,-0.0928975114772489,Control,parks
124,A,127,20,2,CA1,CA23,-0.812042511316379,Control,deserts
132,A,135,20,2,CA1,CA23,0.7002786029806671,Control,beaches
157,A,160,20,2,CA1,CA23,-2.247832230079884,Control,parks
162,A,165,20,2,CA1,CA23,-1.490287086933635,Control,deserts
174,A,177,20,2,CA1,CA23,-0.7039643675981118,Control,parks
193,A,196,20,2,CA1,CA23,1.3094591147827137,Control,deserts
199,A,202,20,2,CA1,CA23,0.0309786759410008,Control,parks
205,A,208,20,2,CA1,CA23,1.657469892906256,Control,deserts
214,A,217,20,2,CA1,CA23,0.2900653498721051,Control,beaches
220,A,223,20,2,CA1,CA23,-0.4353912325378251,Control,deserts
228,A,231,20,2,CA1,CA23,-0.0565647911175067,Control,beaches
32,A,35,20,3,CA1,CA23,0.004976185720612,Control,parks
42,A,45,20,3,CA1,CA23,-0.894776676020379,Control,deserts
47,A,50,20,3,CA1,CA23,-0.0696057943440753,Control,beaches
68,A,71,20,3,CA1,CA23,1.3569228901887642,Control,deserts
74,A,77,20,3,CA1,CA23,1.8417397546195056,Control,beaches
88,A,91,20,3,CA1,CA23,1.0198402620775873,Control,parks
102,A,105,20,3,CA1,CA23,1.4945082766466231,Control,beaches
110,A,113,20,3,CA1,CA23,-0.0283770347761675,Control,parks
124,A,127,20,3,CA1,CA23,-0.0758207732892387,Control,deserts
135,A,138,20,3,CA1,CA23,-1.6342697320446251,Control,parks
142,A,145,20,3,CA1,CA23,-0.1551055339000878,Control,beaches
162,A,165,20,3,CA1,CA23,-0.6249126290411245,Control,deserts
168,A,171,20,3,CA1,CA23,-0.3400296992119415,Control,beaches
176,A,179,20,3,CA1,CA23,-0.3694592282784832,Control,beaches
184,A,187,20,3,CA1,CA23,0.9206802526124804,Control,parks
201,A,204,20,3,CA1,CA23,0.016648701456386,Control,deserts
206,A,209,20,3,CA1,CA23,0.4666612302834411,Control,parks
210,A,213,20,3,CA1,CA23,0.0480253630140117,Control,deserts
218,A,221,20,3,CA1,CA23,-0.0061910557466017,Control,deserts
226,A,229,20,3,CA1,CA23,-0.3493954705887201,Control,beaches
234,A,237,20,3,CA1,CA23,-0.1629853771902322,Control,parks
5,A,8,20,4,CA1,CA23,0.0234402377284873,Control,parks
14,A,17,20,4,CA1,CA23,-0.7971828530164072,Control,deserts
37,A,40,20,4,CA1,CA23,-0.1253802778822677,Control,parks
57,A,60,20,4,CA1,CA23,0.3347565253132694,Control,beaches
66,A,69,20,4,CA1,CA23,-0.1147256106236802,Control,beaches
76,A,79,20,4,CA1,CA23,-0.088538572722148,Control,deserts
81,A,84,20,4,CA1,CA23,-0.4378010123223221,Control,beaches
97,A,100,20,4,CA1,CA23,0.0024343910316578,Control,parks
114,A,117,20,4,CA1,CA23,0.0057880934792923,Control,beaches
138,A,141,20,4,CA1,CA23,-0.6450240549801884,Control,deserts
144,A,147,20,4,CA1,CA23,0.4420878061459494,Control,beaches
157,A,160,20,4,CA1,CA23,-4.021143063099061,Control,parks
164,A,167,20,4,CA1,CA23,0.5407923303125622,Control,parks
170,A,173,20,4,CA1,CA23,0.3255094564615189,Control,beaches
177,A,180,20,4,CA1,CA23,0.5441903209211127,Control,parks
185,A,188,20,4,CA1,CA23,1.2872432017435491,Control,beaches
190,A,193,20,4,CA1,CA23,-0.0479206559293043,Control,deserts
207,A,210,20,4,CA1,CA23,0.223789084513346,Control,deserts
212,A,215,20,4,CA1,CA23,0.317073061298871,Control,parks
220,A,223,20,4,CA1,CA23,-0.5479687308028084,Control,deserts
228,A,231,20,4,CA1,CA23,-0.0106261351504596,Control,deserts
10,A,13,21,2,CA1,CA23,0.6185972199160855,Stress,beaches
28,A,31,21,2,CA1,CA23,1.4436567979537789,Stress,deserts
43,A,46,21,2,CA1,CA23,0.0116418108919154,Stress,deserts
51,A,54,21,2,CA1,CA23,-0.1313348207765126,Stress,beaches
59,A,62,21,2,CA1,CA23,0.0405846765932214,Stress,beaches
75,A,78,21,2,CA1,CA23,-0.1196958631060618,Stress,deserts
82,A,85,21,2,CA1,CA23,0.020743004492611,Stress,marshes
93,A,96,21,2,CA1,CA23,-0.0436106626152023,Stress,marshes
99,A,102,21,2,CA1,CA23,2.8478821366221765,Stress,beaches
107,A,110,21,2,CA1,CA23,0.9513673187094048,Stress,beaches
114,A,117,21,2,CA1,CA23,1.0970411122234596,Stress,deserts
127,A,130,21,2,CA1,CA23,-0.0244108991341803,Stress,beaches
136,A,139,21,2,CA1,CA23,-0.5843614160780828,Stress,marshes
152,A,155,21,2,CA1,CA23,0.6237845492146372,Stress,deserts
164,A,167,21,2,CA1,CA23,0.2488511575454328,Stress,deserts
190,A,193,21,2,CA1,CA23,-0.3437501602317573,Stress,marshes
206,A,209,21,2,CA1,CA23,0.2466700020924517,Stress,marshes
217,A,220,21,2,CA1,CA23,-0.7938473857559938,Stress,marshes
227,A,230,21,2,CA1,CA23,1.3300167212294904,Stress,deserts
232,A,235,21,2,CA1,CA23,-0.0218786743591619,Stress,marshes
238,A,241,21,2,CA1,CA23,0.6331069939299503,Stress,beaches
10,A,13,21,3,CA1,CA23,-0.066163579436496,Stress,deserts
16,A,19,21,3,CA1,CA23,-0.614156082867306,Stress,marshes
35,A,38,21,3,CA1,CA23,-0.0487622818845448,Stress,beaches
46,A,49,21,3,CA1,CA23,1.8367537014927096,Stress,deserts
51,A,54,21,3,CA1,CA23,-0.2781681926705147,Stress,marshes
61,A,64,21,3,CA1,CA23,-0.1546420408521667,Stress,beaches
70,A,73,21,3,CA1,CA23,-0.7073870668183017,Stress,marshes
93,A,96,21,3,CA1,CA23,0.6642091544643951,Stress,marshes
102,A,105,21,3,CA1,CA23,0.3219166582438571,Stress,deserts
124,A,127,21,3,CA1,CA23,-1.0685050983424356,Stress,beaches
134,A,137,21,3,CA1,CA23,2.5305254282849745,Stress,beaches
143,A,146,21,3,CA1,CA23,0.0417207398443641,Stress,beaches
149,A,152,21,3,CA1,CA23,0.0922795091125044,Stress,beaches
155,A,158,21,3,CA1,CA23,-0.2158661302231163,Stress,deserts
166,A,169,21,3,CA1,CA23,-0.2378555084037293,Stress,deserts
170,A,173,21,3,CA1,CA23,0.2200059640561964,Stress,marshes
179,A,182,21,3,CA1,CA23,0.1720557726613337,Stress,beaches
207,A,210,21,3,CA1,CA23,0.4375178174865144,Stress,marshes
215,A,218,21,3,CA1,CA23,-0.3424946116136989,Stress,deserts
224,A,227,21,3,CA1,CA23,0.1027824774747585,Stress,marshes
229,A,232,21,3,CA1,CA23,1.129332911272361,Stress,deserts
18,A,21,21,4,CA1,CA23,-1.6639236013319207,Stress,marshes
28,A,31,21,4,CA1,CA23,0.1473032464527928,Stress,beaches
34,A,37,21,4,CA1,CA23,0.7590845880573848,Stress,marshes
43,A,46,21,4,CA1,CA23,0.7369347995291291,Stress,beaches
48,A,51,21,4,CA1,CA23,-0.6029416891960828,Stress,deserts
57,A,60,21,4,CA1,CA23,0.5260142078156244,Stress,marshes
68,A,71,21,4,CA1,CA23,-0.5205248989138103,Stress,deserts
82,A,85,21,4,CA1,CA23,-0.4249043516441327,Stress,deserts
90,A,93,21,4,CA1,CA23,0.5031175231470629,Stress,beaches
99,A,102,21,4,CA1,CA23,0.957945130387172,Stress,marshes
115,A,118,21,4,CA1,CA23,-1.8655644772960067,Stress,beaches
120,A,123,21,4,CA1,CA23,0.0409843784109589,Stress,marshes
133,A,136,21,4,CA1,CA23,0.7331809537219691,Stress,deserts
154,A,157,21,4,CA1,CA23,-0.1967724409773652,Stress,marshes
164,A,167,21,4,CA1,CA23,-0.1196381046697142,Stress,deserts
174,A,177,21,4,CA1,CA23,-0.3097048216780984,Stress,deserts
183,A,186,21,4,CA1,CA23,1.994948653554618,Stress,beaches
195,A,198,21,4,CA1,CA23,-0.6266738396480476,Stress,marshes
208,A,211,21,4,CA1,CA23,-0.0711437707843717,Stress,beaches
229,A,232,21,4,CA1,CA23,-0.1514157873521888,Stress,deserts
236,A,239,21,4,CA1,CA23,-0.0511184664371824,Stress,beaches
11,A,14,23,2,CA1,CA23,0.2045239598268708,Stress,parks
22,A,25,23,2,CA1,CA23,0.2682862917420434,Stress,lighthouses
34,A,37,23,2,CA1,CA23,-0.1009264377515336,Stress,parks
39,A,42,23,2,CA1,CA23,0.4350333313116113,Stress,canyons
48,A,51,23,2,CA1,CA23,-0.7149284421594203,Stress,parks
58,A,61,23,2,CA1,CA23,0.945360098109432,Stress,canyons
74,A,77,23,2,CA1,CA23,-0.0120934214996949,Stress,parks
92,A,95,23,2,CA1,CA23,0.7302266357906404,Stress,canyons
101,A,104,23,2,CA1,CA23,-0.0065942551459555,Stress,lighthouses
114,A,117,23,2,CA1,CA23,0.0431406977789616,Stress,canyons
124,A,127,23,2,CA1,CA23,-0.9578243417659348,Stress,parks
132,A,135,23,2,CA1,CA23,-0.3162180233565203,Stress,lighthouses
141,A,144,23,2,CA1,CA23,0.4033451585408545,Stress,lighthouses
169,A,172,23,2,CA1,CA23,0.6981831646983517,Stress,canyons
175,A,178,23,2,CA1,CA23,-0.0649285398660154,Stress,lighthouses
185,A,188,23,2,CA1,CA23,-1.630081001995313,Stress,lighthouses
195,A,198,23,2,CA1,CA23,1.0980016625248672,Stress,canyons
205,A,208,23,2,CA1,CA23,0.698183790219922,Stress,parks
211,A,214,23,2,CA1,CA23,0.1231411611725851,Stress,canyons
224,A,227,23,2,CA1,CA23,0.0891408647108532,Stress,lighthouses
232,A,235,23,2,CA1,CA23,0.6897845650640253,Stress,parks
5,A,8,23,3,CA1,CA23,-0.1633346294200885,Stress,lighthouses
22,A,25,23,3,CA1,CA23,-0.8573105188026982,Stress,parks
36,A,39,23,3,CA1,CA23,-0.375391634416097,Stress,canyons
45,A,48,23,3,CA1,CA23,0.3086328665683199,Stress,parks
61,A,64,23,3,CA1,CA23,0.2724261852942039,Stress,lighthouses
68,A,71,23,3,CA1,CA23,-0.8307842476830264,Stress,lighthouses
83,A,86,23,3,CA1,CA23,-0.7021545541697788,Stress,canyons
93,A,96,23,3,CA1,CA23,-0.8099387909196821,Stress,lighthouses
100,A,103,23,3,CA1,CA23,1.3860568463084793,Stress,parks
107,A,110,23,3,CA1,CA23,0.3651113498010705,Stress,canyons
129,A,132,23,3,CA1,CA23,2.6044527620568574,Stress,lighthouses
139,A,142,23,3,CA1,CA23,0.8254271588780928,Stress,parks
144,A,147,23,3,CA1,CA23,0.2595772971539769,Stress,canyons
149,A,152,23,3,CA1,CA23,-0.2208712911504273,Stress,parks
164,A,167,23,3,CA1,CA23,-0.1226734426083672,Stress,parks
171,A,174,23,3,CA1,CA23,-0.1351402840880039,Stress,canyons
195,A,198,23,3,CA1,CA23,0.971691654407558,Stress,lighthouses
211,A,214,23,3,CA1,CA23,0.0360031413759771,Stress,canyons
219,A,222,23,3,CA1,CA23,0.0107146544180749,Stress,lighthouses
226,A,229,23,3,CA1,CA23,-0.1289850266051097,Stress,canyons
230,A,233,23,3,CA1,CA23,-0.7280161559554341,Stress,parks
10,A,13,23,4,CA1,CA23,0.004828122557548,Stress,lighthouses
20,A,23,23,4,CA1,CA23,0.5423987532529119,Stress,parks
32,A,35,23,4,CA1,CA23,0.8244270973875691,Stress,lighthouses
40,A,43,23,4,CA1,CA23,1.6547694664931905,Stress,parks
52,A,55,23,4,CA1,CA23,-0.0686157599660838,Stress,canyons
70,A,73,23,4,CA1,CA23,1.887869632247468,Stress,canyons
77,A,80,23,4,CA1,CA23,-0.3157536372477309,Stress,canyons
89,A,92,23,4,CA1,CA23,2.45789006440196,Stress,lighthouses
94,A,97,23,4,CA1,CA23,0.0225085728379592,Stress,parks
99,A,102,23,4,CA1,CA23,0.0184369819581849,Stress,canyons
107,A,110,23,4,CA1,CA23,4.279846157456228,Stress,lighthouses
113,A,116,23,4,CA1,CA23,0.0193700159175301,Stress,canyons
119,A,122,23,4,CA1,CA23,-0.4587859774361154,Stress,lighthouses
127,A,130,23,4,CA1,CA23,-1.442019107507102,Stress,lighthouses
171,A,174,23,4,CA1,CA23,1.2369415445004155,Stress,canyons
186,A,189,23,4,CA1,CA23,-0.0500676399360632,Stress,lighthouses
192,A,195,23,4,CA1,CA23,0.1251115787006923,Stress,parks
210,A,213,23,4,CA1,CA23,0.0154150816684935,Stress,canyons
216,A,219,23,4,CA1,CA23,0.0215211852887243,Stress,parks
223,A,226,23,4,CA1,CA23,-0.0176896599133421,Stress,parks
232,A,235,23,4,CA1,CA23,-0.3666094123757912,Stress,parks
5,A,8,24,2,CA1,CA23,-0.0054002343933666,Stress,waterfalls
33,A,36,24,2,CA1,CA23,-0.0676932084586439,Stress,waterfalls
39,A,42,24,2,CA1,CA23,0.0014362331943721,Stress,lakes
69,A,72,24,2,CA1,CA23,-0.5342014788748367,Stress,waterfalls
75,A,78,24,2,CA1,CA23,-1.0564422520594017,Stress,lakes
81,A,84,24,2,CA1,CA23,-0.0409339942868465,Stress,beaches
88,A,91,24,2,CA1,CA23,1.1387959250409645,Stress,lakes
97,A,100,24,2,CA1,CA23,-0.0261903973128346,Stress,beaches
114,A,117,24,2,CA1,CA23,0.0165884335898859,Stress,lakes
128,A,131,24,2,CA1,CA23,-0.017753681580728,Stress,waterfalls
146,A,149,24,2,CA1,CA23,0.0190616770619941,Stress,beaches
152,A,155,24,2,CA1,CA23,-0.0017444674818469,Stress,lakes
165,A,168,24,2,CA1,CA23,-0.6383723590590699,Stress,beaches
169,A,172,24,2,CA1,CA23,2.2081294070376574,Stress,waterfalls
180,A,183,24,2,CA1,CA23,-0.0711117413362664,Stress,beaches
191,A,194,24,2,CA1,CA23,-0.8484735019367456,Stress,beaches
200,A,203,24,2,CA1,CA23,-2.658656562975351,Stress,waterfalls
213,A,216,24,2,CA1,CA23,-0.2183190846503342,Stress,lakes
220,A,223,24,2,CA1,CA23,0.4033224741896213,Stress,beaches
228,A,231,24,2,CA1,CA23,2.0112699734602595,Stress,lakes
234,A,237,24,2,CA1,CA23,-0.5139592302824532,Stress,waterfalls
5,A,8,24,3,CA1,CA23,0.9166764208016684,Stress,waterfalls
47,A,50,24,3,CA1,CA23,-0.2820657680827083,Stress,beaches
52,A,55,24,3,CA1,CA23,0.1678043701380048,Stress,waterfalls
61,A,64,24,3,CA1,CA23,-0.7174972158900587,Stress,lakes
66,A,69,24,3,CA1,CA23,-0.3975690217989414,Stress,waterfalls
81,A,84,24,3,CA1,CA23,0.0313157954539837,Stress,beaches
101,A,104,24,3,CA1,CA23,7.125734611821029,Stress,beaches
114,A,117,24,3,CA1,CA23,-1.1581687769166409,Stress,lakes
124,A,127,24,3,CA1,CA23,0.0018487774570103,Stress,beaches
134,A,137,24,3,CA1,CA23,-0.0079668475402764,Stress,lakes
141,A,144,24,3,CA1,CA23,1.781597497487873,Stress,waterfalls
148,A,151,24,3,CA1,CA23,-0.793466779888077,Stress,lakes
156,A,159,24,3,CA1,CA23,-0.2433382383335576,Stress,waterfalls
164,A,167,24,3,CA1,CA23,-0.0064407840303245,Stress,beaches
177,A,180,24,3,CA1,CA23,-0.8090274900633588,Stress,lakes
185,A,188,24,3,CA1,CA23,0.0267134493673474,Stress,waterfalls
191,A,194,24,3,CA1,CA23,1.6732722853336228,Stress,lakes
203,A,206,24,3,CA1,CA23,0.0350433827584488,Stress,beaches
212,A,215,24,3,CA1,CA23,-0.0915564074566862,Stress,lakes
220,A,223,24,3,CA1,CA23,1.9748298985515889,Stress,waterfalls
234,A,237,24,3,CA1,CA23,1.0559728471206689,Stress,beaches
5,A,8,24,4,CA1,CA23,1.072009721464923,Stress,waterfalls
15,A,18,24,4,CA1,CA23,0.0088237936064664,Stress,lakes
21,A,24,24,4,CA1,CA23,-0.2682152344999745,Stress,waterfalls
33,A,36,24,4,CA1,CA23,1.055437875620319,Stress,lakes
47,A,50,24,4,CA1,CA23,1.9317708122462651,Stress,beaches
55,A,58,24,4,CA1,CA23,-0.0017617789207527,Stress,beaches
73,A,76,24,4,CA1,CA23,0.3675296757437047,Stress,beaches
80,A,83,24,4,CA1,CA23,-0.8328183804031503,Stress,beaches
101,A,104,24,4,CA1,CA23,-0.1584753428132825,Stress,waterfalls
118,A,121,24,4,CA1,CA23,1.6063306122796734,Stress,lakes
132,A,135,24,4,CA1,CA23,1.0630987993224,Stress,waterfalls
143,A,146,24,4,CA1,CA23,0.6010476968237113,Stress,waterfalls
156,A,159,24,4,CA1,CA23,-0.0010505294770681,Stress,lakes
169,A,172,24,4,CA1,CA23,-0.0010770302976573,Stress,beaches
177,A,180,24,4,CA1,CA23,-0.2624253837950449,Stress,lakes
188,A,191,24,4,CA1,CA23,2.3096793508581004,Stress,lakes
196,A,199,24,4,CA1,CA23,-0.2347709949562758,Stress,waterfalls
207,A,210,24,4,CA1,CA23,0.227597800386918,Stress,beaches
214,A,217,24,4,CA1,CA23,0.4955063605293033,Stress,lakes
219,A,222,24,4,CA1,CA23,-0.015353659082162,Stress,beaches
223,A,226,24,4,CA1,CA23,0.0347497452039126,Stress,waterfalls
10,A,13,28,2,CA1,CA23,1.6375368046173753,Stress,mountains
18,A,21,28,2,CA1,CA23,1.3273480169129948,Stress,canyons
27,A,30,28,2,CA1,CA23,-0.8187192510027642,Stress,canyons
35,A,38,28,2,CA1,CA23,-0.0327833385833181,Stress,mountains
54,A,57,28,2,CA1,CA23,0.000653326817642,Stress,canyons
65,A,68,28,2,CA1,CA23,0.8451615993111555,Stress,lighthouses
80,A,83,28,2,CA1,CA23,0.9181027196715222,Stress,lighthouses
85,A,88,28,2,CA1,CA23,0.3545297610925911,Stress,canyons
93,A,96,28,2,CA1,CA23,-0.458514286474234,Stress,lighthouses
106,A,109,28,2,CA1,CA23,0.010772996296289,Stress,canyons
111,A,114,28,2,CA1,CA23,0.587589933393076,Stress,mountains
121,A,124,28,2,CA1,CA23,0.912550223197898,Stress,canyons
135,A,138,28,2,CA1,CA23,1.2066125693009009,Stress,lighthouses
141,A,144,28,2,CA1,CA23,-0.92969289762163,Stress,canyons
146,A,149,28,2,CA1,CA23,0.8392319174586662,Stress,mountains
175,A,178,28,2,CA1,CA23,0.9387163218616466,Stress,lighthouses
193,A,196,28,2,CA1,CA23,-0.0523033094898694,Stress,lighthouses
203,A,206,28,2,CA1,CA23,0.0210967950487221,Stress,mountains
217,A,220,28,2,CA1,CA23,0.1154576147544779,Stress,mountains
224,A,227,28,2,CA1,CA23,-0.4473038819331079,Stress,lighthouses
233,A,236,28,2,CA1,CA23,0.026899036183279,Stress,mountains
7,A,10,28,3,CA1,CA23,-0.8287025515139369,Stress,canyons
15,A,18,28,3,CA1,CA23,1.585938502163674,Stress,canyons
22,A,25,28,3,CA1,CA23,3.946319017054393,Stress,lighthouses
27,A,30,28,3,CA1,CA23,0.1729028001141379,Stress,canyons
54,A,57,28,3,CA1,CA23,0.7130709690407869,Stress,lighthouses
75,A,78,28,3,CA1,CA23,0.1654254193768724,Stress,mountains
88,A,91,28,3,CA1,CA23,-1.9381253868471555,Stress,canyons
92,A,95,28,3,CA1,CA23,-0.014841713204864,Stress,mountains
104,A,107,28,3,CA1,CA23,0.3173381800678367,Stress,canyons
126,A,129,28,3,CA1,CA23,-0.857750937382586,Stress,lighthouses
137,A,140,28,3,CA1,CA23,0.0024841871804733,Stress,mountains
149,A,152,28,3,CA1,CA23,0.002786100744669,Stress,lighthouses
154,A,157,28,3,CA1,CA23,0.9697848977786492,Stress,mountains
164,A,167,28,3,CA1,CA23,0.0442203126194752,Stress,lighthouses
169,A,172,28,3,CA1,CA23,-1.1530154544724276,Stress,canyons
183,A,186,28,3,CA1,CA23,-0.0013635703239096,Stress,canyons
192,A,195,28,3,CA1,CA23,1.1741158456143104,Stress,mountains
199,A,202,28,3,CA1,CA23,-0.2399323340963632,Stress,lighthouses
219,A,222,28,3,CA1,CA23,0.3273872000486365,Stress,mountains
233,A,236,28,3,CA1,CA23,0.7851851628173103,Stress,mountains
238,A,241,28,3,CA1,CA23,-0.5596810493167489,Stress,lighthouses
5,A,8,28,4,CA1,CA23,0.0426473603392526,Stress,mountains
17,A,20,28,4,CA1,CA23,2.264596014644021,Stress,mountains
26,A,29,28,4,CA1,CA23,0.719349323281778,Stress,lighthouses
41,A,44,28,4,CA1,CA23,0.0227285883093485,Stress,canyons
47,A,50,28,4,CA1,CA23,0.1940286260869057,Stress,lighthouses
72,A,75,28,4,CA1,CA23,0.00057824567174,Stress,canyons
78,A,81,28,4,CA1,CA23,-0.5947114942897088,Stress,mountains
100,A,103,28,4,CA1,CA23,-0.0836943587451474,Stress,canyons
117,A,120,28,4,CA1,CA23,-0.0479236381196615,Stress,canyons
138,A,141,28,4,CA1,CA23,-0.1077687801474016,Stress,lighthouses
145,A,148,28,4,CA1,CA23,-0.0063582909588451,Stress,canyons
154,A,157,28,4,CA1,CA23,-0.2751065423037521,Stress,mountains
165,A,168,28,4,CA1,CA23,1.064901842588152,Stress,lighthouses
170,A,173,28,4,CA1,CA23,0.1573341797701443,Stress,canyons
176,A,179,28,4,CA1,CA23,0.2492781844440629,Stress,mountains
185,A,188,28,4,CA1,CA23,1.2188569526889863,Stress,mountains
201,A,204,28,4,CA1,CA23,-0.024742475704292,Stress,lighthouses
206,A,209,28,4,CA1,CA23,0.0130602611885743,Stress,canyons
211,A,214,28,4,CA1,CA23,2.0154511373836352,Stress,lighthouses
224,A,227,28,4,CA1,CA23,-0.2554270170120034,Stress,lighthouses
236,A,239,28,4,CA1,CA23,-0.2511986561735492,Stress,mountains
5,A,8,29,2,CA1,CA23,-1.2223582103038235,Control,parks
17,A,20,29,2,CA1,CA23,0.3042710507510874,Control,parks
47,A,50,29,2,CA1,CA23,-0.0957833842314558,Control,mountains
54,A,57,29,2,CA1,CA23,1.2686478777542851,Control,deserts
80,A,83,29,2,CA1,CA23,-0.2138368631657804,Control,parks
94,A,97,29,2,CA1,CA23,-0.2081746503913042,Control,deserts
99,A,102,29,2,CA1,CA23,0.3601215407302555,Control,parks
104,A,107,29,2,CA1,CA23,-2.7088060386232686,Control,mountains
110,A,113,29,2,CA1,CA23,-0.3913382299079224,Control,deserts
124,A,127,29,2,CA1,CA23,0.0909692687452827,Control,parks
131,A,134,29,2,CA1,CA23,-0.7483500788630598,Control,deserts
137,A,140,29,2,CA1,CA23,1.1072463451135208,Control,parks
156,A,159,29,2,CA1,CA23,-0.0643374518035215,Control,mountains
165,A,168,29,2,CA1,CA23,0.6096854046575709,Control,mountains
185,A,188,29,2,CA1,CA23,-0.0025398126029904,Control,deserts
194,A,197,29,2,CA1,CA23,-1.3868227185699245,Control,parks
200,A,203,29,2,CA1,CA23,-0.7633978036805162,Control,mountains
208,A,211,29,2,CA1,CA23,0.0313755537246805,Control,mountains
213,A,216,29,2,CA1,CA23,-0.266674323477804,Control,deserts
223,A,226,29,2,CA1,CA23,-0.3226853313597745,Control,deserts
228,A,231,29,2,CA1,CA23,3.183280582591193,Control,mountains
8,A,11,29,3,CA1,CA23,-0.3305077980956249,Control,mountains
14,A,17,29,3,CA1,CA23,-0.7896785658688336,Control,parks
20,A,23,29,3,CA1,CA23,1.0790126566363205,Control,mountains
39,A,42,29,3,CA1,CA23,-0.051216444800447,Control,mountains
50,A,53,29,3,CA1,CA23,0.2018222755684236,Control,parks
71,A,74,29,3,CA1,CA23,-0.0833976905862949,Control,mountains
82,A,85,29,3,CA1,CA23,-0.8769872034083389,Control,mountains
91,A,94,29,3,CA1,CA23,0.2863239353625859,Control,parks
96,A,99,29,3,CA1,CA23,0.002185927269013,Control,mountains
101,A,104,29,3,CA1,CA23,0.7913058582010134,Control,deserts
111,A,114,29,3,CA1,CA23,-0.1445885576523368,Control,deserts
116,A,119,29,3,CA1,CA23,-0.9286314212487812,Control,mountains
121,A,124,29,3,CA1,CA23,1.4782572692331977,Control,deserts
125,A,128,29,3,CA1,CA23,0.0028046941473589,Control,parks
130,A,133,29,3,CA1,CA23,0.0716033686471732,Control,deserts
143,A,146,29,3,CA1,CA23,-0.1241342113442864,Control,deserts
153,A,156,29,3,CA1,CA23,-0.2741586184046826,Control,parks
168,A,171,29,3,CA1,CA23,0.7729044092456835,Control,parks
197,A,200,29,3,CA1,CA23,0.5564940057593137,Control,deserts
203,A,206,29,3,CA1,CA23,-1.3534750745678306,Control,parks
219,A,222,29,3,CA1,CA23,0.1386060081203685,Control,deserts
5,A,8,29,4,CA1,CA23,0.0029565184381439,Control,deserts
11,A,14,29,4,CA1,CA23,-0.6915567198459112,Control,parks
22,A,25,29,4,CA1,CA23,0.8789839629384308,Control,parks
28,A,31,29,4,CA1,CA23,-2.0569559561610444,Control,mountains
39,A,42,29,4,CA1,CA23,0.3104344578528429,Control,mountains
46,A,49,29,4,CA1,CA23,0.0170693244694074,Control,mountains
50,A,53,29,4,CA1,CA23,-0.0664606271165727,Control,deserts
72,A,75,29,4,CA1,CA23,-0.3445080367703387,Control,deserts
83,A,86,29,4,CA1,CA23,-2.594873352179365,Control,mountains
88,A,91,29,4,CA1,CA23,1.1095201027312007,Control,parks
96,A,99,29,4,CA1,CA23,3.7087325952550407,Control,mountains
110,A,113,29,4,CA1,CA23,0.0082480200734025,Control,deserts
114,A,117,29,4,CA1,CA23,4.60634922107244,Control,parks
120,A,123,29,4,CA1,CA23,-0.0056023407216512,Control,deserts
173,A,176,29,4,CA1,CA23,1.6431309024931038,Control,mountains
186,A,189,29,4,CA1,CA23,-0.2270914728356945,Control,deserts
192,A,195,29,4,CA1,CA23,-0.2179328914330202,Control,deserts
201,A,204,29,4,CA1,CA23,0.0388881089186504,Control,parks
208,A,211,29,4,CA1,CA23,1.159398823336432,Control,mountains
213,A,216,29,4,CA1,CA23,0.0052855312795992,Control,parks
230,A,233,29,4,CA1,CA23,-0.0469876131853283,Control,parks
16,A,19,30,2,CA1,CA23,-0.0065506102148014,Stress,lighthouses
33,A,36,30,2,CA1,CA23,-0.7881259195295575,Stress,parks
48,A,51,30,2,CA1,CA23,0.2638642742992275,Stress,parks
61,A,64,30,2,CA1,CA23,-0.5914725614246682,Stress,lighthouses
65,A,68,30,2,CA1,CA23,0.0623724428009693,Stress,deserts
84,A,87,30,2,CA1,CA23,0.1031239563683418,Stress,parks
89,A,92,30,2,CA1,CA23,-1.2501501369246688,Stress,deserts
96,A,99,30,2,CA1,CA23,0.0048080591373091,Stress,lighthouses
101,A,104,30,2,CA1,CA23,-0.3149265220097366,Stress,deserts
125,A,128,30,2,CA1,CA23,0.4198142579485189,Stress,deserts
142,A,145,30,2,CA1,CA23,-0.0082705358687012,Stress,deserts
154,A,157,30,2,CA1,CA23,-0.2288772383384356,Stress,lighthouses
170,A,173,30,2,CA1,CA23,0.6184161716470403,Stress,parks
178,A,181,30,2,CA1,CA23,3.107730591114486,Stress,parks
183,A,186,30,2,CA1,CA23,0.0877304542848791,Stress,lighthouses
194,A,197,30,2,CA1,CA23,-0.4875430711111549,Stress,parks
204,A,207,30,2,CA1,CA23,0.0698863217962741,Stress,lighthouses
213,A,216,30,2,CA1,CA23,0.1235111154021132,Stress,deserts
219,A,222,30,2,CA1,CA23,-0.4018193397732646,Stress,deserts
227,A,230,30,2,CA1,CA23,0.166445433366629,Stress,lighthouses
24,A,27,30,3,CA1,CA23,2.7295452437297656,Stress,parks
39,A,42,30,3,CA1,CA23,1.3423727503364622,Stress,deserts
45,A,48,30,3,CA1,CA23,-0.4757672123841107,Stress,lighthouses
56,A,59,30,3,CA1,CA23,10.2131986181997,Stress,lighthouses
60,A,63,30,3,CA1,CA23,-0.9482458702991092,Stress,deserts
71,A,74,30,3,CA1,CA23,0.0015409093446825,Stress,parks
88,A,91,30,3,CA1,CA23,-0.1683150528766016,Stress,deserts
95,A,98,30,3,CA1,CA23,0.0459276328757937,Stress,parks
108,A,111,30,3,CA1,CA23,0.5142191432612917,Stress,lighthouses
118,A,121,30,3,CA1,CA23,0.008113838705345,Stress,parks
128,A,131,30,3,CA1,CA23,-0.0839136181926085,Stress,deserts
155,A,158,30,3,CA1,CA23,0.220781496379974,Stress,parks
163,A,166,30,3,CA1,CA23,0.1583067888902393,Stress,lighthouses
167,A,170,30,3,CA1,CA23,0.2144673985117743,Stress,deserts
176,A,179,30,3,CA1,CA23,-0.1219984256985524,Stress,lighthouses
202,A,205,30,3,CA1,CA23,8.819038113763813,Stress,lighthouses
208,A,211,30,3,CA1,CA23,-0.6612717990424626,Stress,deserts
225,A,228,30,3,CA1,CA23,1.191738701245251,Stress,parks
230,A,233,30,3,CA1,CA23,1.87690520259566,Stress,lighthouses
237,A,240,30,3,CA1,CA23,0.1412222925254296,Stress,parks
5,A,8,30,4,CA1,CA23,2.886948601981797,Stress,deserts
13,A,16,30,4,CA1,CA23,-0.5082981530324576,Stress,lighthouses
23,A,26,30,4,CA1,CA23,0.5972767319742235,Stress,deserts
30,A,33,30,4,CA1,CA23,-0.20038078893967,Stress,lighthouses
34,A,37,30,4,CA1,CA23,-0.0080673671260817,Stress,deserts
70,A,73,30,4,CA1,CA23,-1.1788313575345069,Stress,deserts
85,A,88,30,4,CA1,CA23,-0.4252511785514208,Stress,deserts
103,A,106,30,4,CA1,CA23,-0.3409534613851096,Stress,deserts
112,A,115,30,4,CA1,CA23,-0.0017771851811904,Stress,parks
142,A,145,30,4,CA1,CA23,0.2535646067795918,Stress,lighthouses
192,A,195,30,4,CA1,CA23,0.2458796842709593,Stress,lighthouses
196,A,199,30,4,CA1,CA23,-0.0022667005576708,Stress,parks
210,A,213,30,4,CA1,CA23,-0.3650295283180517,Stress,parks
216,A,219,30,4,CA1,CA23,-0.0089152172254581,Stress,deserts
228,A,231,30,4,CA1,CA23,0.0290310224833188,Stress,parks
237,A,240,30,4,CA1,CA23,-0.6685680016019859,Stress,lighthouses
5,A,8,31,2,CA1,CA23,0.6367541085192124,Control,marshes
19,A,22,31,2,CA1,CA23,-1.7769899903682569,Control,lakes
25,A,28,31,2,CA1,CA23,-0.0017258292172661,Control,waterfalls
30,A,33,31,2,CA1,CA23,-0.0013823268042169,Control,marshes
43,A,46,31,2,CA1,CA23,-1.7882446104201584,Control,waterfalls
50,A,53,31,2,CA1,CA23,-0.1067302149820125,Control,lakes
56,A,59,31,2,CA1,CA23,-0.4251116785518162,Control,marshes
67,A,70,31,2,CA1,CA23,0.479364466331766,Control,waterfalls
74,A,77,31,2,CA1,CA23,0.3348690622031274,Control,lakes
96,A,99,31,2,CA1,CA23,0.8582370955419908,Control,marshes
115,A,118,31,2,CA1,CA23,0.3142381681770748,Control,waterfalls
126,A,129,31,2,CA1,CA23,-0.0531863344479134,Control,waterfalls
138,A,141,31,2,CA1,CA23,0.2658905057253241,Control,lakes
159,A,162,31,2,CA1,CA23,1.115526666912761,Control,lakes
167,A,170,31,2,CA1,CA23,-8.031421419211035e-05,Control,waterfalls
183,A,186,31,2,CA1,CA23,3.3062861455557893,Control,lakes
188,A,191,31,2,CA1,CA23,0.1039059142765273,Control,waterfalls
199,A,202,31,2,CA1,CA23,0.7379515373377071,Control,lakes
209,A,212,31,2,CA1,CA23,-0.4489480143388019,Control,marshes
224,A,227,31,2,CA1,CA23,-0.2979067945411886,Control,marshes
17,A,20,31,3,CA1,CA23,3.0912766246190126,Control,lakes
27,A,30,31,3,CA1,CA23,2.416529884459326,Control,waterfalls
38,A,41,31,3,CA1,CA23,0.0565088462290983,Control,marshes
58,A,61,31,3,CA1,CA23,4.305020907925677,Control,marshes
69,A,72,31,3,CA1,CA23,0.706843473954386,Control,lakes
75,A,78,31,3,CA1,CA23,-0.2752849829730328,Control,marshes
87,A,90,31,3,CA1,CA23,1.5246716523835888,Control,waterfalls
95,A,98,31,3,CA1,CA23,-1.0357757751588084,Control,waterfalls
104,A,107,31,3,CA1,CA23,0.0012545713578518,Control,lakes
118,A,121,31,3,CA1,CA23,-1.7963014258735377,Control,waterfalls
136,A,139,31,3,CA1,CA23,0.1388557459513052,Control,waterfalls
153,A,156,31,3,CA1,CA23,-0.0393910416741872,Control,waterfalls
169,A,172,31,3,CA1,CA23,0.0105419983819387,Control,lakes
175,A,178,31,3,CA1,CA23,-0.2946922567925392,Control,waterfalls
195,A,198,31,3,CA1,CA23,0.1674821400739618,Control,lakes
205,A,208,31,3,CA1,CA23,-0.0070198968910545,Control,marshes
209,A,212,31,3,CA1,CA23,-0.1171156227101452,Control,lakes
218,A,221,31,3,CA1,CA23,-0.0875703822019723,Control,marshes
234,A,237,31,3,CA1,CA23,5.03861060127253e-05,Control,marshes
23,A,26,31,4,CA1,CA23,-0.1069750625785949,Control,marshes
31,A,34,31,4,CA1,CA23,-0.1362200318730884,Control,waterfalls
50,A,53,31,4,CA1,CA23,0.0020243855765588,Control,lakes
56,A,59,31,4,CA1,CA23,3.90131021804811,Control,marshes
67,A,70,31,4,CA1,CA23,0.0100468968989098,Control,lakes
73,A,76,31,4,CA1,CA23,0.0093679074837819,Control,marshes
85,A,88,31,4,CA1,CA23,0.0003333446246691,Control,waterfalls
91,A,94,31,4,CA1,CA23,0.2713977027854638,Control,lakes
100,A,103,31,4,CA1,CA23,0.6837657577730255,Control,waterfalls
105,A,108,31,4,CA1,CA23,-9.700446802469702e-05,Control,lakes
113,A,116,31,4,CA1,CA23,-0.0990866572599444,Control,marshes
119,A,122,31,4,CA1,CA23,0.0008411882570406,Control,waterfalls
156,A,159,31,4,CA1,CA23,0.545906050022498,Control,marshes
169,A,172,31,4,CA1,CA23,0.0165307052244399,Control,waterfalls
175,A,178,31,4,CA1,CA23,0.0069727037517654,Control,lakes
182,A,185,31,4,CA1,CA23,1.5675246619508247,Control,waterfalls
212,A,215,31,4,CA1,CA23,1.0128974308317216,Control,marshes
220,A,223,31,4,CA1,CA23,0.4570884143996823,Control,lakes
226,A,229,31,4,CA1,CA23,-0.0014473534389224,Control,marshes
233,A,236,31,4,CA1,CA23,-0.4829830294534609,Control,lakes
14,A,17,32,2,CA1,CA23,1.5571608915878197,Stress,beaches
25,A,28,32,2,CA1,CA23,0.87045191146161,Stress,deserts
36,A,39,32,2,CA1,CA23,0.6998185312002131,Stress,fields
46,A,49,32,2,CA1,CA23,0.0302987773464726,Stress,deserts
53,A,56,32,2,CA1,CA23,-0.2733199018376913,Stress,beaches
58,A,61,32,2,CA1,CA23,0.0543530439261055,Stress,deserts
76,A,79,32,2,CA1,CA23,0.6401607679323936,Stress,fields
82,A,85,32,2,CA1,CA23,-0.4481710864206619,Stress,deserts
92,A,95,32,2,CA1,CA23,-0.4590702631920137,Stress,fields
98,A,101,32,2,CA1,CA23,-0.1476471679871458,Stress,deserts
105,A,108,32,2,CA1,CA23,1.0962761829663392,Stress,deserts
114,A,117,32,2,CA1,CA23,0.0626241405967609,Stress,beaches
123,A,126,32,2,CA1,CA23,0.2048275963214082,Stress,beaches
130,A,133,32,2,CA1,CA23,0.2702178086025739,Stress,fields
136,A,139,32,2,CA1,CA23,-0.6160748559200622,Stress,beaches
146,A,149,32,2,CA1,CA23,0.1738588055136455,Stress,deserts
159,A,162,32,2,CA1,CA23,2.596375373689716,Stress,fields
168,A,171,32,2,CA1,CA23,-0.1483385216964688,Stress,beaches
180,A,183,32,2,CA1,CA23,0.1869236190532034,Stress,beaches
190,A,193,32,2,CA1,CA23,0.2283038820646584,Stress,fields
202,A,205,32,2,CA1,CA23,-0.285742999808919,Stress,fields
18,A,21,32,3,CA1,CA23,-0.0078294842385103,Stress,beaches
28,A,31,32,3,CA1,CA23,-0.0535034271410392,Stress,deserts
39,A,42,32,3,CA1,CA23,0.813353166887228,Stress,deserts
56,A,59,32,3,CA1,CA23,0.1099774374997321,Stress,fields
62,A,65,32,3,CA1,CA23,0.0249301728723902,Stress,beaches
69,A,72,32,3,CA1,CA23,-0.1871152620960665,Stress,deserts
74,A,77,32,3,CA1,CA23,-0.0411558384422812,Stress,beaches
99,A,102,32,3,CA1,CA23,0.2100581145189678,Stress,deserts
110,A,113,32,3,CA1,CA23,-1.2944261059881983,Stress,beaches
128,A,131,32,3,CA1,CA23,-0.670482841707783,Stress,deserts
138,A,141,32,3,CA1,CA23,-0.2271335586351765,Stress,fields
146,A,149,32,3,CA1,CA23,0.2383765191195501,Stress,fields
156,A,159,32,3,CA1,CA23,-0.4419242195608371,Stress,deserts
162,A,165,32,3,CA1,CA23,0.2585178807524907,Stress,beaches
166,A,169,32,3,CA1,CA23,0.0051416180941598,Stress,deserts
179,A,182,32,3,CA1,CA23,-0.2986712897861027,Stress,beaches
189,A,192,32,3,CA1,CA23,-0.1856933075001302,Stress,beaches
207,A,210,32,3,CA1,CA23,-0.5962533361775968,Stress,fields
216,A,219,32,3,CA1,CA23,-0.648566978381958,Stress,fields
235,A,238,32,3,CA1,CA23,0.6303738421894443,Stress,fields
5,A,8,32,4,CA1,CA23,0.3181658600540092,Stress,fields
18,A,21,32,4,CA1,CA23,0.0733571097861431,Stress,fields
29,A,32,32,4,CA1,CA23,0.2580669244795263,Stress,deserts
34,A,37,32,4,CA1,CA23,0.6109833334893798,Stress,beaches
45,A,48,32,4,CA1,CA23,-0.3498677170524325,Stress,beaches
50,A,53,32,4,CA1,CA23,0.0106029279119509,Stress,deserts
62,A,65,32,4,CA1,CA23,0.1521758147212338,Stress,deserts
70,A,73,32,4,CA1,CA23,1.1224470221089913,Stress,beaches
79,A,82,32,4,CA1,CA23,-0.0195814232172683,Stress,fields
90,A,93,32,4,CA1,CA23,-0.0431264792601279,Stress,deserts
96,A,99,32,4,CA1,CA23,0.5226870681896902,Stress,fields
111,A,114,32,4,CA1,CA23,1.372812207744356,Stress,beaches
129,A,132,32,4,CA1,CA23,-0.0007151673917253,Stress,deserts
169,A,172,32,4,CA1,CA23,0.1739625361937737,Stress,beaches
177,A,180,32,4,CA1,CA23,-0.1007455963072125,Stress,fields
186,A,189,32,4,CA1,CA23,-1.5439936474475606,Stress,fields
197,A,200,32,4,CA1,CA23,1.4518691707672489,Stress,beaches
209,A,212,32,4,CA1,CA23,-0.1915370692191401,Stress,deserts
214,A,217,32,4,CA1,CA23,-0.0166319624797206,Stress,beaches
228,A,231,32,4,CA1,CA23,-0.1111475776873805,Stress,deserts
234,A,237,32,4,CA1,CA23,-0.0946320180279737,Stress,fields
5,A,8,33,2,CA1,CA23,-1.3680850819180763,Stress,canyons
22,A,25,33,2,CA1,CA23,-1.6350959240211411,Stress,beaches
33,A,36,33,2,CA1,CA23,-1.1440533197732987,Stress,waterfalls
42,A,45,33,2,CA1,CA23,-3.4724153117305057,Stress,canyons
55,A,58,33,2,CA1,CA23,-0.0636054914421146,Stress,waterfalls
59,A,62,33,2,CA1,CA23,1.2640412056100845,Stress,beaches
67,A,70,33,2,CA1,CA23,0.3316702704037417,Stress,waterfalls
75,A,78,33,2,CA1,CA23,-0.0327910536828777,Stress,waterfalls
83,A,86,33,2,CA1,CA23,-0.1194599967725824,Stress,canyons
114,A,117,33,2,CA1,CA23,-0.2865062785957912,Stress,canyons
132,A,135,33,2,CA1,CA23,-0.8703442665055321,Stress,beaches
139,A,142,33,2,CA1,CA23,-0.131146599445686,Stress,canyons
155,A,158,33,2,CA1,CA23,-1.081144959269371,Stress,waterfalls
175,A,178,33,2,CA1,CA23,-0.2225374984809133,Stress,beaches
193,A,196,33,2,CA1,CA23,1.0583502930989557,Stress,beaches
201,A,204,33,2,CA1,CA23,0.4046768918524936,Stress,canyons
213,A,216,33,2,CA1,CA23,-0.0014593982278386,Stress,beaches
217,A,220,33,2,CA1,CA23,0.1902680411298411,Stress,canyons
222,A,225,33,2,CA1,CA23,-0.7059517766054023,Stress,beaches
228,A,231,33,2,CA1,CA23,2.877263637108641,Stress,waterfalls
5,A,8,33,3,CA1,CA23,1.014661581260827,Stress,beaches
22,A,25,33,3,CA1,CA23,2.920764719147319,Stress,canyons
31,A,34,33,3,CA1,CA23,0.4411587569187131,Stress,beaches
53,A,56,33,3,CA1,CA23,0.152043411533429,Stress,beaches
61,A,64,33,3,CA1,CA23,1.5640886294352736,Stress,canyons
70,A,73,33,3,CA1,CA23,1.5788743120101596,Stress,canyons
85,A,88,33,3,CA1,CA23,0.0013935732058452,Stress,beaches
94,A,97,33,3,CA1,CA23,0.0655844340432809,Stress,canyons
99,A,102,33,3,CA1,CA23,-0.0065474013320412,Stress,beaches
108,A,111,33,3,CA1,CA23,-0.3710497586312921,Stress,beaches
113,A,116,33,3,CA1,CA23,0.2060529471099188,Stress,waterfalls
125,A,128,33,3,CA1,CA23,0.9868785790918704,Stress,canyons
138,A,141,33,3,CA1,CA23,0.2212196220522134,Stress,waterfalls
154,A,157,33,3,CA1,CA23,1.044014154654795,Stress,waterfalls
158,A,161,33,3,CA1,CA23,0.0016659046076267,Stress,canyons
162,A,165,33,3,CA1,CA23,1.4209661860059144,Stress,waterfalls
178,A,181,33,3,CA1,CA23,-0.3126164766275853,Stress,canyons
186,A,189,33,3,CA1,CA23,-0.4852592793747535,Stress,waterfalls
203,A,206,33,3,CA1,CA23,0.5895727892849503,Stress,waterfalls
212,A,215,33,3,CA1,CA23,0.3235912614932099,Stress,beaches
219,A,222,33,3,CA1,CA23,0.0757081320972264,Stress,waterfalls
7,A,10,33,4,CA1,CA23,-0.2785161146449016,Stress,canyons
21,A,24,33,4,CA1,CA23,0.1422121388488771,Stress,waterfalls
29,A,32,33,4,CA1,CA23,0.3585532002210124,Stress,beaches
39,A,42,33,4,CA1,CA23,2.313286857088532,Stress,waterfalls
49,A,52,33,4,CA1,CA23,0.705208592387194,Stress,canyons
56,A,59,33,4,CA1,CA23,-0.5481804352182494,Stress,waterfalls
67,A,70,33,4,CA1,CA23,0.1722597569684835,Stress,waterfalls
88,A,91,33,4,CA1,CA23,-1.2706118293265718,Stress,canyons
95,A,98,33,4,CA1,CA23,-0.7941311636358163,Stress,beaches
107,A,110,33,4,CA1,CA23,-0.3458820964354094,Stress,canyons
116,A,119,33,4,CA1,CA23,0.2828203771419674,Stress,waterfalls
130,A,133,33,4,CA1,CA23,0.4689432024179349,Stress,canyons
140,A,143,33,4,CA1,CA23,0.2199272267455688,Stress,beaches
150,A,153,33,4,CA1,CA23,-1.446906292058241,Stress,beaches
162,A,165,33,4,CA1,CA23,0.9366455084899544,Stress,canyons
180,A,183,33,4,CA1,CA23,0.8595733297827357,Stress,waterfalls
189,A,192,33,4,CA1,CA23,0.0995491197023336,Stress,beaches
199,A,202,33,4,CA1,CA23,1.2814516408064116,Stress,waterfalls
211,A,214,33,4,CA1,CA23,0.921877704739412,Stress,beaches
220,A,223,33,4,CA1,CA23,-1.087214693487855,Stress,beaches
236,A,239,33,4,CA1,CA23,0.1368499603615832,Stress,canyons
9,A,12,34,2,CA1,CA23,0.0013393483122282,Control,bridges
20,A,23,34,2,CA1,CA23,9.679740337513149,Control,lakes
27,A,30,34,2,CA1,CA23,0.0017553754928303,Control,fields
39,A,42,34,2,CA1,CA23,0.003782049392814,Control,lakes
49,A,52,34,2,CA1,CA23,1.2034735192947297,Control,lakes
63,A,66,34,2,CA1,CA23,-0.1450126551491016,Control,bridges
68,A,71,34,2,CA1,CA23,-0.4816426505569254,Control,fields
91,A,94,34,2,CA1,CA23,0.2034213777651735,Control,bridges
97,A,100,34,2,CA1,CA23,0.0371375143648563,Control,lakes
109,A,112,34,2,CA1,CA23,-0.8446253122189544,Control,bridges
131,A,134,34,2,CA1,CA23,0.426781821691806,Control,lakes
142,A,145,34,2,CA1,CA23,0.0676369626477501,Control,bridges
146,A,149,34,2,CA1,CA23,0.3168832676129187,Control,lakes
156,A,159,34,2,CA1,CA23,5.314624880293386,Control,bridges
161,A,164,34,2,CA1,CA23,1.5521460782196084,Control,fields
174,A,177,34,2,CA1,CA23,0.0126208199223847,Control,fields
190,A,193,34,2,CA1,CA23,0.0862353332987694,Control,fields
213,A,216,34,2,CA1,CA23,-0.3625735463619653,Control,bridges
221,A,224,34,2,CA1,CA23,2.8931054830508063,Control,lakes
226,A,229,34,2,CA1,CA23,2.028657752080768,Control,fields
234,A,237,34,2,CA1,CA23,-0.085184587707495,Control,fields
18,A,21,34,3,CA1,CA23,-0.0221746771855066,Control,fields
31,A,34,34,3,CA1,CA23,0.3287076697612086,Control,bridges
41,A,44,34,3,CA1,CA23,0.0047113738895036,Control,bridges
50,A,53,34,3,CA1,CA23,0.1184202236364521,Control,bridges
62,A,65,34,3,CA1,CA23,0.0027024889699145,Control,fields
67,A,70,34,3,CA1,CA23,3.769661366148612,Control,lakes
81,A,84,34,3,CA1,CA23,0.1078945424476641,Control,lakes
93,A,96,34,3,CA1,CA23,-0.620102486736015,Control,bridges
101,A,104,34,3,CA1,CA23,0.0017463637956216,Control,fields
114,A,117,34,3,CA1,CA23,3.7235328681947815,Control,bridges
122,A,125,34,3,CA1,CA23,0.3382568505084489,Control,lakes
130,A,133,34,3,CA1,CA23,1.1754219217935211,Control,bridges
135,A,138,34,3,CA1,CA23,1.2572279840685667,Control,lakes
141,A,144,34,3,CA1,CA23,0.2340951056972658,Control,fields
153,A,156,34,3,CA1,CA23,0.0802568213174793,Control,fields
163,A,166,34,3,CA1,CA23,0.1408433755906987,Control,bridges
170,A,173,34,3,CA1,CA23,0.5322533521744132,Control,fields
187,A,190,34,3,CA1,CA23,0.7051481972133256,Control,fields
193,A,196,34,3,CA1,CA23,-0.5249059773178251,Control,lakes
222,A,225,34,3,CA1,CA23,-0.1367318934426569,Control,lakes
232,A,235,34,3,CA1,CA23,0.1297307196868121,Control,lakes
5,A,8,34,4,CA1,CA23,0.0329800160956196,Control,lakes
21,A,24,34,4,CA1,CA23,1.0105581974002094,Control,bridges
27,A,30,34,4,CA1,CA23,0.004842697631896,Control,lakes
32,A,35,34,4,CA1,CA23,-0.9037063872813048,Control,fields
44,A,47,34,4,CA1,CA23,-0.076041987807697,Control,bridges
51,A,54,34,4,CA1,CA23,-0.8195839349038904,Control,fields
80,A,83,34,4,CA1,CA23,0.0202761198402776,Control,fields
90,A,93,34,4,CA1,CA23,0.1766609851065635,Control,bridges
97,A,100,34,4,CA1,CA23,1.2737821548328545,Control,lakes
106,A,109,34,4,CA1,CA23,-0.0270573076691633,Control,fields
118,A,121,34,4,CA1,CA23,0.6016418585698803,Control,bridges
122,A,125,34,4,CA1,CA23,0.1850280179439595,Control,lakes
128,A,131,34,4,CA1,CA23,0.0791186736728615,Control,fields
135,A,138,34,4,CA1,CA23,7.502872370050876,Control,bridges
159,A,162,34,4,CA1,CA23,0.7697227152030504,Control,lakes
172,A,175,34,4,CA1,CA23,-0.3560745678997837,Control,fields
181,A,184,34,4,CA1,CA23,0.3973317003458061,Control,lakes
190,A,193,34,4,CA1,CA23,1.46724139638025,Control,fields
203,A,206,34,4,CA1,CA23,0.0127312876099248,Control,bridges
211,A,214,34,4,CA1,CA23,0.2715360779267457,Control,lakes
236,A,239,34,4,CA1,CA23,-0.6893782034214967,Control,bridges
5,A,8,36,2,CA1,CA23,-0.1221812632280993,Control,forests
14,A,17,36,2,CA1,CA23,0.302546438867416,Control,forests
23,A,26,36,2,CA1,CA23,0.2764888817756729,Control,fields
31,A,34,36,2,CA1,CA23,-0.1588168942672081,Control,forests
39,A,42,36,2,CA1,CA23,-1.9941902017597104,Control,lighthouses
43,A,46,36,2,CA1,CA23,-1.161993791174363,Control,fields
53,A,56,36,2,CA1,CA23,1.9105383472410544,Control,lighthouses
74,A,77,36,2,CA1,CA23,0.1241236453812946,Control,fields
87,A,90,36,2,CA1,CA23,0.0345100007420604,Control,lighthouses
94,A,97,36,2,CA1,CA23,-0.5265517860498119,Control,lighthouses
109,A,112,36,2,CA1,CA23,-1.7390217173957017,Control,fields
127,A,130,36,2,CA1,CA23,5.997065314954164,Control,forests
132,A,135,36,2,CA1,CA23,1.716360130718348,Control,lighthouses
138,A,141,36,2,CA1,CA23,-0.0628337690514782,Control,forests
173,A,176,36,2,CA1,CA23,0.4910411111679149,Control,forests
178,A,181,36,2,CA1,CA23,0.0594869508165618,Control,lighthouses
195,A,198,36,2,CA1,CA23,0.7090676436833635,Control,fields
208,A,211,36,2,CA1,CA23,0.5663600842935561,Control,lighthouses
223,A,226,36,2,CA1,CA23,0.2382743739624762,Control,fields
228,A,231,36,2,CA1,CA23,1.0524247938018223,Control,forests
235,A,238,36,2,CA1,CA23,0.0431171741218109,Control,fields
13,A,16,36,3,CA1,CA23,-0.090695079135666,Control,forests
21,A,24,36,3,CA1,CA23,0.0393648553521426,Control,forests
42,A,45,36,3,CA1,CA23,-0.1371474062034016,Control,lighthouses
48,A,51,36,3,CA1,CA23,0.3970551392827017,Control,forests
71,A,74,36,3,CA1,CA23,-0.6287041925853029,Control,fields
83,A,86,36,3,CA1,CA23,0.014544575326365,Control,fields
90,A,93,36,3,CA1,CA23,2.280748805467585,Control,lighthouses
100,A,103,36,3,CA1,CA23,-0.2240612169333131,Control,lighthouses
110,A,113,36,3,CA1,CA23,-0.4609405854303033,Control,forests
120,A,123,36,3,CA1,CA23,-0.0242177723532634,Control,fields
127,A,130,36,3,CA1,CA23,0.2114895216826934,Control,forests
131,A,134,36,3,CA1,CA23,-0.1881056493034245,Control,lighthouses
137,A,140,36,3,CA1,CA23,1.152456466786691,Control,fields
158,A,161,36,3,CA1,CA23,0.1984901566814806,Control,fields
167,A,170,36,3,CA1,CA23,-2.1893251107388525,Control,forests
175,A,178,36,3,CA1,CA23,0.6016101770752668,Control,fields
179,A,182,36,3,CA1,CA23,0.5124920526985526,Control,forests
184,A,187,36,3,CA1,CA23,-0.9615458782862202,Control,lighthouses
212,A,215,36,3,CA1,CA23,1.0821665116887884,Control,lighthouses
217,A,220,36,3,CA1,CA23,-1.4395052832657989,Control,fields
235,A,238,36,3,CA1,CA23,0.0013532932678445,Control,lighthouses
8,A,11,36,4,CA1,CA23,-0.3223028715668163,Control,lighthouses
43,A,46,36,4,CA1,CA23,0.4625284653108298,Control,lighthouses
59,A,62,36,4,CA1,CA23,-1.2119200649129742,Control,fields
67,A,70,36,4,CA1,CA23,-1.2837035824156422,Control,forests
71,A,74,36,4,CA1,CA23,-0.2136137775395842,Control,lighthouses
79,A,82,36,4,CA1,CA23,-1.8048422503747088,Control,forests
84,A,87,36,4,CA1,CA23,-0.1893634611140703,Control,fields
99,A,102,36,4,CA1,CA23,3.448012896416974,Control,forests
109,A,112,36,4,CA1,CA23,-0.0013140517642671,Control,forests
114,A,117,36,4,CA1,CA23,-0.2592240863981502,Control,lighthouses
136,A,139,36,4,CA1,CA23,-0.2135710119473162,Control,fields
152,A,155,36,4,CA1,CA23,-0.7236105654345416,Control,fields
156,A,159,36,4,CA1,CA23,0.0685882509916871,Control,lighthouses
167,A,170,36,4,CA1,CA23,0.6442844414992123,Control,forests
175,A,178,36,4,CA1,CA23,0.2412229829245201,Control,lighthouses
183,A,186,36,4,CA1,CA23,-0.36744308098216,Control,forests
189,A,192,36,4,CA1,CA23,3.323337111936774,Control,fields
208,A,211,36,4,CA1,CA23,0.4672228049550436,Control,fields
216,A,219,36,4,CA1,CA23,-0.4463536388842654,Control,lighthouses
226,A,229,36,4,CA1,CA23,-3.395844386154324e-05,Control,forests
237,A,240,36,4,CA1,CA23,0.0218215614796009,Control,fields
11,A,14,37,2,CA1,CA23,0.856781749943644,Stress,deserts
21,A,24,37,2,CA1,CA23,-0.0484326338954221,Stress,waterfalls
30,A,33,37,2,CA1,CA23,-0.3889986974193818,Stress,marshes
41,A,44,37,2,CA1,CA23,-0.1491739779292519,Stress,waterfalls
48,A,51,37,2,CA1,CA23,-0.9190167836775144,Stress,marshes
63,A,66,37,2,CA1,CA23,-0.0873354920615795,Stress,marshes
69,A,72,37,2,CA1,CA23,3.715940473477101,Stress,deserts
78,A,81,37,2,CA1,CA23,2.6431935878941832,Stress,waterfalls
85,A,88,37,2,CA1,CA23,2.1405357435186163,Stress,waterfalls
96,A,99,37,2,CA1,CA23,0.2329545868071071,Stress,deserts
103,A,106,37,2,CA1,CA23,-0.8719634848828796,Stress,marshes
115,A,118,37,2,CA1,CA23,0.1541326914800551,Stress,waterfalls
130,A,133,37,2,CA1,CA23,0.0650047362319504,Stress,deserts
135,A,138,37,2,CA1,CA23,-0.5461529219836122,Stress,waterfalls
144,A,147,37,2,CA1,CA23,0.1342771013332101,Stress,deserts
155,A,158,37,2,CA1,CA23,1.7228360434492318,Stress,marshes
173,A,176,37,2,CA1,CA23,0.0002083367185051,Stress,deserts
186,A,189,37,2,CA1,CA23,0.2118773115839553,Stress,marshes
198,A,201,37,2,CA1,CA23,4.950002811456782,Stress,deserts
215,A,218,37,2,CA1,CA23,0.0034917643194293,Stress,marshes
234,A,237,37,2,CA1,CA23,-0.0076265298577948,Stress,waterfalls
18,A,21,37,3,CA1,CA23,0.5605242614737538,Stress,waterfalls
29,A,32,37,3,CA1,CA23,-0.3879375082943325,Stress,deserts
39,A,42,37,3,CA1,CA23,0.6388598652809355,Stress,deserts
44,A,47,37,3,CA1,CA23,0.0063648750225333,Stress,marshes
50,A,53,37,3,CA1,CA23,-1.1557562263454324,Stress,deserts
61,A,64,37,3,CA1,CA23,0.0653412139537189,Stress,waterfalls
69,A,72,37,3,CA1,CA23,-1.6489955904426024,Stress,waterfalls
85,A,88,37,3,CA1,CA23,1.4480456920933251,Stress,waterfalls
94,A,97,37,3,CA1,CA23,-0.0896808588381009,Stress,deserts
98,A,101,37,3,CA1,CA23,0.2143495056498457,Stress,marshes
106,A,109,37,3,CA1,CA23,0.0659401080634072,Stress,marshes
123,A,126,37,3,CA1,CA23,-0.2629763293852133,Stress,waterfalls
136,A,139,37,3,CA1,CA23,0.0462499392448711,Stress,deserts
141,A,144,37,3,CA1,CA23,1.8443494563471112,Stress,marshes
159,A,162,37,3,CA1,CA23,-0.6917956209157811,Stress,deserts
164,A,167,37,3,CA1,CA23,1.833405288334586,Stress,marshes
170,A,173,37,3,CA1,CA23,0.3129243119719206,Stress,waterfalls
181,A,184,37,3,CA1,CA23,-1.0186314190994552,Stress,marshes
210,A,213,37,3,CA1,CA23,-0.4147988200282247,Stress,marshes
224,A,227,37,3,CA1,CA23,0.08805849382376,Stress,waterfalls
237,A,240,37,3,CA1,CA23,-0.0296605698807503,Stress,deserts
23,A,26,37,4,CA1,CA23,0.0920555271002963,Stress,marshes
34,A,37,37,4,CA1,CA23,-0.7975346536351443,Stress,deserts
41,A,44,37,4,CA1,CA23,0.0059156032404642,Stress,marshes
52,A,55,37,4,CA1,CA23,1.3802498633073823,Stress,deserts
68,A,71,37,4,CA1,CA23,0.0010423596614188,Stress,deserts
81,A,84,37,4,CA1,CA23,-0.0237399591511707,Stress,waterfalls
96,A,99,37,4,CA1,CA23,2.2587043095791794,Stress,marshes
102,A,105,37,4,CA1,CA23,0.3868047964602837,Stress,waterfalls
110,A,113,37,4,CA1,CA23,-0.2528249915710556,Stress,waterfalls
115,A,118,37,4,CA1,CA23,0.3338030424054874,Stress,deserts
119,A,122,37,4,CA1,CA23,0.743219503261222,Stress,marshes
134,A,137,37,4,CA1,CA23,0.3718203705951957,Stress,marshes
139,A,142,37,4,CA1,CA23,0.2962524368089675,Stress,deserts
144,A,147,37,4,CA1,CA23,0.6281280881034594,Stress,waterfalls
151,A,154,37,4,CA1,CA23,-0.6394860455880607,Stress,marshes
166,A,169,37,4,CA1,CA23,0.6613183654431265,Stress,deserts
172,A,175,37,4,CA1,CA23,0.4700413976922482,Stress,marshes
187,A,190,37,4,CA1,CA23,-0.016313134122286,Stress,waterfalls
202,A,205,37,4,CA1,CA23,-1.0257824086326188,Stress,waterfalls
214,A,217,37,4,CA1,CA23,0.2194544760448481,Stress,waterfalls
229,A,232,37,4,CA1,CA23,0.5746271094620521,Stress,deserts
5,A,8,38,2,CA1,CA23,0.2533762839732137,Stress,lighthouses
11,A,14,38,2,CA1,CA23,-0.718683440458365,Stress,lighthouses
16,A,19,38,2,CA1,CA23,-0.8537808927579372,Stress,bridges
24,A,27,38,2,CA1,CA23,-0.4420825717112074,Stress,lighthouses
31,A,34,38,2,CA1,CA23,-0.393062301418311,Stress,bridges
39,A,42,38,2,CA1,CA23,-0.4157354066640116,Stress,marshes
44,A,47,38,2,CA1,CA23,0.3362107866684283,Stress,bridges
65,A,68,38,2,CA1,CA23,1.855999336057388,Stress,lighthouses
96,A,99,38,2,CA1,CA23,0.5761643751688402,Stress,bridges
106,A,109,38,2,CA1,CA23,1.1619774597672683,Stress,marshes
118,A,121,38,2,CA1,CA23,1.0289173542665384,Stress,lighthouses
139,A,142,38,2,CA1,CA23,0.0359439506648535,Stress,bridges
150,A,153,38,2,CA1,CA23,-2.0040919625784634,Stress,marshes
158,A,161,38,2,CA1,CA23,-0.0361705652908252,Stress,marshes
164,A,167,38,2,CA1,CA23,-0.8754229881330364,Stress,lighthouses
177,A,180,38,2,CA1,CA23,0.0240520892961818,Stress,lighthouses
184,A,187,38,2,CA1,CA23,1.890824993301374,Stress,marshes
191,A,194,38,2,CA1,CA23,1.3643889842047516,Stress,bridges
203,A,206,38,2,CA1,CA23,0.0077768415163087,Stress,marshes
211,A,214,38,2,CA1,CA23,0.0314086670861397,Stress,marshes
225,A,228,38,2,CA1,CA23,0.0143429837203855,Stress,bridges
5,A,8,38,3,CA1,CA23,0.0232862679675251,Stress,lighthouses
12,A,15,38,3,CA1,CA23,-0.314577567278298,Stress,marshes
24,A,27,38,3,CA1,CA23,0.5879243921430114,Stress,marshes
35,A,38,38,3,CA1,CA23,-0.2488849789230516,Stress,bridges
43,A,46,38,3,CA1,CA23,-0.0214562908690115,Stress,marshes
55,A,58,38,3,CA1,CA23,-0.0211710163069301,Stress,bridges
72,A,75,38,3,CA1,CA23,-0.1543658258157915,Stress,lighthouses
77,A,80,38,3,CA1,CA23,-1.3139436131127342,Stress,marshes
86,A,89,38,3,CA1,CA23,0.8425603151491987,Stress,lighthouses
104,A,107,38,3,CA1,CA23,0.7745406461082748,Stress,marshes
110,A,113,38,3,CA1,CA23,0.3671193798588399,Stress,bridges
135,A,138,38,3,CA1,CA23,0.0132623596418401,Stress,bridges
147,A,150,38,3,CA1,CA23,0.1281536432392175,Stress,bridges
151,A,154,38,3,CA1,CA23,-0.9477761259835864,Stress,marshes
163,A,166,38,3,CA1,CA23,-0.7263408276500978,Stress,lighthouses
175,A,178,38,3,CA1,CA23,-0.4064325980718318,Stress,marshes
180,A,183,38,3,CA1,CA23,-0.2067482513004601,Stress,bridges
186,A,189,38,3,CA1,CA23,2.1363451498661465,Stress,lighthouses
203,A,206,38,3,CA1,CA23,-1.0216366434244026,Stress,lighthouses
210,A,213,38,3,CA1,CA23,0.3494450579787693,Stress,bridges
226,A,229,38,3,CA1,CA23,-2.367628132052411,Stress,lighthouses
5,A,8,38,4,CA1,CA23,0.201824456856326,Stress,lighthouses
10,A,13,38,4,CA1,CA23,0.572015478424118,Stress,marshes
16,A,19,38,4,CA1,CA23,0.0530831347203414,Stress,lighthouses
27,A,30,38,4,CA1,CA23,0.5402297033202734,Stress,lighthouses
44,A,47,38,4,CA1,CA23,0.9635720374300836,Stress,marshes
51,A,54,38,4,CA1,CA23,-0.8616474748386858,Stress,marshes
58,A,61,38,4,CA1,CA23,-0.0527945565548283,Stress,bridges
69,A,72,38,4,CA1,CA23,0.0605456253770555,Stress,lighthouses
75,A,78,38,4,CA1,CA23,-0.0086074474509471,Stress,marshes
81,A,84,38,4,CA1,CA23,1.1111520183295494,Stress,lighthouses
102,A,105,38,4,CA1,CA23,0.7663644950862561,Stress,bridges
128,A,131,38,4,CA1,CA23,0.7126843083040911,Stress,bridges
135,A,138,38,4,CA1,CA23,0.4929776715903328,Stress,marshes
153,A,156,38,4,CA1,CA23,0.1454717885859753,Stress,marshes
158,A,161,38,4,CA1,CA23,1.2246989059246407,Stress,bridges
187,A,190,38,4,CA1,CA23,-0.4407756329379849,Stress,bridges
194,A,197,38,4,CA1,CA23,-0.0129934840715413,Stress,lighthouses
201,A,204,38,4,CA1,CA23,-0.0450424846746213,Stress,bridges
214,A,217,38,4,CA1,CA23,0.0589858089968522,Stress,marshes
226,A,229,38,4,CA1,CA23,2.0250171776890884,Stress,bridges
237,A,240,38,4,CA1,CA23,1.3594166075458325,Stress,lighthouses
22,A,25,39,2,CA1,CA23,0.2129006692115042,Control,lighthouses
47,A,50,39,2,CA1,CA23,0.5019522261004407,Control,waterfalls
62,A,65,39,2,CA1,CA23,-0.8920338254092818,Control,marshes
70,A,73,39,2,CA1,CA23,0.905327033025944,Control,lighthouses
75,A,78,39,2,CA1,CA23,-1.2489561627789976,Control,marshes
79,A,82,39,2,CA1,CA23,-1.6362344455110422,Control,waterfalls
85,A,88,39,2,CA1,CA23,-0.0437324770111711,Control,lighthouses
104,A,107,39,2,CA1,CA23,2.656046988625256,Control,marshes
116,A,119,39,2,CA1,CA23,0.121326798594433,Control,waterfalls
124,A,127,39,2,CA1,CA23,0.0040551582030343,Control,lighthouses
142,A,145,39,2,CA1,CA23,1.0435036135311748,Control,marshes
151,A,154,39,2,CA1,CA23,-0.067226733020533,Control,lighthouses
165,A,168,39,2,CA1,CA23,0.0811706964144503,Control,lighthouses
176,A,179,39,2,CA1,CA23,-0.2910969811051516,Control,marshes
180,A,183,39,2,CA1,CA23,-0.0979920361685181,Control,waterfalls
188,A,191,39,2,CA1,CA23,1.0463818446303896,Control,marshes
200,A,203,39,2,CA1,CA23,0.0452681332379224,Control,waterfalls
216,A,219,39,2,CA1,CA23,0.0908387243863849,Control,lighthouses
226,A,229,39,2,CA1,CA23,0.2614693439333326,Control,waterfalls
233,A,236,39,2,CA1,CA23,-0.0044041242581194,Control,marshes
238,A,241,39,2,CA1,CA23,-0.4799977947861133,Control,waterfalls
19,A,22,39,3,CA1,CA23,-0.1801536912782322,Control,marshes
30,A,33,39,3,CA1,CA23,1.9516871001439648,Control,marshes
37,A,40,39,3,CA1,CA23,0.0808718859620815,Control,waterfalls
47,A,50,39,3,CA1,CA23,0.7192316135176153,Control,marshes
53,A,56,39,3,CA1,CA23,-1.1658919003459216,Control,waterfalls
62,A,65,39,3,CA1,CA23,-0.6494399026964014,Control,lighthouses
70,A,73,39,3,CA1,CA23,0.0001271114899054,Control,lighthouses
86,A,89,39,3,CA1,CA23,-1.651577687552222,Control,waterfalls
98,A,101,39,3,CA1,CA23,0.5686518647934964,Control,lighthouses
102,A,105,39,3,CA1,CA23,0.0831319944437721,Control,waterfalls
116,A,119,39,3,CA1,CA23,-0.0870417098262089,Control,marshes
138,A,141,39,3,CA1,CA23,1.612600070321226,Control,marshes
146,A,149,39,3,CA1,CA23,0.1516642973092773,Control,lighthouses
162,A,165,39,3,CA1,CA23,0.0001013678116497,Control,waterfalls
171,A,174,39,3,CA1,CA23,0.4784743882629369,Control,waterfalls
180,A,183,39,3,CA1,CA23,2.0297916965943417,Control,lighthouses
186,A,189,39,3,CA1,CA23,-0.0937866010198661,Control,marshes
194,A,197,39,3,CA1,CA23,-1.2597605642483805,Control,lighthouses
201,A,204,39,3,CA1,CA23,1.2115727513170462,Control,waterfalls
206,A,209,39,3,CA1,CA23,-0.5307644894692113,Control,lighthouses
220,A,223,39,3,CA1,CA23,-0.251817081834145,Control,marshes
7,A,10,39,4,CA1,CA23,-1.5426339753286924,Control,waterfalls
12,A,15,39,4,CA1,CA23,2.7536381475359883,Control,lighthouses
18,A,21,39,4,CA1,CA23,-0.7008869719047611,Control,marshes
23,A,26,39,4,CA1,CA23,0.5503569774821069,Control,waterfalls
30,A,33,39,4,CA1,CA23,0.2133413861068116,Control,marshes
38,A,41,39,4,CA1,CA23,-0.0054878402601839,Control,lighthouses
45,A,48,39,4,CA1,CA23,0.0578127481508522,Control,lighthouses
58,A,61,39,4,CA1,CA23,-0.2157890039959846,Control,lighthouses
77,A,80,39,4,CA1,CA23,1.1142303476281534,Control,marshes
83,A,86,39,4,CA1,CA23,0.2661856046180254,Control,waterfalls
91,A,94,39,4,CA1,CA23,0.0958741825503487,Control,marshes
103,A,106,39,4,CA1,CA23,0.2112526758244309,Control,waterfalls
109,A,112,39,4,CA1,CA23,-0.0883145199375786,Control,lighthouses
113,A,116,39,4,CA1,CA23,0.9710836275493936,Control,marshes
119,A,122,39,4,CA1,CA23,0.615502525712967,Control,waterfalls
158,A,161,39,4,CA1,CA23,-0.0967229866308295,Control,waterfalls
177,A,180,39,4,CA1,CA23,0.00026440490135,Control,lighthouses
203,A,206,39,4,CA1,CA23,-0.3211434437296987,Control,marshes
208,A,211,39,4,CA1,CA23,-0.8490063298143412,Control,lighthouses
217,A,220,39,4,CA1,CA23,0.0379689737420987,Control,waterfalls
222,A,225,39,4,CA1,CA23,0.0534639428061558,Control,marshes
8,A,11,40,2,CA1,CA23,1.8013193423151892,Stress,beaches
14,A,17,40,2,CA1,CA23,0.0185877957160691,Stress,fields
41,A,44,40,2,CA1,CA23,0.6027513077402334,Stress,beaches
59,A,62,40,2,CA1,CA23,0.0221867297166734,Stress,fields
82,A,85,40,2,CA1,CA23,1.205405963036601,Stress,parks
87,A,90,40,2,CA1,CA23,-0.6386096248254106,Stress,beaches
98,A,101,40,2,CA1,CA23,1.089474263938231,Stress,beaches
107,A,110,40,2,CA1,CA23,0.1505074961733859,Stress,parks
112,A,115,40,2,CA1,CA23,-0.6863129789230235,Stress,fields
116,A,119,40,2,CA1,CA23,9.216823170799362,Stress,beaches
122,A,125,40,2,CA1,CA23,-0.2633938039217554,Stress,parks
128,A,131,40,2,CA1,CA23,-0.038396411996197,Stress,parks
139,A,142,40,2,CA1,CA23,0.0306721722823107,Stress,parks
144,A,147,40,2,CA1,CA23,-0.1276633327055304,Stress,fields
157,A,160,40,2,CA1,CA23,1.0695480440844392,Stress,fields
171,A,174,40,2,CA1,CA23,-0.2993794546954317,Stress,parks
175,A,178,40,2,CA1,CA23,-2.4065804125238035,Stress,beaches
186,A,189,40,2,CA1,CA23,0.2177026302446979,Stress,parks
191,A,194,40,2,CA1,CA23,0.841883250143824,Stress,fields
209,A,212,40,2,CA1,CA23,0.696691505930845,Stress,fields
220,A,223,40,2,CA1,CA23,0.2891673733457076,Stress,beaches
13,A,16,40,3,CA1,CA23,0.0025448767809391,Stress,parks
21,A,24,40,3,CA1,CA23,0.6740418838201685,Stress,fields
31,A,34,40,3,CA1,CA23,-0.0595278397510172,Stress,fields
49,A,52,40,3,CA1,CA23,-0.2280124779155141,Stress,beaches
58,A,61,40,3,CA1,CA23,0.0047128072996437,Stress,beaches
62,A,65,40,3,CA1,CA23,1.1002645218704612,Stress,fields
68,A,71,40,3,CA1,CA23,-0.2921461192681106,Stress,beaches
77,A,80,40,3,CA1,CA23,0.8360130444197401,Stress,beaches
90,A,93,40,3,CA1,CA23,2.217018111398612,Stress,beaches
98,A,101,40,3,CA1,CA23,-0.4080002968093072,Stress,beaches
103,A,106,40,3,CA1,CA23,-0.5774437473405566,Stress,parks
119,A,122,40,3,CA1,CA23,1.4186931896083848,Stress,parks
129,A,132,40,3,CA1,CA23,4.537842897715935,Stress,fields
144,A,147,40,3,CA1,CA23,-0.1423597858740192,Stress,fields
154,A,157,40,3,CA1,CA23,1.9750967900041767,Stress,parks
172,A,175,40,3,CA1,CA23,-0.8684580127897222,Stress,parks
180,A,183,40,3,CA1,CA23,-0.1992323865612393,Stress,parks
190,A,193,40,3,CA1,CA23,-0.246137971150496,Stress,fields
209,A,212,40,3,CA1,CA23,-0.1454129766657799,Stress,fields
227,A,230,40,3,CA1,CA23,-0.5895963249208087,Stress,parks
232,A,235,40,3,CA1,CA23,-0.0124258809368847,Stress,beaches
7,A,10,40,4,CA1,CA23,-0.3095307887619964,Stress,beaches
14,A,17,40,4,CA1,CA23,2.546546375804617,Stress,parks
22,A,25,40,4,CA1,CA23,0.2109952496936045,Stress,fields
38,A,41,40,4,CA1,CA23,0.8590259354246733,Stress,fields
46,A,49,40,4,CA1,CA23,-0.0556331238813312,Stress,beaches
59,A,62,40,4,CA1,CA23,0.1035626426361444,Stress,fields
80,A,83,40,4,CA1,CA23,-0.4198801355523233,Stress,parks
89,A,92,40,4,CA1,CA23,0.0252048331222298,Stress,parks
105,A,108,40,4,CA1,CA23,1.0425301579492137,Stress,fields
117,A,120,40,4,CA1,CA23,-0.7111343742996353,Stress,beaches
125,A,128,40,4,CA1,CA23,-0.6145020478397392,Stress,beaches
132,A,135,40,4,CA1,CA23,0.5767400207561741,Stress,parks
152,A,155,40,4,CA1,CA23,0.0022064503020184,Stress,fields
165,A,168,40,4,CA1,CA23,0.0548669386429231,Stress,parks
170,A,173,40,4,CA1,CA23,1.5602561103589028,Stress,fields
179,A,182,40,4,CA1,CA23,-0.1382435138828876,Stress,fields
196,A,199,40,4,CA1,CA23,-0.0189900451197062,Stress,beaches
211,A,214,40,4,CA1,CA23,-0.0211145245916155,Stress,beaches
227,A,230,40,4,CA1,CA23,-0.3027006660748237,Stress,parks
231,A,234,40,4,CA1,CA23,1.4775186747934377,Stress,beaches
27,A,30,41,2,CA1,CA23,0.2347028293217988,Control,lakes
45,A,48,41,2,CA1,CA23,0.3053863819724145,Control,lakes
50,A,53,41,2,CA1,CA23,0.338238914535575,Control,beaches
54,A,57,41,2,CA1,CA23,0.0170340027605265,Control,lakes
76,A,79,41,2,CA1,CA23,-0.2301726157162845,Control,lakes
92,A,95,41,2,CA1,CA23,0.3271872401195145,Control,beaches
100,A,103,41,2,CA1,CA23,1.4434637948515838,Control,mountains
106,A,109,41,2,CA1,CA23,-0.2562158901187948,Control,lakes
114,A,117,41,2,CA1,CA23,0.8289228190438096,Control,beaches
130,A,133,41,2,CA1,CA23,0.5014896408057137,Control,mountains
138,A,141,41,2,CA1,CA23,0.2806806983662355,Control,beaches
152,A,155,41,2,CA1,CA23,-0.960639381241072,Control,mountains
165,A,168,41,2,CA1,CA23,2.122654698568679,Control,beaches
172,A,175,41,2,CA1,CA23,-0.4027162911978463,Control,lakes
188,A,191,41,2,CA1,CA23,2.247464196088437e-05,Control,beaches
197,A,200,41,2,CA1,CA23,-1.618344171286048,Control,mountains
205,A,208,41,2,CA1,CA23,-0.4384172140364711,Control,beaches
211,A,214,41,2,CA1,CA23,-0.4122372819932243,Control,mountains
217,A,220,41,2,CA1,CA23,0.7017277361324903,Control,mountains
232,A,235,41,2,CA1,CA23,0.5242476616919282,Control,mountains
236,A,239,41,2,CA1,CA23,-0.2205434308650731,Control,lakes
12,A,15,41,3,CA1,CA23,0.9423386631709104,Control,lakes
28,A,31,41,3,CA1,CA23,1.2424665428057895,Control,mountains
38,A,41,41,3,CA1,CA23,0.9753657095500337,Control,lakes
45,A,48,41,3,CA1,CA23,0.0381955703280658,Control,beaches
50,A,53,41,3,CA1,CA23,0.6314584506761924,Control,mountains
72,A,75,41,3,CA1,CA23,0.2500180749356812,Control,beaches
88,A,91,41,3,CA1,CA23,-1.5745264114989272,Control,beaches
94,A,97,41,3,CA1,CA23,2.5998156417981395,Control,mountains
108,A,111,41,3,CA1,CA23,1.7914263273689148,Control,mountains
117,A,120,41,3,CA1,CA23,0.0335761545156507,Control,lakes
128,A,131,41,3,CA1,CA23,0.3925228224257198,Control,lakes
152,A,155,41,3,CA1,CA23,1.9229118000281764,Control,beaches
161,A,164,41,3,CA1,CA23,-0.705434581433355,Control,lakes
168,A,171,41,3,CA1,CA23,-0.0784107317600219,Control,mountains
193,A,196,41,3,CA1,CA23,-0.1045211807031323,Control,beaches
197,A,200,41,3,CA1,CA23,3.630561232461489,Control,mountains
204,A,207,41,3,CA1,CA23,-0.3885572205322775,Control,lakes
211,A,214,41,3,CA1,CA23,0.265651548832259,Control,mountains
220,A,223,41,3,CA1,CA23,0.0019848069758155,Control,lakes
225,A,228,41,3,CA1,CA23,0.0375555037749671,Control,beaches
235,A,238,41,3,CA1,CA23,0.2141568221719922,Control,beaches
7,A,10,41,4,CA1,CA23,-0.2784887326664352,Control,beaches
26,A,29,41,4,CA1,CA23,0.0179394344270825,Control,mountains
38,A,41,41,4,CA1,CA23,0.9216357224318424,Control,lakes
46,A,49,41,4,CA1,CA23,-0.2369767969563457,Control,beaches
61,A,64,41,4,CA1,CA23,-0.9504350425134348,Control,lakes
73,A,76,41,4,CA1,CA23,0.4496452958722771,Control,lakes
81,A,84,41,4,CA1,CA23,2.0951911386814834,Control,beaches
94,A,97,41,4,CA1,CA23,-0.0794457154205737,Control,beaches
101,A,104,41,4,CA1,CA23,-0.0609606320590088,Control,mountains
117,A,120,41,4,CA1,CA23,0.0099888567603774,Control,lakes
123,A,126,41,4,CA1,CA23,-0.0927513095458305,Control,mountains
162,A,165,41,4,CA1,CA23,0.7168834715200321,Control,lakes
170,A,173,41,4,CA1,CA23,0.039143367490115,Control,beaches
183,A,186,41,4,CA1,CA23,0.0130258048009564,Control,mountains
190,A,193,41,4,CA1,CA23,-1.5435479234842389,Control,beaches
197,A,200,41,4,CA1,CA23,-0.3753473302265683,Control,mountains
202,A,205,41,4,CA1,CA23,-0.8474836618083733,Control,lakes
218,A,221,41,4,CA1,CA23,-0.0111353842165264,Control,lakes
224,A,227,41,4,CA1,CA23,-0.0821115637320436,Control,mountains
229,A,232,41,4,CA1,CA23,0.0017162107559306,Control,beaches
237,A,240,41,4,CA1,CA23,2.922324734210336,Control,mountains
9,A,12,42,2,CA1,CA23,1.040991438541191,Stress,canyons
15,A,18,42,2,CA1,CA23,0.0169941718516456,Stress,parks
31,A,34,42,2,CA1,CA23,0.91139582056622,Stress,canyons
42,A,45,42,2,CA1,CA23,-0.254382881029096,Stress,parks
56,A,59,42,2,CA1,CA23,0.0266844855624087,Stress,parks
61,A,64,42,2,CA1,CA23,-2.561978910871124,Stress,canyons
71,A,74,42,2,CA1,CA23,0.3887176857208959,Stress,parks
88,A,91,42,2,CA1,CA23,0.0652896394222074,Stress,parks
97,A,100,42,2,CA1,CA23,0.3246679425552805,Stress,canyons
110,A,113,42,2,CA1,CA23,0.7215062440218064,Stress,waterfalls
128,A,131,42,2,CA1,CA23,0.0009048840527807,Stress,canyons
140,A,143,42,2,CA1,CA23,0.0360407943743213,Stress,parks
146,A,149,42,2,CA1,CA23,0.016366522044672,Stress,waterfalls
158,A,161,42,2,CA1,CA23,-0.113438049008204,Stress,waterfalls
166,A,169,42,2,CA1,CA23,-1.7070374053384576,Stress,waterfalls
177,A,180,42,2,CA1,CA23,-0.8829772544876733,Stress,canyons
200,A,203,42,2,CA1,CA23,0.0423027530488762,Stress,parks
211,A,214,42,2,CA1,CA23,0.2709067910845543,Stress,waterfalls
220,A,223,42,2,CA1,CA23,0.2866553937068845,Stress,canyons
225,A,228,42,2,CA1,CA23,0.0021528954222509,Stress,waterfalls
236,A,239,42,2,CA1,CA23,0.4163977466850336,Stress,waterfalls
8,A,11,42,3,CA1,CA23,-0.2601077002363318,Stress,waterfalls
24,A,27,42,3,CA1,CA23,0.6971409825255609,Stress,waterfalls
37,A,40,42,3,CA1,CA23,0.2295279295677094,Stress,canyons
52,A,55,42,3,CA1,CA23,0.1631530904099886,Stress,canyons
62,A,65,42,3,CA1,CA23,0.223621122401677,Stress,parks
68,A,71,42,3,CA1,CA23,0.4166139634618682,Stress,canyons
77,A,80,42,3,CA1,CA23,0.0035948924865868,Stress,canyons
93,A,96,42,3,CA1,CA23,-1.2365224258999927,Stress,canyons
98,A,101,42,3,CA1,CA23,-0.1075071301684547,Stress,waterfalls
105,A,108,42,3,CA1,CA23,-0.0403355097603833,Stress,parks
112,A,115,42,3,CA1,CA23,0.111093528770611,Stress,waterfalls
119,A,122,42,3,CA1,CA23,-0.1654947729072174,Stress,parks
138,A,141,42,3,CA1,CA23,-0.0219059361740312,Stress,parks
144,A,147,42,3,CA1,CA23,0.088903246717063,Stress,parks
165,A,168,42,3,CA1,CA23,-0.0107792823614115,Stress,parks
177,A,180,42,3,CA1,CA23,0.6527622114868163,Stress,canyons
200,A,203,42,3,CA1,CA23,1.019089429984489,Stress,canyons
210,A,213,42,3,CA1,CA23,0.0434176808182974,Stress,waterfalls
230,A,233,42,3,CA1,CA23,0.9716128687464672,Stress,parks
236,A,239,42,3,CA1,CA23,0.1442413031792065,Stress,waterfalls
5,A,8,42,4,CA1,CA23,0.1438222808690632,Stress,canyons
13,A,16,42,4,CA1,CA23,-0.6603611457192405,Stress,canyons
29,A,32,42,4,CA1,CA23,0.8094167361727154,Stress,canyons
41,A,44,42,4,CA1,CA23,0.1748322163800124,Stress,parks
54,A,57,42,4,CA1,CA23,-0.3323176183437337,Stress,waterfalls
61,A,64,42,4,CA1,CA23,0.3670461324996474,Stress,parks
69,A,72,42,4,CA1,CA23,-2.0579234510915767,Stress,parks
73,A,76,42,4,CA1,CA23,0.3424879432146777,Stress,canyons
110,A,113,42,4,CA1,CA23,-0.2763310283801937,Stress,canyons
121,A,124,42,4,CA1,CA23,-0.095055391264133,Stress,canyons
141,A,144,42,4,CA1,CA23,0.4286481851215,Stress,canyons
146,A,149,42,4,CA1,CA23,0.6069973355474709,Stress,waterfalls
151,A,154,42,4,CA1,CA23,0.4021318220307604,Stress,parks
165,A,168,42,4,CA1,CA23,-0.1448246769240139,Stress,waterfalls
176,A,179,42,4,CA1,CA23,0.2466898509533188,Stress,parks
183,A,186,42,4,CA1,CA23,-0.0345646860304673,Stress,waterfalls
198,A,201,42,4,CA1,CA23,0.0832558942613584,Stress,parks
211,A,214,42,4,CA1,CA23,-3.405812954882761,Stress,waterfalls
228,A,231,42,4,CA1,CA23,0.0094961736817438,Stress,waterfalls
5,A,8,43,2,CA1,CA23,-0.0670554091295256,Stress,lakes
14,A,17,43,2,CA1,CA23,-1.1229905806101972,Stress,lakes
22,A,25,43,2,CA1,CA23,-1.84831243102735,Stress,lighthouses
30,A,33,43,2,CA1,CA23,-0.1720243429856039,Stress,lighthouses
35,A,38,43,2,CA1,CA23,0.6913940221766302,Stress,deserts
45,A,48,43,2,CA1,CA23,0.9177703774945114,Stress,deserts
67,A,70,43,2,CA1,CA23,-0.2118951767167351,Stress,deserts
84,A,87,43,2,CA1,CA23,4.4996030895869215,Stress,deserts
92,A,95,43,2,CA1,CA23,0.0401037452000882,Stress,deserts
101,A,104,43,2,CA1,CA23,-0.0505160461442822,Stress,deserts
106,A,109,43,2,CA1,CA23,0.1278134077724488,Stress,lighthouses
113,A,116,43,2,CA1,CA23,5.7931278776278745,Stress,lakes
131,A,134,43,2,CA1,CA23,0.1491362898950794,Stress,lighthouses
140,A,143,43,2,CA1,CA23,0.158335541075038,Stress,lighthouses
149,A,152,43,2,CA1,CA23,2.014329821574746,Stress,lakes
157,A,160,43,2,CA1,CA23,0.515499750817863,Stress,deserts
177,A,180,43,2,CA1,CA23,-0.5746269564285839,Stress,lighthouses
189,A,192,43,2,CA1,CA23,-0.1588796354007319,Stress,lakes
200,A,203,43,2,CA1,CA23,0.3401711980180485,Stress,lakes
220,A,223,43,2,CA1,CA23,0.2951462167727691,Stress,lighthouses
237,A,240,43,2,CA1,CA23,-0.2882211705612544,Stress,lakes
5,A,8,43,3,CA1,CA23,0.1176887600254369,Stress,deserts
21,A,24,43,3,CA1,CA23,-0.2103060480842884,Stress,deserts
40,A,43,43,3,CA1,CA23,0.2001523479139342,Stress,lakes
46,A,49,43,3,CA1,CA23,1.2606412371757911,Stress,lakes
58,A,61,43,3,CA1,CA23,-0.1279137472261722,Stress,deserts
75,A,78,43,3,CA1,CA23,-0.3402863084433025,Stress,lakes
87,A,90,43,3,CA1,CA23,-0.9313372523934368,Stress,lighthouses
92,A,95,43,3,CA1,CA23,0.1297981991873124,Stress,lakes
97,A,100,43,3,CA1,CA23,-1.0104149930717532,Stress,lighthouses
107,A,110,43,3,CA1,CA23,-1.1006946725292068,Stress,lighthouses
113,A,116,43,3,CA1,CA23,0.1998426457208158,Stress,lakes
118,A,121,43,3,CA1,CA23,-0.0014832796331711,Stress,lighthouses
148,A,151,43,3,CA1,CA23,0.6119197929207837,Stress,lighthouses
163,A,166,43,3,CA1,CA23,-0.0106186995116897,Stress,lighthouses
172,A,175,43,3,CA1,CA23,0.8251155491885309,Stress,deserts
192,A,195,43,3,CA1,CA23,0.2231422940698602,Stress,deserts
201,A,204,43,3,CA1,CA23,-0.0089957589351389,Stress,lighthouses
214,A,217,43,3,CA1,CA23,0.0038960675566263,Stress,lakes
220,A,223,43,3,CA1,CA23,0.3127041367061288,Stress,deserts
227,A,230,43,3,CA1,CA23,0.1029489783379931,Stress,lakes
235,A,238,43,3,CA1,CA23,0.6086927131952871,Stress,deserts
14,A,17,43,4,CA1,CA23,-0.0687721186322636,Stress,lakes
18,A,21,43,4,CA1,CA23,0.1770655261535211,Stress,deserts
32,A,35,43,4,CA1,CA23,0.6544172356912572,Stress,lakes
37,A,40,43,4,CA1,CA23,-0.1682831864588412,Stress,lighthouses
46,A,49,43,4,CA1,CA23,1.980251801658296,Stress,deserts
67,A,70,43,4,CA1,CA23,-0.113360775338829,Stress,lakes
76,A,79,43,4,CA1,CA23,0.1880725762893557,Stress,lakes
101,A,104,43,4,CA1,CA23,-0.3673925253380242,Stress,lakes
112,A,115,43,4,CA1,CA23,0.0150494653252873,Stress,deserts
117,A,120,43,4,CA1,CA23,-0.9993242874095652,Stress,lighthouses
124,A,127,43,4,CA1,CA23,0.025183177622618,Stress,deserts
141,A,144,43,4,CA1,CA23,2.674254849407787,Stress,lighthouses
147,A,150,43,4,CA1,CA23,0.0885898828395098,Stress,deserts
153,A,156,43,4,CA1,CA23,0.0052659082738477,Stress,lighthouses
158,A,161,43,4,CA1,CA23,-0.9200165433588928,Stress,deserts
172,A,175,43,4,CA1,CA23,1.1902721444949695,Stress,lakes
179,A,182,43,4,CA1,CA23,-1.1135875218290303,Stress,lighthouses
206,A,209,43,4,CA1,CA23,-0.3505499436910806,Stress,lighthouses
212,A,215,43,4,CA1,CA23,-0.6738552774306514,Stress,lakes
223,A,226,43,4,CA1,CA23,0.5854967435094793,Stress,lighthouses
8,A,11,44,2,CA1,CA23,1.8587209451040096,Control,canyons
31,A,34,44,2,CA1,CA23,-0.0471187368752537,Control,lakes
42,A,45,44,2,CA1,CA23,0.9839576819621164,Control,bridges
47,A,50,44,2,CA1,CA23,0.8055755865389572,Control,canyons
54,A,57,44,2,CA1,CA23,-1.1289713133922945,Control,bridges
74,A,77,44,2,CA1,CA23,-0.0246243337780555,Control,canyons
79,A,82,44,2,CA1,CA23,-1.8636387606498697,Control,bridges
98,A,101,44,2,CA1,CA23,2.015130237081195,Control,canyons
104,A,107,44,2,CA1,CA23,-0.0685079704895674,Control,lakes
117,A,120,44,2,CA1,CA23,-0.1614418318911962,Control,bridges
122,A,125,44,2,CA1,CA23,1.4167242990756483,Control,lakes
132,A,135,44,2,CA1,CA23,-0.0911802921274295,Control,bridges
144,A,147,44,2,CA1,CA23,-0.2572989833032195,Control,lakes
152,A,155,44,2,CA1,CA23,0.1751341293202933,Control,lakes
166,A,169,44,2,CA1,CA23,0.5748936805788967,Control,lakes
178,A,181,44,2,CA1,CA23,1.6875426208141302,Control,bridges
185,A,188,44,2,CA1,CA23,-0.1858144545905791,Control,canyons
197,A,200,44,2,CA1,CA23,-0.0007526766002419,Control,bridges
204,A,207,44,2,CA1,CA23,0.0555008103687878,Control,canyons
209,A,212,44,2,CA1,CA23,-0.0770237426437046,Control,lakes
222,A,225,44,2,CA1,CA23,0.0091034150372158,Control,canyons
5,A,8,44,3,CA1,CA23,0.004905808875338,Control,canyons
17,A,20,44,3,CA1,CA23,-0.0070892097798347,Control,bridges
43,A,46,44,3,CA1,CA23,2.082771204230331,Control,canyons
51,A,54,44,3,CA1,CA23,-0.2558035309439061,Control,bridges
57,A,60,44,3,CA1,CA23,-0.8863720969349775,Control,canyons
85,A,88,44,3,CA1,CA23,-0.5080359946359502,Control,lakes
95,A,98,44,3,CA1,CA23,-0.1035964273802088,Control,canyons
102,A,105,44,3,CA1,CA23,-0.9842072917357546,Control,lakes
111,A,114,44,3,CA1,CA23,-0.3103478571899322,Control,lakes
118,A,121,44,3,CA1,CA23,0.3516392328689461,Control,lakes
124,A,127,44,3,CA1,CA23,-0.0595930285316866,Control,bridges
131,A,134,44,3,CA1,CA23,-0.0913422595028392,Control,canyons
139,A,142,44,3,CA1,CA23,0.0140851389414175,Control,lakes
145,A,148,44,3,CA1,CA23,-0.0455576435390809,Control,canyons
168,A,171,44,3,CA1,CA23,-0.2814263578047659,Control,bridges
177,A,180,44,3,CA1,CA23,0.0053776797729939,Control,lakes
184,A,187,44,3,CA1,CA23,-0.8260696735013252,Control,canyons
188,A,191,44,3,CA1,CA23,0.3399318580140688,Control,lakes
197,A,200,44,3,CA1,CA23,-0.8052235245660827,Control,bridges
205,A,208,44,3,CA1,CA23,-0.2480784874364403,Control,bridges
234,A,237,44,3,CA1,CA23,0.0014344715625861,Control,bridges
5,A,8,44,4,CA1,CA23,-0.1548625463408632,Control,canyons
23,A,26,44,4,CA1,CA23,-0.6873656689937376,Control,lakes
52,A,55,44,4,CA1,CA23,0.0031427827576929,Control,bridges
66,A,69,44,4,CA1,CA23,-0.0235056358060238,Control,lakes
70,A,73,44,4,CA1,CA23,0.575160599232263,Control,canyons
81,A,84,44,4,CA1,CA23,1.548447859970389,Control,lakes
91,A,94,44,4,CA1,CA23,0.4965414822596974,Control,canyons
117,A,120,44,4,CA1,CA23,2.053772636582893,Control,canyons
126,A,129,44,4,CA1,CA23,0.2352980435485026,Control,lakes
133,A,136,44,4,CA1,CA23,-0.0418282128105202,Control,lakes
150,A,153,44,4,CA1,CA23,0.8573889512330531,Control,canyons
157,A,160,44,4,CA1,CA23,-0.0160713808885489,Control,bridges
165,A,168,44,4,CA1,CA23,0.7393830872561509,Control,lakes
175,A,178,44,4,CA1,CA23,-0.1236331121795349,Control,bridges
185,A,188,44,4,CA1,CA23,0.30995356192893,Control,bridges
190,A,193,44,4,CA1,CA23,0.0478899387689351,Control,canyons
199,A,202,44,4,CA1,CA23,-2.156857349561534,Control,bridges
209,A,212,44,4,CA1,CA23,1.0687321092710629,Control,canyons
216,A,219,44,4,CA1,CA23,0.2133047156629522,Control,bridges
227,A,230,44,4,CA1,CA23,-0.407270105984593,Control,lakes
233,A,236,44,4,CA1,CA23,-0.8796204984739567,Control,bridges
11,A,14,45,2,CA1,CA23,1.159185809892291,Control,beaches
16,A,19,45,2,CA1,CA23,0.2270086026156253,Control,fields
30,A,33,45,2,CA1,CA23,0.4620554410652932,Control,deserts
43,A,46,45,2,CA1,CA23,1.0490931979225462,Control,beaches
51,A,54,45,2,CA1,CA23,2.4341346259797407,Control,fields
69,A,72,45,2,CA1,CA23,0.7905487436981937,Control,beaches
75,A,78,45,2,CA1,CA23,0.6368253291821286,Control,fields
81,A,84,45,2,CA1,CA23,-0.0587297706323784,Control,deserts
88,A,91,45,2,CA1,CA23,-0.0072819052513651,Control,deserts
99,A,102,45,2,CA1,CA23,-0.3518674390480122,Control,beaches
119,A,122,45,2,CA1,CA23,-0.0010135726355,Control,beaches
133,A,136,45,2,CA1,CA23,0.7092341044330664,Control,beaches
141,A,144,45,2,CA1,CA23,-0.4095094916645277,Control,deserts
150,A,153,45,2,CA1,CA23,1.159354867598014,Control,fields
164,A,167,45,2,CA1,CA23,0.6734246973601605,Control,fields
180,A,183,45,2,CA1,CA23,1.374475192439974,Control,deserts
187,A,190,45,2,CA1,CA23,-0.0675338789895833,Control,deserts
196,A,199,45,2,CA1,CA23,0.2093525571526588,Control,deserts
202,A,205,45,2,CA1,CA23,0.3760005110257756,Control,beaches
212,A,215,45,2,CA1,CA23,0.002023150173708,Control,fields
236,A,239,45,2,CA1,CA23,0.2025912101603589,Control,fields
5,A,8,45,3,CA1,CA23,1.771669859939032,Control,deserts
10,A,13,45,3,CA1,CA23,0.2644653868005128,Control,fields
18,A,21,45,3,CA1,CA23,0.1167386758273028,Control,deserts
31,A,34,45,3,CA1,CA23,-0.9734447496284638,Control,deserts
46,A,49,45,3,CA1,CA23,0.4406905461660514,Control,deserts
61,A,64,45,3,CA1,CA23,0.057959804204929,Control,fields
67,A,70,45,3,CA1,CA23,-0.6437738614945842,Control,beaches
75,A,78,45,3,CA1,CA23,-0.2277818544365625,Control,deserts
93,A,96,45,3,CA1,CA23,-3.369605839232502,Control,deserts
109,A,112,45,3,CA1,CA23,-0.1206105692642383,Control,beaches
115,A,118,45,3,CA1,CA23,-2.918306757621942,Control,fields
131,A,134,45,3,CA1,CA23,1.5567099633856731,Control,fields
139,A,142,45,3,CA1,CA23,0.0485910621725616,Control,beaches
147,A,150,45,3,CA1,CA23,0.4314577937715957,Control,beaches
161,A,164,45,3,CA1,CA23,4.571414750964139,Control,deserts
172,A,175,45,3,CA1,CA23,1.283915051643456,Control,beaches
179,A,182,45,3,CA1,CA23,0.3858284687394982,Control,fields
221,A,224,45,3,CA1,CA23,0.2501646867259142,Control,beaches
227,A,230,45,3,CA1,CA23,-0.2852106516634724,Control,fields
232,A,235,45,3,CA1,CA23,0.2554877644456769,Control,beaches
238,A,241,45,3,CA1,CA23,0.8882946159580875,Control,fields
7,A,10,45,4,CA1,CA23,-0.9792417856555312,Control,fields
11,A,14,45,4,CA1,CA23,-0.0456144335034732,Control,deserts
28,A,31,45,4,CA1,CA23,8.393813115692383,Control,fields
46,A,49,45,4,CA1,CA23,0.7633106371964761,Control,fields
54,A,57,45,4,CA1,CA23,-0.0152567121947209,Control,beaches
65,A,68,45,4,CA1,CA23,-1.1499246350092427,Control,deserts
70,A,73,45,4,CA1,CA23,2.090987024143107,Control,beaches
82,A,85,45,4,CA1,CA23,-0.190255685784751,Control,beaches
93,A,96,45,4,CA1,CA23,-2.125016199748968,Control,beaches
106,A,109,45,4,CA1,CA23,-0.6457293784910286,Control,deserts
113,A,116,45,4,CA1,CA23,-0.2368856251028396,Control,fields
123,A,126,45,4,CA1,CA23,0.0320882940832301,Control,deserts
134,A,137,45,4,CA1,CA23,-0.0619812496531397,Control,fields
140,A,143,45,4,CA1,CA23,-0.2055139655669666,Control,deserts
146,A,149,45,4,CA1,CA23,0.4096364081362096,Control,beaches
174,A,177,45,4,CA1,CA23,2.1777785572228785,Control,beaches
178,A,181,45,4,CA1,CA23,0.3125076435354862,Control,fields
187,A,190,45,4,CA1,CA23,-0.0136768493848579,Control,deserts
200,A,203,45,4,CA1,CA23,1.926078533715015,Control,beaches
216,A,219,45,4,CA1,CA23,0.0029306901404601,Control,fields
232,A,235,45,4,CA1,CA23,-0.1138870039013707,Control,deserts
5,A,8,46,2,CA1,CA23,0.5209430080268989,Stress,forests
13,A,16,46,2,CA1,CA23,0.3866276950192427,Stress,parks
20,A,23,46,2,CA1,CA23,-0.7652493177291462,Stress,mountains
36,A,39,46,2,CA1,CA23,-0.1725561178393808,Stress,forests
50,A,53,46,2,CA1,CA23,-0.1566944351397242,Stress,forests
59,A,62,46,2,CA1,CA23,-0.9902461962854852,Stress,mountains
64,A,67,46,2,CA1,CA23,-0.9471523360986802,Stress,parks
82,A,85,46,2,CA1,CA23,-0.4795827772486114,Stress,mountains
88,A,91,46,2,CA1,CA23,0.2847782077151452,Stress,parks
101,A,104,46,2,CA1,CA23,0.0434791059780672,Stress,mountains
111,A,114,46,2,CA1,CA23,-0.6574649365478222,Stress,mountains
119,A,122,46,2,CA1,CA23,-0.5292964445839831,Stress,parks
128,A,131,46,2,CA1,CA23,-0.0003740118389721,Stress,forests
147,A,150,46,2,CA1,CA23,2.2115891481378727,Stress,mountains
157,A,160,46,2,CA1,CA23,2.585594063462552,Stress,parks
170,A,173,46,2,CA1,CA23,0.07846537744813,Stress,mountains
189,A,192,46,2,CA1,CA23,-0.3225178814692354,Stress,parks
195,A,198,46,2,CA1,CA23,-0.7896899429462615,Stress,forests
209,A,212,46,2,CA1,CA23,-0.3754805932177812,Stress,forests
233,A,236,46,2,CA1,CA23,-0.0131398260151597,Stress,parks
237,A,240,46,2,CA1,CA23,0.5513567808191264,Stress,forests
10,A,13,46,3,CA1,CA23,-0.2926001794190198,Stress,parks
18,A,21,46,3,CA1,CA23,-0.6527510400787668,Stress,mountains
27,A,30,46,3,CA1,CA23,0.8931760542968395,Stress,forests
44,A,47,46,3,CA1,CA23,0.2112512288823826,Stress,mountains
57,A,60,46,3,CA1,CA23,2.3462499813047484,Stress,mountains
64,A,67,46,3,CA1,CA23,-1.641758640054548,Stress,forests
73,A,76,46,3,CA1,CA23,2.7354836550774446,Stress,parks
85,A,88,46,3,CA1,CA23,0.9305223396378268,Stress,parks
92,A,95,46,3,CA1,CA23,-0.0008551220511923,Stress,forests
98,A,101,46,3,CA1,CA23,0.0240870289308229,Stress,mountains
117,A,120,46,3,CA1,CA23,1.3873282532358229,Stress,forests
124,A,127,46,3,CA1,CA23,0.6690140504056138,Stress,parks
132,A,135,46,3,CA1,CA23,0.1849523728698318,Stress,parks
136,A,139,46,3,CA1,CA23,0.044757951791031,Stress,mountains
152,A,155,46,3,CA1,CA23,-0.6274539620682866,Stress,parks
160,A,163,46,3,CA1,CA23,0.902724482423756,Stress,forests
180,A,183,46,3,CA1,CA23,1.3808269163790363,Stress,mountains
187,A,190,46,3,CA1,CA23,-0.0529853141608505,Stress,forests
191,A,194,46,3,CA1,CA23,0.5317010102402433,Stress,parks
198,A,201,46,3,CA1,CA23,0.47127952437596,Stress,forests
237,A,240,46,3,CA1,CA23,-0.9313904700848288,Stress,mountains
16,A,19,46,4,CA1,CA23,-0.6125535111354853,Stress,mountains
22,A,25,46,4,CA1,CA23,1.146109361930964,Stress,parks
34,A,37,46,4,CA1,CA23,0.4958275733718922,Stress,forests
49,A,52,46,4,CA1,CA23,-1.2546957249872892,Stress,parks
60,A,63,46,4,CA1,CA23,-0.274175534186569,Stress,forests
74,A,77,46,4,CA1,CA23,-0.1244497981272061,Stress,mountains
97,A,100,46,4,CA1,CA23,-0.1922988960583123,Stress,parks
111,A,114,46,4,CA1,CA23,0.0349297733333341,Stress,parks
119,A,122,46,4,CA1,CA23,3.7734185887705833,Stress,parks
127,A,130,46,4,CA1,CA23,0.1593296433716867,Stress,forests
132,A,135,46,4,CA1,CA23,1.0642646733499173,Stress,mountains
142,A,145,46,4,CA1,CA23,-0.3460416756392804,Stress,forests
156,A,159,46,4,CA1,CA23,0.1595591651895979,Stress,parks
162,A,165,46,4,CA1,CA23,1.531848206536629,Stress,mountains
175,A,178,46,4,CA1,CA23,0.024522755582484,Stress,mountains
185,A,188,46,4,CA1,CA23,-0.026464417372035,Stress,mountains
196,A,199,46,4,CA1,CA23,-0.0015150717503048,Stress,forests
200,A,203,46,4,CA1,CA23,0.2697184776330895,Stress,mountains
210,A,213,46,4,CA1,CA23,-0.0031574914256157,Stress,forests
221,A,224,46,4,CA1,CA23,0.204619225052493,Stress,parks
228,A,231,46,4,CA1,CA23,0.3884268888235702,Stress,forests
27,A,30,47,2,CA1,CA23,0.0133894975384495,Stress,forests
37,A,40,47,2,CA1,CA23,0.8728134852219994,Stress,fields
46,A,49,47,2,CA1,CA23,1.5503181030232036,Stress,forests
55,A,58,47,2,CA1,CA23,0.4487483870543928,Stress,forests
64,A,67,47,2,CA1,CA23,0.1744078833501297,Stress,fields
71,A,74,47,2,CA1,CA23,0.8337428000926481,Stress,mountains
81,A,84,47,2,CA1,CA23,-0.0872532758305957,Stress,fields
87,A,90,47,2,CA1,CA23,-0.4863129920384312,Stress,mountains
94,A,97,47,2,CA1,CA23,0.3888210382563162,Stress,fields
103,A,106,47,2,CA1,CA23,0.4587498883070762,Stress,fields
110,A,113,47,2,CA1,CA23,3.003531017385757,Stress,mountains
120,A,123,47,2,CA1,CA23,0.0100781371126403,Stress,mountains
131,A,134,47,2,CA1,CA23,0.4631074458051427,Stress,forests
138,A,141,47,2,CA1,CA23,0.1807444458782838,Stress,mountains
161,A,164,47,2,CA1,CA23,1.219464675045054,Stress,fields
168,A,171,47,2,CA1,CA23,-1.023151035230837,Stress,forests
175,A,178,47,2,CA1,CA23,0.0002937474503327,Stress,mountains
186,A,189,47,2,CA1,CA23,-0.0289762986548409,Stress,fields
196,A,199,47,2,CA1,CA23,-0.0612596354152162,Stress,forests
219,A,222,47,2,CA1,CA23,0.8989820897139578,Stress,forests
235,A,238,47,2,CA1,CA23,-0.131127247482489,Stress,mountains
5,A,8,47,3,CA1,CA23,0.0092205247534807,Stress,fields
11,A,14,47,3,CA1,CA23,0.2251010362401643,Stress,forests
49,A,52,47,3,CA1,CA23,0.0893596670595291,Stress,fields
63,A,66,47,3,CA1,CA23,-0.0622429794634112,Stress,forests
67,A,70,47,3,CA1,CA23,0.1661736829900152,Stress,mountains
72,A,75,47,3,CA1,CA23,0.2161306033903561,Stress,fields
77,A,80,47,3,CA1,CA23,-0.4502493282549023,Stress,mountains
86,A,89,47,3,CA1,CA23,-0.0072225453709272,Stress,mountains
94,A,97,47,3,CA1,CA23,0.0045869804501974,Stress,fields
106,A,109,47,3,CA1,CA23,-0.0103085823617466,Stress,mountains
117,A,120,47,3,CA1,CA23,-2.432309516877137,Stress,forests
134,A,137,47,3,CA1,CA23,2.125378891247204,Stress,mountains
147,A,150,47,3,CA1,CA23,0.1971322022813354,Stress,fields
179,A,182,47,3,CA1,CA23,0.0639838327328728,Stress,mountains
186,A,189,47,3,CA1,CA23,-0.061619638738521,Stress,fields
192,A,195,47,3,CA1,CA23,1.1546163736029011,Stress,forests
203,A,206,47,3,CA1,CA23,1.4625420140783416,Stress,forests
213,A,216,47,3,CA1,CA23,-0.0955665801568946,Stress,mountains
217,A,220,47,3,CA1,CA23,0.9076760089410656,Stress,forests
222,A,225,47,3,CA1,CA23,-1.6282931422894182,Stress,fields
230,A,233,47,3,CA1,CA23,-0.0733401775805227,Stress,forests
8,A,11,47,4,CA1,CA23,-0.0063259651575504,Stress,mountains
31,A,34,47,4,CA1,CA23,2.025302997534543,Stress,mountains
38,A,41,47,4,CA1,CA23,-0.1930817315487969,Stress,fields
46,A,49,47,4,CA1,CA23,-0.0448944003263256,Stress,mountains
65,A,68,47,4,CA1,CA23,1.516378078141961,Stress,fields
74,A,77,47,4,CA1,CA23,-0.0117058615519374,Stress,forests
82,A,85,47,4,CA1,CA23,-1.6841840048897263,Stress,fields
87,A,90,47,4,CA1,CA23,-0.0350841751542995,Stress,forests
92,A,95,47,4,CA1,CA23,-0.1837018890185683,Stress,fields
109,A,112,47,4,CA1,CA23,-0.6190500496074673,Stress,mountains
117,A,120,47,4,CA1,CA23,-0.3464873419705906,Stress,forests
133,A,136,47,4,CA1,CA23,0.1841803728102627,Stress,fields
138,A,141,47,4,CA1,CA23,0.4449017227246334,Stress,mountains
151,A,154,47,4,CA1,CA23,0.036091412925708,Stress,fields
166,A,169,47,4,CA1,CA23,0.3193061550725644,Stress,mountains
188,A,191,47,4,CA1,CA23,-0.0571868420347912,Stress,mountains
198,A,201,47,4,CA1,CA23,0.0715854140448519,Stress,forests
204,A,207,47,4,CA1,CA23,-0.2440039846900596,Stress,forests
224,A,227,47,4,CA1,CA23,0.778169773275105,Stress,fields
231,A,234,47,4,CA1,CA23,-0.3252430526796462,Stress,forests
8,A,11,48,2,CA1,CA23,0.0121395987804552,Control,bridges
16,A,19,48,2,CA1,CA23,1.3797008866629772,Control,forests
21,A,24,48,2,CA1,CA23,-0.1163905444223844,Control,canyons
36,A,39,48,2,CA1,CA23,0.6765894990330343,Control,forests
46,A,49,48,2,CA1,CA23,-0.0326235559030563,Control,forests
52,A,55,48,2,CA1,CA23,5.130163525959422,Control,canyons
59,A,62,48,2,CA1,CA23,-0.411243500729493,Control,forests
69,A,72,48,2,CA1,CA23,0.1518899539520561,Control,canyons
75,A,78,48,2,CA1,CA23,0.0079488116794614,Control,bridges
84,A,87,48,2,CA1,CA23,1.4084461643762014,Control,bridges
104,A,107,48,2,CA1,CA23,0.0588715624740287,Control,forests
110,A,113,48,2,CA1,CA23,-0.0029112543179054,Control,canyons
121,A,124,48,2,CA1,CA23,0.3548842426437336,Control,bridges
134,A,137,48,2,CA1,CA23,0.2521646985502962,Control,canyons
147,A,150,48,2,CA1,CA23,-0.3258872845006894,Control,canyons
152,A,155,48,2,CA1,CA23,2.7287092503499,Control,bridges
159,A,162,48,2,CA1,CA23,-0.102443537968578,Control,forests
164,A,167,48,2,CA1,CA23,0.710468513247629,Control,bridges
187,A,190,48,2,CA1,CA23,1.8161023905862976,Control,bridges
198,A,201,48,2,CA1,CA23,0.5802200779177648,Control,forests
234,A,237,48,2,CA1,CA23,-0.011187976915263,Control,canyons
13,A,16,48,3,CA1,CA23,-0.1016898975558282,Control,canyons
30,A,33,48,3,CA1,CA23,-0.0819672044479035,Control,forests
35,A,38,48,3,CA1,CA23,0.1010983209176867,Control,canyons
45,A,48,48,3,CA1,CA23,0.1104527861194826,Control,forests
51,A,54,48,3,CA1,CA23,2.004373147760965,Control,bridges
58,A,61,48,3,CA1,CA23,0.2322744895457938,Control,forests
78,A,81,48,3,CA1,CA23,0.3391212844085164,Control,canyons
82,A,85,48,3,CA1,CA23,0.0318714944985991,Control,bridges
112,A,115,48,3,CA1,CA23,-0.0903896584679709,Control,canyons
116,A,119,48,3,CA1,CA23,2.376206645131795,Control,bridges
120,A,123,48,3,CA1,CA23,0.507537730106142,Control,forests
129,A,132,48,3,CA1,CA23,-0.3719502598665217,Control,bridges
145,A,148,48,3,CA1,CA23,1.2302761241387632,Control,bridges
150,A,153,48,3,CA1,CA23,0.0009495134595118,Control,canyons
155,A,158,48,3,CA1,CA23,2.3358172334149265,Control,forests
174,A,177,48,3,CA1,CA23,0.1327414387862572,Control,bridges
179,A,182,48,3,CA1,CA23,0.420062754968358,Control,forests
188,A,191,48,3,CA1,CA23,0.4783450664878879,Control,canyons
203,A,206,48,3,CA1,CA23,4.142736612784631,Control,bridges
211,A,214,48,3,CA1,CA23,0.575353995296875,Control,canyons
222,A,225,48,3,CA1,CA23,0.0579584990943119,Control,forests
5,A,8,48,4,CA1,CA23,-0.0144561760610205,Control,canyons
12,A,15,48,4,CA1,CA23,4.334578388179551,Control,bridges
21,A,24,48,4,CA1,CA23,0.0856144401898198,Control,forests
35,A,38,48,4,CA1,CA23,-0.4468968646107418,Control,forests
42,A,45,48,4,CA1,CA23,0.6578396486592032,Control,bridges
61,A,64,48,4,CA1,CA23,0.2412146901753805,Control,canyons
80,A,83,48,4,CA1,CA23,-0.6462372105596049,Control,canyons
88,A,91,48,4,CA1,CA23,-0.288752772415845,Control,bridges
101,A,104,48,4,CA1,CA23,0.0666016590783655,Control,bridges
112,A,115,48,4,CA1,CA23,1.1942495587185284,Control,bridges
129,A,132,48,4,CA1,CA23,0.7319832121682399,Control,forests
135,A,138,48,4,CA1,CA23,2.316067549475445,Control,bridges
147,A,150,48,4,CA1,CA23,0.2768437299825419,Control,forests
159,A,162,48,4,CA1,CA23,0.0852202057950241,Control,forests
169,A,172,48,4,CA1,CA23,-0.1066209840148555,Control,canyons
180,A,183,48,4,CA1,CA23,0.4389882228938515,Control,forests
186,A,189,48,4,CA1,CA23,0.0888580170530651,Control,bridges
207,A,210,48,4,CA1,CA23,-0.0850562746044239,Control,canyons
219,A,222,48,4,CA1,CA23,0.3247595321911077,Control,canyons
230,A,233,48,4,CA1,CA23,0.0352083679947269,Control,canyons
235,A,238,48,4,CA1,CA23,0.5897098352912582,Control,forests
8,A,11,49,2,CA1,CA23,2.2421284095259764,Control,beaches
32,A,35,49,2,CA1,CA23,-0.171749842179516,Control,fields
38,A,41,49,2,CA1,CA23,1.8778044404463212,Control,fields
59,A,62,49,2,CA1,CA23,-0.1876241793002976,Control,waterfalls
65,A,68,49,2,CA1,CA23,-0.6899482598483004,Control,fields
70,A,73,49,2,CA1,CA23,-0.0037822941191575,Control,waterfalls
93,A,96,49,2,CA1,CA23,-0.0153528266122052,Control,beaches
106,A,109,49,2,CA1,CA23,1.4070439638104528,Control,waterfalls
111,A,114,49,2,CA1,CA23,1.1962438288278268,Control,beaches
116,A,119,49,2,CA1,CA23,-1.1366772530833054,Control,waterfalls
134,A,137,49,2,CA1,CA23,-0.4551876893934958,Control,beaches
146,A,149,49,2,CA1,CA23,-0.1653046722810575,Control,beaches
158,A,161,49,2,CA1,CA23,-0.2711288605007582,Control,fields
170,A,173,49,2,CA1,CA23,0.4332707991790536,Control,fields
180,A,183,49,2,CA1,CA23,0.2361538960347337,Control,beaches
191,A,194,49,2,CA1,CA23,0.1674914704533537,Control,waterfalls
197,A,200,49,2,CA1,CA23,0.1248656380240502,Control,fields
202,A,205,49,2,CA1,CA23,0.7670047151582831,Control,beaches
218,A,221,49,2,CA1,CA23,-5.604223928112567,Control,fields
228,A,231,49,2,CA1,CA23,-2.0178449938806464,Control,waterfalls
235,A,238,49,2,CA1,CA23,-0.1238413407396773,Control,waterfalls
9,A,12,49,3,CA1,CA23,-0.2620646507310149,Control,beaches
15,A,18,49,3,CA1,CA23,0.0270437085099017,Control,waterfalls
26,A,29,49,3,CA1,CA23,0.2350101008223616,Control,fields
36,A,39,49,3,CA1,CA23,0.0206347517406922,Control,fields
45,A,48,49,3,CA1,CA23,-0.1236352993596376,Control,waterfalls
70,A,73,49,3,CA1,CA23,0.2105029581440942,Control,beaches
76,A,79,49,3,CA1,CA23,-0.0025557908530051,Control,waterfalls
86,A,89,49,3,CA1,CA23,-0.7576760323873696,Control,beaches
99,A,102,49,3,CA1,CA23,-0.9878287667630996,Control,beaches
107,A,110,49,3,CA1,CA23,-0.7951435118428176,Control,fields
118,A,121,49,3,CA1,CA23,0.9925487486749942,Control,waterfalls
128,A,131,49,3,CA1,CA23,-0.1818975032106294,Control,beaches
137,A,140,49,3,CA1,CA23,0.1556400010666507,Control,beaches
154,A,157,49,3,CA1,CA23,1.482855697679643,Control,waterfalls
163,A,166,49,3,CA1,CA23,0.1849200713325205,Control,fields
178,A,181,49,3,CA1,CA23,-0.9548831883150732,Control,waterfalls
186,A,189,49,3,CA1,CA23,1.705130482008198,Control,beaches
192,A,195,49,3,CA1,CA23,-2.151701337862223,Control,fields
200,A,203,49,3,CA1,CA23,-0.2384012307714045,Control,waterfalls
208,A,211,49,3,CA1,CA23,0.200009730796152,Control,fields
217,A,220,49,3,CA1,CA23,-1.494137597274868,Control,fields
22,A,25,49,4,CA1,CA23,-0.008930444309333,Control,beaches
31,A,34,49,4,CA1,CA23,0.0408656479005806,Control,waterfalls
45,A,48,49,4,CA1,CA23,-0.8368343837015653,Control,waterfalls
54,A,57,49,4,CA1,CA23,0.1081545655911549,Control,beaches
67,A,70,49,4,CA1,CA23,0.1124313454214768,Control,waterfalls
73,A,76,49,4,CA1,CA23,1.0049738220404567,Control,fields
85,A,88,49,4,CA1,CA23,0.5893992165964331,Control,fields
95,A,98,49,4,CA1,CA23,0.4637328741344285,Control,fields
106,A,109,49,4,CA1,CA23,1.7323113157887329,Control,waterfalls
143,A,146,49,4,CA1,CA23,4.178410289876559,Control,waterfalls
150,A,153,49,4,CA1,CA23,0.3772097750672946,Control,waterfalls
158,A,161,49,4,CA1,CA23,-0.4165757438475383,Control,beaches
170,A,173,49,4,CA1,CA23,2.875663085688781,Control,fields
174,A,177,49,4,CA1,CA23,-0.1553053801709613,Control,beaches
182,A,185,49,4,CA1,CA23,-0.0912631354696384,Control,fields
194,A,197,49,4,CA1,CA23,0.0143772338065259,Control,beaches
202,A,205,49,4,CA1,CA23,1.4247169717703296,Control,beaches
214,A,217,49,4,CA1,CA23,-0.0210594179533633,Control,fields
223,A,226,49,4,CA1,CA23,0.0442898584620568,Control,fields
229,A,232,49,4,CA1,CA23,-0.3277789101012524,Control,beaches
12,A,15,50,2,CA1,CA23,0.6656371274658189,Stress,waterfalls
34,A,37,50,2,CA1,CA23,-0.1247136582320523,Stress,waterfalls
39,A,42,50,2,CA1,CA23,-0.4516152656697301,Stress,lighthouses
48,A,51,50,2,CA1,CA23,-0.0830410207342303,Stress,canyons
53,A,56,50,2,CA1,CA23,0.3521812167061101,Stress,waterfalls
62,A,65,50,2,CA1,CA23,-0.1079466302183722,Stress,waterfalls
70,A,73,50,2,CA1,CA23,1.5970380693750497,Stress,lighthouses
90,A,93,50,2,CA1,CA23,0.5692475293592246,Stress,canyons
105,A,108,50,2,CA1,CA23,-0.3792042082650019,Stress,canyons
114,A,117,50,2,CA1,CA23,0.0548559106060864,Stress,canyons
128,A,131,50,2,CA1,CA23,-0.131193784060485,Stress,waterfalls
136,A,139,50,2,CA1,CA23,0.8734360547817472,Stress,lighthouses
146,A,149,50,2,CA1,CA23,2.3896130337324832,Stress,waterfalls
165,A,168,50,2,CA1,CA23,-0.9429500982184028,Stress,lighthouses
173,A,176,50,2,CA1,CA23,0.2173465995484919,Stress,lighthouses
195,A,198,50,2,CA1,CA23,0.4187555217561715,Stress,waterfalls
200,A,203,50,2,CA1,CA23,0.8023099538628836,Stress,canyons
206,A,209,50,2,CA1,CA23,-0.0572955094560947,Stress,lighthouses
214,A,217,50,2,CA1,CA23,-0.1697101549053665,Stress,canyons
221,A,224,50,2,CA1,CA23,-0.8331871855670329,Stress,canyons
231,A,234,50,2,CA1,CA23,-0.5622896880807156,Stress,lighthouses
16,A,19,50,3,CA1,CA23,1.560850697514627,Stress,waterfalls
32,A,35,50,3,CA1,CA23,-0.0170524200715891,Stress,waterfalls
49,A,52,50,3,CA1,CA23,0.5463980334998233,Stress,lighthouses
59,A,62,50,3,CA1,CA23,-0.2406957129286999,Stress,canyons
68,A,71,50,3,CA1,CA23,0.4879920807557865,Stress,canyons
75,A,78,50,3,CA1,CA23,1.5063655079977174,Stress,lighthouses
105,A,108,50,3,CA1,CA23,1.0297259732797444,Stress,lighthouses
113,A,116,50,3,CA1,CA23,-1.251432007664259,Stress,waterfalls
131,A,134,50,3,CA1,CA23,0.3824008889731394,Stress,canyons
155,A,158,50,3,CA1,CA23,-0.3245882041969755,Stress,lighthouses
160,A,163,50,3,CA1,CA23,-0.0387551558419598,Stress,canyons
165,A,168,50,3,CA1,CA23,0.8558977470973276,Stress,waterfalls
175,A,178,50,3,CA1,CA23,-2.1569101092581704,Stress,waterfalls
181,A,184,50,3,CA1,CA23,-0.0237351590258233,Stress,lighthouses
193,A,196,50,3,CA1,CA23,0.30355545626506,Stress,canyons
197,A,200,50,3,CA1,CA23,-0.1911591484193849,Stress,waterfalls
209,A,212,50,3,CA1,CA23,0.0063628772456872,Stress,waterfalls
215,A,218,50,3,CA1,CA23,1.2259747062938302,Stress,canyons
220,A,223,50,3,CA1,CA23,0.8497832965774469,Stress,lighthouses
229,A,232,50,3,CA1,CA23,-0.5820605596164006,Stress,lighthouses
234,A,237,50,3,CA1,CA23,0.2077411446343294,Stress,canyons
5,A,8,50,4,CA1,CA23,3.464489345504129,Stress,lighthouses
15,A,18,50,4,CA1,CA23,0.020122225561391,Stress,canyons
29,A,32,50,4,CA1,CA23,-0.2697851176574958,Stress,lighthouses
50,A,53,50,4,CA1,CA23,1.435511175552487,Stress,waterfalls
57,A,60,50,4,CA1,CA23,-0.7995098653870912,Stress,canyons
62,A,65,50,4,CA1,CA23,1.1401880530849764,Stress,waterfalls
68,A,71,50,4,CA1,CA23,-0.4598382327739179,Stress,lighthouses
81,A,84,50,4,CA1,CA23,-0.0569796693213045,Stress,lighthouses
93,A,96,50,4,CA1,CA23,1.1221703037394564,Stress,waterfalls
104,A,107,50,4,CA1,CA23,1.286687551624277,Stress,canyons
109,A,112,50,4,CA1,CA23,0.2529913281600845,Stress,lighthouses
117,A,120,50,4,CA1,CA23,-0.5371147672898874,Stress,canyons
123,A,126,50,4,CA1,CA23,-0.069774962911712,Stress,waterfalls
129,A,132,50,4,CA1,CA23,-0.961403617960249,Stress,canyons
136,A,139,50,4,CA1,CA23,0.1595911417972235,Stress,waterfalls
146,A,149,50,4,CA1,CA23,0.0026072801004037,Stress,lighthouses
151,A,154,50,4,CA1,CA23,0.2362522355096827,Stress,waterfalls
157,A,160,50,4,CA1,CA23,-0.4313917803975066,Stress,canyons
169,A,172,50,4,CA1,CA23,-0.0075950743417607,Stress,waterfalls
182,A,185,50,4,CA1,CA23,-0.1343172742427668,Stress,canyons
194,A,197,50,4,CA1,CA23,1.2036393461751276,Stress,lighthouses
21,A,24,52,2,CA1,CA23,1.6442374756591227,Control,lakes
28,A,31,52,2,CA1,CA23,-0.4149401141901809,Control,mountains
38,A,41,52,2,CA1,CA23,0.7763604456422449,Control,deserts
45,A,48,52,2,CA1,CA23,0.2093671709886388,Control,lakes
52,A,55,52,2,CA1,CA23,-0.9032246763246786,Control,mountains
64,A,67,52,2,CA1,CA23,0.667215103203481,Control,deserts
81,A,84,52,2,CA1,CA23,0.7783186466326453,Control,mountains
98,A,101,52,2,CA1,CA23,-0.0147162267341128,Control,deserts
110,A,113,52,2,CA1,CA23,-0.0139152525465779,Control,deserts
126,A,129,52,2,CA1,CA23,5.289636657258846,Control,lakes
135,A,138,52,2,CA1,CA23,-0.003204185428407,Control,lakes
149,A,152,52,2,CA1,CA23,0.5787818503818369,Control,deserts
153,A,156,52,2,CA1,CA23,0.1618852338044304,Control,mountains
167,A,170,52,2,CA1,CA23,-0.0798751494349997,Control,deserts
178,A,181,52,2,CA1,CA23,0.1833384085799364,Control,mountains
201,A,204,52,2,CA1,CA23,-0.0142545406665805,Control,lakes
210,A,213,52,2,CA1,CA23,0.3117902891820226,Control,mountains
223,A,226,52,2,CA1,CA23,-0.429919889276568,Control,deserts
232,A,235,52,2,CA1,CA23,1.4178520048444363,Control,mountains
10,A,13,52,3,CA1,CA23,-0.10982604290554,Control,mountains
18,A,21,52,3,CA1,CA23,-0.1221443646094884,Control,deserts
23,A,26,52,3,CA1,CA23,0.512419284496024,Control,lakes
50,A,53,52,3,CA1,CA23,-0.7435374169361639,Control,mountains
55,A,58,52,3,CA1,CA23,1.0859186958320264,Control,lakes
67,A,70,52,3,CA1,CA23,0.5931695494212209,Control,mountains
72,A,75,52,3,CA1,CA23,-0.0001536596120247,Control,deserts
82,A,85,52,3,CA1,CA23,-0.4680961024675682,Control,mountains
88,A,91,52,3,CA1,CA23,0.0098144420387589,Control,lakes
95,A,98,52,3,CA1,CA23,0.2310841818217102,Control,mountains
111,A,114,52,3,CA1,CA23,0.2409477200894945,Control,deserts
122,A,125,52,3,CA1,CA23,-0.5907290362001684,Control,mountains
142,A,145,52,3,CA1,CA23,0.0180487899509812,Control,lakes
150,A,153,52,3,CA1,CA23,-0.0098363689169305,Control,deserts
157,A,160,52,3,CA1,CA23,-0.5970650607467751,Control,lakes
168,A,171,52,3,CA1,CA23,0.8834776913805075,Control,mountains
180,A,183,52,3,CA1,CA23,0.437498827020624,Control,deserts
191,A,194,52,3,CA1,CA23,-0.0697795599250459,Control,lakes
200,A,203,52,3,CA1,CA23,0.2558520164313399,Control,deserts
211,A,214,52,3,CA1,CA23,1.2841731616879033,Control,deserts
231,A,234,52,3,CA1,CA23,-0.0006207242057493,Control,lakes
7,A,10,52,4,CA1,CA23,0.100093117104191,Control,deserts
25,A,28,52,4,CA1,CA23,0.0255472281627471,Control,deserts
35,A,38,52,4,CA1,CA23,0.0252785171836757,Control,deserts
48,A,51,52,4,CA1,CA23,1.385583167346826,Control,lakes
56,A,59,52,4,CA1,CA23,1.499720405275227,Control,deserts
63,A,66,52,4,CA1,CA23,1.4466435878856467,Control,mountains
73,A,76,52,4,CA1,CA23,-0.7790028685231033,Control,lakes
81,A,84,52,4,CA1,CA23,-0.0557798487363411,Control,lakes
100,A,103,52,4,CA1,CA23,0.0026208924919171,Control,lakes
110,A,113,52,4,CA1,CA23,-0.8546873307565881,Control,deserts
120,A,123,52,4,CA1,CA23,0.165482940739405,Control,mountains
126,A,129,52,4,CA1,CA23,-0.2937306692314058,Control,lakes
133,A,136,52,4,CA1,CA23,-0.3038724007910775,Control,mountains
142,A,145,52,4,CA1,CA23,0.4671888933418003,Control,deserts
149,A,152,52,4,CA1,CA23,1.082340060377207,Control,deserts
160,A,163,52,4,CA1,CA23,-0.0094184764605065,Control,lakes
185,A,188,52,4,CA1,CA23,-0.1281050966856853,Control,mountains
206,A,209,52,4,CA1,CA23,-0.7366071721861834,Control,lakes
211,A,214,52,4,CA1,CA23,-0.194927549431591,Control,mountains
224,A,227,52,4,CA1,CA23,5.47614677884892,Control,mountains
237,A,240,52,4,CA1,CA23,0.4942559134486847,Control,mountains
5,A,8,53,2,CA1,CA23,0.6070732128817498,Control,lakes
12,A,15,53,2,CA1,CA23,0.8878917104147538,Control,fields
20,A,23,53,2,CA1,CA23,2.586772771877942,Control,parks
37,A,40,53,2,CA1,CA23,-0.0240510156455295,Control,parks
48,A,51,53,2,CA1,CA23,-0.2179905063298244,Control,lakes
55,A,58,53,2,CA1,CA23,2.626137472731955,Control,parks
65,A,68,53,2,CA1,CA23,-0.0154487868736645,Control,lakes
75,A,78,53,2,CA1,CA23,-0.186457493589683,Control,fields
82,A,85,53,2,CA1,CA23,-0.1504054275931253,Control,lakes
91,A,94,53,2,CA1,CA23,0.3893902998893038,Control,parks
107,A,110,53,2,CA1,CA23,-0.5619934211752169,Control,fields
124,A,127,53,2,CA1,CA23,-0.2723049784863753,Control,fields
129,A,132,53,2,CA1,CA23,-1.0167136083042236,Control,parks
134,A,137,53,2,CA1,CA23,0.7638339069895145,Control,fields
144,A,147,53,2,CA1,CA23,0.1419491071324226,Control,fields
163,A,166,53,2,CA1,CA23,0.1486111082656547,Control,lakes
167,A,170,53,2,CA1,CA23,0.0253075799486416,Control,parks
199,A,202,53,2,CA1,CA23,0.1867971490664934,Control,fields
204,A,207,53,2,CA1,CA23,-0.0056941311580232,Control,parks
219,A,222,53,2,CA1,CA23,0.4272097280836001,Control,lakes
234,A,237,53,2,CA1,CA23,-0.4331956948237985,Control,lakes
11,A,14,53,3,CA1,CA23,-1.2401338765163026,Control,parks
21,A,24,53,3,CA1,CA23,-0.3539245530826783,Control,fields
28,A,31,53,3,CA1,CA23,2.274023298049048,Control,fields
53,A,56,53,3,CA1,CA23,0.0107333919042452,Control,parks
72,A,75,53,3,CA1,CA23,0.0274484875155935,Control,parks
77,A,80,53,3,CA1,CA23,1.2419750473929074,Control,lakes
84,A,87,53,3,CA1,CA23,-0.2924324748391521,Control,lakes
98,A,101,53,3,CA1,CA23,0.0897262650754784,Control,parks
111,A,114,53,3,CA1,CA23,0.0002195442692091,Control,parks
123,A,126,53,3,CA1,CA23,-0.3118436572228906,Control,parks
129,A,132,53,3,CA1,CA23,-0.0001901027396141,Control,lakes
140,A,143,53,3,CA1,CA23,0.6808982330825082,Control,lakes
148,A,151,53,3,CA1,CA23,0.6166053794019359,Control,fields
153,A,156,53,3,CA1,CA23,-0.119368246395498,Control,lakes
166,A,169,53,3,CA1,CA23,0.3512488034311629,Control,fields
172,A,175,53,3,CA1,CA23,0.1709955434544315,Control,lakes
186,A,189,53,3,CA1,CA23,1.4971665361960824,Control,fields
195,A,198,53,3,CA1,CA23,0.0429235276032558,Control,parks
202,A,205,53,3,CA1,CA23,-0.1523549499430891,Control,fields
216,A,219,53,3,CA1,CA23,1.0749220507511348,Control,fields
231,A,234,53,3,CA1,CA23,-0.3686630018853254,Control,lakes
5,A,8,53,4,CA1,CA23,1.8592612435667617,Control,parks
15,A,18,53,4,CA1,CA23,0.518322834191127,Control,fields
21,A,24,53,4,CA1,CA23,0.5598288844928764,Control,lakes
33,A,36,53,4,CA1,CA23,-0.1822394115641121,Control,lakes
51,A,54,53,4,CA1,CA23,0.4124820968096623,Control,fields
57,A,60,53,4,CA1,CA23,-0.2748786043250494,Control,lakes
72,A,75,53,4,CA1,CA23,-0.1462945750275341,Control,parks
77,A,80,53,4,CA1,CA23,7.818220956683722e-05,Control,lakes
90,A,93,53,4,CA1,CA23,0.1829054233576633,Control,parks
101,A,104,53,4,CA1,CA23,1.7966777875139086,Control,fields
106,A,109,53,4,CA1,CA23,-0.1525120919862096,Control,lakes
116,A,119,53,4,CA1,CA23,-0.0432346996019432,Control,parks
136,A,139,53,4,CA1,CA23,0.0099562039959103,Control,parks
143,A,146,53,4,CA1,CA23,-1.367600071859116,Control,fields
158,A,161,53,4,CA1,CA23,0.0822694931650116,Control,lakes
166,A,169,53,4,CA1,CA23,0.0065162015553312,Control,fields
182,A,185,53,4,CA1,CA23,0.0246734363854973,Control,fields
188,A,191,53,4,CA1,CA23,0.0497119272900107,Control,parks
208,A,211,53,4,CA1,CA23,0.3066276895862201,Control,fields
215,A,218,53,4,CA1,CA23,1.3970007825964583,Control,lakes
232,A,235,53,4,CA1,CA23,0.2692420279514402,Control,parks
19,A,22,54,2,CA1,CA23,0.3507034489208084,Stress,deserts
32,A,35,54,2,CA1,CA23,-0.1760473495070202,Stress,bridges
39,A,42,54,2,CA1,CA23,0.0822502811769186,Stress,bridges
56,A,59,54,2,CA1,CA23,-0.2910025007563707,Stress,lakes
63,A,66,54,2,CA1,CA23,-0.1072902830074322,Stress,bridges
77,A,80,54,2,CA1,CA23,-0.6455589142373218,Stress,deserts
84,A,87,54,2,CA1,CA23,0.0294064880411972,Stress,bridges
97,A,100,54,2,CA1,CA23,0.1457665650324328,Stress,lakes
105,A,108,54,2,CA1,CA23,-0.0499208900851559,Stress,deserts
120,A,123,54,2,CA1,CA23,-0.05784563166614,Stress,deserts
125,A,128,54,2,CA1,CA23,0.1793755722867256,Stress,lakes
132,A,135,54,2,CA1,CA23,0.755398549145606,Stress,lakes
137,A,140,54,2,CA1,CA23,-0.5310869288041651,Stress,bridges
153,A,156,54,2,CA1,CA23,1.7866280586793786,Stress,deserts
159,A,162,54,2,CA1,CA23,-0.0348576252525161,Stress,lakes
184,A,187,54,2,CA1,CA23,-0.0020949520098838,Stress,deserts
189,A,192,54,2,CA1,CA23,0.0018054771041379,Stress,bridges
198,A,201,54,2,CA1,CA23,0.0068484479865597,Stress,lakes
204,A,207,54,2,CA1,CA23,1.8914063505631995,Stress,bridges
214,A,217,54,2,CA1,CA23,0.0039993343330268,Stress,lakes
225,A,228,54,2,CA1,CA23,0.100384596821755,Stress,deserts
7,A,10,54,3,CA1,CA23,0.1409160682019102,Stress,deserts
15,A,18,54,3,CA1,CA23,0.1480564030622062,Stress,bridges
30,A,33,54,3,CA1,CA23,-0.8262183314385835,Stress,deserts
40,A,43,54,3,CA1,CA23,0.5019723402330258,Stress,lakes
74,A,77,54,3,CA1,CA23,0.3229285007559146,Stress,deserts
83,A,86,54,3,CA1,CA23,0.1796007447238974,Stress,lakes
89,A,92,54,3,CA1,CA23,0.0252479703672727,Stress,lakes
99,A,102,54,3,CA1,CA23,-0.1416239511718192,Stress,bridges
106,A,109,54,3,CA1,CA23,0.0124508773508869,Stress,bridges
116,A,119,54,3,CA1,CA23,0.7619603231829088,Stress,bridges
126,A,129,54,3,CA1,CA23,1.2950302950231296,Stress,deserts
131,A,134,54,3,CA1,CA23,-0.2092852256000336,Stress,lakes
151,A,154,54,3,CA1,CA23,0.1594963817103908,Stress,deserts
164,A,167,54,3,CA1,CA23,-0.519199666200825,Stress,lakes
176,A,179,54,3,CA1,CA23,2.016194689981857,Stress,lakes
182,A,185,54,3,CA1,CA23,-0.0003775465679472,Stress,bridges
189,A,192,54,3,CA1,CA23,0.0345343531560876,Stress,deserts
199,A,202,54,3,CA1,CA23,0.4158780413811973,Stress,deserts
211,A,214,54,3,CA1,CA23,3.0713683624419703,Stress,lakes
220,A,223,54,3,CA1,CA23,2.9555499316414098,Stress,bridges
228,A,231,54,3,CA1,CA23,0.0843856695582016,Stress,bridges
5,A,8,54,4,CA1,CA23,-0.4009443086058009,Stress,deserts
12,A,15,54,4,CA1,CA23,-0.3204998978926991,Stress,lakes
20,A,23,54,4,CA1,CA23,0.0039242405583131,Stress,deserts
28,A,31,54,4,CA1,CA23,0.5448134413179072,Stress,deserts
36,A,39,54,4,CA1,CA23,0.3235636760246748,Stress,bridges
73,A,76,54,4,CA1,CA23,0.3461400274225273,Stress,lakes
78,A,81,54,4,CA1,CA23,0.1762245574561858,Stress,bridges
96,A,99,54,4,CA1,CA23,0.4803023772767522,Stress,lakes
105,A,108,54,4,CA1,CA23,0.0166137635867878,Stress,deserts
122,A,125,54,4,CA1,CA23,-0.0054474699889479,Stress,bridges
128,A,131,54,4,CA1,CA23,2.320823243383843,Stress,deserts
134,A,137,54,4,CA1,CA23,0.2719821595025573,Stress,bridges
149,A,152,54,4,CA1,CA23,0.6631847830680162,Stress,bridges
167,A,170,54,4,CA1,CA23,-0.0002676182502564,Stress,bridges
181,A,184,54,4,CA1,CA23,-0.1341817911709382,Stress,lakes
185,A,188,54,4,CA1,CA23,0.0671967583880055,Stress,deserts
196,A,199,54,4,CA1,CA23,0.5051417540729919,Stress,bridges
205,A,208,54,4,CA1,CA23,-0.0774653188485595,Stress,lakes
217,A,220,54,4,CA1,CA23,-0.1355435021837077,Stress,lakes
231,A,234,54,4,CA1,CA23,-0.3466154128685767,Stress,deserts
238,A,241,54,4,CA1,CA23,0.6854978501504495,Stress,lakes
8,A,11,55,2,CA1,CA23,1.848358749998216,Stress,canyons
19,A,22,55,2,CA1,CA23,-0.244567535913682,Stress,canyons
30,A,33,55,2,CA1,CA23,0.0474855734483212,Stress,marshes
54,A,57,55,2,CA1,CA23,0.273628907676706,Stress,parks
63,A,66,55,2,CA1,CA23,0.3197824379877756,Stress,parks
70,A,73,55,2,CA1,CA23,-0.0547881910745932,Stress,canyons
78,A,81,55,2,CA1,CA23,1.9499938862776025,Stress,parks
94,A,97,55,2,CA1,CA23,-0.0569326903239114,Stress,parks
101,A,104,55,2,CA1,CA23,-0.4431591459390714,Stress,canyons
111,A,114,55,2,CA1,CA23,0.2682471796424041,Stress,marshes
118,A,121,55,2,CA1,CA23,0.1587927176145589,Stress,canyons
127,A,130,55,2,CA1,CA23,-1.651498018581678,Stress,parks
136,A,139,55,2,CA1,CA23,1.9227068527156883,Stress,marshes
161,A,164,55,2,CA1,CA23,0.4214728467527137,Stress,canyons
166,A,169,55,2,CA1,CA23,-0.0578666557726132,Stress,marshes
175,A,178,55,2,CA1,CA23,0.7952775762582155,Stress,canyons
180,A,183,55,2,CA1,CA23,-0.6427805366622199,Stress,parks
194,A,197,55,2,CA1,CA23,0.0006582298131167,Stress,marshes
208,A,211,55,2,CA1,CA23,0.8870058606044149,Stress,marshes
219,A,222,55,2,CA1,CA23,0.439828345307119,Stress,parks
224,A,227,55,2,CA1,CA23,-0.00672825618732,Stress,marshes
5,A,8,55,3,CA1,CA23,2.098389374567301,Stress,marshes
10,A,13,55,3,CA1,CA23,1.2115716054998225,Stress,parks
17,A,20,55,3,CA1,CA23,1.2413559170249546,Stress,canyons
29,A,32,55,3,CA1,CA23,0.2349394225626986,Stress,marshes
34,A,37,55,3,CA1,CA23,1.6395146361497963,Stress,canyons
42,A,45,55,3,CA1,CA23,0.0670576469326807,Stress,marshes
46,A,49,55,3,CA1,CA23,-0.0015651207181793,Stress,parks
65,A,68,55,3,CA1,CA23,1.0114587656324752,Stress,marshes
77,A,80,55,3,CA1,CA23,5.287940955801241,Stress,canyons
83,A,86,55,3,CA1,CA23,-0.4303803698068968,Stress,parks
90,A,93,55,3,CA1,CA23,4.063380619956508,Stress,parks
95,A,98,55,3,CA1,CA23,-0.6361941744077834,Stress,canyons
107,A,110,55,3,CA1,CA23,0.0625587644879893,Stress,canyons
116,A,119,55,3,CA1,CA23,-2.21327022616716,Stress,marshes
127,A,130,55,3,CA1,CA23,-0.0005637010738547,Stress,canyons
155,A,158,55,3,CA1,CA23,0.1741500425786231,Stress,marshes
179,A,182,55,3,CA1,CA23,0.0652059488949747,Stress,canyons
195,A,198,55,3,CA1,CA23,1.8233619155128056,Stress,parks
209,A,212,55,3,CA1,CA23,0.471786751338313,Stress,parks
227,A,230,55,3,CA1,CA23,0.7892265484068851,Stress,parks
235,A,238,55,3,CA1,CA23,-1.5359824721627984,Stress,marshes
15,A,18,55,4,CA1,CA23,0.6446234118629306,Stress,marshes
22,A,25,55,4,CA1,CA23,-0.102961949561355,Stress,canyons
31,A,34,55,4,CA1,CA23,2.2363713026716234,Stress,marshes
53,A,56,55,4,CA1,CA23,0.3210267359535157,Stress,parks
68,A,71,55,4,CA1,CA23,3.259997098516671,Stress,canyons
75,A,78,55,4,CA1,CA23,-0.0310841654557447,Stress,marshes
92,A,95,55,4,CA1,CA23,0.2766994139746699,Stress,canyons
105,A,108,55,4,CA1,CA23,2.092679985223807,Stress,marshes
120,A,123,55,4,CA1,CA23,0.8954509685161424,Stress,canyons
133,A,136,55,4,CA1,CA23,-2.9779031461452323,Stress,marshes
139,A,142,55,4,CA1,CA23,0.0018712748028671,Stress,canyons
148,A,151,55,4,CA1,CA23,1.0323985594524083,Stress,marshes
152,A,155,55,4,CA1,CA23,0.3369301826113015,Stress,parks
163,A,166,55,4,CA1,CA23,-0.0310794139021611,Stress,canyons
183,A,186,55,4,CA1,CA23,-0.5310403990721408,Stress,parks
190,A,193,55,4,CA1,CA23,0.4596560906424534,Stress,parks
199,A,202,55,4,CA1,CA23,-0.294362044477878,Stress,parks
203,A,206,55,4,CA1,CA23,-1.1491085538356192,Stress,marshes
222,A,225,55,4,CA1,CA23,0.4386191142959107,Stress,parks
227,A,230,55,4,CA1,CA23,-0.2494309865485816,Stress,canyons
234,A,237,55,4,CA1,CA23,-0.088071008650031,Stress,parks
5,A,8,56,2,CA1,CA23,0.2984071270815665,Control,forests
11,A,14,56,2,CA1,CA23,2.002239249574261,Control,marshes
26,A,29,56,2,CA1,CA23,0.5490585441133219,Control,bridges
34,A,37,56,2,CA1,CA23,-0.2517641058333151,Control,bridges
42,A,45,56,2,CA1,CA23,0.0016232224648371,Control,forests
55,A,58,56,2,CA1,CA23,0.8971999068538776,Control,bridges
68,A,71,56,2,CA1,CA23,-0.2156649461369701,Control,forests
75,A,78,56,2,CA1,CA23,0.110342000061368,Control,marshes
90,A,93,56,2,CA1,CA23,0.0466078616310586,Control,bridges
110,A,113,56,2,CA1,CA23,1.7026520839447443,Control,bridges
121,A,124,56,2,CA1,CA23,0.0639312336893451,Control,marshes
135,A,138,56,2,CA1,CA23,1.1036928127217387,Control,marshes
139,A,142,56,2,CA1,CA23,-0.2270057722538187,Control,forests
148,A,151,56,2,CA1,CA23,0.0112993081976091,Control,bridges
154,A,157,56,2,CA1,CA23,-0.5586085601383671,Control,marshes
172,A,175,56,2,CA1,CA23,-0.0228933659244872,Control,forests
183,A,186,56,2,CA1,CA23,0.3964483818019223,Control,marshes
200,A,203,56,2,CA1,CA23,0.1562215841702002,Control,forests
210,A,213,56,2,CA1,CA23,-0.0067718097585504,Control,bridges
226,A,229,56,2,CA1,CA23,-0.6201271147160605,Control,forests
236,A,239,56,2,CA1,CA23,-0.0481572682148125,Control,marshes
11,A,14,56,3,CA1,CA23,0.2258708513622689,Control,bridges
22,A,25,56,3,CA1,CA23,0.5394696089352442,Control,forests
40,A,43,56,3,CA1,CA23,0.5255275680473721,Control,bridges
46,A,49,56,3,CA1,CA23,-0.0434506807501898,Control,marshes
72,A,75,56,3,CA1,CA23,0.9421997183409888,Control,marshes
81,A,84,56,3,CA1,CA23,-0.7749429103887114,Control,forests
86,A,89,56,3,CA1,CA23,0.5305921889138867,Control,bridges
93,A,96,56,3,CA1,CA23,0.9357160554102034,Control,marshes
115,A,118,56,3,CA1,CA23,0.4114339055188444,Control,forests
121,A,124,56,3,CA1,CA23,-0.0610866494758649,Control,bridges
135,A,138,56,3,CA1,CA23,0.5987224818833253,Control,bridges
140,A,143,56,3,CA1,CA23,0.1255096070545719,Control,marshes
154,A,157,56,3,CA1,CA23,-0.1899869835112323,Control,marshes
164,A,167,56,3,CA1,CA23,1.529885354386741,Control,bridges
170,A,173,56,3,CA1,CA23,-0.1525516818253736,Control,forests
176,A,179,56,3,CA1,CA23,-0.1621170790346622,Control,bridges
181,A,184,56,3,CA1,CA23,0.3522314331595752,Control,marshes
191,A,194,56,3,CA1,CA23,0.1818332294100616,Control,marshes
199,A,202,56,3,CA1,CA23,1.0644954722282316,Control,forests
218,A,221,56,3,CA1,CA23,-0.047934131075883,Control,forests
231,A,234,56,3,CA1,CA23,0.3231512439860459,Control,forests
13,A,16,56,4,CA1,CA23,0.1960008721367636,Control,marshes
23,A,26,56,4,CA1,CA23,0.9266565850337072,Control,bridges
30,A,33,56,4,CA1,CA23,0.1366057150382713,Control,forests
46,A,49,56,4,CA1,CA23,0.8553153884266463,Control,forests
54,A,57,56,4,CA1,CA23,2.1126092823122447,Control,bridges
59,A,62,56,4,CA1,CA23,-0.094166763038091,Control,forests
85,A,88,56,4,CA1,CA23,-0.0182789698051221,Control,bridges
91,A,94,56,4,CA1,CA23,-0.0539318656597577,Control,bridges
100,A,103,56,4,CA1,CA23,2.440450479970749,Control,marshes
105,A,108,56,4,CA1,CA23,0.1616840983361471,Control,forests
118,A,121,56,4,CA1,CA23,-0.0274434205188306,Control,bridges
125,A,128,56,4,CA1,CA23,0.0439645024313251,Control,marshes
133,A,136,56,4,CA1,CA23,0.2383210636790003,Control,forests
144,A,147,56,4,CA1,CA23,1.529810882168304,Control,marshes
155,A,158,56,4,CA1,CA23,0.2138404206914452,Control,forests
172,A,175,56,4,CA1,CA23,1.993743750120242,Control,bridges
180,A,183,56,4,CA1,CA23,-0.6460241168756073,Control,marshes
196,A,199,56,4,CA1,CA23,1.155156454399856,Control,forests
204,A,207,56,4,CA1,CA23,0.6105795889550926,Control,marshes
217,A,220,56,4,CA1,CA23,4.208422908315903,Control,marshes
231,A,234,56,4,CA1,CA23,-0.5866301668694834,Control,bridges
10,A,13,57,2,CA1,CA23,-0.070905096075254,Control,forests
22,A,25,57,2,CA1,CA23,-0.1941949443329266,Control,forests
29,A,32,57,2,CA1,CA23,-0.5528164242303084,Control,parks
38,A,41,57,2,CA1,CA23,0.0722022748791135,Control,forests
48,A,51,57,2,CA1,CA23,0.3081370807650528,Control,parks
75,A,78,57,2,CA1,CA23,-1.575743817706105,Control,parks
87,A,90,57,2,CA1,CA23,0.3862179253316046,Control,parks
92,A,95,57,2,CA1,CA23,-0.8331100775196095,Control,canyons
98,A,101,57,2,CA1,CA23,0.00050288467541,Control,forests
117,A,120,57,2,CA1,CA23,-0.5359722220561361,Control,parks
123,A,126,57,2,CA1,CA23,2.970880808226612,Control,canyons
131,A,134,57,2,CA1,CA23,0.0010999877355243,Control,forests
144,A,147,57,2,CA1,CA23,2.5214245190354423,Control,canyons
159,A,162,57,2,CA1,CA23,-1.1687097716027532,Control,parks
164,A,167,57,2,CA1,CA23,3.8929027360642814,Control,canyons
173,A,176,57,2,CA1,CA23,1.126161322840369,Control,forests
193,A,196,57,2,CA1,CA23,-0.3820098274491121,Control,canyons
207,A,210,57,2,CA1,CA23,0.1093192535254782,Control,parks
213,A,216,57,2,CA1,CA23,-0.0052839583100023,Control,canyons
222,A,225,57,2,CA1,CA23,-0.0030595176680274,Control,forests
235,A,238,57,2,CA1,CA23,-1.8324655069276332,Control,canyons
5,A,8,57,3,CA1,CA23,-0.1021262570624826,Control,canyons
12,A,15,57,3,CA1,CA23,-0.1073353075903106,Control,parks
26,A,29,57,3,CA1,CA23,-2.7847872083974563,Control,canyons
31,A,34,57,3,CA1,CA23,0.8383845606010049,Control,forests
38,A,41,57,3,CA1,CA23,0.2557096842943878,Control,forests
51,A,54,57,3,CA1,CA23,0.002282561975064,Control,parks
56,A,59,57,3,CA1,CA23,0.4590670963668452,Control,canyons
67,A,70,57,3,CA1,CA23,-0.2333580854100646,Control,parks
73,A,76,57,3,CA1,CA23,0.6219617628401588,Control,forests
84,A,87,57,3,CA1,CA23,2.191314130091425,Control,forests
108,A,111,57,3,CA1,CA23,1.2215875892908523,Control,parks
118,A,121,57,3,CA1,CA23,-0.2059048891504442,Control,forests
136,A,139,57,3,CA1,CA23,1.3436411990217485,Control,parks
147,A,150,57,3,CA1,CA23,1.7174934950248604,Control,canyons
154,A,157,57,3,CA1,CA23,0.9676366331571816,Control,parks
168,A,171,57,3,CA1,CA23,1.7733929981715015,Control,forests
180,A,183,57,3,CA1,CA23,-0.4291043491657213,Control,forests
186,A,189,57,3,CA1,CA23,0.0779629101285049,Control,parks
203,A,206,57,3,CA1,CA23,1.3466094944292302,Control,canyons
226,A,229,57,3,CA1,CA23,0.0006267721167061,Control,canyons
235,A,238,57,3,CA1,CA23,0.1457570290922857,Control,canyons
8,A,11,57,4,CA1,CA23,-0.0364216403833726,Control,forests
18,A,21,57,4,CA1,CA23,-0.2576341422778468,Control,forests
24,A,27,57,4,CA1,CA23,0.1632844450825553,Control,parks
35,A,38,57,4,CA1,CA23,-0.6434577419682649,Control,forests
51,A,54,57,4,CA1,CA23,0.0248689207089593,Control,parks
63,A,66,57,4,CA1,CA23,-0.0618776857325037,Control,canyons
68,A,71,57,4,CA1,CA23,0.0637321786850195,Control,parks
82,A,85,57,4,CA1,CA23,-0.066568797854057,Control,canyons
91,A,94,57,4,CA1,CA23,0.0008063703850319,Control,canyons
104,A,107,57,4,CA1,CA23,-0.0231926820367295,Control,forests
109,A,112,57,4,CA1,CA23,-1.0489583975574972,Control,canyons
129,A,132,57,4,CA1,CA23,0.1462163519440783,Control,parks
134,A,137,57,4,CA1,CA23,2.0339393990112136,Control,canyons
144,A,147,57,4,CA1,CA23,0.3241927779468367,Control,parks
148,A,151,57,4,CA1,CA23,0.0286855922412783,Control,forests
169,A,172,57,4,CA1,CA23,0.1575447991963566,Control,canyons
176,A,179,57,4,CA1,CA23,-2.367458900348861,Control,parks
186,A,189,57,4,CA1,CA23,-0.2443770812219119,Control,forests
194,A,197,57,4,CA1,CA23,1.7001125230715703,Control,canyons
220,A,223,57,4,CA1,CA23,0.5750614818215298,Control,forests
228,A,231,57,4,CA1,CA23,-0.1301587084926157,Control,parks
11,A,14,58,2,CA1,CA23,-0.1564699863153688,Stress,lighthouses
25,A,28,58,2,CA1,CA23,0.2289823217555122,Stress,lighthouses
33,A,36,58,2,CA1,CA23,1.7266215952531458,Stress,beaches
53,A,56,58,2,CA1,CA23,0.5580680414346271,Stress,lighthouses
73,A,76,58,2,CA1,CA23,0.1493404973581542,Stress,forests
78,A,81,58,2,CA1,CA23,1.2373233165942987,Stress,lighthouses
90,A,93,58,2,CA1,CA23,1.6201125602518411,Stress,beaches
95,A,98,58,2,CA1,CA23,0.3952059857281365,Stress,forests
119,A,122,58,2,CA1,CA23,-0.7183045852386553,Stress,lighthouses
129,A,132,58,2,CA1,CA23,-0.9358770771917316,Stress,beaches
134,A,137,58,2,CA1,CA23,-0.0206221291659636,Stress,forests
139,A,142,58,2,CA1,CA23,0.0017663089271787,Stress,beaches
148,A,151,58,2,CA1,CA23,0.0726847660837721,Stress,forests
179,A,182,58,2,CA1,CA23,0.500746412084503,Stress,forests
188,A,191,58,2,CA1,CA23,0.7763169822514013,Stress,beaches
195,A,198,58,2,CA1,CA23,-0.2170564579413879,Stress,beaches
201,A,204,58,2,CA1,CA23,0.1814868817862922,Stress,forests
208,A,211,58,2,CA1,CA23,-1.234153830221728,Stress,lighthouses
214,A,217,58,2,CA1,CA23,3.033090348613812,Stress,beaches
223,A,226,58,2,CA1,CA23,-0.0216916564892606,Stress,forests
229,A,232,58,2,CA1,CA23,-0.2232725924040659,Stress,lighthouses
11,A,14,58,3,CA1,CA23,0.0132329104350843,Stress,forests
22,A,25,58,3,CA1,CA23,0.0272393468863062,Stress,lighthouses
31,A,34,58,3,CA1,CA23,-1.2111903939970476,Stress,forests
38,A,41,58,3,CA1,CA23,0.8038973735876443,Stress,lighthouses
49,A,52,58,3,CA1,CA23,0.0789623834522318,Stress,forests
59,A,62,58,3,CA1,CA23,0.1638872340034282,Stress,beaches
66,A,69,58,3,CA1,CA23,0.3798580196175655,Stress,forests
71,A,74,58,3,CA1,CA23,1.2237381183549274,Stress,lighthouses
77,A,80,58,3,CA1,CA23,0.2573779234931572,Stress,beaches
100,A,103,58,3,CA1,CA23,-1.776276290489516,Stress,lighthouses
108,A,111,58,3,CA1,CA23,-0.8822126993059596,Stress,beaches
130,A,133,58,3,CA1,CA23,-0.2488576562922021,Stress,lighthouses
141,A,144,58,3,CA1,CA23,0.4161401186669323,Stress,beaches
150,A,153,58,3,CA1,CA23,0.954467720172688,Stress,beaches
158,A,161,58,3,CA1,CA23,1.1281600262218223,Stress,forests
168,A,171,58,3,CA1,CA23,1.0775980190960672,Stress,lighthouses
188,A,191,58,3,CA1,CA23,-0.0073827168375015,Stress,forests
193,A,196,58,3,CA1,CA23,0.7950952404707887,Stress,lighthouses
198,A,201,58,3,CA1,CA23,2.1761836805830828,Stress,forests
218,A,221,58,3,CA1,CA23,0.2163924863027872,Stress,beaches
235,A,238,58,3,CA1,CA23,-1.162294058289029,Stress,beaches
13,A,16,58,4,CA1,CA23,1.3815007514687356,Stress,forests
19,A,22,58,4,CA1,CA23,0.1328869533958536,Stress,beaches
30,A,33,58,4,CA1,CA23,0.5319506776645766,Stress,forests
45,A,48,58,4,CA1,CA23,-1.023951957748779,Stress,lighthouses
49,A,52,58,4,CA1,CA23,0.6140615290784809,Stress,beaches
55,A,58,58,4,CA1,CA23,1.972614986344053,Stress,lighthouses
67,A,70,58,4,CA1,CA23,0.0249557063458247,Stress,lighthouses
71,A,74,58,4,CA1,CA23,0.3830782670851698,Stress,forests
82,A,85,58,4,CA1,CA23,-0.0885876595453919,Stress,lighthouses
89,A,92,58,4,CA1,CA23,0.9252896670944644,Stress,forests
103,A,106,58,4,CA1,CA23,-0.2056432356020373,Stress,lighthouses
114,A,117,58,4,CA1,CA23,-0.4190148493085739,Stress,beaches
121,A,124,58,4,CA1,CA23,-0.2832443059734669,Stress,lighthouses
140,A,143,58,4,CA1,CA23,-0.0538599565251713,Stress,beaches
152,A,155,58,4,CA1,CA23,-0.0956153757316972,Stress,beaches
159,A,162,58,4,CA1,CA23,-0.621043273920325,Stress,forests
176,A,179,58,4,CA1,CA23,0.8485959776504278,Stress,beaches
182,A,185,58,4,CA1,CA23,0.2487534668996308,Stress,forests
194,A,197,58,4,CA1,CA23,0.2773747926570833,Stress,beaches
221,A,224,58,4,CA1,CA23,0.2920400255724782,Stress,forests
229,A,232,58,4,CA1,CA23,0.0128135094665023,Stress,lighthouses
8,A,11,59,2,CA1,CA23,0.0102593250461152,Stress,lighthouses
19,A,22,59,2,CA1,CA23,2.538275016202762,Stress,mountains
28,A,31,59,2,CA1,CA23,-0.0980221958124324,Stress,mountains
40,A,43,59,2,CA1,CA23,-1.061794179655409,Stress,mountains
48,A,51,59,2,CA1,CA23,0.6287168174559747,Stress,lighthouses
56,A,59,59,2,CA1,CA23,0.2825384617919397,Stress,beaches
92,A,95,59,2,CA1,CA23,2.981674808573429,Stress,beaches
98,A,101,59,2,CA1,CA23,0.0094843056777469,Stress,lighthouses
106,A,109,59,2,CA1,CA23,2.408987619055278,Stress,lighthouses
118,A,121,59,2,CA1,CA23,-0.8476331523985379,Stress,mountains
124,A,127,59,2,CA1,CA23,-0.0116470132811042,Stress,beaches
130,A,133,59,2,CA1,CA23,-0.6304157954571827,Stress,mountains
141,A,144,59,2,CA1,CA23,0.0495300439395841,Stress,beaches
152,A,155,59,2,CA1,CA23,0.3130865439123365,Stress,lighthouses
162,A,165,59,2,CA1,CA23,0.1664769473165571,Stress,beaches
175,A,178,59,2,CA1,CA23,0.0581572995706913,Stress,mountains
187,A,190,59,2,CA1,CA23,-0.4637741938325219,Stress,beaches
205,A,208,59,2,CA1,CA23,-0.0785983740857584,Stress,mountains
212,A,215,59,2,CA1,CA23,0.0033836152946607,Stress,lighthouses
217,A,220,59,2,CA1,CA23,-0.0741307065173261,Stress,beaches
230,A,233,59,2,CA1,CA23,1.5633470496375,Stress,lighthouses
11,A,14,59,3,CA1,CA23,-0.097259472626202,Stress,lighthouses
19,A,22,59,3,CA1,CA23,1.204388731173997,Stress,beaches
27,A,30,59,3,CA1,CA23,0.0141876646101696,Stress,lighthouses
48,A,51,59,3,CA1,CA23,0.0605627464837905,Stress,mountains
62,A,65,59,3,CA1,CA23,5.584070456588218,Stress,lighthouses
68,A,71,59,3,CA1,CA23,-0.3257255657002418,Stress,mountains
83,A,86,59,3,CA1,CA23,-0.0039369491691968,Stress,lighthouses
93,A,96,59,3,CA1,CA23,0.4332218050029947,Stress,mountains
115,A,118,59,3,CA1,CA23,-0.5693889647578707,Stress,beaches
120,A,123,59,3,CA1,CA23,-0.1408263487582703,Stress,mountains
133,A,136,59,3,CA1,CA23,-0.1938196192941432,Stress,beaches
143,A,146,59,3,CA1,CA23,-0.50044180617904,Stress,mountains
154,A,157,59,3,CA1,CA23,0.2025865698677707,Stress,lighthouses
163,A,166,59,3,CA1,CA23,0.5393912180811223,Stress,beaches
186,A,189,59,3,CA1,CA23,0.2553852588341756,Stress,beaches
197,A,200,59,3,CA1,CA23,0.3703014808643821,Stress,mountains
202,A,205,59,3,CA1,CA23,0.087578571975882,Stress,lighthouses
210,A,213,59,3,CA1,CA23,-0.3981631872148787,Stress,mountains
222,A,225,59,3,CA1,CA23,-0.0755574658152608,Stress,beaches
227,A,230,59,3,CA1,CA23,-0.0094242827217554,Stress,lighthouses
237,A,240,59,3,CA1,CA23,0.2736108740843584,Stress,beaches
7,A,10,59,4,CA1,CA23,-1.4894901471144475,Stress,lighthouses
13,A,16,59,4,CA1,CA23,-0.2493087230154053,Stress,mountains
22,A,25,59,4,CA1,CA23,-0.8200445409169762,Stress,mountains
30,A,33,59,4,CA1,CA23,0.6585055015585081,Stress,lighthouses
40,A,43,59,4,CA1,CA23,1.9343081219795717,Stress,beaches
48,A,51,59,4,CA1,CA23,-0.2896219598104153,Stress,mountains
53,A,56,59,4,CA1,CA23,0.1141510044919449,Stress,beaches
59,A,62,59,4,CA1,CA23,0.7101681773468579,Stress,lighthouses
72,A,75,59,4,CA1,CA23,-0.1106118382917064,Stress,beaches
93,A,96,59,4,CA1,CA23,-0.0527992503513749,Stress,mountains
105,A,108,59,4,CA1,CA23,1.2416794571309913,Stress,beaches
112,A,115,59,4,CA1,CA23,0.3177404261994941,Stress,lighthouses
128,A,131,59,4,CA1,CA23,-0.5193002922921759,Stress,beaches
145,A,148,59,4,CA1,CA23,2.289846866442188,Stress,beaches
156,A,159,59,4,CA1,CA23,0.7027460555448475,Stress,lighthouses
161,A,164,59,4,CA1,CA23,-0.7018459470157415,Stress,mountains
165,A,168,59,4,CA1,CA23,-0.0786385293443168,Stress,beaches
172,A,175,59,4,CA1,CA23,0.6877918064387688,Stress,lighthouses
192,A,195,59,4,CA1,CA23,-0.0592928849409944,Stress,mountains
212,A,215,59,4,CA1,CA23,1.379318694926315,Stress,lighthouses
227,A,230,59,4,CA1,CA23,-0.2853840980301613,Stress,mountains
12,A,15,60,2,CA1,CA23,0.8423480044669616,Stress,deserts
29,A,32,60,2,CA1,CA23,-1.144571728255898,Stress,mountains
33,A,36,60,2,CA1,CA23,-1.208405470730977,Stress,bridges
41,A,44,60,2,CA1,CA23,-1.246533055503512,Stress,mountains
58,A,61,60,2,CA1,CA23,-0.0070514673983623,Stress,mountains
75,A,78,60,2,CA1,CA23,-0.0694084154450378,Stress,deserts
83,A,86,60,2,CA1,CA23,0.9740385056017696,Stress,mountains
93,A,96,60,2,CA1,CA23,-0.1515991338982672,Stress,bridges
108,A,111,60,2,CA1,CA23,0.3453962476501344,Stress,deserts
115,A,118,60,2,CA1,CA23,-1.04310338888302,Stress,bridges
125,A,128,60,2,CA1,CA23,-0.7678243387672224,Stress,deserts
136,A,139,60,2,CA1,CA23,-0.0004373247918296,Stress,mountains
144,A,147,60,2,CA1,CA23,0.331544284675879,Stress,deserts
157,A,160,60,2,CA1,CA23,0.4968566851388707,Stress,bridges
162,A,165,60,2,CA1,CA23,-1.9472293316651168,Stress,mountains
170,A,173,60,2,CA1,CA23,0.9301337285605596,Stress,bridges
175,A,178,60,2,CA1,CA23,-0.2632932597452671,Stress,deserts
185,A,188,60,2,CA1,CA23,-1.2246486779618668,Stress,deserts
200,A,203,60,2,CA1,CA23,0.0034176476574997,Stress,bridges
220,A,223,60,2,CA1,CA23,1.1445029462920528,Stress,mountains
233,A,236,60,2,CA1,CA23,-0.3241729014630138,Stress,bridges
7,A,10,60,3,CA1,CA23,0.8023330854275615,Stress,deserts
16,A,19,60,3,CA1,CA23,-0.3042215611043705,Stress,mountains
28,A,31,60,3,CA1,CA23,0.5197682228857873,Stress,bridges
53,A,56,60,3,CA1,CA23,-1.029297979297317,Stress,mountains
64,A,67,60,3,CA1,CA23,0.0957325787476369,Stress,mountains
88,A,91,60,3,CA1,CA23,-0.0487707716224522,Stress,bridges
99,A,102,60,3,CA1,CA23,0.0569537903387461,Stress,bridges
105,A,108,60,3,CA1,CA23,-0.7376091933571722,Stress,mountains
111,A,114,60,3,CA1,CA23,-0.089520982430873,Stress,bridges
137,A,140,60,3,CA1,CA23,-0.217881645162777,Stress,deserts
155,A,158,60,3,CA1,CA23,0.8006830243286271,Stress,bridges
161,A,164,60,3,CA1,CA23,-0.0616138486042325,Stress,deserts
165,A,168,60,3,CA1,CA23,-1.8022461600538573,Stress,mountains
178,A,181,60,3,CA1,CA23,1.041571506823575,Stress,bridges
184,A,187,60,3,CA1,CA23,-0.6647671296777461,Stress,deserts
191,A,194,60,3,CA1,CA23,-0.7382036780575416,Stress,mountains
198,A,201,60,3,CA1,CA23,-0.025711444484754,Stress,deserts
209,A,212,60,3,CA1,CA23,-0.0061951297921963,Stress,mountains
217,A,220,60,3,CA1,CA23,-2.2460646189813263,Stress,bridges
221,A,224,60,3,CA1,CA23,0.3764872499858767,Stress,deserts
229,A,232,60,3,CA1,CA23,-0.5910988275394984,Stress,deserts
5,A,8,60,4,CA1,CA23,-0.6198748132446914,Stress,bridges
14,A,17,60,4,CA1,CA23,-0.1263666687763348,Stress,mountains
22,A,25,60,4,CA1,CA23,1.135358664078158,Stress,deserts
33,A,36,60,4,CA1,CA23,2.2153012384583364,Stress,mountains
41,A,44,60,4,CA1,CA23,0.0918192882484292,Stress,bridges
49,A,52,60,4,CA1,CA23,0.2848827483498761,Stress,deserts
57,A,60,60,4,CA1,CA23,0.0098782516051378,Stress,bridges
66,A,69,60,4,CA1,CA23,-1.0556562621840768,Stress,deserts
79,A,82,60,4,CA1,CA23,0.5195933723264522,Stress,deserts
94,A,97,60,4,CA1,CA23,0.4767862481203118,Stress,mountains
103,A,106,60,4,CA1,CA23,0.0010510504427742,Stress,bridges
127,A,130,60,4,CA1,CA23,0.2277028298021458,Stress,mountains
138,A,141,60,4,CA1,CA23,1.476542337742806,Stress,mountains
146,A,149,60,4,CA1,CA23,-1.5887231849954089,Stress,mountains
157,A,160,60,4,CA1,CA23,0.6383129581071738,Stress,bridges
162,A,165,60,4,CA1,CA23,-0.803834837997014,Stress,deserts
176,A,179,60,4,CA1,CA23,0.5567882230391641,Stress,bridges
197,A,200,60,4,CA1,CA23,-0.3930465139127606,Stress,mountains
217,A,220,60,4,CA1,CA23,-0.0741412080322939,Stress,deserts
223,A,226,60,4,CA1,CA23,0.0012358559799947,Stress,bridges
230,A,233,60,4,CA1,CA23,-1.2408979317972573,Stress,deserts
5,A,8,61,2,CA1,CA23,-0.8377168049852927,Stress,canyons
10,A,13,61,2,CA1,CA23,-0.2194329672980055,Stress,lighthouses
15,A,18,61,2,CA1,CA23,1.726499581679422,Stress,parks
23,A,26,61,2,CA1,CA23,0.0027648250795733,Stress,canyons
36,A,39,61,2,CA1,CA23,-0.0900634297657748,Stress,parks
50,A,53,61,2,CA1,CA23,-0.7412784441072879,Stress,lighthouses
63,A,66,61,2,CA1,CA23,0.4193690583072169,Stress,lighthouses
73,A,76,61,2,CA1,CA23,-0.826576260743588,Stress,parks
81,A,84,61,2,CA1,CA23,0.3730730313082735,Stress,parks
91,A,94,61,2,CA1,CA23,0.0408641501799004,Stress,canyons
118,A,121,61,2,CA1,CA23,0.5511930242205351,Stress,canyons
132,A,135,61,2,CA1,CA23,0.4743847742075412,Stress,parks
138,A,141,61,2,CA1,CA23,-0.1034959068824464,Stress,lighthouses
149,A,152,61,2,CA1,CA23,-0.0777260381784293,Stress,parks
157,A,160,61,2,CA1,CA23,-0.0397411626571358,Stress,lighthouses
171,A,174,61,2,CA1,CA23,-0.7214574713533436,Stress,canyons
179,A,182,61,2,CA1,CA23,1.078268310598861,Stress,lighthouses
189,A,192,61,2,CA1,CA23,-0.8857687628880405,Stress,parks
205,A,208,61,2,CA1,CA23,0.0062739756159255,Stress,lighthouses
217,A,220,61,2,CA1,CA23,-1.4511092573580815,Stress,canyons
226,A,229,61,2,CA1,CA23,0.3937145982116824,Stress,canyons
10,A,13,61,3,CA1,CA23,0.0050783091421702,Stress,canyons
16,A,19,61,3,CA1,CA23,8.514368664412833,Stress,lighthouses
22,A,25,61,3,CA1,CA23,0.0120132514819703,Stress,canyons
43,A,46,61,3,CA1,CA23,-0.7209595909613415,Stress,canyons
48,A,51,61,3,CA1,CA23,1.4705753578712093,Stress,parks
56,A,59,61,3,CA1,CA23,0.0504582246131685,Stress,lighthouses
66,A,69,61,3,CA1,CA23,-0.0185669648666441,Stress,parks
77,A,80,61,3,CA1,CA23,-0.4046155518797484,Stress,parks
81,A,84,61,3,CA1,CA23,1.3630611444322396,Stress,lighthouses
100,A,103,61,3,CA1,CA23,-0.8739647436729429,Stress,parks
113,A,116,61,3,CA1,CA23,0.0019766144350421,Stress,lighthouses
130,A,133,61,3,CA1,CA23,0.0034950350831852,Stress,lighthouses
138,A,141,61,3,CA1,CA23,-0.099523731889729,Stress,canyons
171,A,174,61,3,CA1,CA23,0.4310196035386968,Stress,parks
178,A,181,61,3,CA1,CA23,-0.3451035959403808,Stress,parks
187,A,190,61,3,CA1,CA23,-0.0281310213506466,Stress,canyons
193,A,196,61,3,CA1,CA23,0.0010979199456111,Stress,parks
200,A,203,61,3,CA1,CA23,-0.3811920572139397,Stress,lighthouses
214,A,217,61,3,CA1,CA23,-0.5005182095579287,Stress,canyons
219,A,222,61,3,CA1,CA23,0.4621140360464586,Stress,lighthouses
233,A,236,61,3,CA1,CA23,0.0070487637974952,Stress,canyons
5,A,8,61,4,CA1,CA23,0.3285334102134619,Stress,canyons
15,A,18,61,4,CA1,CA23,0.8214425247737384,Stress,parks
24,A,27,61,4,CA1,CA23,0.553576730250595,Stress,lighthouses
46,A,49,61,4,CA1,CA23,0.0448331097216039,Stress,lighthouses
52,A,55,61,4,CA1,CA23,3.5101928572257,Stress,parks
67,A,70,61,4,CA1,CA23,-0.0360409701973583,Stress,canyons
75,A,78,61,4,CA1,CA23,-0.0661208020117102,Stress,parks
83,A,86,61,4,CA1,CA23,0.3430854421351786,Stress,parks
93,A,96,61,4,CA1,CA23,1.2646924928457777,Stress,parks
103,A,106,61,4,CA1,CA23,-0.2843410127231343,Stress,canyons
107,A,110,61,4,CA1,CA23,-0.0313076090036183,Stress,lighthouses
122,A,125,61,4,CA1,CA23,-0.1172086275289226,Stress,lighthouses
144,A,147,61,4,CA1,CA23,-0.4737305296137027,Stress,canyons
154,A,157,61,4,CA1,CA23,0.6167737666099287,Stress,lighthouses
164,A,167,61,4,CA1,CA23,-1.0869452454883168,Stress,canyons
177,A,180,61,4,CA1,CA23,0.6441269416022818,Stress,canyons
186,A,189,61,4,CA1,CA23,-1.1506325254309278,Stress,lighthouses
199,A,202,61,4,CA1,CA23,-0.1741056621558907,Stress,lighthouses
219,A,222,61,4,CA1,CA23,0.6925550977144312,Stress,canyons
224,A,227,61,4,CA1,CA23,0.0701406192841262,Stress,parks
232,A,235,61,4,CA1,CA23,0.0079353050811603,Stress,parks
23,A,26,62,2,CA1,CA23,0.0215788155505774,Control,lighthouses
29,A,32,62,2,CA1,CA23,-0.0604652509923312,Control,fields
49,A,52,62,2,CA1,CA23,0.3554237451889639,Control,fields
60,A,63,62,2,CA1,CA23,-6.839820772085329e-05,Control,mountains
65,A,68,62,2,CA1,CA23,2.853840151145984,Control,lighthouses
74,A,77,62,2,CA1,CA23,4.105200045651672,Control,lighthouses
88,A,91,62,2,CA1,CA23,-0.0238626771521281,Control,mountains
93,A,96,62,2,CA1,CA23,0.0662516173189404,Control,lighthouses
100,A,103,62,2,CA1,CA23,1.263494866198098,Control,fields
108,A,111,62,2,CA1,CA23,-0.9953738809535564,Control,lighthouses
126,A,129,62,2,CA1,CA23,0.503647098232997,Control,fields
140,A,143,62,2,CA1,CA23,-0.0002335545049019,Control,mountains
148,A,151,62,2,CA1,CA23,-0.0867554318874553,Control,fields
152,A,155,62,2,CA1,CA23,-0.1598163137476352,Control,mountains
169,A,172,62,2,CA1,CA23,0.23801532682743,Control,lighthouses
178,A,181,62,2,CA1,CA23,0.557411430578206,Control,fields
184,A,187,62,2,CA1,CA23,-0.0316801927677,Control,mountains
203,A,206,62,2,CA1,CA23,0.0026399424456596,Control,mountains
209,A,212,62,2,CA1,CA23,-0.2192741269855498,Control,fields
215,A,218,62,2,CA1,CA23,1.0922813329944077,Control,lighthouses
230,A,233,62,2,CA1,CA23,0.8426886308390763,Control,mountains
5,A,8,62,3,CA1,CA23,3.4514075020824624,Control,mountains
10,A,13,62,3,CA1,CA23,3.5440507945388053,Control,lighthouses
24,A,27,62,3,CA1,CA23,-0.444547722003021,Control,lighthouses
47,A,50,62,3,CA1,CA23,0.2661488550096468,Control,lighthouses
53,A,56,62,3,CA1,CA23,-0.2850575103576131,Control,mountains
60,A,63,62,3,CA1,CA23,2.4093882316372253,Control,lighthouses
72,A,75,62,3,CA1,CA23,-0.870377057479547,Control,fields
102,A,105,62,3,CA1,CA23,0.0004103487577512,Control,lighthouses
112,A,115,62,3,CA1,CA23,0.0120916739135807,Control,mountains
122,A,125,62,3,CA1,CA23,0.1076475836755154,Control,lighthouses
126,A,129,62,3,CA1,CA23,-0.9517176847572438,Control,mountains
132,A,135,62,3,CA1,CA23,0.3379860744334551,Control,mountains
140,A,143,62,3,CA1,CA23,-2.104207585245266,Control,fields
147,A,150,62,3,CA1,CA23,0.0230791481803532,Control,mountains
157,A,160,62,3,CA1,CA23,1.8092972907023424,Control,fields
171,A,174,62,3,CA1,CA23,0.9977464677037194,Control,lighthouses
180,A,183,62,3,CA1,CA23,1.2354349790071184,Control,mountains
193,A,196,62,3,CA1,CA23,0.4045832286220619,Control,fields
200,A,203,62,3,CA1,CA23,-0.6759937510859233,Control,fields
215,A,218,62,3,CA1,CA23,0.3079519427830716,Control,fields
236,A,239,62,3,CA1,CA23,-0.0015054491770675,Control,fields
5,A,8,62,4,CA1,CA23,3.65941808156009,Control,mountains
12,A,15,62,4,CA1,CA23,0.2162035934989682,Control,fields
27,A,30,62,4,CA1,CA23,1.3991303059256657,Control,lighthouses
46,A,49,62,4,CA1,CA23,0.2954114886328777,Control,fields
59,A,62,62,4,CA1,CA23,-0.1141228090700077,Control,fields
76,A,79,62,4,CA1,CA23,-0.8028727044299183,Control,mountains
81,A,84,62,4,CA1,CA23,-0.2818725768635024,Control,lighthouses
97,A,100,62,4,CA1,CA23,0.0064042381456008,Control,lighthouses
112,A,115,62,4,CA1,CA23,1.3674135827151126,Control,fields
129,A,132,62,4,CA1,CA23,0.3721433374331119,Control,mountains
139,A,142,62,4,CA1,CA23,0.0618949017497613,Control,fields
145,A,148,62,4,CA1,CA23,-0.1679700069422653,Control,lighthouses
154,A,157,62,4,CA1,CA23,0.378260443729097,Control,lighthouses
163,A,166,62,4,CA1,CA23,0.7240336067525233,Control,lighthouses
187,A,190,62,4,CA1,CA23,0.0820368123391481,Control,fields
192,A,195,62,4,CA1,CA23,0.6095810787927555,Control,mountains
200,A,203,62,4,CA1,CA23,0.2613348575732197,Control,mountains
209,A,212,62,4,CA1,CA23,0.8989165280150935,Control,fields
222,A,225,62,4,CA1,CA23,-0.695327682177883,Control,mountains
229,A,232,62,4,CA1,CA23,4.298340587410105,Control,mountains
235,A,238,62,4,CA1,CA23,0.9805598011491772,Control,lighthouses
5,A,8,63,2,CA1,CA23,-0.0693727218452085,Stress,bridges
17,A,20,63,2,CA1,CA23,0.0719664844932241,Stress,parks
22,A,25,63,2,CA1,CA23,0.0555603417557106,Stress,forests
31,A,34,63,2,CA1,CA23,-0.1289495126716958,Stress,parks
45,A,48,63,2,CA1,CA23,0.0054449256216894,Stress,forests
60,A,63,63,2,CA1,CA23,2.0845542821488947,Stress,bridges
65,A,68,63,2,CA1,CA23,-0.4622232947866822,Stress,forests
74,A,77,63,2,CA1,CA23,0.006372141921104,Stress,bridges
86,A,89,63,2,CA1,CA23,-0.0627224626329301,Stress,forests
103,A,106,63,2,CA1,CA23,0.328601800776561,Stress,bridges
112,A,115,63,2,CA1,CA23,-0.8204181501033774,Stress,forests
124,A,127,63,2,CA1,CA23,0.2768957010041245,Stress,parks
136,A,139,63,2,CA1,CA23,0.2345873850127451,Stress,bridges
144,A,147,63,2,CA1,CA23,-0.4362313393872783,Stress,parks
149,A,152,63,2,CA1,CA23,-0.1448300518474744,Stress,bridges
155,A,158,63,2,CA1,CA23,-1.3568339682452333,Stress,parks
182,A,185,63,2,CA1,CA23,3.333773376128692,Stress,parks
202,A,205,63,2,CA1,CA23,0.4718789510561647,Stress,bridges
209,A,212,63,2,CA1,CA23,0.9384368311783132,Stress,parks
222,A,225,63,2,CA1,CA23,0.6636137347615325,Stress,forests
233,A,236,63,2,CA1,CA23,-0.1310690576650144,Stress,forests
14,A,17,63,3,CA1,CA23,-2.416869506027252,Stress,bridges
27,A,30,63,3,CA1,CA23,-0.7274653571691235,Stress,parks
36,A,39,63,3,CA1,CA23,-0.0317200854625279,Stress,bridges
63,A,66,63,3,CA1,CA23,0.273344047341603,Stress,parks
73,A,76,63,3,CA1,CA23,0.2820262524420824,Stress,bridges
78,A,81,63,3,CA1,CA23,0.6196304194847889,Stress,forests
85,A,88,63,3,CA1,CA23,-0.1869635762606298,Stress,bridges
92,A,95,63,3,CA1,CA23,0.1136161704661447,Stress,forests
96,A,99,63,3,CA1,CA23,-0.4386193805361787,Stress,bridges
100,A,103,63,3,CA1,CA23,0.3424021456929821,Stress,forests
116,A,119,63,3,CA1,CA23,-1.0854847917248036,Stress,forests
123,A,126,63,3,CA1,CA23,0.3373386823803455,Stress,parks
143,A,146,63,3,CA1,CA23,-1.080598905130335,Stress,parks
154,A,157,63,3,CA1,CA23,-0.0043043092193887,Stress,forests
163,A,166,63,3,CA1,CA23,0.503494720448996,Stress,parks
170,A,173,63,3,CA1,CA23,0.7409448266864797,Stress,bridges
188,A,191,63,3,CA1,CA23,-0.014985803800926,Stress,bridges
202,A,205,63,3,CA1,CA23,0.9217665450672884,Stress,parks
207,A,210,63,3,CA1,CA23,-0.1312877707869978,Stress,forests
219,A,222,63,3,CA1,CA23,0.3930274600725409,Stress,forests
232,A,235,63,3,CA1,CA23,-2.087082772067799,Stress,parks
13,A,16,63,4,CA1,CA23,-0.1674646354398515,Stress,forests
19,A,22,63,4,CA1,CA23,1.3282532780053533,Stress,parks
28,A,31,63,4,CA1,CA23,-0.8682785683849603,Stress,parks
35,A,38,63,4,CA1,CA23,0.8757555765494763,Stress,parks
51,A,54,63,4,CA1,CA23,0.1826136668752381,Stress,bridges
58,A,61,63,4,CA1,CA23,1.1768118346284755,Stress,forests
72,A,75,63,4,CA1,CA23,0.954869572990525,Stress,bridges
89,A,92,63,4,CA1,CA23,0.2374670436000443,Stress,bridges
101,A,104,63,4,CA1,CA23,-0.7087317647016674,Stress,parks
107,A,110,63,4,CA1,CA23,-0.0009426797703181,Stress,forests
121,A,124,63,4,CA1,CA23,-0.1957151154624791,Stress,bridges
127,A,130,63,4,CA1,CA23,7.979383081052523e-05,Stress,parks
135,A,138,63,4,CA1,CA23,0.1299325073061599,Stress,parks
141,A,144,63,4,CA1,CA23,-0.1317818056918429,Stress,forests
150,A,153,63,4,CA1,CA23,0.1303017639247695,Stress,bridges
161,A,164,63,4,CA1,CA23,0.7070677566015708,Stress,forests
176,A,179,63,4,CA1,CA23,0.0203694775114606,Stress,forests
195,A,198,63,4,CA1,CA23,1.4259511758474053,Stress,bridges
209,A,212,63,4,CA1,CA23,0.0053727626464433,Stress,forests
221,A,224,63,4,CA1,CA23,0.9113109878954376,Stress,parks
232,A,235,63,4,CA1,CA23,0.1134567419689211,Stress,bridges
12,A,15,64,2,CA1,CA23,1.0654412305266296,Control,fields
25,A,28,64,2,CA1,CA23,-0.3332349174978663,Control,fields
50,A,53,64,2,CA1,CA23,-0.2927480385700794,Control,parks
58,A,61,64,2,CA1,CA23,0.7582511899283134,Control,fields
69,A,72,64,2,CA1,CA23,3.0935267372335487,Control,mountains
91,A,94,64,2,CA1,CA23,0.5276948215282787,Control,parks
103,A,106,64,2,CA1,CA23,0.1133951054079205,Control,mountains
112,A,115,64,2,CA1,CA23,-0.1833963973643582,Control,fields
119,A,122,64,2,CA1,CA23,0.2834549381612051,Control,parks
133,A,136,64,2,CA1,CA23,0.0210214193774982,Control,mountains
140,A,143,64,2,CA1,CA23,-1.230700628982604,Control,fields
163,A,166,64,2,CA1,CA23,-0.2273113181173325,Control,mountains
174,A,177,64,2,CA1,CA23,0.2956915469075317,Control,parks
186,A,189,64,2,CA1,CA23,0.5715318166114454,Control,parks
192,A,195,64,2,CA1,CA23,-0.0078712469380926,Control,fields
200,A,203,64,2,CA1,CA23,-0.5076603778033986,Control,parks
205,A,208,64,2,CA1,CA23,0.0701597725462583,Control,mountains
212,A,215,64,2,CA1,CA23,-0.4753822600615425,Control,fields
222,A,225,64,2,CA1,CA23,0.2483695504412323,Control,mountains
229,A,232,64,2,CA1,CA23,0.2647384226804422,Control,mountains
233,A,236,64,2,CA1,CA23,1.069541504567844,Control,parks
20,A,23,64,3,CA1,CA23,-0.996444570559738,Control,mountains
28,A,31,64,3,CA1,CA23,1.5825479711098946,Control,parks
40,A,43,64,3,CA1,CA23,1.8583167385695556,Control,parks
45,A,48,64,3,CA1,CA23,1.1140821630250908,Control,fields
51,A,54,64,3,CA1,CA23,0.8191931035289293,Control,fields
68,A,71,64,3,CA1,CA23,0.6748442817138005,Control,mountains
80,A,83,64,3,CA1,CA23,-1.772821467270668,Control,mountains
92,A,95,64,3,CA1,CA23,-1.339984218895472,Control,parks
118,A,121,64,3,CA1,CA23,1.453665064922543,Control,parks
127,A,130,64,3,CA1,CA23,0.0130935215974744,Control,fields
137,A,140,64,3,CA1,CA23,-0.5555809744269459,Control,mountains
146,A,149,64,3,CA1,CA23,-0.4234593062843394,Control,mountains
151,A,154,64,3,CA1,CA23,0.4961564750922534,Control,fields
158,A,161,64,3,CA1,CA23,1.2779018037620054,Control,mountains
165,A,168,64,3,CA1,CA23,0.3362368837246594,Control,fields
173,A,176,64,3,CA1,CA23,0.724211443339439,Control,parks
187,A,190,64,3,CA1,CA23,-0.085961250766071,Control,fields
199,A,202,64,3,CA1,CA23,1.1854172638606546,Control,fields
206,A,209,64,3,CA1,CA23,1.6527762467021356,Control,parks
219,A,222,64,3,CA1,CA23,1.7790459275025796,Control,mountains
235,A,238,64,3,CA1,CA23,-0.5471610502465474,Control,parks
7,A,10,64,4,CA1,CA23,3.718054280393876,Control,mountains
26,A,29,64,4,CA1,CA23,0.1337496020072967,Control,fields
32,A,35,64,4,CA1,CA23,-0.1314447724708965,Control,parks
46,A,49,64,4,CA1,CA23,-0.3457444587246298,Control,fields
53,A,56,64,4,CA1,CA23,0.1543308209336481,Control,mountains
67,A,70,64,4,CA1,CA23,0.7326105820374037,Control,parks
74,A,77,64,4,CA1,CA23,1.0658185447413078,Control,fields
88,A,91,64,4,CA1,CA23,-0.2173353650350488,Control,fields
96,A,99,64,4,CA1,CA23,1.2065605899696388,Control,parks
102,A,105,64,4,CA1,CA23,-1.639896872948747,Control,mountains
119,A,122,64,4,CA1,CA23,-0.6620913970159338,Control,mountains
131,A,134,64,4,CA1,CA23,1.2139232162515126,Control,mountains
139,A,142,64,4,CA1,CA23,0.7676518091984886,Control,fields
154,A,157,64,4,CA1,CA23,1.8394924303542115,Control,fields
160,A,163,64,4,CA1,CA23,-0.3596470835751008,Control,parks
183,A,186,64,4,CA1,CA23,0.9686615281669914,Control,parks
196,A,199,64,4,CA1,CA23,0.2640234941488151,Control,mountains
202,A,205,64,4,CA1,CA23,-1.0826637239160537,Control,parks
211,A,214,64,4,CA1,CA23,0.2082401866467037,Control,mountains
221,A,224,64,4,CA1,CA23,0.79786214100891,Control,parks
230,A,233,64,4,CA1,CA23,0.1114797706806863,Control,fields
5,A,8,65,2,CA1,CA23,-0.7236922361330469,Stress,canyons
12,A,15,65,2,CA1,CA23,0.3857337028207021,Stress,bridges
17,A,20,65,2,CA1,CA23,1.7731388250833924,Stress,deserts
30,A,33,65,2,CA1,CA23,-0.0129757949751131,Stress,canyons
35,A,38,65,2,CA1,CA23,-0.080768429194682,Stress,deserts
43,A,46,65,2,CA1,CA23,0.6635123850986663,Stress,bridges
61,A,64,65,2,CA1,CA23,-0.2080525956383097,Stress,bridges
80,A,83,65,2,CA1,CA23,0.0622649582855754,Stress,bridges
89,A,92,65,2,CA1,CA23,-0.08634185193317,Stress,canyons
100,A,103,65,2,CA1,CA23,0.402671019653701,Stress,bridges
110,A,113,65,2,CA1,CA23,-0.9340445225249774,Stress,canyons
120,A,123,65,2,CA1,CA23,-0.6736349300883032,Stress,deserts
134,A,137,65,2,CA1,CA23,-0.4045028354115019,Stress,bridges
144,A,147,65,2,CA1,CA23,-0.5591965014193873,Stress,deserts
149,A,152,65,2,CA1,CA23,0.485958552970254,Stress,bridges
169,A,172,65,2,CA1,CA23,2.3093327939044195,Stress,canyons
179,A,182,65,2,CA1,CA23,0.0127581087029561,Stress,deserts
191,A,194,65,2,CA1,CA23,-0.5181023419307722,Stress,deserts
211,A,214,65,2,CA1,CA23,-0.3023948972515372,Stress,canyons
225,A,228,65,2,CA1,CA23,-0.0252964105987646,Stress,deserts
230,A,233,65,2,CA1,CA23,-0.131314514477501,Stress,canyons
10,A,13,65,3,CA1,CA23,-0.0041843935570751,Stress,bridges
20,A,23,65,3,CA1,CA23,-1.795849106721878,Stress,bridges
30,A,33,65,3,CA1,CA23,0.0909101305862196,Stress,canyons
36,A,39,65,3,CA1,CA23,0.959115725589434,Stress,deserts
41,A,44,65,3,CA1,CA23,1.2704718026625157,Stress,canyons
49,A,52,65,3,CA1,CA23,0.0997907231656637,Stress,deserts
54,A,57,65,3,CA1,CA23,-0.1584659403608323,Stress,canyons
62,A,65,65,3,CA1,CA23,1.2317691073585064,Stress,canyons
67,A,70,65,3,CA1,CA23,-0.3811497091599544,Stress,deserts
73,A,76,65,3,CA1,CA23,0.5428647071206568,Stress,bridges
81,A,84,65,3,CA1,CA23,1.282134669172078,Stress,deserts
105,A,108,65,3,CA1,CA23,0.0383028584067701,Stress,canyons
118,A,121,65,3,CA1,CA23,0.6425342193131931,Stress,canyons
131,A,134,65,3,CA1,CA23,-0.0962313147297392,Stress,canyons
139,A,142,65,3,CA1,CA23,-0.3022277463099119,Stress,deserts
147,A,150,65,3,CA1,CA23,-0.218330187646624,Stress,bridges
162,A,165,65,3,CA1,CA23,-0.0052246636137156,Stress,bridges
171,A,174,65,3,CA1,CA23,-0.5959707718889673,Stress,bridges
181,A,184,65,3,CA1,CA23,0.4551917033220531,Stress,deserts
216,A,219,65,3,CA1,CA23,-0.1731700386909222,Stress,bridges
225,A,228,65,3,CA1,CA23,-0.0111729814846744,Stress,deserts
14,A,17,65,4,CA1,CA23,-0.0050551779630364,Stress,canyons
25,A,28,65,4,CA1,CA23,-1.2096763230326368,Stress,deserts
41,A,44,65,4,CA1,CA23,0.1115335684174486,Stress,bridges
55,A,58,65,4,CA1,CA23,-0.0291377336630982,Stress,deserts
66,A,69,65,4,CA1,CA23,0.7283539899383678,Stress,deserts
74,A,77,65,4,CA1,CA23,-1.178356779700261,Stress,bridges
81,A,84,65,4,CA1,CA23,0.1078108409760914,Stress,bridges
95,A,98,65,4,CA1,CA23,0.0031339175944364,Stress,canyons
99,A,102,65,4,CA1,CA23,0.8791371496702752,Stress,deserts
110,A,113,65,4,CA1,CA23,0.2347004891558939,Stress,bridges
116,A,119,65,4,CA1,CA23,-1.0199522407591035,Stress,deserts
129,A,132,65,4,CA1,CA23,1.3126392299686631,Stress,deserts
139,A,142,65,4,CA1,CA23,0.0209758339948798,Stress,canyons
146,A,149,65,4,CA1,CA23,-0.6570655439760879,Stress,canyons
182,A,185,65,4,CA1,CA23,-0.0103617765940835,Stress,canyons
194,A,197,65,4,CA1,CA23,0.2392454053173857,Stress,bridges
201,A,204,65,4,CA1,CA23,1.6279926382420948,Stress,deserts
207,A,210,65,4,CA1,CA23,0.5793035650623609,Stress,bridges
216,A,219,65,4,CA1,CA23,0.0001750239714127,Stress,canyons
221,A,224,65,4,CA1,CA23,0.1667301685211585,Stress,bridges
232,A,235,65,4,CA1,CA23,-0.0700777801404626,Stress,canyons
17,A,20,66,2,CA1,CA23,-0.4653970113238745,Stress,lakes
34,A,37,66,2,CA1,CA23,0.0195040793002838,Stress,forests
43,A,46,66,2,CA1,CA23,0.1270979962152854,Stress,forests
49,A,52,66,2,CA1,CA23,-0.0293006216078978,Stress,lakes
56,A,59,66,2,CA1,CA23,-0.40061176117961,Stress,bridges
74,A,77,66,2,CA1,CA23,-0.0882238934274589,Stress,forests
82,A,85,66,2,CA1,CA23,0.0615812115886519,Stress,forests
90,A,93,66,2,CA1,CA23,-0.130308210146592,Stress,lakes
103,A,106,66,2,CA1,CA23,1.5830638868484783,Stress,bridges
113,A,116,66,2,CA1,CA23,0.8861667451660981,Stress,lakes
117,A,120,66,2,CA1,CA23,0.7181653537977352,Stress,bridges
124,A,127,66,2,CA1,CA23,0.5585489949631509,Stress,lakes
136,A,139,66,2,CA1,CA23,0.6206307833590597,Stress,bridges
148,A,151,66,2,CA1,CA23,0.135025988601625,Stress,lakes
154,A,157,66,2,CA1,CA23,-0.0110217085332588,Stress,bridges
162,A,165,66,2,CA1,CA23,-0.2395842370284032,Stress,forests
176,A,179,66,2,CA1,CA23,0.1991331548096006,Stress,forests
189,A,192,66,2,CA1,CA23,0.0868452208802385,Stress,bridges
199,A,202,66,2,CA1,CA23,0.8641015092160004,Stress,bridges
210,A,213,66,2,CA1,CA23,2.3439805786598047,Stress,forests
217,A,220,66,2,CA1,CA23,-0.7765223553865799,Stress,lakes
9,A,12,66,3,CA1,CA23,3.5696995672203777,Stress,forests
16,A,19,66,3,CA1,CA23,0.2168314162215634,Stress,lakes
28,A,31,66,3,CA1,CA23,-0.2778676260325063,Stress,forests
43,A,46,66,3,CA1,CA23,-0.639964542063918,Stress,bridges
52,A,55,66,3,CA1,CA23,0.1181883870877597,Stress,lakes
64,A,67,66,3,CA1,CA23,0.0021367157970009,Stress,lakes
69,A,72,66,3,CA1,CA23,0.6552211623924331,Stress,bridges
93,A,96,66,3,CA1,CA23,0.0918469996984832,Stress,lakes
99,A,102,66,3,CA1,CA23,-0.2150091985514644,Stress,bridges
105,A,108,66,3,CA1,CA23,0.7354160759944302,Stress,forests
113,A,116,66,3,CA1,CA23,-0.2212192824448101,Stress,bridges
129,A,132,66,3,CA1,CA23,1.0725808206616865,Stress,forests
137,A,140,66,3,CA1,CA23,-0.2395458112416112,Stress,bridges
144,A,147,66,3,CA1,CA23,0.5540129659871713,Stress,lakes
150,A,153,66,3,CA1,CA23,-0.8846457463339333,Stress,forests
176,A,179,66,3,CA1,CA23,-0.0227720620501785,Stress,lakes
189,A,192,66,3,CA1,CA23,-0.4223775059076448,Stress,forests
196,A,199,66,3,CA1,CA23,0.5172736120442383,Stress,forests
203,A,206,66,3,CA1,CA23,0.5018081506021521,Stress,lakes
225,A,228,66,3,CA1,CA23,0.0141253512405396,Stress,bridges
233,A,236,66,3,CA1,CA23,0.8631172417790121,Stress,bridges
5,A,8,66,4,CA1,CA23,-1.0901080207106044,Stress,lakes
40,A,43,66,4,CA1,CA23,-2.387099687382176,Stress,lakes
47,A,50,66,4,CA1,CA23,-0.0654443103818398,Stress,bridges
58,A,61,66,4,CA1,CA23,0.3154705933333844,Stress,lakes
64,A,67,66,4,CA1,CA23,0.7512709596529017,Stress,forests
69,A,72,66,4,CA1,CA23,-0.0661744013865571,Stress,lakes
74,A,77,66,4,CA1,CA23,3.2943303849771963,Stress,bridges
103,A,106,66,4,CA1,CA23,-0.2797297753882884,Stress,bridges
118,A,121,66,4,CA1,CA23,0.3148391143461001,Stress,bridges
131,A,134,66,4,CA1,CA23,0.0040894605919837,Stress,bridges
138,A,141,66,4,CA1,CA23,0.986633658800137,Stress,forests
154,A,157,66,4,CA1,CA23,1.2716095176218265,Stress,bridges
162,A,165,66,4,CA1,CA23,0.3251557601431312,Stress,lakes
168,A,171,66,4,CA1,CA23,0.582369719998817,Stress,forests
181,A,184,66,4,CA1,CA23,-0.5758714899760081,Stress,lakes
191,A,194,66,4,CA1,CA23,-0.0195766100933562,Stress,forests
198,A,201,66,4,CA1,CA23,0.4988093630020863,Stress,bridges
203,A,206,66,4,CA1,CA23,-1.7098919684204004,Stress,forests
214,A,217,66,4,CA1,CA23,0.0365160070917162,Stress,forests
218,A,221,66,4,CA1,CA23,0.268784339907222,Stress,lakes
230,A,233,66,4,CA1,CA23,0.1150131941181711,Stress,forests
5,A,8,68,2,CA1,CA23,0.6372582337196007,Stress,lighthouses
10,A,13,68,2,CA1,CA23,0.006497767218433,Stress,marshes
30,A,33,68,2,CA1,CA23,0.1910803305310363,Stress,lighthouses
38,A,41,68,2,CA1,CA23,-0.1144367007093979,Stress,waterfalls
55,A,58,68,2,CA1,CA23,-0.3892655211824043,Stress,marshes
60,A,63,68,2,CA1,CA23,-0.9338535757877514,Stress,waterfalls
72,A,75,68,2,CA1,CA23,-0.0262344054909093,Stress,lighthouses
78,A,81,68,2,CA1,CA23,1.9029553317527532,Stress,waterfalls
92,A,95,68,2,CA1,CA23,0.6224633868050685,Stress,lighthouses
98,A,101,68,2,CA1,CA23,0.110256510372053,Stress,waterfalls
114,A,117,68,2,CA1,CA23,0.8270733452185937,Stress,marshes
122,A,125,68,2,CA1,CA23,0.2065729665906914,Stress,waterfalls
128,A,131,68,2,CA1,CA23,0.0589181461698878,Stress,lighthouses
151,A,154,68,2,CA1,CA23,-0.34981871527655,Stress,lighthouses
167,A,170,68,2,CA1,CA23,0.1331634747832935,Stress,marshes
176,A,179,68,2,CA1,CA23,0.0093200676495745,Stress,marshes
192,A,195,68,2,CA1,CA23,-1.5430012065987782,Stress,waterfalls
206,A,209,68,2,CA1,CA23,0.0050191296148716,Stress,marshes
212,A,215,68,2,CA1,CA23,0.0932192968920584,Stress,waterfalls
225,A,228,68,2,CA1,CA23,-0.1046350179962233,Stress,marshes
235,A,238,68,2,CA1,CA23,-0.0815547443135958,Stress,lighthouses
9,A,12,68,3,CA1,CA23,0.0182013705970849,Stress,lighthouses
21,A,24,68,3,CA1,CA23,-0.049411505590838,Stress,lighthouses
30,A,33,68,3,CA1,CA23,1.384005853066979,Stress,waterfalls
45,A,48,68,3,CA1,CA23,0.1954133809527986,Stress,marshes
64,A,67,68,3,CA1,CA23,-2.386889634370641,Stress,lighthouses
86,A,89,68,3,CA1,CA23,-0.0686529732424125,Stress,waterfalls
96,A,99,68,3,CA1,CA23,0.066030523611368,Stress,marshes
106,A,109,68,3,CA1,CA23,1.281981697763216,Stress,marshes
130,A,133,68,3,CA1,CA23,0.2356312835881553,Stress,marshes
149,A,152,68,3,CA1,CA23,0.0568098782527937,Stress,waterfalls
165,A,168,68,3,CA1,CA23,1.2848166677239778,Stress,waterfalls
174,A,177,68,3,CA1,CA23,-0.2736568410936325,Stress,marshes
182,A,185,68,3,CA1,CA23,-0.2432542972491634,Stress,lighthouses
187,A,190,68,3,CA1,CA23,0.2162593911577521,Stress,marshes
193,A,196,68,3,CA1,CA23,0.3257660765770767,Stress,waterfalls
199,A,202,68,3,CA1,CA23,-0.1677969391421648,Stress,lighthouses
204,A,207,68,3,CA1,CA23,-0.1161077895151933,Stress,waterfalls
210,A,213,68,3,CA1,CA23,0.7614633513375154,Stress,lighthouses
223,A,226,68,3,CA1,CA23,-0.1964519693700768,Stress,lighthouses
234,A,237,68,3,CA1,CA23,-0.2562132997981896,Stress,waterfalls
16,A,19,68,4,CA1,CA23,-0.2433831763230333,Stress,waterfalls
31,A,34,68,4,CA1,CA23,1.0415833728649464,Stress,lighthouses
41,A,44,68,4,CA1,CA23,0.0173045959616814,Stress,waterfalls
53,A,56,68,4,CA1,CA23,2.292764241539176,Stress,waterfalls
60,A,63,68,4,CA1,CA23,1.7065971142010063,Stress,marshes
68,A,71,68,4,CA1,CA23,0.0031175729992231,Stress,lighthouses
78,A,81,68,4,CA1,CA23,0.1120593426843631,Stress,waterfalls
88,A,91,68,4,CA1,CA23,0.6733820408948661,Stress,lighthouses
97,A,100,68,4,CA1,CA23,1.200776696509174,Stress,lighthouses
103,A,106,68,4,CA1,CA23,2.1483895977408065,Stress,waterfalls
109,A,112,68,4,CA1,CA23,-0.1682016572379916,Stress,marshes
118,A,121,68,4,CA1,CA23,-0.2285015574895873,Stress,marshes
131,A,134,68,4,CA1,CA23,-0.5739045764519493,Stress,marshes
138,A,141,68,4,CA1,CA23,0.0022234042925224,Stress,lighthouses
153,A,156,68,4,CA1,CA23,-0.3453657590230445,Stress,marshes
161,A,164,68,4,CA1,CA23,-0.1039920892694216,Stress,marshes
196,A,199,68,4,CA1,CA23,0.3922675649956117,Stress,waterfalls
227,A,230,68,4,CA1,CA23,0.1718453404011475,Stress,marshes
234,A,237,68,4,CA1,CA23,-1.343093703107383,Stress,waterfalls
8,A,11,69,2,CA1,CA23,0.0022264230761236,Control,fields
15,A,18,69,2,CA1,CA23,0.0235361252992551,Control,waterfalls
37,A,40,69,2,CA1,CA23,0.0345132802320287,Control,waterfalls
43,A,46,69,2,CA1,CA23,1.210103367069124,Control,lakes
52,A,55,69,2,CA1,CA23,-1.132178375653739,Control,fields
60,A,63,69,2,CA1,CA23,0.0500473382871383,Control,fields
66,A,69,69,2,CA1,CA23,-0.1082593733883891,Control,lakes
83,A,86,69,2,CA1,CA23,-0.3109914174421403,Control,lakes
90,A,93,69,2,CA1,CA23,0.3513220970742446,Control,fields
96,A,99,69,2,CA1,CA23,0.948669480868684,Control,waterfalls
109,A,112,69,2,CA1,CA23,0.0012507198016765,Control,waterfalls
114,A,117,69,2,CA1,CA23,-0.7995483517371226,Control,fields
130,A,133,69,2,CA1,CA23,-0.313277072123623,Control,lakes
139,A,142,69,2,CA1,CA23,0.7158323155026612,Control,lakes
145,A,148,69,2,CA1,CA23,-0.1736768878801878,Control,waterfalls
174,A,177,69,2,CA1,CA23,-0.5150244409260951,Control,fields
186,A,189,69,2,CA1,CA23,0.0206406158661912,Control,waterfalls
194,A,197,69,2,CA1,CA23,-0.3770166157670463,Control,waterfalls
207,A,210,69,2,CA1,CA23,0.068227739066565,Control,lakes
223,A,226,69,2,CA1,CA23,-0.448525525567035,Control,lakes
234,A,237,69,2,CA1,CA23,1.2906275513040582,Control,fields
8,A,11,69,3,CA1,CA23,-1.7666771254639784,Control,waterfalls
17,A,20,69,3,CA1,CA23,-0.7294152225887035,Control,waterfalls
27,A,30,69,3,CA1,CA23,0.0574732554559321,Control,waterfalls
37,A,40,69,3,CA1,CA23,0.2893531790325865,Control,fields
47,A,50,69,3,CA1,CA23,0.9002382782522471,Control,waterfalls
54,A,57,69,3,CA1,CA23,0.1481587490742225,Control,lakes
62,A,65,69,3,CA1,CA23,-0.1080953862844617,Control,waterfalls
80,A,83,69,3,CA1,CA23,-0.0616808936476025,Control,lakes
90,A,93,69,3,CA1,CA23,3.1596667477285725,Control,fields
100,A,103,69,3,CA1,CA23,1.0172731379894069,Control,fields
129,A,132,69,3,CA1,CA23,-0.001244039246985,Control,lakes
141,A,144,69,3,CA1,CA23,6.3365431734396696,Control,fields
148,A,151,69,3,CA1,CA23,-0.099804717413774,Control,lakes
156,A,159,69,3,CA1,CA23,0.2056836739374537,Control,fields
169,A,172,69,3,CA1,CA23,0.2663028808574572,Control,lakes
177,A,180,69,3,CA1,CA23,0.639397303664615,Control,waterfalls
186,A,189,69,3,CA1,CA23,0.17959978899495,Control,fields
192,A,195,69,3,CA1,CA23,-0.2159650145216388,Control,waterfalls
201,A,204,69,3,CA1,CA23,0.2657944663264465,Control,lakes
219,A,222,69,3,CA1,CA23,-0.1807435194232691,Control,lakes
234,A,237,69,3,CA1,CA23,0.1912774612458663,Control,fields
18,A,21,69,4,CA1,CA23,0.0260939675920246,Control,fields
29,A,32,69,4,CA1,CA23,0.2942642177999314,Control,waterfalls
35,A,38,69,4,CA1,CA23,0.3734123921334961,Control,lakes
44,A,47,69,4,CA1,CA23,0.9848309605508409,Control,waterfalls
51,A,54,69,4,CA1,CA23,0.4463896727814869,Control,lakes
57,A,60,69,4,CA1,CA23,0.0053291591006522,Control,waterfalls
63,A,66,69,4,CA1,CA23,-0.0984486951866449,Control,fields
69,A,72,69,4,CA1,CA23,-1.1388438524225326,Control,lakes
86,A,89,69,4,CA1,CA23,0.076410950478848,Control,waterfalls
99,A,102,69,4,CA1,CA23,0.1578640852896814,Control,waterfalls
106,A,109,69,4,CA1,CA23,2.9108318805077813,Control,fields
111,A,114,69,4,CA1,CA23,-0.9034384074205052,Control,waterfalls
126,A,129,69,4,CA1,CA23,-0.2643749117929832,Control,lakes
135,A,138,69,4,CA1,CA23,0.8561434337948846,Control,lakes
149,A,152,69,4,CA1,CA23,1.8603351526090424,Control,lakes
155,A,158,69,4,CA1,CA23,-0.3704270889085561,Control,fields
180,A,183,69,4,CA1,CA23,-0.4154972489352886,Control,lakes
200,A,203,69,4,CA1,CA23,0.1637955599734039,Control,fields
205,A,208,69,4,CA1,CA23,-0.3147055845155053,Control,waterfalls
224,A,227,69,4,CA1,CA23,0.2891406792538642,Control,fields
232,A,235,69,4,CA1,CA23,1.80549659053582,Control,fields
5,A,8,71,2,CA1,CA23,2.703563154075749,Control,marshes
35,A,38,71,2,CA1,CA23,-1.0878230865333416,Control,deserts
46,A,49,71,2,CA1,CA23,-1.574079484489252,Control,deserts
51,A,54,71,2,CA1,CA23,-2.83455992355529,Control,beaches
58,A,61,71,2,CA1,CA23,0.3435838695650788,Control,marshes
69,A,72,71,2,CA1,CA23,-0.1751775782371765,Control,deserts
77,A,80,71,2,CA1,CA23,-0.0211977288619228,Control,marshes
86,A,89,71,2,CA1,CA23,-0.3381602167911717,Control,marshes
98,A,101,71,2,CA1,CA23,0.0097693979050841,Control,deserts
106,A,109,71,2,CA1,CA23,-0.2820532796182857,Control,beaches
122,A,125,71,2,CA1,CA23,-0.0006527707200386,Control,marshes
126,A,129,71,2,CA1,CA23,-0.1034670295003818,Control,deserts
144,A,147,71,2,CA1,CA23,-1.9438332804477831,Control,marshes
152,A,155,71,2,CA1,CA23,0.8053958814494238,Control,beaches
167,A,170,71,2,CA1,CA23,-0.3691148358798997,Control,deserts
179,A,182,71,2,CA1,CA23,0.9159494327854464,Control,beaches
190,A,193,71,2,CA1,CA23,0.5848230695469622,Control,marshes
197,A,200,71,2,CA1,CA23,-1.8322443829835143e-05,Control,beaches
206,A,209,71,2,CA1,CA23,-0.2707881570563007,Control,deserts
223,A,226,71,2,CA1,CA23,0.5652621833182431,Control,beaches
233,A,236,71,2,CA1,CA23,0.2032998922509331,Control,beaches
39,A,42,71,3,CA1,CA23,-0.0298737334610834,Control,beaches
45,A,48,71,3,CA1,CA23,0.3487474826104096,Control,marshes
52,A,55,71,3,CA1,CA23,0.0620133183069584,Control,deserts
61,A,64,71,3,CA1,CA23,1.5186479076761492,Control,deserts
65,A,68,71,3,CA1,CA23,-0.6191545345780112,Control,marshes
69,A,72,71,3,CA1,CA23,0.0070903807837587,Control,deserts
83,A,86,71,3,CA1,CA23,0.0007267812594161,Control,deserts
110,A,113,71,3,CA1,CA23,0.0979003431888039,Control,beaches
125,A,128,71,3,CA1,CA23,-0.1796891176950425,Control,beaches
136,A,139,71,3,CA1,CA23,0.1018457606861077,Control,marshes
151,A,154,71,3,CA1,CA23,-0.6503169051669437,Control,beaches
162,A,165,71,3,CA1,CA23,-0.2233727063827295,Control,beaches
166,A,169,71,3,CA1,CA23,0.861623725263819,Control,deserts
172,A,175,71,3,CA1,CA23,4.070984745433402,Control,marshes
180,A,183,71,3,CA1,CA23,0.0009496564364753,Control,beaches
189,A,192,71,3,CA1,CA23,-0.0245483203432216,Control,deserts
197,A,200,71,3,CA1,CA23,0.0012890282499821,Control,marshes
209,A,212,71,3,CA1,CA23,2.679104496992736,Control,deserts
214,A,217,71,3,CA1,CA23,0.1759587021896178,Control,marshes
221,A,224,71,3,CA1,CA23,1.3117597217230397,Control,beaches
237,A,240,71,3,CA1,CA23,0.7711662952341699,Control,marshes
9,A,12,71,4,CA1,CA23,0.0045496565326172,Control,marshes
27,A,30,71,4,CA1,CA23,0.2404381779369339,Control,beaches
33,A,36,71,4,CA1,CA23,0.0761323213113851,Control,marshes
45,A,48,71,4,CA1,CA23,0.3267576312174272,Control,beaches
52,A,55,71,4,CA1,CA23,1.0373789036355887,Control,beaches
56,A,59,71,4,CA1,CA23,0.6295167872716997,Control,marshes
85,A,88,71,4,CA1,CA23,0.3100232196730423,Control,marshes
96,A,99,71,4,CA1,CA23,5.241085424575395,Control,beaches
102,A,105,71,4,CA1,CA23,3.8397536636749634,Control,deserts
114,A,117,71,4,CA1,CA23,0.0468040338896013,Control,beaches
132,A,135,71,4,CA1,CA23,-0.0004593450439588,Control,beaches
145,A,148,71,4,CA1,CA23,0.0568438777396236,Control,marshes
151,A,154,71,4,CA1,CA23,0.1784868798138702,Control,marshes
158,A,161,71,4,CA1,CA23,-0.096907730779751,Control,deserts
167,A,170,71,4,CA1,CA23,-0.5624340539228917,Control,deserts
179,A,182,71,4,CA1,CA23,-0.0125036286173053,Control,deserts
194,A,197,71,4,CA1,CA23,-0.0040410154250007,Control,deserts
199,A,202,71,4,CA1,CA23,1.1616866505525485,Control,beaches
206,A,209,71,4,CA1,CA23,0.0107903688213617,Control,marshes
215,A,218,71,4,CA1,CA23,2.740714445959536,Control,deserts
222,A,225,71,4,CA1,CA23,1.8214470360821444,Control,deserts
5,A,8,72,2,CA1,CA23,0.1155182892144267,Stress,waterfalls
12,A,15,72,2,CA1,CA23,0.0387206918806049,Stress,waterfalls
52,A,55,72,2,CA1,CA23,-0.3335728282859167,Stress,waterfalls
58,A,61,72,2,CA1,CA23,1.310979650629217,Stress,beaches
89,A,92,72,2,CA1,CA23,1.414128925732673,Stress,forests
94,A,97,72,2,CA1,CA23,-1.146685067834052,Stress,beaches
103,A,106,72,2,CA1,CA23,-0.0127246709584052,Stress,forests
115,A,118,72,2,CA1,CA23,-1.3810260087646375,Stress,forests
125,A,128,72,2,CA1,CA23,-0.0334274736324632,Stress,forests
134,A,137,72,2,CA1,CA23,-0.5959052729829157,Stress,forests
143,A,146,72,2,CA1,CA23,-0.1113786391096671,Stress,beaches
150,A,153,72,2,CA1,CA23,-0.0111039152001019,Stress,beaches
155,A,158,72,2,CA1,CA23,-0.0020986212391823,Stress,waterfalls
162,A,165,72,2,CA1,CA23,0.904049361782814,Stress,beaches
184,A,187,72,2,CA1,CA23,0.0543956100712301,Stress,forests
188,A,191,72,2,CA1,CA23,0.0659350081886121,Stress,waterfalls
202,A,205,72,2,CA1,CA23,-0.4252872025464941,Stress,waterfalls
206,A,209,72,2,CA1,CA23,0.1499654704952498,Stress,forests
217,A,220,72,2,CA1,CA23,0.0246004631125747,Stress,waterfalls
224,A,227,72,2,CA1,CA23,-0.426737902461164,Stress,beaches
231,A,234,72,2,CA1,CA23,0.1036660582501808,Stress,beaches
13,A,16,72,3,CA1,CA23,0.0172687228506633,Stress,forests
23,A,26,72,3,CA1,CA23,-1.360775996103882,Stress,forests
35,A,38,72,3,CA1,CA23,0.0374965195527652,Stress,forests
43,A,46,72,3,CA1,CA23,-0.1503137647882869,Stress,waterfalls
48,A,51,72,3,CA1,CA23,2.562048410685646,Stress,beaches
57,A,60,72,3,CA1,CA23,3.651197732180748,Stress,waterfalls
63,A,66,72,3,CA1,CA23,0.7992761332033612,Stress,beaches
68,A,71,72,3,CA1,CA23,3.5270882493226763,Stress,forests
83,A,86,72,3,CA1,CA23,1.011359340224642,Stress,waterfalls
92,A,95,72,3,CA1,CA23,0.1519211227949481,Stress,beaches
98,A,101,72,3,CA1,CA23,-0.1339595983817732,Stress,waterfalls
106,A,109,72,3,CA1,CA23,0.2364426358605673,Stress,waterfalls
126,A,129,72,3,CA1,CA23,-2.033912470507934,Stress,forests
133,A,136,72,3,CA1,CA23,0.0179494017494801,Stress,beaches
171,A,174,72,3,CA1,CA23,-0.7284074571999469,Stress,forests
181,A,184,72,3,CA1,CA23,0.0945083464796474,Stress,beaches
199,A,202,72,3,CA1,CA23,0.8017965568173125,Stress,beaches
205,A,208,72,3,CA1,CA23,0.0385790214552452,Stress,beaches
221,A,224,72,3,CA1,CA23,-0.3787154565667864,Stress,forests
227,A,230,72,3,CA1,CA23,0.163838024153135,Stress,waterfalls
238,A,241,72,3,CA1,CA23,-0.2443658382270922,Stress,waterfalls
19,A,22,72,4,CA1,CA23,0.0714198805713123,Stress,beaches
26,A,29,72,4,CA1,CA23,1.8431649863944548,Stress,waterfalls
36,A,39,72,4,CA1,CA23,0.6191079573583037,Stress,waterfalls
48,A,51,72,4,CA1,CA23,-0.0943935830720156,Stress,waterfalls
53,A,56,72,4,CA1,CA23,1.4460231055921733,Stress,beaches
60,A,63,72,4,CA1,CA23,0.0874129459508131,Stress,beaches
67,A,70,72,4,CA1,CA23,0.5726036317341396,Stress,forests
77,A,80,72,4,CA1,CA23,0.3246496950111542,Stress,forests
88,A,91,72,4,CA1,CA23,-0.2508067438889154,Stress,waterfalls
94,A,97,72,4,CA1,CA23,-0.0051403027408651,Stress,forests
108,A,111,72,4,CA1,CA23,0.8170240421907179,Stress,beaches
119,A,122,72,4,CA1,CA23,0.895424337256476,Stress,forests
146,A,149,72,4,CA1,CA23,0.0307871538166051,Stress,forests
155,A,158,72,4,CA1,CA23,0.4618262633618984,Stress,beaches
168,A,171,72,4,CA1,CA23,-0.1540163474219102,Stress,waterfalls
186,A,189,72,4,CA1,CA23,0.2014399467921623,Stress,beaches
192,A,195,72,4,CA1,CA23,0.8650077991269141,Stress,waterfalls
204,A,207,72,4,CA1,CA23,4.38041243495204,Stress,waterfalls
211,A,214,72,4,CA1,CA23,1.8435928251473213,Stress,forests
233,A,236,72,4,CA1,CA23,-0.0331339359580535,Stress,forests
5,A,8,73,2,CA1,CA23,-0.0521398089064646,Control,canyons
9,A,12,73,2,CA1,CA23,-0.5875550617399645,Control,marshes
15,A,18,73,2,CA1,CA23,-0.62346838532354,Control,canyons
22,A,25,73,2,CA1,CA23,1.065016018211703,Control,parks
42,A,45,73,2,CA1,CA23,0.1247636003039805,Control,parks
49,A,52,73,2,CA1,CA23,0.1417791208931571,Control,parks
58,A,61,73,2,CA1,CA23,-0.2776275958902307,Control,marshes
69,A,72,73,2,CA1,CA23,-1.2569210977411365,Control,marshes
80,A,83,73,2,CA1,CA23,0.6572721714102404,Control,parks
89,A,92,73,2,CA1,CA23,0.0574888460758685,Control,canyons
109,A,112,73,2,CA1,CA23,-0.0436203363408569,Control,marshes
123,A,126,73,2,CA1,CA23,0.345089272220503,Control,canyons
131,A,134,73,2,CA1,CA23,-0.6273692637473709,Control,marshes
136,A,139,73,2,CA1,CA23,-0.2505191979448394,Control,canyons
159,A,162,73,2,CA1,CA23,2.3854153787550536,Control,parks
170,A,173,73,2,CA1,CA23,-0.0756440800389355,Control,canyons
191,A,194,73,2,CA1,CA23,0.0484242509054207,Control,marshes
203,A,206,73,2,CA1,CA23,-0.0143442518292362,Control,parks
222,A,225,73,2,CA1,CA23,0.0324616920959081,Control,marshes
228,A,231,73,2,CA1,CA23,-0.9477542097755852,Control,canyons
235,A,238,73,2,CA1,CA23,-0.0726981725516486,Control,parks
11,A,14,73,3,CA1,CA23,1.426688609253244,Control,marshes
21,A,24,73,3,CA1,CA23,-0.2808750705800418,Control,parks
33,A,36,73,3,CA1,CA23,0.1466654705532938,Control,marshes
43,A,46,73,3,CA1,CA23,0.2807777193494325,Control,marshes
47,A,50,73,3,CA1,CA23,-0.5333800069980743,Control,canyons
54,A,57,73,3,CA1,CA23,0.2973619184710561,Control,marshes
61,A,64,73,3,CA1,CA23,0.3432063192356284,Control,parks
79,A,82,73,3,CA1,CA23,-0.323938132653582,Control,canyons
86,A,89,73,3,CA1,CA23,0.0560466392465935,Control,parks
90,A,93,73,3,CA1,CA23,-0.7928922365758485,Control,canyons
106,A,109,73,3,CA1,CA23,-0.5942321333201129,Control,canyons
113,A,116,73,3,CA1,CA23,0.2295988808029252,Control,marshes
126,A,129,73,3,CA1,CA23,-0.0968812156494943,Control,parks
137,A,140,73,3,CA1,CA23,0.8679544448610065,Control,parks
158,A,161,73,3,CA1,CA23,0.0815310967534329,Control,canyons
172,A,175,73,3,CA1,CA23,-0.2313419149387911,Control,canyons
180,A,183,73,3,CA1,CA23,-0.1777646562960502,Control,marshes
192,A,195,73,3,CA1,CA23,-0.0666419604679477,Control,canyons
216,A,219,73,3,CA1,CA23,0.0779714464844934,Control,parks
222,A,225,73,3,CA1,CA23,0.006070613201702,Control,marshes
230,A,233,73,3,CA1,CA23,0.7406813205782903,Control,parks
5,A,8,73,4,CA1,CA23,0.4840124891358596,Control,marshes
21,A,24,73,4,CA1,CA23,0.0508464214899336,Control,marshes
26,A,29,73,4,CA1,CA23,0.2549637163631808,Control,parks
45,A,48,73,4,CA1,CA23,-0.199053995925439,Control,marshes
50,A,53,73,4,CA1,CA23,0.8714192342037694,Control,parks
69,A,72,73,4,CA1,CA23,-0.6125576280400717,Control,canyons
76,A,79,73,4,CA1,CA23,0.0003597076867962,Control,marshes
83,A,86,73,4,CA1,CA23,-2.833946334809672,Control,canyons
96,A,99,73,4,CA1,CA23,-1.395837867095815,Control,parks
108,A,111,73,4,CA1,CA23,0.0084097448035736,Control,parks
114,A,117,73,4,CA1,CA23,0.0136558789743764,Control,canyons
123,A,126,73,4,CA1,CA23,0.114279803140764,Control,canyons
132,A,135,73,4,CA1,CA23,-0.130723186251464,Control,canyons
153,A,156,73,4,CA1,CA23,-2.7248631293114958,Control,marshes
160,A,163,73,4,CA1,CA23,-0.4560915895297495,Control,parks
177,A,180,73,4,CA1,CA23,-0.0472879382514891,Control,marshes
183,A,186,73,4,CA1,CA23,-0.1932701252060578,Control,canyons
206,A,209,73,4,CA1,CA23,0.1749802928809811,Control,parks
221,A,224,73,4,CA1,CA23,0.3302571987123459,Control,marshes
237,A,240,73,4,CA1,CA23,0.1094083415173088,Control,canyons
10,A,13,74,2,CA1,CA23,-0.8811511137292076,Control,bridges
21,A,24,74,2,CA1,CA23,1.824148714248305,Control,parks
28,A,31,74,2,CA1,CA23,-0.093033427161719,Control,lakes
40,A,43,74,2,CA1,CA23,0.0583506362184384,Control,parks
49,A,52,74,2,CA1,CA23,-0.190017624617997,Control,bridges
61,A,64,74,2,CA1,CA23,-1.2121932202816903,Control,parks
74,A,77,74,2,CA1,CA23,-0.0022835149755391,Control,lakes
90,A,93,74,2,CA1,CA23,0.175521169966031,Control,lakes
98,A,101,74,2,CA1,CA23,-0.0640809293262198,Control,bridges
107,A,110,74,2,CA1,CA23,-0.6503850194821397,Control,lakes
118,A,121,74,2,CA1,CA23,-0.2292445852595276,Control,lakes
131,A,134,74,2,CA1,CA23,-0.883756321524687,Control,bridges
145,A,148,74,2,CA1,CA23,-0.4741283461405145,Control,parks
157,A,160,74,2,CA1,CA23,0.3202219995252627,Control,parks
171,A,174,74,2,CA1,CA23,0.2577417163380461,Control,parks
192,A,195,74,2,CA1,CA23,0.3236253102242831,Control,lakes
201,A,204,74,2,CA1,CA23,-0.6303834111462095,Control,bridges
210,A,213,74,2,CA1,CA23,1.0626084659887345,Control,parks
217,A,220,74,2,CA1,CA23,0.0097822381294531,Control,bridges
230,A,233,74,2,CA1,CA23,2.284232110357165,Control,lakes
237,A,240,74,2,CA1,CA23,0.5544819978767523,Control,bridges
9,A,12,74,3,CA1,CA23,-0.0697619731894543,Control,lakes
14,A,17,74,3,CA1,CA23,0.4751531761988101,Control,bridges
25,A,28,74,3,CA1,CA23,1.4673825849419195,Control,parks
38,A,41,74,3,CA1,CA23,3.5931691007365774,Control,parks
42,A,45,74,3,CA1,CA23,-0.4651974848128857,Control,lakes
55,A,58,74,3,CA1,CA23,0.0760197472707987,Control,parks
66,A,69,74,3,CA1,CA23,-0.2376963783051314,Control,parks
78,A,81,74,3,CA1,CA23,-0.0431743096916956,Control,bridges
86,A,89,74,3,CA1,CA23,0.0199544382686186,Control,bridges
94,A,97,74,3,CA1,CA23,-0.4260621197975302,Control,bridges
120,A,123,74,3,CA1,CA23,-0.0595176723751789,Control,parks
130,A,133,74,3,CA1,CA23,-0.0609302618678763,Control,lakes
155,A,158,74,3,CA1,CA23,-0.3747696059435719,Control,lakes
164,A,167,74,3,CA1,CA23,0.149120999600144,Control,lakes
170,A,173,74,3,CA1,CA23,-0.0003254963147719,Control,bridges
181,A,184,74,3,CA1,CA23,0.8697511649758501,Control,bridges
192,A,195,74,3,CA1,CA23,1.581472007912143,Control,lakes
198,A,201,74,3,CA1,CA23,0.1352612729096289,Control,bridges
211,A,214,74,3,CA1,CA23,-0.0632831629860025,Control,parks
226,A,229,74,3,CA1,CA23,0.3335684407326642,Control,parks
7,A,10,74,4,CA1,CA23,0.5036026761970622,Control,bridges
12,A,15,74,4,CA1,CA23,0.0464682439321129,Control,lakes
21,A,24,74,4,CA1,CA23,1.0968754542213195,Control,lakes
38,A,41,74,4,CA1,CA23,-0.1375837725667122,Control,bridges
43,A,46,74,4,CA1,CA23,0.1254627614813598,Control,lakes
56,A,59,74,4,CA1,CA23,0.909534796047222,Control,bridges
66,A,69,74,4,CA1,CA23,-0.5455106960245231,Control,bridges
72,A,75,74,4,CA1,CA23,-0.0356528047678398,Control,parks
76,A,79,74,4,CA1,CA23,-0.4351873805871625,Control,bridges
98,A,101,74,4,CA1,CA23,-0.0731643255363476,Control,parks
111,A,114,74,4,CA1,CA23,-0.2842109653446671,Control,lakes
136,A,139,74,4,CA1,CA23,-1.6613464958727375,Control,parks
186,A,189,74,4,CA1,CA23,0.0665691915652135,Control,parks
193,A,196,74,4,CA1,CA23,-0.3647077003166319,Control,lakes
212,A,215,74,4,CA1,CA23,0.1986596855642179,Control,parks
220,A,223,74,4,CA1,CA23,0.2188923984041137,Control,lakes
230,A,233,74,4,CA1,CA23,1.431603662628939,Control,parks
14,A,17,75,2,CA1,CA23,-0.3142546931639316,Stress,lighthouses
27,A,30,75,2,CA1,CA23,0.4623889265943341,Stress,forests
37,A,40,75,2,CA1,CA23,1.942948698964616,Stress,fields
42,A,45,75,2,CA1,CA23,0.4654696839631311,Stress,forests
50,A,53,75,2,CA1,CA23,-1.1099404245738766,Stress,lighthouses
59,A,62,75,2,CA1,CA23,0.0521765450853032,Stress,lighthouses
70,A,73,75,2,CA1,CA23,0.0313638506989577,Stress,lighthouses
75,A,78,75,2,CA1,CA23,0.8615456001534467,Stress,forests
83,A,86,75,2,CA1,CA23,2.006772939062301,Stress,forests
107,A,110,75,2,CA1,CA23,-1.275391472254156,Stress,forests
115,A,118,75,2,CA1,CA23,-0.0612881810411622,Stress,fields
124,A,127,75,2,CA1,CA23,0.3475486946794432,Stress,lighthouses
139,A,142,75,2,CA1,CA23,-0.2189358114833939,Stress,fields
146,A,149,75,2,CA1,CA23,2.001488397627437,Stress,forests
150,A,153,75,2,CA1,CA23,0.2482081561360229,Stress,fields
178,A,181,75,2,CA1,CA23,-0.148998815976951,Stress,fields
190,A,193,75,2,CA1,CA23,-2.900451228767867,Stress,forests
195,A,198,75,2,CA1,CA23,0.0006427931977133,Stress,lighthouses
207,A,210,75,2,CA1,CA23,-0.0039902600581635,Stress,fields
217,A,220,75,2,CA1,CA23,3.171262862297011,Stress,fields
236,A,239,75,2,CA1,CA23,-0.0031800113360807,Stress,lighthouses
5,A,8,75,3,CA1,CA23,0.0663922794784142,Stress,fields
9,A,12,75,3,CA1,CA23,-0.6497479548062515,Stress,forests
19,A,22,75,3,CA1,CA23,-0.510314069549928,Stress,lighthouses
28,A,31,75,3,CA1,CA23,0.2320951404577181,Stress,lighthouses
34,A,37,75,3,CA1,CA23,-0.3461816511472637,Stress,forests
45,A,48,75,3,CA1,CA23,-1.0556006070777053,Stress,lighthouses
52,A,55,75,3,CA1,CA23,2.525382934622172,Stress,forests
62,A,65,75,3,CA1,CA23,-0.1629296154099226,Stress,forests
75,A,78,75,3,CA1,CA23,0.1930027240276221,Stress,fields
99,A,102,75,3,CA1,CA23,-0.0034644620965502,Stress,forests
117,A,120,75,3,CA1,CA23,2.3676721621177954,Stress,fields
130,A,133,75,3,CA1,CA23,-0.837187186188591,Stress,fields
137,A,140,75,3,CA1,CA23,-0.0169908905369428,Stress,fields
143,A,146,75,3,CA1,CA23,-0.4373987834834794,Stress,forests
147,A,150,75,3,CA1,CA23,0.3068096591661435,Stress,lighthouses
162,A,165,75,3,CA1,CA23,-0.000253795723336,Stress,lighthouses
179,A,182,75,3,CA1,CA23,0.0172851645100479,Stress,fields
193,A,196,75,3,CA1,CA23,0.6552329980154434,Stress,lighthouses
202,A,205,75,3,CA1,CA23,0.2183674423275531,Stress,fields
228,A,231,75,3,CA1,CA23,-0.3128062459277489,Stress,lighthouses
234,A,237,75,3,CA1,CA23,0.0426234582689301,Stress,forests
11,A,14,75,4,CA1,CA23,-0.0636299630820826,Stress,forests
21,A,24,75,4,CA1,CA23,0.4511028658780996,Stress,lighthouses
29,A,32,75,4,CA1,CA23,0.1218008477029215,Stress,fields
43,A,46,75,4,CA1,CA23,-0.3454770909099064,Stress,fields
52,A,55,75,4,CA1,CA23,2.132713947083309,Stress,lighthouses
57,A,60,75,4,CA1,CA23,-0.0645832996703835,Stress,fields
77,A,80,75,4,CA1,CA23,1.6192488667679092,Stress,fields
98,A,101,75,4,CA1,CA23,-0.587561825261974,Stress,fields
103,A,106,75,4,CA1,CA23,0.0003408459115751,Stress,lighthouses
111,A,114,75,4,CA1,CA23,-6.209378595857697e-05,Stress,forests
121,A,124,75,4,CA1,CA23,-0.7771176796404999,Stress,fields
126,A,129,75,4,CA1,CA23,-0.1457453888934098,Stress,forests
131,A,134,75,4,CA1,CA23,0.1324501653913402,Stress,lighthouses
151,A,154,75,4,CA1,CA23,0.0003167314541179,Stress,forests
159,A,162,75,4,CA1,CA23,0.5212468153752181,Stress,fields
172,A,175,75,4,CA1,CA23,2.5299667251019677,Stress,lighthouses
179,A,182,75,4,CA1,CA23,-0.8427581500322174,Stress,forests
191,A,194,75,4,CA1,CA23,1.0933440281288809,Stress,forests
196,A,199,75,4,CA1,CA23,1.6818662584474833,Stress,lighthouses
202,A,205,75,4,CA1,CA23,-0.5676833991113298,Stress,lighthouses
8,A,11,76,2,CA1,CA23,0.6141713640443575,Control,beaches
12,A,15,76,2,CA1,CA23,-0.0528526308073148,Control,lakes
26,A,29,76,2,CA1,CA23,-0.0460868950569226,Control,lakes
40,A,43,76,2,CA1,CA23,0.1378214041468554,Control,beaches
56,A,59,76,2,CA1,CA23,0.0431160268561857,Control,beaches
61,A,64,76,2,CA1,CA23,-1.0265474942088326,Control,lakes
67,A,70,76,2,CA1,CA23,0.1154947486472669,Control,lighthouses
88,A,91,76,2,CA1,CA23,0.0300454775676707,Control,lighthouses
92,A,95,76,2,CA1,CA23,0.2835510295498798,Control,beaches
97,A,100,76,2,CA1,CA23,-0.4266907661545536,Control,lighthouses
107,A,110,76,2,CA1,CA23,0.0153097990762829,Control,lighthouses
113,A,116,76,2,CA1,CA23,0.8974006451157868,Control,lakes
121,A,124,76,2,CA1,CA23,1.032268843058186,Control,lighthouses
132,A,135,76,2,CA1,CA23,1.106073480082194,Control,lakes
142,A,145,76,2,CA1,CA23,-5.048712508545479e-05,Control,beaches
152,A,155,76,2,CA1,CA23,0.060816470487465,Control,lakes
160,A,163,76,2,CA1,CA23,3.232132288662861,Control,lakes
171,A,174,76,2,CA1,CA23,-0.5884710867367334,Control,beaches
212,A,215,76,2,CA1,CA23,0.4686533819504413,Control,lighthouses
218,A,221,76,2,CA1,CA23,0.6058923824314056,Control,beaches
234,A,237,76,2,CA1,CA23,1.994721966165876,Control,lighthouses
10,A,13,76,3,CA1,CA23,-0.4115485379546674,Control,beaches
31,A,34,76,3,CA1,CA23,0.6644160151673505,Control,lakes
39,A,42,76,3,CA1,CA23,-0.3483631794408192,Control,lighthouses
44,A,47,76,3,CA1,CA23,0.2863786957533615,Control,lakes
48,A,51,76,3,CA1,CA23,0.372378533428353,Control,lighthouses
58,A,61,76,3,CA1,CA23,0.7506448040772664,Control,lakes
62,A,65,76,3,CA1,CA23,0.0119519858657382,Control,beaches
72,A,75,76,3,CA1,CA23,0.075498452852099,Control,lakes
77,A,80,76,3,CA1,CA23,-0.3856265528041691,Control,lighthouses
94,A,97,76,3,CA1,CA23,-0.0393722072112995,Control,lighthouses
109,A,112,76,3,CA1,CA23,-0.9129250927419016,Control,lighthouses
131,A,134,76,3,CA1,CA23,0.0519980320362528,Control,lakes
137,A,140,76,3,CA1,CA23,-0.0032193205448526,Control,lighthouses
148,A,151,76,3,CA1,CA23,1.1790177319833683,Control,beaches
158,A,161,76,3,CA1,CA23,0.0113669318770318,Control,lighthouses
165,A,168,76,3,CA1,CA23,2.898227319315197,Control,lakes
178,A,181,76,3,CA1,CA23,-0.0696105654505531,Control,beaches
201,A,204,76,3,CA1,CA23,0.6459205614268801,Control,beaches
219,A,222,76,3,CA1,CA23,0.6788840494763542,Control,lakes
223,A,226,76,3,CA1,CA23,0.0620504491035436,Control,beaches
230,A,233,76,3,CA1,CA23,0.4268923951317372,Control,beaches
5,A,8,76,4,CA1,CA23,0.0016708591247788,Control,lakes
10,A,13,76,4,CA1,CA23,0.9958778873142252,Control,lighthouses
19,A,22,76,4,CA1,CA23,-0.0269228436113783,Control,lighthouses
33,A,36,76,4,CA1,CA23,0.0793743874234328,Control,lighthouses
39,A,42,76,4,CA1,CA23,1.0656855437578667,Control,beaches
53,A,56,76,4,CA1,CA23,-0.3997595691513047,Control,lighthouses
66,A,69,76,4,CA1,CA23,0.7573216785683102,Control,lakes
76,A,79,76,4,CA1,CA23,0.3913522510161848,Control,lakes
86,A,89,76,4,CA1,CA23,0.2400618177004353,Control,beaches
92,A,95,76,4,CA1,CA23,0.0774983759803356,Control,lighthouses
107,A,110,76,4,CA1,CA23,11.149813007921598,Control,beaches
124,A,127,76,4,CA1,CA23,0.9497974426626716,Control,lakes
131,A,134,76,4,CA1,CA23,0.4799931525052662,Control,beaches
147,A,150,76,4,CA1,CA23,-0.0015218388507837,Control,beaches
152,A,155,76,4,CA1,CA23,0.0703963800101641,Control,lakes
166,A,169,76,4,CA1,CA23,-0.1034814874453578,Control,beaches
172,A,175,76,4,CA1,CA23,0.048837943797687,Control,lakes
181,A,184,76,4,CA1,CA23,1.2531804109770632,Control,lighthouses
194,A,197,76,4,CA1,CA23,-0.2762330887801727,Control,lighthouses
209,A,212,76,4,CA1,CA23,0.0408279215853112,Control,lakes
231,A,234,76,4,CA1,CA23,2.1410556088938253,Control,beaches
7,A,10,77,2,CA1,CA23,0.6785419800455618,Stress,marshes
16,A,19,77,2,CA1,CA23,0.4661590366016552,Stress,marshes
35,A,38,77,2,CA1,CA23,-1.8745850179037336,Stress,lighthouses
46,A,49,77,2,CA1,CA23,1.1578751804177383,Stress,mountains
54,A,57,77,2,CA1,CA23,1.295477173083018,Stress,marshes
70,A,73,77,2,CA1,CA23,0.0004764197283724,Stress,lighthouses
74,A,77,77,2,CA1,CA23,-2.329991525496818,Stress,mountains
81,A,84,77,2,CA1,CA23,1.248462011730706,Stress,marshes
96,A,99,77,2,CA1,CA23,0.0972246713970292,Stress,marshes
117,A,120,77,2,CA1,CA23,0.0131756122068385,Stress,lighthouses
123,A,126,77,2,CA1,CA23,-0.005846671969313,Stress,mountains
132,A,135,77,2,CA1,CA23,0.0768856133600892,Stress,lighthouses
142,A,145,77,2,CA1,CA23,2.5413787415138405,Stress,mountains
154,A,157,77,2,CA1,CA23,-1.230375750629627,Stress,mountains
168,A,171,77,2,CA1,CA23,1.4832010862578828,Stress,marshes
177,A,180,77,2,CA1,CA23,0.5882681286459692,Stress,lighthouses
188,A,191,77,2,CA1,CA23,0.0130753093432579,Stress,mountains
205,A,208,77,2,CA1,CA23,0.6555069189089421,Stress,mountains
222,A,225,77,2,CA1,CA23,0.2145097865506728,Stress,lighthouses
233,A,236,77,2,CA1,CA23,-0.808499423638756,Stress,lighthouses
11,A,14,77,3,CA1,CA23,0.0339652931361281,Stress,lighthouses
46,A,49,77,3,CA1,CA23,-0.7979585156937289,Stress,lighthouses
60,A,63,77,3,CA1,CA23,-0.0062829351053188,Stress,marshes
71,A,74,77,3,CA1,CA23,-0.0942936772370423,Stress,mountains
84,A,87,77,3,CA1,CA23,0.6665357753660055,Stress,lighthouses
88,A,91,77,3,CA1,CA23,-0.4629906671661746,Stress,mountains
93,A,96,77,3,CA1,CA23,0.6020944040012037,Stress,marshes
100,A,103,77,3,CA1,CA23,-0.4601533521884225,Stress,lighthouses
131,A,134,77,3,CA1,CA23,-0.00119757768709,Stress,lighthouses
145,A,148,77,3,CA1,CA23,-0.7543638821330401,Stress,mountains
159,A,162,77,3,CA1,CA23,0.0840939448008122,Stress,mountains
166,A,169,77,3,CA1,CA23,0.0012026765122267,Stress,mountains
172,A,175,77,3,CA1,CA23,0.0057054594183369,Stress,marshes
182,A,185,77,3,CA1,CA23,0.3646558413236335,Stress,marshes
192,A,195,77,3,CA1,CA23,-0.6956799773324707,Stress,lighthouses
196,A,199,77,3,CA1,CA23,0.1974112808098869,Stress,marshes
208,A,211,77,3,CA1,CA23,-0.0548686511871774,Stress,marshes
221,A,224,77,3,CA1,CA23,-0.0206027270316957,Stress,mountains
229,A,232,77,3,CA1,CA23,0.3440784189271142,Stress,marshes
238,A,241,77,3,CA1,CA23,-0.4517770328409989,Stress,mountains
5,A,8,77,4,CA1,CA23,0.3493424368353061,Stress,marshes
30,A,33,77,4,CA1,CA23,-0.1290679358256231,Stress,marshes
51,A,54,77,4,CA1,CA23,-0.1225145564987173,Stress,mountains
60,A,63,77,4,CA1,CA23,-1.060145054851345,Stress,lighthouses
65,A,68,77,4,CA1,CA23,-0.1941889916037982,Stress,marshes
95,A,98,77,4,CA1,CA23,0.3577209125991078,Stress,lighthouses
101,A,104,77,4,CA1,CA23,0.3837820227869214,Stress,mountains
106,A,109,77,4,CA1,CA23,0.0362796937276579,Stress,lighthouses
136,A,139,77,4,CA1,CA23,2.1077087571846604,Stress,lighthouses
146,A,149,77,4,CA1,CA23,0.0369380734327085,Stress,lighthouses
152,A,155,77,4,CA1,CA23,0.006463878489132,Stress,marshes
166,A,169,77,4,CA1,CA23,-0.3616901544961725,Stress,lighthouses
182,A,185,77,4,CA1,CA23,4.966361753352904,Stress,mountains
193,A,196,77,4,CA1,CA23,0.293111437433127,Stress,mountains
208,A,211,77,4,CA1,CA23,-0.0653396585834622,Stress,marshes
220,A,223,77,4,CA1,CA23,-0.6214052149461589,Stress,lighthouses
10,A,13,78,2,CA1,CA23,-0.7520826034730276,Stress,lakes
18,A,21,78,2,CA1,CA23,0.1571841747559394,Stress,mountains
34,A,37,78,2,CA1,CA23,0.2686657191432861,Stress,lakes
49,A,52,78,2,CA1,CA23,0.2463646320495514,Stress,mountains
62,A,65,78,2,CA1,CA23,-0.8310541627316239,Stress,lakes
82,A,85,78,2,CA1,CA23,-0.9727059269442532,Stress,lakes
104,A,107,78,2,CA1,CA23,0.3589457853252601,Stress,mountains
109,A,112,78,2,CA1,CA23,1.653631386739196,Stress,waterfalls
119,A,122,78,2,CA1,CA23,0.6136034667950758,Stress,waterfalls
131,A,134,78,2,CA1,CA23,2.2492464965261174,Stress,lakes
139,A,142,78,2,CA1,CA23,0.353706557284732,Stress,waterfalls
144,A,147,78,2,CA1,CA23,-0.171267245982994,Stress,mountains
155,A,158,78,2,CA1,CA23,1.0022654243533622,Stress,mountains
160,A,163,78,2,CA1,CA23,-0.7309084254537267,Stress,waterfalls
172,A,175,78,2,CA1,CA23,-2.716864468388984,Stress,lakes
184,A,187,78,2,CA1,CA23,0.5866248600888659,Stress,mountains
193,A,196,78,2,CA1,CA23,-0.664235393417228,Stress,lakes
200,A,203,78,2,CA1,CA23,0.1247324129745073,Stress,mountains
206,A,209,78,2,CA1,CA23,0.5222962855008421,Stress,waterfalls
233,A,236,78,2,CA1,CA23,1.4033403768618131,Stress,waterfalls
17,A,20,78,3,CA1,CA23,1.4529336200138296,Stress,waterfalls
22,A,25,78,3,CA1,CA23,0.898265781293232,Stress,mountains
34,A,37,78,3,CA1,CA23,-0.5528386091464587,Stress,mountains
44,A,47,78,3,CA1,CA23,-1.1461460755555493,Stress,mountains
51,A,54,78,3,CA1,CA23,0.219993985042589,Stress,lakes
68,A,71,78,3,CA1,CA23,0.3401866789252376,Stress,waterfalls
78,A,81,78,3,CA1,CA23,1.9860465124697089,Stress,mountains
89,A,92,78,3,CA1,CA23,0.8758045540393596,Stress,mountains
96,A,99,78,3,CA1,CA23,1.982182339194488,Stress,lakes
120,A,123,78,3,CA1,CA23,0.3283348389919868,Stress,waterfalls
128,A,131,78,3,CA1,CA23,-2.824063265060018,Stress,lakes
135,A,138,78,3,CA1,CA23,0.1572057069386104,Stress,mountains
145,A,148,78,3,CA1,CA23,-0.678810508874681,Stress,waterfalls
157,A,160,78,3,CA1,CA23,0.0371074283197404,Stress,waterfalls
164,A,167,78,3,CA1,CA23,2.1315630090418978,Stress,lakes
169,A,172,78,3,CA1,CA23,3.471233969899812,Stress,waterfalls
174,A,177,78,3,CA1,CA23,1.990464154963998,Stress,lakes
187,A,190,78,3,CA1,CA23,-0.0798565423148787,Stress,waterfalls
195,A,198,78,3,CA1,CA23,-0.005209976881245,Stress,mountains
200,A,203,78,3,CA1,CA23,-0.240359086923676,Stress,lakes
231,A,234,78,3,CA1,CA23,-0.4614387994306051,Stress,lakes
12,A,15,78,4,CA1,CA23,-0.9225808803814493,Stress,lakes
20,A,23,78,4,CA1,CA23,-0.1547278570427059,Stress,waterfalls
26,A,29,78,4,CA1,CA23,-0.0010123455169624,Stress,mountains
37,A,40,78,4,CA1,CA23,-0.0367203452255586,Stress,waterfalls
44,A,47,78,4,CA1,CA23,2.050995053972044,Stress,lakes
77,A,80,78,4,CA1,CA23,0.3467122832843575,Stress,lakes
83,A,86,78,4,CA1,CA23,0.0424759064211074,Stress,mountains
110,A,113,78,4,CA1,CA23,-0.6905008616104329,Stress,mountains
118,A,121,78,4,CA1,CA23,0.1731364850178456,Stress,waterfalls
138,A,141,78,4,CA1,CA23,-1.4341548077920738,Stress,mountains
144,A,147,78,4,CA1,CA23,-0.7482281153369257,Stress,lakes
149,A,152,78,4,CA1,CA23,-0.5271446393530249,Stress,waterfalls
159,A,162,78,4,CA1,CA23,1.3730832565676452,Stress,mountains
166,A,169,78,4,CA1,CA23,0.219453465805558,Stress,lakes
181,A,184,78,4,CA1,CA23,-0.3374777016892909,Stress,mountains
186,A,189,78,4,CA1,CA23,0.4114379990738148,Stress,waterfalls
195,A,198,78,4,CA1,CA23,1.5558298269325654,Stress,lakes
203,A,206,78,4,CA1,CA23,0.358902118856208,Stress,lakes
209,A,212,78,4,CA1,CA23,-0.1287988455090598,Stress,waterfalls
221,A,224,78,4,CA1,CA23,1.8528290234022216,Stress,mountains
229,A,232,78,4,CA1,CA23,-0.0877207959902618,Stress,waterfalls
5,A,8,79,2,CA1,CA23,-0.1241260754300674,Control,parks
12,A,15,79,2,CA1,CA23,-0.0169252989021417,Control,parks
25,A,28,79,2,CA1,CA23,0.5421837201838664,Control,marshes
33,A,36,79,2,CA1,CA23,-0.6880067160600527,Control,parks
43,A,46,79,2,CA1,CA23,-0.1149110475146339,Control,parks
49,A,52,79,2,CA1,CA23,1.1274243820795913,Control,fields
56,A,59,79,2,CA1,CA23,-0.1748599596301352,Control,marshes
69,A,72,79,2,CA1,CA23,-0.4680169111940745,Control,marshes
77,A,80,79,2,CA1,CA23,0.3879515421415045,Control,marshes
82,A,85,79,2,CA1,CA23,0.8705385794960898,Control,parks
98,A,101,79,2,CA1,CA23,1.758943979843178,Control,fields
103,A,106,79,2,CA1,CA23,0.5343518088019916,Control,marshes
110,A,113,79,2,CA1,CA23,-0.3032981260303733,Control,fields
117,A,120,79,2,CA1,CA23,-0.147054993095988,Control,fields
150,A,153,79,2,CA1,CA23,0.0555265150536642,Control,marshes
177,A,180,79,2,CA1,CA23,0.1477829141998607,Control,parks
185,A,188,79,2,CA1,CA23,7.66271823074799e-05,Control,fields
195,A,198,79,2,CA1,CA23,0.1276297126367806,Control,marshes
200,A,203,79,2,CA1,CA23,-0.0434064649613794,Control,fields
211,A,214,79,2,CA1,CA23,0.1565051019245127,Control,parks
222,A,225,79,2,CA1,CA23,0.9892835247567632,Control,fields
5,A,8,79,3,CA1,CA23,-0.4801920880484761,Control,parks
11,A,14,79,3,CA1,CA23,0.8889460175878224,Control,fields
22,A,25,79,3,CA1,CA23,1.2464059473428435,Control,parks
35,A,38,79,3,CA1,CA23,0.0287458974026343,Control,marshes
50,A,53,79,3,CA1,CA23,-0.0691289865984038,Control,marshes
57,A,60,79,3,CA1,CA23,0.0729337903894409,Control,parks
68,A,71,79,3,CA1,CA23,0.0718655395971158,Control,marshes
79,A,82,79,3,CA1,CA23,2.3615225330232583,Control,parks
86,A,89,79,3,CA1,CA23,0.1926318604423808,Control,marshes
91,A,94,79,3,CA1,CA23,0.0129277806660575,Control,fields
103,A,106,79,3,CA1,CA23,-0.0948115140518532,Control,fields
109,A,112,79,3,CA1,CA23,0.0003214605726216,Control,parks
113,A,116,79,3,CA1,CA23,-0.0340326759697675,Control,marshes
127,A,130,79,3,CA1,CA23,-0.2894985271937649,Control,marshes
138,A,141,79,3,CA1,CA23,0.1283897186932975,Control,fields
149,A,152,79,3,CA1,CA23,4.190398247350705,Control,parks
174,A,177,79,3,CA1,CA23,0.7288393517939169,Control,marshes
183,A,186,79,3,CA1,CA23,0.0582950033031707,Control,fields
194,A,197,79,3,CA1,CA23,-0.0036132554604563,Control,parks
208,A,211,79,3,CA1,CA23,-1.1643070520799612,Control,fields
219,A,222,79,3,CA1,CA23,-0.1255153424297925,Control,fields
11,A,14,79,4,CA1,CA23,1.4774743731632465,Control,marshes
42,A,45,79,4,CA1,CA23,-0.845876858706938,Control,parks
52,A,55,79,4,CA1,CA23,0.7381593712376694,Control,parks
63,A,66,79,4,CA1,CA23,-0.4859613172285348,Control,fields
74,A,77,79,4,CA1,CA23,0.4312229889467179,Control,fields
81,A,84,79,4,CA1,CA23,0.4174755250299166,Control,marshes
92,A,95,79,4,CA1,CA23,1.0120296209805637,Control,marshes
101,A,104,79,4,CA1,CA23,0.2626890399304198,Control,marshes
111,A,114,79,4,CA1,CA23,1.5200159901715402,Control,parks
118,A,121,79,4,CA1,CA23,0.2461314592272154,Control,fields
132,A,135,79,4,CA1,CA23,-5.1316681640665,Control,parks
136,A,139,79,4,CA1,CA23,-0.2746865381535797,Control,marshes
147,A,150,79,4,CA1,CA23,1.0454369144992848,Control,fields
156,A,159,79,4,CA1,CA23,1.2249152183855148,Control,marshes
162,A,165,79,4,CA1,CA23,0.1121837139150612,Control,fields
170,A,173,79,4,CA1,CA23,-0.1605407448661526,Control,parks
178,A,181,79,4,CA1,CA23,0.1667195314006626,Control,marshes
189,A,192,79,4,CA1,CA23,-0.1732281344915196,Control,parks
199,A,202,79,4,CA1,CA23,0.1955821543666551,Control,fields
209,A,212,79,4,CA1,CA23,0.0131272430010072,Control,parks
217,A,220,79,4,CA1,CA23,0.0054989440178203,Control,fields
5,A,8,80,2,CA1,CA23,0.2158239934835854,Stress,canyons
18,A,21,80,2,CA1,CA23,-0.1469778075619978,Stress,fields
26,A,29,80,2,CA1,CA23,0.2916274163023346,Stress,beaches
39,A,42,80,2,CA1,CA23,0.1166888318738414,Stress,fields
46,A,49,80,2,CA1,CA23,-0.4255433200419425,Stress,beaches
56,A,59,80,2,CA1,CA23,0.0438604321424913,Stress,fields
65,A,68,80,2,CA1,CA23,-0.068279871882788,Stress,canyons
75,A,78,80,2,CA1,CA23,-0.0393099607894002,Stress,fields
81,A,84,80,2,CA1,CA23,-0.1058732376953244,Stress,beaches
108,A,111,80,2,CA1,CA23,0.3829992271303368,Stress,fields
115,A,118,80,2,CA1,CA23,-1.0987742095320152,Stress,canyons
135,A,138,80,2,CA1,CA23,0.2211808840305381,Stress,fields
149,A,152,80,2,CA1,CA23,3.2007764842081508,Stress,canyons
154,A,157,80,2,CA1,CA23,1.0514074929589814,Stress,beaches
171,A,174,80,2,CA1,CA23,-1.619134827741495,Stress,beaches
185,A,188,80,2,CA1,CA23,-0.2172881700495401,Stress,canyons
192,A,195,80,2,CA1,CA23,0.2181045405977742,Stress,canyons
205,A,208,80,2,CA1,CA23,1.0273299237167235,Stress,beaches
216,A,219,80,2,CA1,CA23,-0.4766521488028314,Stress,fields
229,A,232,80,2,CA1,CA23,5.793649734485764,Stress,beaches
236,A,239,80,2,CA1,CA23,0.3549297901346169,Stress,canyons
11,A,14,80,3,CA1,CA23,0.7977256663186888,Stress,fields
38,A,41,80,3,CA1,CA23,2.609161124502044,Stress,canyons
50,A,53,80,3,CA1,CA23,-0.0212912162348329,Stress,beaches
59,A,62,80,3,CA1,CA23,-0.0633132530849376,Stress,canyons
64,A,67,80,3,CA1,CA23,-0.1557195741189603,Stress,beaches
73,A,76,80,3,CA1,CA23,-0.2091665163183865,Stress,canyons
81,A,84,80,3,CA1,CA23,-0.3628872312002059,Stress,beaches
87,A,90,80,3,CA1,CA23,3.407226902247585,Stress,fields
99,A,102,80,3,CA1,CA23,-0.0272409827673215,Stress,beaches
106,A,109,80,3,CA1,CA23,-0.4624272735568647,Stress,fields
113,A,116,80,3,CA1,CA23,-0.4995991913093819,Stress,fields
141,A,144,80,3,CA1,CA23,0.364157199686381,Stress,beaches
160,A,163,80,3,CA1,CA23,-0.9003513266475883,Stress,beaches
168,A,171,80,3,CA1,CA23,-0.2340179952455944,Stress,canyons
176,A,179,80,3,CA1,CA23,-0.0441853113091977,Stress,fields
181,A,184,80,3,CA1,CA23,-0.0386228531303603,Stress,canyons
194,A,197,80,3,CA1,CA23,1.2009463005651264,Stress,canyons
219,A,222,80,3,CA1,CA23,0.1301229237842147,Stress,beaches
5,A,8,80,4,CA1,CA23,0.0337234408618136,Stress,canyons
10,A,13,80,4,CA1,CA23,0.2771397389003632,Stress,fields
24,A,27,80,4,CA1,CA23,4.084205196774647,Stress,canyons
40,A,43,80,4,CA1,CA23,0.9517417039071924,Stress,canyons
51,A,54,80,4,CA1,CA23,-0.0390928986192375,Stress,fields
66,A,69,80,4,CA1,CA23,0.2041018746620634,Stress,canyons
76,A,79,80,4,CA1,CA23,-0.3181097532224451,Stress,fields
84,A,87,80,4,CA1,CA23,2.536970530097933,Stress,fields
98,A,101,80,4,CA1,CA23,-0.5039795683473063,Stress,beaches
104,A,107,80,4,CA1,CA23,-1.2385268116445425,Stress,canyons
110,A,113,80,4,CA1,CA23,-0.7196323690162203,Stress,fields
132,A,135,80,4,CA1,CA23,-0.1104039038681107,Stress,beaches
158,A,161,80,4,CA1,CA23,-0.0001542258711601,Stress,beaches
188,A,191,80,4,CA1,CA23,0.0111622238494169,Stress,beaches
196,A,199,80,4,CA1,CA23,-0.0398206927968764,Stress,canyons
16,A,19,81,2,CA1,CA23,1.724964373787108,Control,waterfalls
22,A,25,81,2,CA1,CA23,0.227797304859221,Control,forests
27,A,30,81,2,CA1,CA23,-0.1839703040817848,Control,deserts
47,A,50,81,2,CA1,CA23,-1.910403554460728,Control,deserts
57,A,60,81,2,CA1,CA23,1.7900216882770488,Control,waterfalls
68,A,71,81,2,CA1,CA23,1.2319134974617336,Control,waterfalls
79,A,82,81,2,CA1,CA23,0.2590808523365092,Control,waterfalls
85,A,88,81,2,CA1,CA23,1.08088922795883,Control,forests
97,A,100,81,2,CA1,CA23,0.0008106014606373,Control,forests
110,A,113,81,2,CA1,CA23,0.4548182137630627,Control,forests
120,A,123,81,2,CA1,CA23,-0.380404046090678,Control,forests
125,A,128,81,2,CA1,CA23,0.0140348143031071,Control,deserts
134,A,137,81,2,CA1,CA23,1.3764454396404822,Control,forests
153,A,156,81,2,CA1,CA23,0.4695160267405314,Control,deserts
166,A,169,81,2,CA1,CA23,0.1744948161228325,Control,forests
182,A,185,81,2,CA1,CA23,-0.1291610974860507,Control,deserts
191,A,194,81,2,CA1,CA23,-0.081142441469613,Control,waterfalls
200,A,203,81,2,CA1,CA23,-0.0002433931347784,Control,waterfalls
206,A,209,81,2,CA1,CA23,-1.7625246173335054,Control,deserts
218,A,221,81,2,CA1,CA23,0.3666488315059705,Control,waterfalls
233,A,236,81,2,CA1,CA23,0.0056577209191103,Control,deserts
5,A,8,81,3,CA1,CA23,0.0141502058940231,Control,waterfalls
16,A,19,81,3,CA1,CA23,0.5985914724857588,Control,forests
37,A,40,81,3,CA1,CA23,-0.93975600149795,Control,waterfalls
56,A,59,81,3,CA1,CA23,0.7138821919118783,Control,waterfalls
68,A,71,81,3,CA1,CA23,0.0205257105590883,Control,deserts
83,A,86,81,3,CA1,CA23,-0.1956497341938029,Control,forests
93,A,96,81,3,CA1,CA23,0.3784262884653669,Control,waterfalls
101,A,104,81,3,CA1,CA23,0.2741435906404578,Control,forests
108,A,111,81,3,CA1,CA23,-0.9248412982210986,Control,deserts
121,A,124,81,3,CA1,CA23,-0.2403028778541091,Control,deserts
129,A,132,81,3,CA1,CA23,1.1655169904904064,Control,forests
137,A,140,81,3,CA1,CA23,1.6017204508049816,Control,forests
148,A,151,81,3,CA1,CA23,0.0183555695494279,Control,forests
156,A,159,81,3,CA1,CA23,0.2313454732404181,Control,waterfalls
160,A,163,81,3,CA1,CA23,-0.0271461062575853,Control,deserts
169,A,172,81,3,CA1,CA23,0.0101681759064576,Control,forests
194,A,197,81,3,CA1,CA23,-0.3110578852640399,Control,deserts
203,A,206,81,3,CA1,CA23,-0.3548561619684834,Control,deserts
218,A,221,81,3,CA1,CA23,0.3685109015216596,Control,waterfalls
224,A,227,81,3,CA1,CA23,-0.5723666728997271,Control,deserts
235,A,238,81,3,CA1,CA23,0.0711731744438838,Control,waterfalls
21,A,24,81,4,CA1,CA23,0.8874944271195353,Control,deserts
26,A,29,81,4,CA1,CA23,0.043609632124597,Control,forests
45,A,48,81,4,CA1,CA23,0.3833160315009258,Control,forests
58,A,61,81,4,CA1,CA23,0.4446494292358031,Control,waterfalls
63,A,66,81,4,CA1,CA23,-0.3835518563781032,Control,deserts
81,A,84,81,4,CA1,CA23,0.1423020840734515,Control,forests
91,A,94,81,4,CA1,CA23,-0.3728970912757229,Control,forests
123,A,126,81,4,CA1,CA23,2.2567648269822773,Control,waterfalls
132,A,135,81,4,CA1,CA23,-2.3870002766435348,Control,deserts
144,A,147,81,4,CA1,CA23,1.155396952685832,Control,deserts
159,A,162,81,4,CA1,CA23,0.5375781443161606,Control,forests
165,A,168,81,4,CA1,CA23,-0.4841294729337378,Control,deserts
178,A,181,81,4,CA1,CA23,0.6447142792177345,Control,deserts
184,A,187,81,4,CA1,CA23,-2.0521193380687963,Control,waterfalls
191,A,194,81,4,CA1,CA23,-0.0535706642006005,Control,waterfalls
196,A,199,81,4,CA1,CA23,0.2758906490743482,Control,forests
206,A,209,81,4,CA1,CA23,0.2429440499928777,Control,waterfalls
212,A,215,81,4,CA1,CA23,-1.3085199458723955,Control,deserts
221,A,224,81,4,CA1,CA23,0.3415003038075943,Control,waterfalls
230,A,233,81,4,CA1,CA23,0.288932823727816,Control,waterfalls
235,A,238,81,4,CA1,CA23,1.0997301990298494,Control,forests
17,A,20,82,2,CA1,CA23,0.915555608726362,Control,canyons
32,A,35,82,2,CA1,CA23,1.8199120330084912,Control,deserts
43,A,46,82,2,CA1,CA23,0.0552702317039226,Control,beaches
58,A,61,82,2,CA1,CA23,0.767561086824475,Control,beaches
66,A,69,82,2,CA1,CA23,-0.3774922695390917,Control,deserts
72,A,75,82,2,CA1,CA23,0.1232601456518478,Control,beaches
82,A,85,82,2,CA1,CA23,-0.971432914551221,Control,canyons
100,A,103,82,2,CA1,CA23,0.5957326771902777,Control,canyons
115,A,118,82,2,CA1,CA23,0.2122328331948978,Control,canyons
123,A,126,82,2,CA1,CA23,0.3912602482360161,Control,beaches
130,A,133,82,2,CA1,CA23,-0.8060646965092062,Control,deserts
138,A,141,82,2,CA1,CA23,0.0130895164377892,Control,canyons
150,A,153,82,2,CA1,CA23,0.8078636209959693,Control,deserts
177,A,180,82,2,CA1,CA23,0.1485392190902147,Control,canyons
187,A,190,82,2,CA1,CA23,1.1559926389792583,Control,beaches
193,A,196,82,2,CA1,CA23,1.537574314137925,Control,deserts
197,A,200,82,2,CA1,CA23,-1.3813497359287468,Control,beaches
203,A,206,82,2,CA1,CA23,-0.0630792613367276,Control,beaches
210,A,213,82,2,CA1,CA23,-0.2771885304830975,Control,deserts
216,A,219,82,2,CA1,CA23,-0.1213248410469862,Control,canyons
236,A,239,82,2,CA1,CA23,0.024359234555029,Control,deserts
8,A,11,82,3,CA1,CA23,0.2694714811861004,Control,beaches
19,A,22,82,3,CA1,CA23,2.577476645017247,Control,deserts
27,A,30,82,3,CA1,CA23,0.0674441158811643,Control,beaches
36,A,39,82,3,CA1,CA23,0.9413013190121056,Control,deserts
43,A,46,82,3,CA1,CA23,1.0475081277820744,Control,canyons
52,A,55,82,3,CA1,CA23,-0.7319447075051904,Control,beaches
62,A,65,82,3,CA1,CA23,0.6703117808609661,Control,deserts
70,A,73,82,3,CA1,CA23,1.6271779804267712,Control,deserts
78,A,81,82,3,CA1,CA23,0.8066164964245548,Control,beaches
84,A,87,82,3,CA1,CA23,-0.125964431196648,Control,deserts
91,A,94,82,3,CA1,CA23,-0.1609663202081186,Control,beaches
108,A,111,82,3,CA1,CA23,-0.2706496205555664,Control,deserts
122,A,125,82,3,CA1,CA23,1.0954309298386002,Control,canyons
130,A,133,82,3,CA1,CA23,0.564853630673902,Control,canyons
135,A,138,82,3,CA1,CA23,-1.4372970307486408,Control,beaches
160,A,163,82,3,CA1,CA23,0.8829284878410021,Control,canyons
169,A,172,82,3,CA1,CA23,0.168903423683621,Control,canyons
187,A,190,82,3,CA1,CA23,-0.3519771598628831,Control,deserts
198,A,201,82,3,CA1,CA23,0.0024673118546451,Control,beaches
211,A,214,82,3,CA1,CA23,0.0006589164855494,Control,canyons
221,A,224,82,3,CA1,CA23,-0.7293383448420038,Control,canyons
12,A,15,82,4,CA1,CA23,6.086526900138854,Control,canyons
28,A,31,82,4,CA1,CA23,1.7980614434050242,Control,beaches
42,A,45,82,4,CA1,CA23,-0.0521476679077846,Control,deserts
56,A,59,82,4,CA1,CA23,0.0873791258569451,Control,canyons
66,A,69,82,4,CA1,CA23,1.1242657870849555,Control,deserts
78,A,81,82,4,CA1,CA23,-0.0430397673266125,Control,deserts
91,A,94,82,4,CA1,CA23,1.0710167983623613,Control,beaches
105,A,108,82,4,CA1,CA23,1.330480244483429,Control,canyons
114,A,117,82,4,CA1,CA23,0.3552134195248032,Control,deserts
132,A,135,82,4,CA1,CA23,-0.1536411630873036,Control,canyons
139,A,142,82,4,CA1,CA23,0.1687482646218378,Control,canyons
155,A,158,82,4,CA1,CA23,2.530493875022913,Control,beaches
166,A,169,82,4,CA1,CA23,-0.0226275770233714,Control,beaches
176,A,179,82,4,CA1,CA23,0.0337322655771218,Control,deserts
181,A,184,82,4,CA1,CA23,0.7478224633442434,Control,beaches
185,A,188,82,4,CA1,CA23,-0.0851895431131601,Control,canyons
195,A,198,82,4,CA1,CA23,0.0253205129365542,Control,canyons
202,A,205,82,4,CA1,CA23,1.3222343334381703,Control,beaches
215,A,218,82,4,CA1,CA23,1.546992157226284,Control,deserts
219,A,222,82,4,CA1,CA23,0.7212593652183094,Control,beaches
224,A,227,82,4,CA1,CA23,-0.2907224501956085,Control,deserts
20,A,23,83,2,CA1,CA23,-0.6636419630250014,Control,bridges
29,A,32,83,2,CA1,CA23,1.4292918562103316,Control,bridges
35,A,38,83,2,CA1,CA23,2.8048242948760027,Control,waterfalls
46,A,49,83,2,CA1,CA23,0.0886947632509149,Control,bridges
54,A,57,83,2,CA1,CA23,-0.2822007933868935,Control,waterfalls
74,A,77,83,2,CA1,CA23,-0.029247905570108,Control,bridges
85,A,88,83,2,CA1,CA23,0.9456150002996224,Control,bridges
92,A,95,83,2,CA1,CA23,1.903247624252559,Control,waterfalls
104,A,107,83,2,CA1,CA23,0.2151754685426004,Control,waterfalls
117,A,120,83,2,CA1,CA23,0.0597975188102088,Control,mountains
140,A,143,83,2,CA1,CA23,-0.220309741633369,Control,mountains
145,A,148,83,2,CA1,CA23,0.0131899465651657,Control,bridges
150,A,153,83,2,CA1,CA23,1.018232953321036,Control,mountains
156,A,159,83,2,CA1,CA23,-0.1546991074416425,Control,waterfalls
178,A,181,83,2,CA1,CA23,0.0397742294699729,Control,mountains
188,A,191,83,2,CA1,CA23,-2.3967339463317145,Control,mountains
193,A,196,83,2,CA1,CA23,-0.5316207919270223,Control,waterfalls
198,A,201,83,2,CA1,CA23,-1.3109641496418702,Control,mountains
208,A,211,83,2,CA1,CA23,-1.3389387695841155,Control,mountains
225,A,228,83,2,CA1,CA23,-0.1868706604488918,Control,waterfalls
235,A,238,83,2,CA1,CA23,-0.4291960470398681,Control,bridges
8,A,11,83,3,CA1,CA23,0.4700779963116013,Control,waterfalls
18,A,21,83,3,CA1,CA23,-0.1576966949778341,Control,waterfalls
25,A,28,83,3,CA1,CA23,-0.0091511629099295,Control,mountains
31,A,34,83,3,CA1,CA23,-1.5479216570626726,Control,bridges
55,A,58,83,3,CA1,CA23,1.2429306611916064,Control,bridges
62,A,65,83,3,CA1,CA23,-0.2296103311549112,Control,waterfalls
69,A,72,83,3,CA1,CA23,0.0219699755737079,Control,mountains
99,A,102,83,3,CA1,CA23,3.229691854308029,Control,bridges
110,A,113,83,3,CA1,CA23,-0.6931123715842609,Control,waterfalls
119,A,122,83,3,CA1,CA23,2.075970424789385,Control,bridges
123,A,126,83,3,CA1,CA23,-0.134072395451904,Control,waterfalls
131,A,134,83,3,CA1,CA23,-0.0072580923001161,Control,bridges
135,A,138,83,3,CA1,CA23,-0.5079275567221115,Control,waterfalls
143,A,146,83,3,CA1,CA23,5.588974077706004,Control,mountains
147,A,150,83,3,CA1,CA23,0.8048448675723153,Control,waterfalls
176,A,179,83,3,CA1,CA23,0.893047435434457,Control,bridges
185,A,188,83,3,CA1,CA23,-0.5242452529143958,Control,mountains
195,A,198,83,3,CA1,CA23,-0.1031931127097725,Control,mountains
206,A,209,83,3,CA1,CA23,-0.3067250149539466,Control,mountains
215,A,218,83,3,CA1,CA23,0.9068866981831648,Control,mountains
229,A,232,83,3,CA1,CA23,-0.1266405792954484,Control,bridges
15,A,18,83,4,CA1,CA23,-0.3546567352701746,Control,bridges
23,A,26,83,4,CA1,CA23,-0.1956386902970577,Control,bridges
39,A,42,83,4,CA1,CA23,-0.451356105898381,Control,bridges
62,A,65,83,4,CA1,CA23,0.7962576821055738,Control,waterfalls
70,A,73,83,4,CA1,CA23,0.2029799034332083,Control,waterfalls
77,A,80,83,4,CA1,CA23,0.6339261644912934,Control,mountains
89,A,92,83,4,CA1,CA23,-0.0847105872488342,Control,waterfalls
110,A,113,83,4,CA1,CA23,-3.753570658143608,Control,waterfalls
120,A,123,83,4,CA1,CA23,1.797393856992953,Control,bridges
129,A,132,83,4,CA1,CA23,0.5713795077337988,Control,waterfalls
147,A,150,83,4,CA1,CA23,0.1405062514747989,Control,mountains
154,A,157,83,4,CA1,CA23,-0.5554021724081004,Control,bridges
158,A,161,83,4,CA1,CA23,0.8415933770613815,Control,mountains
163,A,166,83,4,CA1,CA23,-0.0517781194036872,Control,waterfalls
172,A,175,83,4,CA1,CA23,-0.1208064281667905,Control,mountains
177,A,180,83,4,CA1,CA23,0.4229931748614448,Control,waterfalls
196,A,199,83,4,CA1,CA23,1.6320441123844596,Control,mountains
214,A,217,83,4,CA1,CA23,-0.8648772409570997,Control,bridges
221,A,224,83,4,CA1,CA23,-0.3498593166860548,Control,mountains
231,A,234,83,4,CA1,CA23,2.2896903792650507,Control,bridges
238,A,241,83,4,CA1,CA23,-0.0065359855424171,Control,mountains
8,A,11,84,2,CA1,CA23,0.4580528011040535,Stress,forests
23,A,26,84,2,CA1,CA23,1.3757196716785565,Stress,bridges
29,A,32,84,2,CA1,CA23,0.6080857118973271,Stress,deserts
40,A,43,84,2,CA1,CA23,-0.7816878884200552,Stress,forests
48,A,51,84,2,CA1,CA23,-0.6521626103368467,Stress,forests
55,A,58,84,2,CA1,CA23,-0.3129653505233779,Stress,forests
64,A,67,84,2,CA1,CA23,-1.3451930437121462,Stress,deserts
73,A,76,84,2,CA1,CA23,1.1628454097236751,Stress,bridges
103,A,106,84,2,CA1,CA23,0.2128197525613368,Stress,deserts
108,A,111,84,2,CA1,CA23,-0.2493819866863883,Stress,bridges
115,A,118,84,2,CA1,CA23,0.9280057774164256,Stress,forests
127,A,130,84,2,CA1,CA23,-0.8350258361465905,Stress,forests
135,A,138,84,2,CA1,CA23,1.2433719031690904,Stress,deserts
140,A,143,84,2,CA1,CA23,-1.2071630534309192,Stress,bridges
152,A,155,84,2,CA1,CA23,-2.41442980215657,Stress,deserts
172,A,175,84,2,CA1,CA23,-0.0079658965126702,Stress,deserts
182,A,185,84,2,CA1,CA23,-0.5338794068453091,Stress,bridges
199,A,202,84,2,CA1,CA23,0.6992338166964227,Stress,bridges
213,A,216,84,2,CA1,CA23,0.4707787606208645,Stress,bridges
223,A,226,84,2,CA1,CA23,0.5680332437086323,Stress,forests
233,A,236,84,2,CA1,CA23,0.3396312362386104,Stress,deserts
16,A,19,84,3,CA1,CA23,0.4789317687928978,Stress,deserts
30,A,33,84,3,CA1,CA23,0.0318529067239713,Stress,bridges
40,A,43,84,3,CA1,CA23,0.2154081064904781,Stress,deserts
49,A,52,84,3,CA1,CA23,-1.206230923754617,Stress,deserts
64,A,67,84,3,CA1,CA23,-0.1432165607646574,Stress,bridges
71,A,74,84,3,CA1,CA23,-0.0001005668749631,Stress,forests
86,A,89,84,3,CA1,CA23,-0.0007172298198834,Stress,bridges
92,A,95,84,3,CA1,CA23,1.7322325940480177,Stress,forests
102,A,105,84,3,CA1,CA23,-0.355209706599537,Stress,bridges
106,A,109,84,3,CA1,CA23,2.218810089517112,Stress,deserts
116,A,119,84,3,CA1,CA23,-0.0730766886339465,Stress,deserts
123,A,126,84,3,CA1,CA23,0.4642187934968103,Stress,bridges
127,A,130,84,3,CA1,CA23,1.2204847581920857,Stress,forests
149,A,152,84,3,CA1,CA23,-0.0958959414879087,Stress,deserts
161,A,164,84,3,CA1,CA23,0.2560014396404456,Stress,forests
166,A,169,84,3,CA1,CA23,-0.1210048280168895,Stress,deserts
192,A,195,84,3,CA1,CA23,0.1716639586107942,Stress,forests
209,A,212,84,3,CA1,CA23,-0.0526342700964311,Stress,forests
216,A,219,84,3,CA1,CA23,2.924248306488551,Stress,forests
226,A,229,84,3,CA1,CA23,2.3529422810787834,Stress,bridges
235,A,238,84,3,CA1,CA23,5.247867811985484,Stress,bridges
5,A,8,84,4,CA1,CA23,-0.0827803398241627,Stress,forests
18,A,21,84,4,CA1,CA23,-1.4035359514567882,Stress,deserts
23,A,26,84,4,CA1,CA23,-0.5226025497920583,Stress,forests
31,A,34,84,4,CA1,CA23,-0.023404594580038,Stress,deserts
43,A,46,84,4,CA1,CA23,0.2133498425898561,Stress,deserts
60,A,63,84,4,CA1,CA23,0.5048881480752645,Stress,forests
74,A,77,84,4,CA1,CA23,0.1805762843735983,Stress,bridges
83,A,86,84,4,CA1,CA23,-0.8363146815516492,Stress,bridges
89,A,92,84,4,CA1,CA23,-2.082580748449568,Stress,deserts
93,A,96,84,4,CA1,CA23,1.4958152535332323,Stress,bridges
125,A,128,84,4,CA1,CA23,8.452439866744708,Stress,deserts
133,A,136,84,4,CA1,CA23,1.626501810832298,Stress,bridges
151,A,154,84,4,CA1,CA23,1.2455235720871038,Stress,deserts
163,A,166,84,4,CA1,CA23,-0.1164106169284179,Stress,bridges
171,A,174,84,4,CA1,CA23,0.0387137642766428,Stress,forests
177,A,180,84,4,CA1,CA23,-0.1367687367823491,Stress,bridges
190,A,193,84,4,CA1,CA23,-0.0493168633480192,Stress,forests
195,A,198,84,4,CA1,CA23,0.002740235674903,Stress,bridges
203,A,206,84,4,CA1,CA23,-0.7193215848325918,Stress,forests
225,A,228,84,4,CA1,CA23,-0.0236722751247926,Stress,forests
234,A,237,84,4,CA1,CA23,0.6749491622343639,Stress,deserts
28,A,31,85,2,CA1,CA23,-0.1449938877508022,Stress,lighthouses
42,A,45,85,2,CA1,CA23,0.0977732162494011,Stress,parks
47,A,50,85,2,CA1,CA23,-0.385696617247907,Stress,lighthouses
57,A,60,85,2,CA1,CA23,2.498408277340219,Stress,parks
70,A,73,85,2,CA1,CA23,-0.5541359330723401,Stress,bridges
75,A,78,85,2,CA1,CA23,-0.6793351697985555,Stress,lighthouses
82,A,85,85,2,CA1,CA23,-0.4827872756613152,Stress,bridges
103,A,106,85,2,CA1,CA23,-0.0003395275692447,Stress,bridges
111,A,114,85,2,CA1,CA23,0.0098518577429191,Stress,lighthouses
117,A,120,85,2,CA1,CA23,0.0132633466751133,Stress,bridges
124,A,127,85,2,CA1,CA23,-0.2457058959467598,Stress,parks
132,A,135,85,2,CA1,CA23,0.9910195083058546,Stress,lighthouses
150,A,153,85,2,CA1,CA23,0.3522597057446943,Stress,bridges
155,A,158,85,2,CA1,CA23,0.1229730778845078,Stress,lighthouses
161,A,164,85,2,CA1,CA23,-0.3164688653848382,Stress,parks
179,A,182,85,2,CA1,CA23,0.4103410654983981,Stress,parks
185,A,188,85,2,CA1,CA23,-0.0915751470503199,Stress,bridges
198,A,201,85,2,CA1,CA23,0.0477115772765434,Stress,bridges
209,A,212,85,2,CA1,CA23,1.2449489635910285,Stress,parks
216,A,219,85,2,CA1,CA23,0.0197515769056332,Stress,lighthouses
235,A,238,85,2,CA1,CA23,0.3212592477579456,Stress,parks
9,A,12,85,3,CA1,CA23,-0.0009858706585452,Stress,lighthouses
15,A,18,85,3,CA1,CA23,1.0348009575062156,Stress,bridges
20,A,23,85,3,CA1,CA23,0.1413981886085489,Stress,parks
49,A,52,85,3,CA1,CA23,-1.9776755339573808,Stress,lighthouses
54,A,57,85,3,CA1,CA23,0.0542779501510216,Stress,parks
70,A,73,85,3,CA1,CA23,0.4171235552441649,Stress,bridges
81,A,84,85,3,CA1,CA23,-1.034098461636487,Stress,bridges
89,A,92,85,3,CA1,CA23,-0.2282132248223108,Stress,parks
95,A,98,85,3,CA1,CA23,0.1613037547220654,Stress,bridges
112,A,115,85,3,CA1,CA23,0.0931660322453352,Stress,parks
117,A,120,85,3,CA1,CA23,-0.4664262288076425,Stress,lighthouses
135,A,138,85,3,CA1,CA23,0.8944027738536732,Stress,bridges
140,A,143,85,3,CA1,CA23,1.0067622126402798,Stress,lighthouses
149,A,152,85,3,CA1,CA23,-0.1780749541214914,Stress,lighthouses
153,A,156,85,3,CA1,CA23,-0.0088834995378868,Stress,bridges
157,A,160,85,3,CA1,CA23,0.100384688726641,Stress,parks
166,A,169,85,3,CA1,CA23,0.092365466721349,Stress,bridges
172,A,175,85,3,CA1,CA23,0.8021078503009996,Stress,lighthouses
186,A,189,85,3,CA1,CA23,-3.658755963688988,Stress,parks
198,A,201,85,3,CA1,CA23,-0.1203866452361997,Stress,parks
229,A,232,85,3,CA1,CA23,-1.7139897861923203,Stress,lighthouses
7,A,10,85,4,CA1,CA23,0.4596400553319897,Stress,bridges
18,A,21,85,4,CA1,CA23,0.0086789854686543,Stress,lighthouses
27,A,30,85,4,CA1,CA23,0.4614453353368337,Stress,parks
33,A,36,85,4,CA1,CA23,-0.0080041580931877,Stress,lighthouses
50,A,53,85,4,CA1,CA23,4.573683507864283,Stress,lighthouses
55,A,58,85,4,CA1,CA23,-0.4309156606599643,Stress,bridges
60,A,63,85,4,CA1,CA23,-0.1842727922884806,Stress,lighthouses
72,A,75,85,4,CA1,CA23,-0.0692884227901031,Stress,parks
95,A,98,85,4,CA1,CA23,-0.801697745806163,Stress,parks
103,A,106,85,4,CA1,CA23,0.0010299350510456,Stress,parks
107,A,110,85,4,CA1,CA23,-0.1040115622257679,Stress,bridges
117,A,120,85,4,CA1,CA23,0.0252208383264656,Stress,bridges
140,A,143,85,4,CA1,CA23,-0.0026077078813882,Stress,lighthouses
156,A,159,85,4,CA1,CA23,2.7331802673872967,Stress,lighthouses
165,A,168,85,4,CA1,CA23,-0.1920067120612842,Stress,parks
174,A,177,85,4,CA1,CA23,0.6223687262106035,Stress,bridges
185,A,188,85,4,CA1,CA23,-0.3905276862930835,Stress,parks
200,A,203,85,4,CA1,CA23,0.8200873877945373,Stress,bridges
209,A,212,85,4,CA1,CA23,0.0570345488572658,Stress,bridges
222,A,225,85,4,CA1,CA23,0.0044668217538144,Stress,lighthouses
229,A,232,85,4,CA1,CA23,0.1146799262907443,Stress,parks
5,A,8,86,2,CA1,CA23,0.5121031463292005,Control,mountains
12,A,15,86,2,CA1,CA23,-0.2182892739605943,Control,waterfalls
25,A,28,86,2,CA1,CA23,3.5968241954525024,Control,waterfalls
29,A,32,86,2,CA1,CA23,1.77671666245112,Control,lakes
47,A,50,86,2,CA1,CA23,0.3431177825340364,Control,mountains
56,A,59,86,2,CA1,CA23,4.865757355112914,Control,mountains
67,A,70,86,2,CA1,CA23,-0.1226197906575449,Control,waterfalls
73,A,76,86,2,CA1,CA23,0.303587896912026,Control,lakes
88,A,91,86,2,CA1,CA23,1.5657200725760254,Control,lakes
111,A,114,86,2,CA1,CA23,0.1965282810128979,Control,mountains
124,A,127,86,2,CA1,CA23,-0.6899625544468192,Control,mountains
140,A,143,86,2,CA1,CA23,-0.0773038127009676,Control,lakes
146,A,149,86,2,CA1,CA23,-0.4277481972951573,Control,waterfalls
157,A,160,86,2,CA1,CA23,0.1448106696934561,Control,lakes
168,A,171,86,2,CA1,CA23,0.2893230973560144,Control,mountains
176,A,179,86,2,CA1,CA23,-0.797717175448662,Control,lakes
191,A,194,86,2,CA1,CA23,-0.4708896500818426,Control,waterfalls
197,A,200,86,2,CA1,CA23,2.5975379456722643e-05,Control,mountains
210,A,213,86,2,CA1,CA23,0.4159466773415456,Control,lakes
217,A,220,86,2,CA1,CA23,0.1733083673210768,Control,waterfalls
227,A,230,86,2,CA1,CA23,0.1023230632624771,Control,waterfalls
5,A,8,86,3,CA1,CA23,1.397263383115329,Control,waterfalls
22,A,25,86,3,CA1,CA23,-0.634803099847737,Control,waterfalls
33,A,36,86,3,CA1,CA23,-0.5661629702029954,Control,mountains
38,A,41,86,3,CA1,CA23,0.1580707644419257,Control,lakes
46,A,49,86,3,CA1,CA23,0.0291384034187267,Control,mountains
57,A,60,86,3,CA1,CA23,-0.0022715415090723,Control,mountains
66,A,69,86,3,CA1,CA23,2.2868460894747208e-05,Control,lakes
81,A,84,86,3,CA1,CA23,-0.0335631067825916,Control,waterfalls
87,A,90,86,3,CA1,CA23,-0.761159675511417,Control,lakes
98,A,101,86,3,CA1,CA23,-0.6096626501170106,Control,waterfalls
111,A,114,86,3,CA1,CA23,-0.1016349698665857,Control,waterfalls
120,A,123,86,3,CA1,CA23,1.472936332557613,Control,lakes
126,A,129,86,3,CA1,CA23,-0.1810425026062385,Control,mountains
138,A,141,86,3,CA1,CA23,-0.2812887748667858,Control,mountains
148,A,151,86,3,CA1,CA23,-0.3107363807112958,Control,lakes
194,A,197,86,3,CA1,CA23,-0.0293722082507378,Control,mountains
202,A,205,86,3,CA1,CA23,0.0119020370230026,Control,waterfalls
209,A,212,86,3,CA1,CA23,0.0439056624812535,Control,mountains
216,A,219,86,3,CA1,CA23,0.0192944125042814,Control,lakes
226,A,229,86,3,CA1,CA23,0.002438408676626,Control,waterfalls
236,A,239,86,3,CA1,CA23,-1.2758908365968538,Control,lakes
11,A,14,86,4,CA1,CA23,-0.1839408600194212,Control,mountains
25,A,28,86,4,CA1,CA23,0.1436118624755513,Control,lakes
31,A,34,86,4,CA1,CA23,0.4355313379374367,Control,waterfalls
38,A,41,86,4,CA1,CA23,2.953447670217159,Control,lakes
46,A,49,86,4,CA1,CA23,0.1196649521547986,Control,waterfalls
63,A,66,86,4,CA1,CA23,0.0036186401393379,Control,lakes
78,A,81,86,4,CA1,CA23,0.0124129660776047,Control,waterfalls
83,A,86,86,4,CA1,CA23,-0.2702455666529404,Control,lakes
114,A,117,86,4,CA1,CA23,-0.0056801765359984,Control,mountains
128,A,131,86,4,CA1,CA23,-0.2651488265437995,Control,lakes
137,A,140,86,4,CA1,CA23,0.3906168126406753,Control,waterfalls
145,A,148,86,4,CA1,CA23,-1.0779047786185456,Control,mountains
157,A,160,86,4,CA1,CA23,-0.0474328806331401,Control,mountains
164,A,167,86,4,CA1,CA23,-0.7705283940003353,Control,waterfalls
176,A,179,86,4,CA1,CA23,0.9144769520611176,Control,waterfalls
198,A,201,86,4,CA1,CA23,2.2988121321205464,Control,waterfalls
204,A,207,86,4,CA1,CA23,0.002921860003391,Control,lakes
208,A,211,86,4,CA1,CA23,0.0504999339261222,Control,mountains
223,A,226,86,4,CA1,CA23,0.359606489241318,Control,mountains
229,A,232,86,4,CA1,CA23,0.2629154929951915,Control,lakes
235,A,238,86,4,CA1,CA23,4.244980805789509,Control,mountains
11,A,14,87,2,CA1,CA23,-0.0688093986285697,Control,mountains
19,A,22,87,2,CA1,CA23,0.0473566567776268,Control,canyons
25,A,28,87,2,CA1,CA23,0.6007784947263359,Control,mountains
34,A,37,87,2,CA1,CA23,-0.9522007107336052,Control,marshes
51,A,54,87,2,CA1,CA23,-1.27962125864742,Control,marshes
68,A,71,87,2,CA1,CA23,-0.3414370308349103,Control,mountains
75,A,78,87,2,CA1,CA23,0.911340939330124,Control,marshes
85,A,88,87,2,CA1,CA23,0.1027227015550986,Control,mountains
94,A,97,87,2,CA1,CA23,0.0188674463989993,Control,canyons
108,A,111,87,2,CA1,CA23,-0.1261398241346661,Control,mountains
119,A,122,87,2,CA1,CA23,0.0035055458218131,Control,canyons
133,A,136,87,2,CA1,CA23,-0.3980081285418041,Control,canyons
152,A,155,87,2,CA1,CA23,0.0565803511963798,Control,marshes
160,A,163,87,2,CA1,CA23,-0.1698270796656462,Control,canyons
174,A,177,87,2,CA1,CA23,-0.3945469770219669,Control,canyons
192,A,195,87,2,CA1,CA23,0.5077610394019911,Control,mountains
197,A,200,87,2,CA1,CA23,0.0256141760406628,Control,marshes
203,A,206,87,2,CA1,CA23,0.1813318272773779,Control,canyons
219,A,222,87,2,CA1,CA23,0.3885539545327105,Control,marshes
229,A,232,87,2,CA1,CA23,-0.0142610158093932,Control,mountains
236,A,239,87,2,CA1,CA23,-1.1397743016971758,Control,marshes
12,A,15,87,3,CA1,CA23,0.2376651731630566,Control,mountains
22,A,25,87,3,CA1,CA23,0.0182493505291363,Control,mountains
28,A,31,87,3,CA1,CA23,-0.2062095149698425,Control,canyons
35,A,38,87,3,CA1,CA23,-0.1712254282768166,Control,mountains
48,A,51,87,3,CA1,CA23,0.903646211055664,Control,canyons
57,A,60,87,3,CA1,CA23,0.680516256281783,Control,mountains
63,A,66,87,3,CA1,CA23,0.0002005381346131,Control,canyons
85,A,88,87,3,CA1,CA23,0.2112389906502472,Control,mountains
100,A,103,87,3,CA1,CA23,-0.7141673828666902,Control,marshes
106,A,109,87,3,CA1,CA23,-0.1743815054305767,Control,canyons
115,A,118,87,3,CA1,CA23,0.3228754021157207,Control,marshes
128,A,131,87,3,CA1,CA23,-0.1760413005428809,Control,marshes
134,A,137,87,3,CA1,CA23,0.9029718961276808,Control,canyons
141,A,144,87,3,CA1,CA23,0.7282886779203716,Control,mountains
167,A,170,87,3,CA1,CA23,0.0612125588583883,Control,marshes
173,A,176,87,3,CA1,CA23,0.4099419227355295,Control,mountains
177,A,180,87,3,CA1,CA23,0.0119892051329748,Control,canyons
190,A,193,87,3,CA1,CA23,-0.7813831929303783,Control,canyons
200,A,203,87,3,CA1,CA23,0.3226656855411692,Control,marshes
214,A,217,87,3,CA1,CA23,-0.8620838492512197,Control,marshes
229,A,232,87,3,CA1,CA23,0.0705226175943108,Control,marshes
18,A,21,87,4,CA1,CA23,-2.070768816585951,Control,mountains
29,A,32,87,4,CA1,CA23,-0.6926786801540809,Control,marshes
43,A,46,87,4,CA1,CA23,-0.3119541080454242,Control,canyons
54,A,57,87,4,CA1,CA23,0.2277510147812197,Control,mountains
63,A,66,87,4,CA1,CA23,-0.0306451483909122,Control,marshes
71,A,74,87,4,CA1,CA23,0.6040447820028909,Control,canyons
76,A,79,87,4,CA1,CA23,-0.1673770511806928,Control,marshes
97,A,100,87,4,CA1,CA23,0.75544291777121,Control,mountains
101,A,104,87,4,CA1,CA23,-0.067729597846839,Control,canyons
109,A,112,87,4,CA1,CA23,0.922867605465828,Control,canyons
118,A,121,87,4,CA1,CA23,0.752608507206513,Control,marshes
124,A,127,87,4,CA1,CA23,1.3607458378347197,Control,mountains
132,A,135,87,4,CA1,CA23,1.3577682382486915,Control,marshes
136,A,139,87,4,CA1,CA23,-0.0091406468846257,Control,canyons
153,A,156,87,4,CA1,CA23,4.0825768453727145,Control,marshes
172,A,175,87,4,CA1,CA23,1.22475540299243,Control,mountains
186,A,189,87,4,CA1,CA23,0.1921825929225633,Control,marshes
193,A,196,87,4,CA1,CA23,0.0119504216946383,Control,canyons
207,A,210,87,4,CA1,CA23,-0.54489980051719,Control,canyons
219,A,222,87,4,CA1,CA23,2.041016178099271,Control,mountains
237,A,240,87,4,CA1,CA23,0.4328309243323087,Control,mountains
13,A,16,88,2,CA1,CA23,-0.0091651556677566,Stress,parks
19,A,22,88,2,CA1,CA23,0.2192520210529182,Stress,canyons
32,A,35,88,2,CA1,CA23,2.681465989813965,Stress,fields
41,A,44,88,2,CA1,CA23,-0.0072805503152425,Stress,fields
48,A,51,88,2,CA1,CA23,0.1670637877114858,Stress,fields
56,A,59,88,2,CA1,CA23,-0.9842579819821292,Stress,parks
71,A,74,88,2,CA1,CA23,-0.6360359212145016,Stress,fields
76,A,79,88,2,CA1,CA23,-2.8808902517801034,Stress,canyons
86,A,89,88,2,CA1,CA23,-0.2510169369787041,Stress,canyons
94,A,97,88,2,CA1,CA23,-0.8012049777622985,Stress,fields
106,A,109,88,2,CA1,CA23,0.0715352019400679,Stress,parks
129,A,132,88,2,CA1,CA23,-0.0161453077777501,Stress,parks
136,A,139,88,2,CA1,CA23,-0.0096834295967743,Stress,canyons
148,A,151,88,2,CA1,CA23,-0.1126721202734453,Stress,canyons
154,A,157,88,2,CA1,CA23,-1.3396051550871817,Stress,parks
189,A,192,88,2,CA1,CA23,0.1778333121555103,Stress,parks
201,A,204,88,2,CA1,CA23,0.6273168504392177,Stress,canyons
208,A,211,88,2,CA1,CA23,-1.0664370440999862,Stress,fields
219,A,222,88,2,CA1,CA23,1.1311597650924194,Stress,canyons
225,A,228,88,2,CA1,CA23,0.2531356495217822,Stress,parks
230,A,233,88,2,CA1,CA23,0.2900558565201009,Stress,fields
11,A,14,88,3,CA1,CA23,-0.0009181493745318,Stress,fields
20,A,23,88,3,CA1,CA23,-0.068022662937305,Stress,canyons
44,A,47,88,3,CA1,CA23,-0.7607157583252288,Stress,parks
51,A,54,88,3,CA1,CA23,0.2906714564523905,Stress,fields
57,A,60,88,3,CA1,CA23,0.0837705494946826,Stress,canyons
69,A,72,88,3,CA1,CA23,0.964503170091854,Stress,canyons
79,A,82,88,3,CA1,CA23,-0.6972187346651179,Stress,parks
93,A,96,88,3,CA1,CA23,1.05103209173126,Stress,canyons
106,A,109,88,3,CA1,CA23,-0.8938623727728899,Stress,fields
114,A,117,88,3,CA1,CA23,1.5699457320274155,Stress,parks
120,A,123,88,3,CA1,CA23,0.3581250067622817,Stress,fields
124,A,127,88,3,CA1,CA23,1.264588227697723,Stress,canyons
131,A,134,88,3,CA1,CA23,0.0121996360407759,Stress,parks
153,A,156,88,3,CA1,CA23,0.0892470753241859,Stress,fields
159,A,162,88,3,CA1,CA23,-0.4993217252449558,Stress,canyons
165,A,168,88,3,CA1,CA23,1.4686274467859883,Stress,parks
183,A,186,88,3,CA1,CA23,-0.0214579826342175,Stress,parks
194,A,197,88,3,CA1,CA23,-0.244968242596187,Stress,fields
209,A,212,88,3,CA1,CA23,0.3927416127567253,Stress,canyons
230,A,233,88,3,CA1,CA23,0.6858860884468547,Stress,fields
234,A,237,88,3,CA1,CA23,-1.7579900248090785,Stress,parks
5,A,8,88,4,CA1,CA23,-0.3053146027117179,Stress,parks
15,A,18,88,4,CA1,CA23,0.0548029330671749,Stress,canyons
19,A,22,88,4,CA1,CA23,-1.102605409662733,Stress,fields
28,A,31,88,4,CA1,CA23,0.0050270977968516,Stress,fields
41,A,44,88,4,CA1,CA23,-2.647425018885508,Stress,fields
46,A,49,88,4,CA1,CA23,1.065668844144514,Stress,canyons
54,A,57,88,4,CA1,CA23,-2.2035118317020834,Stress,canyons
62,A,65,88,4,CA1,CA23,0.0793946718013818,Stress,parks
72,A,75,88,4,CA1,CA23,0.0071740168549691,Stress,canyons
89,A,92,88,4,CA1,CA23,-1.0117999767013277,Stress,parks
98,A,101,88,4,CA1,CA23,-0.7828785280946171,Stress,parks
115,A,118,88,4,CA1,CA23,0.463702809590618,Stress,parks
120,A,123,88,4,CA1,CA23,1.7833437776841652,Stress,fields
126,A,129,88,4,CA1,CA23,0.1014948946488116,Stress,parks
133,A,136,88,4,CA1,CA23,0.0111124889537076,Stress,canyons
147,A,150,88,4,CA1,CA23,0.4165129602328173,Stress,canyons
174,A,177,88,4,CA1,CA23,8.493708425219438e-05,Stress,fields
181,A,184,88,4,CA1,CA23,2.133794517936537,Stress,fields
199,A,202,88,4,CA1,CA23,-0.7485946605476156,Stress,parks
209,A,212,88,4,CA1,CA23,2.126772618142274,Stress,canyons
231,A,234,88,4,CA1,CA23,0.0153647158569283,Stress,fields
14,A,17,89,2,CA1,CA23,-0.1223673173434202,Control,beaches
21,A,24,89,2,CA1,CA23,-0.023029319944361,Control,deserts
29,A,32,89,2,CA1,CA23,0.2886693805795333,Control,deserts
51,A,54,89,2,CA1,CA23,2.676093836742675,Control,beaches
58,A,61,89,2,CA1,CA23,0.0295771993224928,Control,bridges
64,A,67,89,2,CA1,CA23,2.939358356760048,Control,deserts
73,A,76,89,2,CA1,CA23,0.0538342210035375,Control,bridges
81,A,84,89,2,CA1,CA23,0.1826160840798349,Control,beaches
97,A,100,89,2,CA1,CA23,0.8386175728198729,Control,deserts
102,A,105,89,2,CA1,CA23,0.4268896297770488,Control,beaches
114,A,117,89,2,CA1,CA23,0.0867895865709864,Control,beaches
127,A,130,89,2,CA1,CA23,0.534124600967538,Control,beaches
136,A,139,89,2,CA1,CA23,-0.6990651756874448,Control,deserts
143,A,146,89,2,CA1,CA23,0.5310962139962312,Control,deserts
151,A,154,89,2,CA1,CA23,-0.3858287547008964,Control,bridges
181,A,184,89,2,CA1,CA23,0.4975634127292258,Control,bridges
189,A,192,89,2,CA1,CA23,0.0107265590340905,Control,deserts
198,A,201,89,2,CA1,CA23,-0.0825994825896758,Control,bridges
212,A,215,89,2,CA1,CA23,-0.2359537785082112,Control,beaches
219,A,222,89,2,CA1,CA23,-0.2416780722462059,Control,bridges
235,A,238,89,2,CA1,CA23,0.025079971525507,Control,bridges
7,A,10,89,3,CA1,CA23,0.0186727382125515,Control,beaches
28,A,31,89,3,CA1,CA23,0.0195419350262059,Control,bridges
35,A,38,89,3,CA1,CA23,-0.0005415366603569,Control,bridges
45,A,48,89,3,CA1,CA23,-0.2628219409107473,Control,beaches
53,A,56,89,3,CA1,CA23,0.1459933157978289,Control,beaches
65,A,68,89,3,CA1,CA23,-0.6636048518445634,Control,bridges
79,A,82,89,3,CA1,CA23,-0.1463648141765407,Control,bridges
87,A,90,89,3,CA1,CA23,1.3468819960511549,Control,deserts
111,A,114,89,3,CA1,CA23,0.0701561617363083,Control,beaches
124,A,127,89,3,CA1,CA23,-1.052651113099015,Control,bridges
128,A,131,89,3,CA1,CA23,0.7264209760371261,Control,deserts
139,A,142,89,3,CA1,CA23,-0.1122228296494346,Control,beaches
145,A,148,89,3,CA1,CA23,-0.8931131993207881,Control,deserts
159,A,162,89,3,CA1,CA23,0.4008134757235392,Control,deserts
167,A,170,89,3,CA1,CA23,1.0161053174145114,Control,beaches
173,A,176,89,3,CA1,CA23,0.0551426371074883,Control,bridges
183,A,186,89,3,CA1,CA23,0.1935111590531734,Control,deserts
193,A,196,89,3,CA1,CA23,0.1127349307395831,Control,bridges
208,A,211,89,3,CA1,CA23,0.1031211920184217,Control,beaches
220,A,223,89,3,CA1,CA23,3.710705304498213,Control,deserts
229,A,232,89,3,CA1,CA23,-1.352141172586021,Control,deserts
8,A,11,89,4,CA1,CA23,-0.6413718073523045,Control,bridges
14,A,17,89,4,CA1,CA23,-0.0635459020803872,Control,beaches
37,A,40,89,4,CA1,CA23,0.0687421435650132,Control,bridges
42,A,45,89,4,CA1,CA23,2.6002134857133514,Control,deserts
62,A,65,89,4,CA1,CA23,0.8768734469944574,Control,beaches
75,A,78,89,4,CA1,CA23,-0.284849457705171,Control,bridges
81,A,84,89,4,CA1,CA23,-0.4152393243325165,Control,deserts
90,A,93,89,4,CA1,CA23,0.8820198471512222,Control,beaches
94,A,97,89,4,CA1,CA23,0.4040985419247549,Control,bridges
107,A,110,89,4,CA1,CA23,0.1349419675485244,Control,bridges
120,A,123,89,4,CA1,CA23,1.4282137954418823,Control,beaches
136,A,139,89,4,CA1,CA23,0.1042712189357521,Control,deserts
145,A,148,89,4,CA1,CA23,0.699872297430768,Control,deserts
164,A,167,89,4,CA1,CA23,1.405044971402952,Control,deserts
183,A,186,89,4,CA1,CA23,1.9135058189661829,Control,beaches
190,A,193,89,4,CA1,CA23,-0.2588992543400724,Control,bridges
202,A,205,89,4,CA1,CA23,-0.1628215349825,Control,deserts
209,A,212,89,4,CA1,CA23,-0.6247231280644189,Control,beaches
214,A,217,89,4,CA1,CA23,0.7667120815421913,Control,deserts
230,A,233,89,4,CA1,CA23,-0.0798490606969994,Control,beaches
237,A,240,89,4,CA1,CA23,-0.0130725256121897,Control,bridges
5,A,8,90,2,CA1,CA23,0.0008011870922118,Stress,mountains
35,A,38,90,2,CA1,CA23,-0.7146643911204138,Stress,beaches
47,A,50,90,2,CA1,CA23,-1.4471695326124483,Stress,mountains
57,A,60,90,2,CA1,CA23,-0.7918479173683983,Stress,beaches
64,A,67,90,2,CA1,CA23,-1.0941824170160022,Stress,mountains
82,A,85,90,2,CA1,CA23,-0.1122034306937071,Stress,beaches
90,A,93,90,2,CA1,CA23,0.7577485365746089,Stress,canyons
102,A,105,90,2,CA1,CA23,1.000125244110392,Stress,canyons
113,A,116,90,2,CA1,CA23,-0.8193905802532478,Stress,beaches
120,A,123,90,2,CA1,CA23,0.3226209907783885,Stress,beaches
130,A,133,90,2,CA1,CA23,-0.0451230713256465,Stress,canyons
149,A,152,90,2,CA1,CA23,-0.5333997805126236,Stress,mountains
158,A,161,90,2,CA1,CA23,-0.3667694420650521,Stress,beaches
163,A,166,90,2,CA1,CA23,-0.0061715052866149,Stress,canyons
174,A,177,90,2,CA1,CA23,-0.262736033276768,Stress,canyons
180,A,183,90,2,CA1,CA23,0.1865830931280566,Stress,mountains
198,A,201,90,2,CA1,CA23,-0.14632185814947,Stress,canyons
210,A,213,90,2,CA1,CA23,-0.4888405354434647,Stress,mountains
226,A,229,90,2,CA1,CA23,0.5670829155973043,Stress,beaches
231,A,234,90,2,CA1,CA23,-0.0170964025583686,Stress,canyons
236,A,239,90,2,CA1,CA23,-0.0253093599588677,Stress,mountains
11,A,14,90,3,CA1,CA23,-0.5443139769252976,Stress,canyons
22,A,25,90,3,CA1,CA23,0.4834372927151953,Stress,mountains
29,A,32,90,3,CA1,CA23,0.6354803000559559,Stress,mountains
38,A,41,90,3,CA1,CA23,-0.4183797672671727,Stress,canyons
48,A,51,90,3,CA1,CA23,0.000849602808413,Stress,canyons
59,A,62,90,3,CA1,CA23,0.6939429086132904,Stress,beaches
64,A,67,90,3,CA1,CA23,-0.1388325546654875,Stress,mountains
73,A,76,90,3,CA1,CA23,0.0784718141147407,Stress,beaches
87,A,90,90,3,CA1,CA23,0.9513690034504994,Stress,canyons
105,A,108,90,3,CA1,CA23,-0.216464499587867,Stress,canyons
110,A,113,90,3,CA1,CA23,-0.5822792760622251,Stress,beaches
129,A,132,90,3,CA1,CA23,1.4500874604868654,Stress,mountains
146,A,149,90,3,CA1,CA23,0.3154954153797972,Stress,canyons
156,A,159,90,3,CA1,CA23,6.720513112292823,Stress,beaches
172,A,175,90,3,CA1,CA23,2.1262610731825946,Stress,mountains
198,A,201,90,3,CA1,CA23,1.725432380974084,Stress,beaches
209,A,212,90,3,CA1,CA23,1.1998323382344245,Stress,beaches
215,A,218,90,3,CA1,CA23,0.4645630314189457,Stress,mountains
223,A,226,90,3,CA1,CA23,0.3988008029330665,Stress,mountains
227,A,230,90,3,CA1,CA23,1.8002239212763669,Stress,canyons
234,A,237,90,3,CA1,CA23,-0.6563310484381132,Stress,beaches
11,A,14,90,4,CA1,CA23,5.160691322360857,Stress,mountains
53,A,56,90,4,CA1,CA23,-0.2219278591310464,Stress,beaches
63,A,66,90,4,CA1,CA23,-0.0230911330332592,Stress,canyons
70,A,73,90,4,CA1,CA23,-0.0802639178429794,Stress,canyons
79,A,82,90,4,CA1,CA23,0.4375972836902397,Stress,beaches
86,A,89,90,4,CA1,CA23,0.2638599194256517,Stress,mountains
91,A,94,90,4,CA1,CA23,-2.9398939377371462,Stress,beaches
96,A,99,90,4,CA1,CA23,1.423698422844117,Stress,canyons
108,A,111,90,4,CA1,CA23,0.9174079779301249,Stress,canyons
114,A,117,90,4,CA1,CA23,0.3221970621357848,Stress,mountains
129,A,132,90,4,CA1,CA23,3.05291778131318,Stress,beaches
140,A,143,90,4,CA1,CA23,0.0008306460109883,Stress,mountains
151,A,154,90,4,CA1,CA23,-0.0314694462150409,Stress,mountains
169,A,172,90,4,CA1,CA23,-0.1180426218707103,Stress,mountains
178,A,181,90,4,CA1,CA23,0.3778957772699302,Stress,beaches
195,A,198,90,4,CA1,CA23,2.2095893393068864,Stress,canyons
205,A,208,90,4,CA1,CA23,0.000241911492691,Stress,beaches
210,A,213,90,4,CA1,CA23,0.0125950551536825,Stress,canyons
217,A,220,90,4,CA1,CA23,-0.0003631265948309,Stress,canyons
226,A,229,90,4,CA1,CA23,0.251306802934278,Stress,mountains
230,A,233,90,4,CA1,CA23,-0.2368899944393747,Stress,beaches
12,A,15,91,2,CA1,CA23,0.0927902541436287,Control,lakes
21,A,24,91,2,CA1,CA23,0.1902419512501104,Control,marshes
32,A,35,91,2,CA1,CA23,-0.1092102597616212,Control,marshes
52,A,55,91,2,CA1,CA23,1.1361564875997745,Control,bridges
65,A,68,91,2,CA1,CA23,2.4595007493402594,Control,bridges
70,A,73,91,2,CA1,CA23,-0.568895487393336,Control,lakes
87,A,90,91,2,CA1,CA23,-0.4367561819116667,Control,bridges
98,A,101,91,2,CA1,CA23,0.1011865074264631,Control,lakes
106,A,109,91,2,CA1,CA23,0.4445745892441888,Control,bridges
121,A,124,91,2,CA1,CA23,0.0004778904312087,Control,lakes
129,A,132,91,2,CA1,CA23,0.2985393239145054,Control,bridges
144,A,147,91,2,CA1,CA23,2.4135898981991017,Control,lakes
153,A,156,91,2,CA1,CA23,-0.0880226763815454,Control,bridges
158,A,161,91,2,CA1,CA23,-0.1130243625174148,Control,marshes
171,A,174,91,2,CA1,CA23,0.1010302759126417,Control,marshes
179,A,182,91,2,CA1,CA23,-0.4224390954182042,Control,marshes
194,A,197,91,2,CA1,CA23,0.0009405720917603,Control,bridges
198,A,201,91,2,CA1,CA23,4.020652940192543,Control,lakes
220,A,223,91,2,CA1,CA23,0.3762837236473357,Control,lakes
225,A,228,91,2,CA1,CA23,-0.8831180909841632,Control,marshes
233,A,236,91,2,CA1,CA23,-0.308815889661355,Control,marshes
5,A,8,91,3,CA1,CA23,-0.3372492080997483,Control,lakes
23,A,26,91,3,CA1,CA23,-1.730300862562144,Control,bridges
32,A,35,91,3,CA1,CA23,-0.7283761817440441,Control,lakes
48,A,51,91,3,CA1,CA23,0.2808881730258197,Control,lakes
58,A,61,91,3,CA1,CA23,-0.2622333647477151,Control,bridges
72,A,75,91,3,CA1,CA23,0.0007572580042003,Control,lakes
96,A,99,91,3,CA1,CA23,0.0797805374827125,Control,marshes
102,A,105,91,3,CA1,CA23,-0.8662749158412504,Control,lakes
109,A,112,91,3,CA1,CA23,-0.6546269297745135,Control,marshes
114,A,117,91,3,CA1,CA23,0.7546233862350277,Control,bridges
128,A,131,91,3,CA1,CA23,-0.1982951712476878,Control,bridges
143,A,146,91,3,CA1,CA23,-0.0576641736208291,Control,lakes
160,A,163,91,3,CA1,CA23,3.375306641857315,Control,marshes
166,A,169,91,3,CA1,CA23,1.572698416307727,Control,lakes
172,A,175,91,3,CA1,CA23,-1.0720225086536082,Control,marshes
181,A,184,91,3,CA1,CA23,-0.0631921839664752,Control,bridges
200,A,203,91,3,CA1,CA23,-0.3463851266485232,Control,bridges
207,A,210,91,3,CA1,CA23,0.3394746539080113,Control,marshes
215,A,218,91,3,CA1,CA23,-1.5376571517421882,Control,bridges
225,A,228,91,3,CA1,CA23,0.0040583438801219,Control,marshes
238,A,241,91,3,CA1,CA23,0.1354341933933835,Control,marshes
5,A,8,91,4,CA1,CA23,0.405147205618061,Control,bridges
13,A,16,91,4,CA1,CA23,-0.4590800049019751,Control,bridges
25,A,28,91,4,CA1,CA23,-0.7654796045326232,Control,lakes
32,A,35,91,4,CA1,CA23,-0.4172540511027204,Control,marshes
48,A,51,91,4,CA1,CA23,-0.5942892419106705,Control,bridges
54,A,57,91,4,CA1,CA23,0.2572532261167691,Control,lakes
64,A,67,91,4,CA1,CA23,0.2712075494677271,Control,marshes
74,A,77,91,4,CA1,CA23,0.6559396184102808,Control,lakes
93,A,96,91,4,CA1,CA23,-1.217692855213813,Control,marshes
106,A,109,91,4,CA1,CA23,-0.1581789069732666,Control,bridges
115,A,118,91,4,CA1,CA23,0.0011199371397337,Control,lakes
127,A,130,91,4,CA1,CA23,-2.6978976906979804,Control,bridges
133,A,136,91,4,CA1,CA23,-0.003076110182077,Control,lakes
137,A,140,91,4,CA1,CA23,-0.0687274458061469,Control,marshes
151,A,154,91,4,CA1,CA23,-0.1551805067478117,Control,bridges
156,A,159,91,4,CA1,CA23,0.1082910789372523,Control,marshes
163,A,166,91,4,CA1,CA23,0.6685886285554903,Control,lakes
189,A,192,91,4,CA1,CA23,-0.2365893731650152,Control,marshes
203,A,206,91,4,CA1,CA23,0.0180888626847115,Control,lakes
226,A,229,91,4,CA1,CA23,-1.1839468225316796,Control,marshes
233,A,236,91,4,CA1,CA23,-0.6603033567787114,Control,bridges
24,A,27,92,2,CA1,CA23,-0.1901007719120819,Stress,lakes
33,A,36,92,2,CA1,CA23,2.9867106302214794,Stress,beaches
49,A,52,92,2,CA1,CA23,0.0026359096052674,Stress,beaches
61,A,64,92,2,CA1,CA23,0.4488696939117723,Stress,fields
66,A,69,92,2,CA1,CA23,-0.4712127841854249,Stress,lakes
79,A,82,92,2,CA1,CA23,0.1492938741089128,Stress,beaches
98,A,101,92,2,CA1,CA23,0.1324281779726201,Stress,fields
109,A,112,92,2,CA1,CA23,0.9275370104585636,Stress,fields
118,A,121,92,2,CA1,CA23,-0.5138526488215871,Stress,fields
129,A,132,92,2,CA1,CA23,1.3221520596358165,Stress,lakes
133,A,136,92,2,CA1,CA23,-0.1550743337456266,Stress,beaches
140,A,143,92,2,CA1,CA23,0.2560991079089184,Stress,fields
159,A,162,92,2,CA1,CA23,2.954232455915349,Stress,beaches
170,A,173,92,2,CA1,CA23,0.4629138928303561,Stress,lakes
178,A,181,92,2,CA1,CA23,0.1784701633614177,Stress,fields
186,A,189,92,2,CA1,CA23,-1.7836352063961387,Stress,lakes
203,A,206,92,2,CA1,CA23,-0.8961159032968574,Stress,lakes
208,A,211,92,2,CA1,CA23,-0.2686686016522542,Stress,fields
212,A,215,92,2,CA1,CA23,-0.0240137333423638,Stress,lakes
224,A,227,92,2,CA1,CA23,-0.0093328223817128,Stress,beaches
5,A,8,92,3,CA1,CA23,-0.572335674827641,Stress,beaches
16,A,19,92,3,CA1,CA23,2.190343232604803,Stress,fields
25,A,28,92,3,CA1,CA23,-0.2192205241859154,Stress,lakes
32,A,35,92,3,CA1,CA23,0.3208550364959708,Stress,fields
41,A,44,92,3,CA1,CA23,2.252793381791332,Stress,fields
59,A,62,92,3,CA1,CA23,-0.1418333982116889,Stress,beaches
69,A,72,92,3,CA1,CA23,0.4145174355055754,Stress,lakes
80,A,83,92,3,CA1,CA23,-0.0001794222458286,Stress,beaches
97,A,100,92,3,CA1,CA23,-0.1818900852110013,Stress,fields
112,A,115,92,3,CA1,CA23,0.3274025271518371,Stress,lakes
118,A,121,92,3,CA1,CA23,-0.30342409834421,Stress,fields
130,A,133,92,3,CA1,CA23,0.0125216501862178,Stress,lakes
145,A,148,92,3,CA1,CA23,-0.9548289919685016,Stress,lakes
150,A,153,92,3,CA1,CA23,0.0128116710240282,Stress,beaches
165,A,168,92,3,CA1,CA23,0.003291430899888,Stress,fields
171,A,174,92,3,CA1,CA23,-1.372302602992223,Stress,beaches
187,A,190,92,3,CA1,CA23,-0.1583278591691283,Stress,lakes
209,A,212,92,3,CA1,CA23,-0.8878142445104547,Stress,beaches
222,A,225,92,3,CA1,CA23,0.0855583647521032,Stress,fields
236,A,239,92,3,CA1,CA23,0.96322833324871,Stress,beaches
14,A,17,92,4,CA1,CA23,-0.1691086516282241,Stress,lakes
23,A,26,92,4,CA1,CA23,-0.7110009329273532,Stress,beaches
36,A,39,92,4,CA1,CA23,-2.0248584984876685,Stress,fields
46,A,49,92,4,CA1,CA23,0.3283307562426469,Stress,fields
56,A,59,92,4,CA1,CA23,-0.0842545460224272,Stress,fields
68,A,71,92,4,CA1,CA23,0.4406580655883041,Stress,lakes
78,A,81,92,4,CA1,CA23,-0.2147230416420754,Stress,beaches
90,A,93,92,4,CA1,CA23,0.0015844195913269,Stress,lakes
103,A,106,92,4,CA1,CA23,-0.9451245786604652,Stress,lakes
110,A,113,92,4,CA1,CA23,-0.0221647603527388,Stress,beaches
122,A,125,92,4,CA1,CA23,0.6174020313621894,Stress,lakes
141,A,144,92,4,CA1,CA23,0.005543241821369,Stress,beaches
148,A,151,92,4,CA1,CA23,-0.5058106545951112,Stress,lakes
182,A,185,92,4,CA1,CA23,0.9152611187553952,Stress,fields
207,A,210,92,4,CA1,CA23,0.0869749544638217,Stress,fields
214,A,217,92,4,CA1,CA23,2.7625638861153696,Stress,beaches
225,A,228,92,4,CA1,CA23,-0.0561750966974174,Stress,fields
229,A,232,92,4,CA1,CA23,1.2279558689974746,Stress,beaches
236,A,239,92,4,CA1,CA23,-1.7001122409337286,Stress,fields
15,A,18,93,2,CA1,CA23,0.951129963124917,Control,lighthouses
23,A,26,93,2,CA1,CA23,0.1596879101613352,Control,waterfalls
31,A,34,93,2,CA1,CA23,1.288853800826007,Control,parks
37,A,40,93,2,CA1,CA23,-1.115258374520993,Control,lighthouses
48,A,51,93,2,CA1,CA23,-0.2175371066753214,Control,waterfalls
58,A,61,93,2,CA1,CA23,0.4504403797008501,Control,lighthouses
69,A,72,93,2,CA1,CA23,0.3202682365258628,Control,lighthouses
77,A,80,93,2,CA1,CA23,5.498695853776427,Control,parks
84,A,87,93,2,CA1,CA23,-0.5498631430708711,Control,waterfalls
108,A,111,93,2,CA1,CA23,-0.0726002914814363,Control,waterfalls
131,A,134,93,2,CA1,CA23,0.0522196845115787,Control,parks
140,A,143,93,2,CA1,CA23,1.4515215431712292,Control,parks
149,A,152,93,2,CA1,CA23,1.0008610227548895,Control,lighthouses
160,A,163,93,2,CA1,CA23,0.5604065002832188,Control,parks
166,A,169,93,2,CA1,CA23,0.0003107294746485,Control,lighthouses
180,A,183,93,2,CA1,CA23,1.307583710404037,Control,waterfalls
191,A,194,93,2,CA1,CA23,0.1335957734154412,Control,lighthouses
203,A,206,93,2,CA1,CA23,0.264577532249218,Control,parks
223,A,226,93,2,CA1,CA23,0.2438586642799599,Control,waterfalls
230,A,233,93,2,CA1,CA23,-0.7388970606799689,Control,parks
19,A,22,93,3,CA1,CA23,0.0614480028649319,Control,waterfalls
24,A,27,93,3,CA1,CA23,0.3395722573697257,Control,parks
33,A,36,93,3,CA1,CA23,2.8734832098873557,Control,parks
41,A,44,93,3,CA1,CA23,-0.8220623985849878,Control,waterfalls
49,A,52,93,3,CA1,CA23,1.336248240887398,Control,parks
54,A,57,93,3,CA1,CA23,0.0715491596554521,Control,lighthouses
76,A,79,93,3,CA1,CA23,2.6479398959676783,Control,waterfalls
84,A,87,93,3,CA1,CA23,-0.2637624975166067,Control,parks
92,A,95,93,3,CA1,CA23,-0.0859835384722327,Control,waterfalls
99,A,102,93,3,CA1,CA23,1.9717836229076515,Control,lighthouses
121,A,124,93,3,CA1,CA23,6.146462072302421,Control,waterfalls
135,A,138,93,3,CA1,CA23,-0.0025407339114151,Control,lighthouses
145,A,148,93,3,CA1,CA23,1.575052997393238,Control,lighthouses
150,A,153,93,3,CA1,CA23,-0.9396727830043392,Control,parks
166,A,169,93,3,CA1,CA23,0.8284064915078468,Control,lighthouses
174,A,177,93,3,CA1,CA23,-0.8330207386537699,Control,lighthouses
185,A,188,93,3,CA1,CA23,-0.0011950301813021,Control,parks
191,A,194,93,3,CA1,CA23,0.0291851974003461,Control,waterfalls
217,A,220,93,3,CA1,CA23,-1.299693519062838,Control,parks
228,A,231,93,3,CA1,CA23,2.335001380525691,Control,lighthouses
236,A,239,93,3,CA1,CA23,-0.5953475937107231,Control,waterfalls
8,A,11,93,4,CA1,CA23,0.2259304791801269,Control,parks
27,A,30,93,4,CA1,CA23,-0.234981963489192,Control,parks
66,A,69,93,4,CA1,CA23,0.3463408941137424,Control,lighthouses
74,A,77,93,4,CA1,CA23,-0.438295964826683,Control,lighthouses
79,A,82,93,4,CA1,CA23,0.0560110470060157,Control,parks
84,A,87,93,4,CA1,CA23,-0.1472566455991356,Control,lighthouses
90,A,93,93,4,CA1,CA23,0.0642107512673662,Control,waterfalls
98,A,101,93,4,CA1,CA23,0.1569522157854146,Control,waterfalls
105,A,108,93,4,CA1,CA23,-0.8766216605867141,Control,parks
122,A,125,93,4,CA1,CA23,-0.2848086473344228,Control,parks
127,A,130,93,4,CA1,CA23,-0.5416290109909688,Control,waterfalls
139,A,142,93,4,CA1,CA23,0.2214997182801498,Control,waterfalls
146,A,149,93,4,CA1,CA23,-0.3486524370334838,Control,waterfalls
158,A,161,93,4,CA1,CA23,2.55628606827907,Control,waterfalls
164,A,167,93,4,CA1,CA23,0.0004393413941591,Control,lighthouses
171,A,174,93,4,CA1,CA23,-0.0193621362924384,Control,parks
177,A,180,93,4,CA1,CA23,1.200564124844623,Control,waterfalls
186,A,189,93,4,CA1,CA23,-0.5667477071827398,Control,parks
209,A,212,93,4,CA1,CA23,-0.2744782041978658,Control,lighthouses
219,A,222,93,4,CA1,CA23,0.0019517148549077,Control,lighthouses
231,A,234,93,4,CA1,CA23,-0.6159680828603742,Control,lighthouses
20,A,23,94,2,CA1,CA23,-0.0918890408738867,Control,marshes
27,A,30,94,2,CA1,CA23,-0.3689800398314217,Control,forests
31,A,34,94,2,CA1,CA23,-1.3140431355469664,Control,fields
58,A,61,94,2,CA1,CA23,0.3158783117398835,Control,forests
66,A,69,94,2,CA1,CA23,-0.3558680786889002,Control,forests
78,A,81,94,2,CA1,CA23,-0.0010933226739656,Control,fields
91,A,94,94,2,CA1,CA23,-0.1091463181591856,Control,marshes
98,A,101,94,2,CA1,CA23,0.0488701082594263,Control,forests
111,A,114,94,2,CA1,CA23,-0.0375744627856046,Control,marshes
115,A,118,94,2,CA1,CA23,-0.6463550703587282,Control,fields
121,A,124,94,2,CA1,CA23,2.469627961384356,Control,marshes
133,A,136,94,2,CA1,CA23,-1.4989379008820074,Control,forests
139,A,142,94,2,CA1,CA23,-0.0094341442965788,Control,fields
150,A,153,94,2,CA1,CA23,-0.5774457531821162,Control,forests
158,A,161,94,2,CA1,CA23,0.150673129302421,Control,fields
171,A,174,94,2,CA1,CA23,0.9934823318078274,Control,fields
202,A,205,94,2,CA1,CA23,-1.9552372935738809,Control,marshes
208,A,211,94,2,CA1,CA23,0.1048208978793396,Control,fields
220,A,223,94,2,CA1,CA23,0.0280645342486242,Control,marshes
227,A,230,94,2,CA1,CA23,-0.3589736607326159,Control,forests
5,A,8,94,3,CA1,CA23,1.9955546013266816,Control,fields
10,A,13,94,3,CA1,CA23,0.1812359401099,Control,marshes
21,A,24,94,3,CA1,CA23,0.0979750907687472,Control,forests
40,A,43,94,3,CA1,CA23,-0.3724436970812282,Control,forests
49,A,52,94,3,CA1,CA23,-0.0007260324006327,Control,marshes
58,A,61,94,3,CA1,CA23,1.1913243111738123,Control,forests
71,A,74,94,3,CA1,CA23,-0.3515795259520772,Control,fields
85,A,88,94,3,CA1,CA23,0.6967037311005709,Control,fields
105,A,108,94,3,CA1,CA23,1.5608412557665312,Control,marshes
111,A,114,94,3,CA1,CA23,1.1454520429365505,Control,fields
125,A,128,94,3,CA1,CA23,-0.183723681170601,Control,fields
157,A,160,94,3,CA1,CA23,0.7977652080726209,Control,fields
166,A,169,94,3,CA1,CA23,-0.5758807111001735,Control,marshes
171,A,174,94,3,CA1,CA23,1.137861204815096,Control,forests
197,A,200,94,3,CA1,CA23,4.057832387915612,Control,forests
208,A,211,94,3,CA1,CA23,1.189877127352034,Control,marshes
215,A,218,94,3,CA1,CA23,0.260250025790946,Control,forests
220,A,223,94,3,CA1,CA23,0.1656273338252843,Control,fields
224,A,227,94,3,CA1,CA23,0.454397974953709,Control,forests
233,A,236,94,3,CA1,CA23,2.918909023222456,Control,marshes
5,A,8,94,4,CA1,CA23,-1.8115260658308536,Control,forests
10,A,13,94,4,CA1,CA23,-0.4377182259268707,Control,marshes
27,A,30,94,4,CA1,CA23,0.3234800257372701,Control,forests
39,A,42,94,4,CA1,CA23,-0.2426538557887769,Control,fields
49,A,52,94,4,CA1,CA23,0.1197435113044285,Control,marshes
59,A,62,94,4,CA1,CA23,-0.5220436901535825,Control,fields
77,A,80,94,4,CA1,CA23,0.0893717080649367,Control,fields
96,A,99,94,4,CA1,CA23,-0.7155839111586303,Control,marshes
107,A,110,94,4,CA1,CA23,-3.087435351569757,Control,forests
113,A,116,94,4,CA1,CA23,-2.740457762216932,Control,marshes
142,A,145,94,4,CA1,CA23,3.34259995994769,Control,fields
148,A,151,94,4,CA1,CA23,0.0086554665724322,Control,forests
157,A,160,94,4,CA1,CA23,-0.4202421437066577,Control,fields
161,A,164,94,4,CA1,CA23,-0.0293810682275248,Control,forests
178,A,181,94,4,CA1,CA23,0.0647072592659382,Control,marshes
185,A,188,94,4,CA1,CA23,-4.4102104987721695,Control,fields
190,A,193,94,4,CA1,CA23,-0.9122321118591749,Control,marshes
195,A,198,94,4,CA1,CA23,-0.3423775185607938,Control,forests
203,A,206,94,4,CA1,CA23,-0.000130838235452,Control,forests
229,A,232,94,4,CA1,CA23,0.4607295094307265,Control,marshes
235,A,238,94,4,CA1,CA23,0.0141071050711571,Control,fields
7,A,10,95,2,CA1,CA23,0.990443514512818,Control,waterfalls
16,A,19,95,2,CA1,CA23,0.2992853173803009,Control,forests
32,A,35,95,2,CA1,CA23,-0.0866551258017488,Control,waterfalls
37,A,40,95,2,CA1,CA23,-0.9210453693325004,Control,deserts
67,A,70,95,2,CA1,CA23,-0.4744630037943058,Control,deserts
72,A,75,95,2,CA1,CA23,-0.1507578512052977,Control,forests
78,A,81,95,2,CA1,CA23,-0.4186144133379527,Control,waterfalls
84,A,87,95,2,CA1,CA23,-1.4531466249170435,Control,deserts
92,A,95,95,2,CA1,CA23,-0.0066033889368144,Control,forests
97,A,100,95,2,CA1,CA23,1.2502743305451272,Control,deserts
102,A,105,95,2,CA1,CA23,0.1494185196660324,Control,waterfalls
108,A,111,95,2,CA1,CA23,-1.863000605367661,Control,forests
118,A,121,95,2,CA1,CA23,1.2761721210184205,Control,deserts
133,A,136,95,2,CA1,CA23,1.2542085059898285,Control,waterfalls
144,A,147,95,2,CA1,CA23,0.8424438819231035,Control,deserts
157,A,160,95,2,CA1,CA23,0.0251980555991882,Control,forests
180,A,183,95,2,CA1,CA23,2.0580428360147827,Control,waterfalls
203,A,206,95,2,CA1,CA23,0.7312034224304129,Control,waterfalls
226,A,229,95,2,CA1,CA23,-0.0225493782957549,Control,forests
232,A,235,95,2,CA1,CA23,0.0589901429077202,Control,deserts
236,A,239,95,2,CA1,CA23,0.5757318219519659,Control,forests
5,A,8,95,3,CA1,CA23,-0.0345107770066336,Control,waterfalls
18,A,21,95,3,CA1,CA23,1.0490951200161325,Control,forests
29,A,32,95,3,CA1,CA23,-0.3405511271395143,Control,deserts
37,A,40,95,3,CA1,CA23,1.7140503600588366,Control,forests
56,A,59,95,3,CA1,CA23,-1.5476465292860635,Control,forests
64,A,67,95,3,CA1,CA23,0.8151491892090574,Control,waterfalls
69,A,72,95,3,CA1,CA23,0.0081794144731961,Control,deserts
75,A,78,95,3,CA1,CA23,0.120693644843431,Control,forests
91,A,94,95,3,CA1,CA23,-0.1467677885298619,Control,waterfalls
96,A,99,95,3,CA1,CA23,0.8516159932809828,Control,deserts
109,A,112,95,3,CA1,CA23,0.0218020305805424,Control,waterfalls
123,A,126,95,3,CA1,CA23,0.2208884424065392,Control,deserts
144,A,147,95,3,CA1,CA23,-0.7092736059968262,Control,forests
149,A,152,95,3,CA1,CA23,0.3823708115699375,Control,waterfalls
163,A,166,95,3,CA1,CA23,0.2968601059773568,Control,waterfalls
168,A,171,95,3,CA1,CA23,-1.7716554998088374,Control,forests
180,A,183,95,3,CA1,CA23,-0.4117686651973474,Control,forests
196,A,199,95,3,CA1,CA23,0.2854579962753127,Control,deserts
203,A,206,95,3,CA1,CA23,0.68095655194959,Control,waterfalls
213,A,216,95,3,CA1,CA23,0.1316180016208627,Control,deserts
237,A,240,95,3,CA1,CA23,0.1226072585267325,Control,deserts
10,A,13,95,4,CA1,CA23,1.0511711693387829,Control,deserts
24,A,27,95,4,CA1,CA23,-0.0049430896481849,Control,waterfalls
39,A,42,95,4,CA1,CA23,0.0411418329644228,Control,deserts
45,A,48,95,4,CA1,CA23,-0.1583981623442486,Control,forests
50,A,53,95,4,CA1,CA23,0.0770633231047226,Control,deserts
69,A,72,95,4,CA1,CA23,-0.0443107358141933,Control,waterfalls
80,A,83,95,4,CA1,CA23,-0.252199404327066,Control,waterfalls
89,A,92,95,4,CA1,CA23,0.0246277672531979,Control,forests
105,A,108,95,4,CA1,CA23,0.0001575207883782,Control,deserts
114,A,117,95,4,CA1,CA23,0.4935763193343397,Control,deserts
125,A,128,95,4,CA1,CA23,1.4678193088561982,Control,waterfalls
129,A,132,95,4,CA1,CA23,-0.1536050967358993,Control,deserts
149,A,152,95,4,CA1,CA23,-0.3764957060227025,Control,waterfalls
157,A,160,95,4,CA1,CA23,-1.394790614354514,Control,waterfalls
164,A,167,95,4,CA1,CA23,-0.0005139150325517,Control,waterfalls
171,A,174,95,4,CA1,CA23,-1.5753674226945125,Control,forests
181,A,184,95,4,CA1,CA23,1.4095316157229396,Control,forests
191,A,194,95,4,CA1,CA23,0.1349435271652493,Control,forests
210,A,213,95,4,CA1,CA23,2.768814922381204,Control,forests
219,A,222,95,4,CA1,CA23,-1.4754999996050095,Control,deserts
232,A,235,95,4,CA1,CA23,0.7872580076388485,Control,forests
15,A,18,96,2,CA1,CA23,-0.4970660523471719,Stress,forests
28,A,31,96,2,CA1,CA23,0.0197061192368661,Stress,forests
37,A,40,96,2,CA1,CA23,0.3275347108325255,Stress,deserts
54,A,57,96,2,CA1,CA23,0.0590965761593593,Stress,forests
86,A,89,96,2,CA1,CA23,-0.2234006016448153,Stress,lighthouses
95,A,98,96,2,CA1,CA23,-0.5597557677377254,Stress,forests
102,A,105,96,2,CA1,CA23,0.5606216520121277,Stress,lighthouses
112,A,115,96,2,CA1,CA23,3.957237059716482,Stress,deserts
125,A,128,96,2,CA1,CA23,1.78286051489639,Stress,lighthouses
134,A,137,96,2,CA1,CA23,-1.7179158082614532,Stress,deserts
138,A,141,96,2,CA1,CA23,-1.0628708018520945,Stress,forests
142,A,145,96,2,CA1,CA23,1.0435713503876058,Stress,lighthouses
147,A,150,96,2,CA1,CA23,-0.1353055996395324,Stress,deserts
153,A,156,96,2,CA1,CA23,-0.1964647958560187,Stress,forests
166,A,169,96,2,CA1,CA23,1.4352383309587415,Stress,lighthouses
179,A,182,96,2,CA1,CA23,0.2126247473745178,Stress,deserts
190,A,193,96,2,CA1,CA23,-1.17142993326157,Stress,forests
198,A,201,96,2,CA1,CA23,-0.1990791148439867,Stress,deserts
208,A,211,96,2,CA1,CA23,-0.0422015750507301,Stress,lighthouses
213,A,216,96,2,CA1,CA23,2.483534404136539,Stress,deserts
236,A,239,96,2,CA1,CA23,0.7666474975489594,Stress,lighthouses
18,A,21,96,3,CA1,CA23,-0.1745931785952654,Stress,lighthouses
32,A,35,96,3,CA1,CA23,0.7870726775785545,Stress,forests
47,A,50,96,3,CA1,CA23,-0.5732917029990404,Stress,forests
52,A,55,96,3,CA1,CA23,-0.3847066758499315,Stress,lighthouses
62,A,65,96,3,CA1,CA23,-3.594000731064072,Stress,forests
71,A,74,96,3,CA1,CA23,-0.0595497378981567,Stress,deserts
80,A,83,96,3,CA1,CA23,0.5170565988554868,Stress,deserts
88,A,91,96,3,CA1,CA23,-1.886004712267197,Stress,lighthouses
107,A,110,96,3,CA1,CA23,-0.3981404015016671,Stress,lighthouses
115,A,118,96,3,CA1,CA23,-0.0058832895333863,Stress,deserts
126,A,129,96,3,CA1,CA23,0.4133921186239719,Stress,forests
136,A,139,96,3,CA1,CA23,-0.3235832305336958,Stress,lighthouses
155,A,158,96,3,CA1,CA23,0.5092948726308539,Stress,forests
162,A,165,96,3,CA1,CA23,-0.5614447370294443,Stress,deserts
177,A,180,96,3,CA1,CA23,0.6331619540996246,Stress,lighthouses
183,A,186,96,3,CA1,CA23,-0.0330101583429973,Stress,forests
192,A,195,96,3,CA1,CA23,0.3874807834766859,Stress,forests
198,A,201,96,3,CA1,CA23,0.2275339154540215,Stress,lighthouses
216,A,219,96,3,CA1,CA23,-0.4561457442423053,Stress,deserts
225,A,228,96,3,CA1,CA23,-0.2101809276770688,Stress,deserts
234,A,237,96,3,CA1,CA23,-0.3306996626397053,Stress,deserts
5,A,8,96,4,CA1,CA23,-0.0072696091073976,Stress,forests
16,A,19,96,4,CA1,CA23,-0.6064799136933362,Stress,deserts
47,A,50,96,4,CA1,CA23,0.1781244212347836,Stress,forests
52,A,55,96,4,CA1,CA23,-0.8470380752325314,Stress,lighthouses
71,A,74,96,4,CA1,CA23,-0.017620445313419,Stress,lighthouses
82,A,85,96,4,CA1,CA23,1.0774496994007334,Stress,deserts
96,A,99,96,4,CA1,CA23,1.049373070548907,Stress,forests
111,A,114,96,4,CA1,CA23,-0.4173636481091538,Stress,deserts
125,A,128,96,4,CA1,CA23,1.3638057427127408,Stress,forests
138,A,141,96,4,CA1,CA23,-0.2477804841408325,Stress,deserts
145,A,148,96,4,CA1,CA23,-0.900316336602232,Stress,lighthouses
154,A,157,96,4,CA1,CA23,2.0402602007243225,Stress,deserts
160,A,163,96,4,CA1,CA23,0.1518427729372481,Stress,forests
165,A,168,96,4,CA1,CA23,-1.7490478280368575,Stress,lighthouses
176,A,179,96,4,CA1,CA23,2.069063863439429,Stress,lighthouses
184,A,187,96,4,CA1,CA23,-2.408536522585956,Stress,lighthouses
196,A,199,96,4,CA1,CA23,0.0328343107595512,Stress,lighthouses
201,A,204,96,4,CA1,CA23,1.8553691311063485,Stress,forests
216,A,219,96,4,CA1,CA23,0.968904133603078,Stress,deserts
230,A,233,96,4,CA1,CA23,0.3449297377675207,Stress,forests
236,A,239,96,4,CA1,CA23,2.7261024420540125,Stress,deserts
9,A,12,98,2,CA1,CA23,0.0622977220743538,Stress,lakes
19,A,22,98,2,CA1,CA23,-0.6006737231729398,Stress,marshes
49,A,52,98,2,CA1,CA23,0.0818307306792253,Stress,lakes
56,A,59,98,2,CA1,CA23,-0.0877694287145297,Stress,marshes
68,A,71,98,2,CA1,CA23,0.0018724905770163,Stress,lakes
77,A,80,98,2,CA1,CA23,-0.0754614462495723,Stress,marshes
88,A,91,98,2,CA1,CA23,0.30898093119926,Stress,canyons
106,A,109,98,2,CA1,CA23,-0.0002085425766417,Stress,lakes
112,A,115,98,2,CA1,CA23,-0.2343896373870396,Stress,canyons
116,A,119,98,2,CA1,CA23,0.0048678982588294,Stress,marshes
122,A,125,98,2,CA1,CA23,-0.0980696866576764,Stress,canyons
129,A,132,98,2,CA1,CA23,0.6491599627778801,Stress,lakes
142,A,145,98,2,CA1,CA23,0.7174169523965569,Stress,canyons
150,A,153,98,2,CA1,CA23,-0.154570849366512,Stress,lakes
157,A,160,98,2,CA1,CA23,0.0677840245584626,Stress,marshes
164,A,167,98,2,CA1,CA23,0.0010453474547506,Stress,canyons
175,A,178,98,2,CA1,CA23,-0.033087575962005,Stress,canyons
183,A,186,98,2,CA1,CA23,-0.3144654770087885,Stress,marshes
190,A,193,98,2,CA1,CA23,-1.3152310745318792,Stress,lakes
207,A,210,98,2,CA1,CA23,-0.1762885115660521,Stress,canyons
231,A,234,98,2,CA1,CA23,0.0008238807545186,Stress,marshes
11,A,14,98,3,CA1,CA23,0.2367752627586216,Stress,lakes
20,A,23,98,3,CA1,CA23,-0.4294215587069706,Stress,marshes
26,A,29,98,3,CA1,CA23,0.5812890873364558,Stress,lakes
35,A,38,98,3,CA1,CA23,-0.248719793275274,Stress,lakes
49,A,52,98,3,CA1,CA23,-0.0831733781240036,Stress,lakes
54,A,57,98,3,CA1,CA23,-0.0948796349432323,Stress,marshes
58,A,61,98,3,CA1,CA23,-0.5498381635815217,Stress,lakes
92,A,95,98,3,CA1,CA23,-0.0875733397955113,Stress,marshes
102,A,105,98,3,CA1,CA23,-0.0184116995026143,Stress,lakes
109,A,112,98,3,CA1,CA23,-1.3068219727462644,Stress,marshes
116,A,119,98,3,CA1,CA23,-0.4424450309318556,Stress,canyons
137,A,140,98,3,CA1,CA23,0.8710987344308581,Stress,canyons
147,A,150,98,3,CA1,CA23,-0.007093135599938,Stress,canyons
161,A,164,98,3,CA1,CA23,-3.2766314978804685,Stress,marshes
169,A,172,98,3,CA1,CA23,-0.7815740117096485,Stress,canyons
173,A,176,98,3,CA1,CA23,0.9666516097496552,Stress,marshes
183,A,186,98,3,CA1,CA23,-0.1781030772130948,Stress,marshes
191,A,194,98,3,CA1,CA23,6.10422744073074,Stress,lakes
202,A,205,98,3,CA1,CA23,0.1719464384267886,Stress,canyons
221,A,224,98,3,CA1,CA23,0.9415864612102376,Stress,canyons
9,A,12,98,4,CA1,CA23,-0.6876611083457003,Stress,lakes
18,A,21,98,4,CA1,CA23,-0.2587991120557951,Stress,lakes
27,A,30,98,4,CA1,CA23,0.8976990901711362,Stress,marshes
34,A,37,98,4,CA1,CA23,0.0196264859448974,Stress,lakes
60,A,63,98,4,CA1,CA23,-0.3043294675704026,Stress,lakes
68,A,71,98,4,CA1,CA23,-1.5235269805700402,Stress,lakes
85,A,88,98,4,CA1,CA23,0.0485383105555817,Stress,lakes
93,A,96,98,4,CA1,CA23,-0.7595353723314404,Stress,canyons
106,A,109,98,4,CA1,CA23,1.7846087142328453,Stress,canyons
124,A,127,98,4,CA1,CA23,1.147260381815825,Stress,marshes
128,A,131,98,4,CA1,CA23,-0.1609076750869345,Stress,canyons
137,A,140,98,4,CA1,CA23,1.381539163601818,Stress,marshes
149,A,152,98,4,CA1,CA23,-0.0051177334789688,Stress,marshes
158,A,161,98,4,CA1,CA23,0.6930343072715847,Stress,canyons
168,A,171,98,4,CA1,CA23,-0.1079590650369703,Stress,canyons
202,A,205,98,4,CA1,CA23,0.283310531622044,Stress,lakes
209,A,212,98,4,CA1,CA23,-0.1384378062092282,Stress,marshes
224,A,227,98,4,CA1,CA23,1.713718356589796,Stress,marshes
233,A,236,98,4,CA1,CA23,0.0374898462705345,Stress,marshes
237,A,240,98,4,CA1,CA23,0.0122120291964437,Stress,canyons
13,A,16,100,2,CA1,CA23,-0.1518125461937876,Control,fields
27,A,30,100,2,CA1,CA23,-0.0007891560896877,Control,fields
44,A,47,100,2,CA1,CA23,0.8406519685758961,Control,parks
58,A,61,100,2,CA1,CA23,-1.180503048547036,Control,forests
66,A,69,100,2,CA1,CA23,4.282923182491835,Control,fields
73,A,76,100,2,CA1,CA23,-1.468995072338467,Control,forests
87,A,90,100,2,CA1,CA23,-0.0861966927435689,Control,fields
93,A,96,100,2,CA1,CA23,-0.0579617491865711,Control,parks
107,A,110,100,2,CA1,CA23,0.4234000867991253,Control,forests
125,A,128,100,2,CA1,CA23,0.001833038862455,Control,fields
136,A,139,100,2,CA1,CA23,0.5444706671670643,Control,parks
146,A,149,100,2,CA1,CA23,0.3326249910713397,Control,parks
151,A,154,100,2,CA1,CA23,-0.3029096709228043,Control,forests
161,A,164,100,2,CA1,CA23,0.5543825893429567,Control,forests
167,A,170,100,2,CA1,CA23,0.3382010879548661,Control,fields
173,A,176,100,2,CA1,CA23,0.0350106014912569,Control,parks
181,A,184,100,2,CA1,CA23,0.2042681737245828,Control,fields
187,A,190,100,2,CA1,CA23,3.1491178826695654,Control,parks
202,A,205,100,2,CA1,CA23,-0.3044896326647204,Control,parks
222,A,225,100,2,CA1,CA23,1.3407961475554102,Control,forests
235,A,238,100,2,CA1,CA23,0.2290569139530741,Control,forests
5,A,8,100,3,CA1,CA23,0.1920556587673978,Control,forests
9,A,12,100,3,CA1,CA23,0.1752775149520196,Control,parks
18,A,21,100,3,CA1,CA23,-0.1006625335125117,Control,forests
34,A,37,100,3,CA1,CA23,0.0118071315773348,Control,fields
38,A,41,100,3,CA1,CA23,0.9705631040132258,Control,parks
51,A,54,100,3,CA1,CA23,-0.0218455348039805,Control,parks
62,A,65,100,3,CA1,CA23,-0.0011472540135304,Control,forests
72,A,75,100,3,CA1,CA23,2.656630517794318,Control,fields
82,A,85,100,3,CA1,CA23,0.390283282497374,Control,forests
96,A,99,100,3,CA1,CA23,0.3351283680235993,Control,parks
111,A,114,100,3,CA1,CA23,-3.027514454843198,Control,forests
116,A,119,100,3,CA1,CA23,-1.515666932120125,Control,fields
140,A,143,100,3,CA1,CA23,0.3219184194577114,Control,parks
150,A,153,100,3,CA1,CA23,-0.3451859794098204,Control,fields
156,A,159,100,3,CA1,CA23,0.0742513064768774,Control,forests
170,A,173,100,3,CA1,CA23,0.3604819436226012,Control,forests
175,A,178,100,3,CA1,CA23,1.6187559493846444,Control,parks
185,A,188,100,3,CA1,CA23,-0.8863118677270597,Control,parks
200,A,203,100,3,CA1,CA23,-0.7040618611136188,Control,fields
217,A,220,100,3,CA1,CA23,0.0006428638906251,Control,fields
235,A,238,100,3,CA1,CA23,-1.1729404142006523,Control,fields
8,A,11,100,4,CA1,CA23,0.3133675623162056,Control,parks
16,A,19,100,4,CA1,CA23,-0.6061550485930624,Control,parks
29,A,32,100,4,CA1,CA23,-3.487072272226493,Control,forests
39,A,42,100,4,CA1,CA23,-0.5164376585040064,Control,fields
45,A,48,100,4,CA1,CA23,0.0018497986463276,Control,parks
61,A,64,100,4,CA1,CA23,-1.2238666690696356,Control,forests
79,A,82,100,4,CA1,CA23,0.0016330203430481,Control,parks
91,A,94,100,4,CA1,CA23,4.435117250005991,Control,forests
106,A,109,100,4,CA1,CA23,0.881789936534462,Control,forests
114,A,117,100,4,CA1,CA23,-0.10191758273327,Control,fields
121,A,124,100,4,CA1,CA23,-0.000690530737015,Control,forests
135,A,138,100,4,CA1,CA23,0.1771706540534325,Control,fields
154,A,157,100,4,CA1,CA23,0.6324932601059202,Control,forests
165,A,168,100,4,CA1,CA23,0.000110663701665,Control,forests
172,A,175,100,4,CA1,CA23,0.5228359908547561,Control,parks
176,A,179,100,4,CA1,CA23,-0.0575910287164891,Control,fields
183,A,186,100,4,CA1,CA23,-0.0534110690546167,Control,parks
188,A,191,100,4,CA1,CA23,1.0723461861062458,Control,fields
198,A,201,100,4,CA1,CA23,-0.123587965568281,Control,fields
204,A,207,100,4,CA1,CA23,-0.4200758962682025,Control,parks
216,A,219,100,4,CA1,CA23,-1.19603989878359e-05,Control,fields
8,A,11,101,2,CA1,CA23,-0.0169734149108334,Stress,parks
19,A,22,101,2,CA1,CA23,1.0606744696568309,Stress,forests
25,A,28,101,2,CA1,CA23,0.3903078245456399,Stress,beaches
41,A,44,101,2,CA1,CA23,-0.079877161641214,Stress,forests
48,A,51,101,2,CA1,CA23,0.1538863348563098,Stress,beaches
56,A,59,101,2,CA1,CA23,0.3215829331594435,Stress,forests
64,A,67,101,2,CA1,CA23,0.1233576212614479,Stress,beaches
77,A,80,101,2,CA1,CA23,-0.7309184829273332,Stress,forests
97,A,100,101,2,CA1,CA23,0.0158237836149407,Stress,beaches
118,A,121,101,2,CA1,CA23,-0.0316611538644978,Stress,parks
129,A,132,101,2,CA1,CA23,0.0733556514049884,Stress,parks
134,A,137,101,2,CA1,CA23,-0.0223642459184387,Stress,beaches
154,A,157,101,2,CA1,CA23,0.8499344813181272,Stress,parks
164,A,167,101,2,CA1,CA23,0.0016898258148876,Stress,parks
179,A,182,101,2,CA1,CA23,-0.0706714541578555,Stress,forests
190,A,193,101,2,CA1,CA23,0.4313025803881332,Stress,forests
197,A,200,101,2,CA1,CA23,-0.1539755328335956,Stress,parks
205,A,208,101,2,CA1,CA23,-2.2472170051201474,Stress,beaches
211,A,214,101,2,CA1,CA23,-0.0471738952969908,Stress,beaches
220,A,223,101,2,CA1,CA23,3.3035183181273102,Stress,forests
225,A,228,101,2,CA1,CA23,0.1113057380792551,Stress,parks
17,A,20,101,3,CA1,CA23,0.591709816320705,Stress,beaches
29,A,32,101,3,CA1,CA23,0.0580067493714689,Stress,forests
40,A,43,101,3,CA1,CA23,1.311958173414819,Stress,beaches
55,A,58,101,3,CA1,CA23,-0.001914811407516,Stress,forests
60,A,63,101,3,CA1,CA23,-0.1150993844110704,Stress,beaches
65,A,68,101,3,CA1,CA23,-0.1903505326272943,Stress,parks
85,A,88,101,3,CA1,CA23,-1.1820337634667395,Stress,parks
91,A,94,101,3,CA1,CA23,-0.0290518474714765,Stress,beaches
95,A,98,101,3,CA1,CA23,1.280076383110475,Stress,forests
104,A,107,101,3,CA1,CA23,0.0519958278446881,Stress,parks
114,A,117,101,3,CA1,CA23,0.2883377978987792,Stress,parks
127,A,130,101,3,CA1,CA23,-0.0920872801476651,Stress,forests
133,A,136,101,3,CA1,CA23,2.2078691673332456,Stress,beaches
140,A,143,101,3,CA1,CA23,0.134233955230375,Stress,beaches
145,A,148,101,3,CA1,CA23,-0.0030214888318855,Stress,forests
153,A,156,101,3,CA1,CA23,0.7041188154733714,Stress,beaches
182,A,185,101,3,CA1,CA23,0.3055570726280521,Stress,forests
205,A,208,101,3,CA1,CA23,-1.0415608564559735,Stress,forests
223,A,226,101,3,CA1,CA23,0.5906625454982922,Stress,parks
236,A,239,101,3,CA1,CA23,-0.4528391593677963,Stress,parks
5,A,8,101,4,CA1,CA23,-0.4429075792408284,Stress,forests
21,A,24,101,4,CA1,CA23,-0.538421835734597,Stress,parks
38,A,41,101,4,CA1,CA23,1.0623252869045454,Stress,beaches
42,A,45,101,4,CA1,CA23,-0.2252195776877835,Stress,parks
51,A,54,101,4,CA1,CA23,0.0002989890999395,Stress,beaches
55,A,58,101,4,CA1,CA23,0.0532168472131929,Stress,parks
62,A,65,101,4,CA1,CA23,-1.6362177212387343,Stress,forests
71,A,74,101,4,CA1,CA23,-0.9097398505478012,Stress,parks
75,A,78,101,4,CA1,CA23,-0.3750487211225814,Stress,forests
93,A,96,101,4,CA1,CA23,0.6926445302880749,Stress,parks
106,A,109,101,4,CA1,CA23,-0.0376224623120886,Stress,beaches
118,A,121,101,4,CA1,CA23,0.3251494543542987,Stress,beaches
129,A,132,101,4,CA1,CA23,0.0282638778871531,Stress,beaches
140,A,143,101,4,CA1,CA23,-0.010580060952085,Stress,parks
158,A,161,101,4,CA1,CA23,-0.9263125671294622,Stress,beaches
165,A,168,101,4,CA1,CA23,0.1942559135928809,Stress,forests
177,A,180,101,4,CA1,CA23,0.3199348166079403,Stress,forests
189,A,192,101,4,CA1,CA23,-0.0404972523396218,Stress,beaches
193,A,196,101,4,CA1,CA23,4.049035955642429,Stress,parks
225,A,228,101,4,CA1,CA23,0.4829263201814289,Stress,forests
9,A,12,103,2,CA1,CA23,-0.2356068711765591,Stress,lakes
17,A,20,103,2,CA1,CA23,0.4688904905348944,Stress,beaches
26,A,29,103,2,CA1,CA23,0.1216961045016698,Stress,beaches
31,A,34,103,2,CA1,CA23,0.5522993601922014,Stress,deserts
49,A,52,103,2,CA1,CA23,0.1131971150001478,Stress,beaches
64,A,67,103,2,CA1,CA23,5.916649251142927e-05,Stress,beaches
73,A,76,103,2,CA1,CA23,0.7075800510205643,Stress,lakes
83,A,86,103,2,CA1,CA23,-0.1629047987823793,Stress,lakes
121,A,124,103,2,CA1,CA23,0.3188476938539944,Stress,deserts
128,A,131,103,2,CA1,CA23,2.7803966484764757,Stress,deserts
144,A,147,103,2,CA1,CA23,-0.320279745285399,Stress,deserts
153,A,156,103,2,CA1,CA23,0.4576233883915973,Stress,beaches
164,A,167,103,2,CA1,CA23,2.1233513568063107,Stress,deserts
168,A,171,103,2,CA1,CA23,0.1190860875545805,Stress,beaches
183,A,186,103,2,CA1,CA23,0.0635561962411508,Stress,lakes
188,A,191,103,2,CA1,CA23,0.0857400236859733,Stress,deserts
193,A,196,103,2,CA1,CA23,0.8892431332081748,Stress,lakes
210,A,213,103,2,CA1,CA23,-0.0003144802464968,Stress,lakes
215,A,218,103,2,CA1,CA23,-0.067759311188657,Stress,beaches
226,A,229,103,2,CA1,CA23,-2.00930574749638,Stress,lakes
237,A,240,103,2,CA1,CA23,0.1564750859919391,Stress,deserts
5,A,8,103,3,CA1,CA23,0.0291185627065495,Stress,beaches
20,A,23,103,3,CA1,CA23,-1.115509444180444,Stress,lakes
26,A,29,103,3,CA1,CA23,0.1238445822457407,Stress,deserts
33,A,36,103,3,CA1,CA23,-0.2965174151265562,Stress,beaches
38,A,41,103,3,CA1,CA23,0.0067227996430039,Stress,lakes
54,A,57,103,3,CA1,CA23,-0.26126180347203,Stress,deserts
65,A,68,103,3,CA1,CA23,0.0012304719211898,Stress,lakes
70,A,73,103,3,CA1,CA23,0.0019184464094766,Stress,deserts
75,A,78,103,3,CA1,CA23,-0.5705673276048586,Stress,beaches
81,A,84,103,3,CA1,CA23,-0.2312676677673808,Stress,lakes
96,A,99,103,3,CA1,CA23,-1.874763692643374,Stress,lakes
105,A,108,103,3,CA1,CA23,-2.007028878935612,Stress,deserts
111,A,114,103,3,CA1,CA23,-0.2186385918235874,Stress,beaches
133,A,136,103,3,CA1,CA23,1.086063491373106,Stress,lakes
144,A,147,103,3,CA1,CA23,0.688611322050599,Stress,deserts
163,A,166,103,3,CA1,CA23,0.3616585607461915,Stress,deserts
193,A,196,103,3,CA1,CA23,0.1060165900038336,Stress,beaches
205,A,208,103,3,CA1,CA23,0.2150352803344175,Stress,lakes
223,A,226,103,3,CA1,CA23,0.2401852969226671,Stress,beaches
236,A,239,103,3,CA1,CA23,1.1751775112594471,Stress,beaches
8,A,11,103,4,CA1,CA23,-0.941965215076532,Stress,deserts
21,A,24,103,4,CA1,CA23,-0.0753402356414102,Stress,beaches
31,A,34,103,4,CA1,CA23,-1.3087520538792536,Stress,deserts
46,A,49,103,4,CA1,CA23,-0.1743115361540414,Stress,lakes
57,A,60,103,4,CA1,CA23,3.073097829591266,Stress,lakes
66,A,69,103,4,CA1,CA23,-0.5361841425189989,Stress,beaches
74,A,77,103,4,CA1,CA23,-0.0397482743520558,Stress,deserts
90,A,93,103,4,CA1,CA23,-0.0082816863150403,Stress,deserts
97,A,100,103,4,CA1,CA23,-0.2649352593314416,Stress,deserts
102,A,105,103,4,CA1,CA23,0.1166270795561383,Stress,beaches
121,A,124,103,4,CA1,CA23,0.0023880248997256,Stress,deserts
130,A,133,103,4,CA1,CA23,-1.274805729101675,Stress,lakes
143,A,146,103,4,CA1,CA23,-0.0003066187196506,Stress,deserts
164,A,167,103,4,CA1,CA23,0.0897778549907867,Stress,beaches
179,A,182,103,4,CA1,CA23,-0.5498081731543568,Stress,lakes
188,A,191,103,4,CA1,CA23,-0.0003681730942857,Stress,lakes
195,A,198,103,4,CA1,CA23,-1.3406994713355236,Stress,beaches
204,A,207,103,4,CA1,CA23,0.0008329105365229,Stress,beaches
222,A,225,103,4,CA1,CA23,0.074769710406049,Stress,lakes
230,A,233,103,4,CA1,CA23,0.1239154054186775,Stress,beaches
234,A,237,103,4,CA1,CA23,0.2994150312318598,Stress,lakes
5,A,8,104,2,CA1,CA23,0.6838725170462306,Stress,mountains
26,A,29,104,2,CA1,CA23,0.6174820112707736,Stress,waterfalls
33,A,36,104,2,CA1,CA23,0.1538978413890273,Stress,mountains
41,A,44,104,2,CA1,CA23,-0.0626101401712768,Stress,waterfalls
47,A,50,104,2,CA1,CA23,-0.3537390599684025,Stress,mountains
58,A,61,104,2,CA1,CA23,-0.3365804520377718,Stress,beaches
69,A,72,104,2,CA1,CA23,-0.0231207400262681,Stress,waterfalls
78,A,81,104,2,CA1,CA23,-1.024694844090133,Stress,mountains
93,A,96,104,2,CA1,CA23,0.0054988164410745,Stress,beaches
109,A,112,104,2,CA1,CA23,-0.4977166726308673,Stress,mountains
118,A,121,104,2,CA1,CA23,-0.7544622621688519,Stress,beaches
135,A,138,104,2,CA1,CA23,-1.534396771248715,Stress,mountains
141,A,144,104,2,CA1,CA23,-2.989769470896251,Stress,waterfalls
148,A,151,104,2,CA1,CA23,-0.0010267974951315,Stress,waterfalls
155,A,158,104,2,CA1,CA23,-2.532739273485544,Stress,beaches
164,A,167,104,2,CA1,CA23,-0.0101467941098984,Stress,waterfalls
168,A,171,104,2,CA1,CA23,-2.9988627815709914,Stress,beaches
183,A,186,104,2,CA1,CA23,-0.1386737131204049,Stress,beaches
197,A,200,104,2,CA1,CA23,0.0674213001611397,Stress,waterfalls
208,A,211,104,2,CA1,CA23,-0.1002140377415655,Stress,mountains
229,A,232,104,2,CA1,CA23,1.561473337562034,Stress,beaches
5,A,8,104,3,CA1,CA23,2.158583383111087,Stress,beaches
12,A,15,104,3,CA1,CA23,-0.8322391549484741,Stress,mountains
18,A,21,104,3,CA1,CA23,-0.0001407389991831,Stress,beaches
30,A,33,104,3,CA1,CA23,-0.0871068169410346,Stress,waterfalls
36,A,39,104,3,CA1,CA23,1.7046523458612508,Stress,mountains
50,A,53,104,3,CA1,CA23,0.1897146114181725,Stress,waterfalls
75,A,78,104,3,CA1,CA23,1.41047292091486,Stress,mountains
93,A,96,104,3,CA1,CA23,-1.7688935760466675,Stress,waterfalls
131,A,134,104,3,CA1,CA23,0.089364365266977,Stress,mountains
155,A,158,104,3,CA1,CA23,-0.0085091055923112,Stress,mountains
163,A,166,104,3,CA1,CA23,1.2424023180135275,Stress,waterfalls
167,A,170,104,3,CA1,CA23,1.6048526601752673,Stress,beaches
175,A,178,104,3,CA1,CA23,-0.2681088254065527,Stress,mountains
196,A,199,104,3,CA1,CA23,-0.4927501404738504,Stress,beaches
203,A,206,104,3,CA1,CA23,2.144680978775986,Stress,mountains
11,A,14,104,4,CA1,CA23,-0.3113443402993494,Stress,mountains
19,A,22,104,4,CA1,CA23,0.0469023572993112,Stress,waterfalls
28,A,31,104,4,CA1,CA23,0.3099528980192025,Stress,waterfalls
44,A,47,104,4,CA1,CA23,-0.4373594402270127,Stress,mountains
66,A,69,104,4,CA1,CA23,-0.1338596680938955,Stress,mountains
73,A,76,104,4,CA1,CA23,0.0470029472182289,Stress,waterfalls
88,A,91,104,4,CA1,CA23,0.3146572493765706,Stress,waterfalls
96,A,99,104,4,CA1,CA23,-1.2852133726148771,Stress,beaches
102,A,105,104,4,CA1,CA23,-0.3023683964815903,Stress,mountains
111,A,114,104,4,CA1,CA23,-0.1657906265749362,Stress,beaches
168,A,171,104,4,CA1,CA23,-0.0285066331244425,Stress,beaches
233,A,236,104,4,CA1,CA23,0.3073608387452219,Stress,waterfalls
5,A,8,105,2,CA1,CA23,-1.1358579517332157,Stress,deserts
13,A,16,105,2,CA1,CA23,0.1308471075397813,Stress,mountains
26,A,29,105,2,CA1,CA23,0.6746023001011697,Stress,mountains
40,A,43,105,2,CA1,CA23,0.0066067284384922,Stress,deserts
46,A,49,105,2,CA1,CA23,0.1815226589971252,Stress,waterfalls
58,A,61,105,2,CA1,CA23,4.055620289269157,Stress,mountains
70,A,73,105,2,CA1,CA23,-0.0008289737365296,Stress,waterfalls
78,A,81,105,2,CA1,CA23,-0.0333558032790556,Stress,deserts
82,A,85,105,2,CA1,CA23,0.8272731309259935,Stress,mountains
89,A,92,105,2,CA1,CA23,-0.903662110810632,Stress,waterfalls
102,A,105,105,2,CA1,CA23,0.2008179797883454,Stress,waterfalls
108,A,111,105,2,CA1,CA23,-0.055313437340371,Stress,deserts
125,A,128,105,2,CA1,CA23,0.2599414174826877,Stress,deserts
143,A,146,105,2,CA1,CA23,-1.0408667467720931,Stress,waterfalls
177,A,180,105,2,CA1,CA23,0.8771030400355998,Stress,deserts
181,A,184,105,2,CA1,CA23,-0.9806587859384016,Stress,waterfalls
192,A,195,105,2,CA1,CA23,-0.0331300423771696,Stress,waterfalls
212,A,215,105,2,CA1,CA23,-1.7391456980866749,Stress,mountains
220,A,223,105,2,CA1,CA23,-1.274073875158301,Stress,mountains
226,A,229,105,2,CA1,CA23,0.2473549824165074,Stress,mountains
238,A,241,105,2,CA1,CA23,0.7639170120457078,Stress,deserts
12,A,15,105,3,CA1,CA23,0.0648038431938822,Stress,waterfalls
27,A,30,105,3,CA1,CA23,0.0077826758755702,Stress,deserts
38,A,41,105,3,CA1,CA23,0.0937971237795844,Stress,mountains
59,A,62,105,3,CA1,CA23,-0.6047545256392097,Stress,mountains
85,A,88,105,3,CA1,CA23,-0.2705794977896985,Stress,deserts
99,A,102,105,3,CA1,CA23,1.9772110989243652,Stress,deserts
107,A,110,105,3,CA1,CA23,0.5756663170046875,Stress,waterfalls
116,A,119,105,3,CA1,CA23,-0.15242189491119,Stress,mountains
122,A,125,105,3,CA1,CA23,-0.2665760307996133,Stress,deserts
135,A,138,105,3,CA1,CA23,4.829775485861605,Stress,mountains
140,A,143,105,3,CA1,CA23,-0.9882192519294212,Stress,waterfalls
150,A,153,105,3,CA1,CA23,-0.0689188103938458,Stress,waterfalls
162,A,165,105,3,CA1,CA23,1.1629061925277198,Stress,deserts
171,A,174,105,3,CA1,CA23,-0.0706102662087999,Stress,waterfalls
181,A,184,105,3,CA1,CA23,0.0919323187912874,Stress,deserts
187,A,190,105,3,CA1,CA23,-2.953698812100825,Stress,waterfalls
192,A,195,105,3,CA1,CA23,-1.8708250595332725,Stress,mountains
197,A,200,105,3,CA1,CA23,0.0877117283120143,Stress,deserts
214,A,217,105,3,CA1,CA23,0.0155061627820932,Stress,waterfalls
224,A,227,105,3,CA1,CA23,-1.493410710693173,Stress,mountains
236,A,239,105,3,CA1,CA23,0.4398764619848217,Stress,mountains
12,A,15,105,4,CA1,CA23,-0.6444695217385912,Stress,deserts
27,A,30,105,4,CA1,CA23,0.0797851853141391,Stress,deserts
31,A,34,105,4,CA1,CA23,0.97723315370432,Stress,waterfalls
43,A,46,105,4,CA1,CA23,0.9962336274412088,Stress,mountains
61,A,64,105,4,CA1,CA23,0.7388506420264136,Stress,mountains
68,A,71,105,4,CA1,CA23,0.0128711914037883,Stress,deserts
79,A,82,105,4,CA1,CA23,0.0781526939725546,Stress,waterfalls
95,A,98,105,4,CA1,CA23,0.0551080073745625,Stress,waterfalls
112,A,115,105,4,CA1,CA23,0.0002816851480477,Stress,mountains
130,A,133,105,4,CA1,CA23,0.4292940481467404,Stress,deserts
141,A,144,105,4,CA1,CA23,-0.4294081299812474,Stress,waterfalls
147,A,150,105,4,CA1,CA23,0.2810547132915243,Stress,mountains
157,A,160,105,4,CA1,CA23,1.422143874855096,Stress,mountains
163,A,166,105,4,CA1,CA23,-1.0598288274371312,Stress,waterfalls
168,A,171,105,4,CA1,CA23,-1.2708753586107902,Stress,mountains
184,A,187,105,4,CA1,CA23,2.2614553150298287,Stress,waterfalls
191,A,194,105,4,CA1,CA23,4.98636561625753e-05,Stress,deserts
201,A,204,105,4,CA1,CA23,0.8100555219767344,Stress,deserts
209,A,212,105,4,CA1,CA23,-0.4684878294770363,Stress,waterfalls
220,A,223,105,4,CA1,CA23,-0.2372311110869158,Stress,mountains
230,A,233,105,4,CA1,CA23,4.604077370004,Stress,deserts
5,A,8,106,2,CA1,CA23,-0.049598300863017,Control,lighthouses
21,A,24,106,2,CA1,CA23,0.3655934964752157,Control,waterfalls
25,A,28,106,2,CA1,CA23,-0.2416693096986824,Control,lighthouses
31,A,34,106,2,CA1,CA23,0.2392420751026986,Control,bridges
43,A,46,106,2,CA1,CA23,0.8385247153376472,Control,bridges
49,A,52,106,2,CA1,CA23,-0.4197352256066041,Control,lighthouses
66,A,69,106,2,CA1,CA23,0.2373026900751161,Control,bridges
75,A,78,106,2,CA1,CA23,-0.9042981527598885,Control,lighthouses
83,A,86,106,2,CA1,CA23,-0.1626514962168954,Control,bridges
87,A,90,106,2,CA1,CA23,0.1907746371499492,Control,waterfalls
101,A,104,106,2,CA1,CA23,1.6549468325675212,Control,bridges
114,A,117,106,2,CA1,CA23,0.907933835076157,Control,lighthouses
123,A,126,106,2,CA1,CA23,0.1169531811137662,Control,waterfalls
173,A,176,106,2,CA1,CA23,-1.681247613807039,Control,waterfalls
178,A,181,106,2,CA1,CA23,0.108200522186518,Control,lighthouses
189,A,192,106,2,CA1,CA23,-0.2761747907421283,Control,bridges
198,A,201,106,2,CA1,CA23,-0.5022782727374114,Control,waterfalls
209,A,212,106,2,CA1,CA23,0.0433470521579262,Control,waterfalls
216,A,219,106,2,CA1,CA23,0.120103690024642,Control,waterfalls
228,A,231,106,2,CA1,CA23,0.3016344801615595,Control,bridges
12,A,15,106,3,CA1,CA23,-0.1881604154801151,Control,waterfalls
22,A,25,106,3,CA1,CA23,0.518803272758549,Control,bridges
43,A,46,106,3,CA1,CA23,-2.1449384097061124,Control,waterfalls
56,A,59,106,3,CA1,CA23,0.9950116557648342,Control,lighthouses
71,A,74,106,3,CA1,CA23,-0.4117310737523712,Control,lighthouses
86,A,89,106,3,CA1,CA23,-0.2319052508393211,Control,bridges
99,A,102,106,3,CA1,CA23,0.016227289677793,Control,bridges
114,A,117,106,3,CA1,CA23,0.634605739242151,Control,lighthouses
126,A,129,106,3,CA1,CA23,0.0058765577531257,Control,waterfalls
138,A,141,106,3,CA1,CA23,-0.0034414661277721,Control,waterfalls
143,A,146,106,3,CA1,CA23,-0.6554997112642654,Control,lighthouses
152,A,155,106,3,CA1,CA23,-0.7822464645269844,Control,bridges
166,A,169,106,3,CA1,CA23,-0.003444917449696,Control,bridges
185,A,188,106,3,CA1,CA23,0.8426231674096156,Control,lighthouses
189,A,192,106,3,CA1,CA23,1.4865721713632885,Control,waterfalls
200,A,203,106,3,CA1,CA23,-0.679154092952061,Control,waterfalls
210,A,213,106,3,CA1,CA23,0.0039246952147508,Control,lighthouses
215,A,218,106,3,CA1,CA23,-0.1682042247671142,Control,bridges
232,A,235,106,3,CA1,CA23,0.2267284242027974,Control,waterfalls
237,A,240,106,3,CA1,CA23,0.4968013025135805,Control,lighthouses
11,A,14,106,4,CA1,CA23,0.1087247346927639,Control,waterfalls
25,A,28,106,4,CA1,CA23,-0.0137262019697192,Control,waterfalls
31,A,34,106,4,CA1,CA23,0.4866318425397953,Control,bridges
41,A,44,106,4,CA1,CA23,0.7550201058407363,Control,waterfalls
65,A,68,106,4,CA1,CA23,0.7400836861082467,Control,lighthouses
74,A,77,106,4,CA1,CA23,0.4188138931221421,Control,waterfalls
94,A,97,106,4,CA1,CA23,1.6104529295547665,Control,waterfalls
101,A,104,106,4,CA1,CA23,0.2626308006189294,Control,bridges
107,A,110,106,4,CA1,CA23,-0.1178613635593032,Control,lighthouses
127,A,130,106,4,CA1,CA23,1.068646244659752,Control,bridges
143,A,146,106,4,CA1,CA23,-0.064134309639308,Control,lighthouses
162,A,165,106,4,CA1,CA23,-0.2165333109449804,Control,lighthouses
173,A,176,106,4,CA1,CA23,-1.353066018757454,Control,lighthouses
178,A,181,106,4,CA1,CA23,-0.1167439672717486,Control,bridges
192,A,195,106,4,CA1,CA23,0.1500217385317636,Control,bridges
212,A,215,106,4,CA1,CA23,-0.6655249473317034,Control,lighthouses
220,A,223,106,4,CA1,CA23,-0.0419487435727031,Control,waterfalls
228,A,231,106,4,CA1,CA23,-1.6224008709275235,Control,waterfalls
236,A,239,106,4,CA1,CA23,2.408312667275477,Control,lighthouses
