onsetTR,cond,shiftedTR,subid,run,roi1,roi2,ets,group,category
26,A,29,2,2,CA1,EC,0.2576698954852294,Stress,deserts
40,A,43,2,2,CA1,EC,-0.0792795062379745,Stress,canyons
49,A,52,2,2,CA1,EC,2.0309586024490764,Stress,deserts
60,A,63,2,2,CA1,EC,-1.396696461615641,Stress,canyons
68,A,71,2,2,CA1,EC,0.6816677706574633,Stress,marshes
78,A,81,2,2,CA1,EC,0.6231038539537813,Stress,marshes
91,A,94,2,2,CA1,EC,-0.016117868073388,Stress,deserts
97,A,100,2,2,CA1,EC,0.8102262484103464,Stress,canyons
115,A,118,2,2,CA1,EC,-0.6184324412617761,Stress,marshes
133,A,136,2,2,CA1,EC,0.1570227514422676,Stress,canyons
140,A,143,2,2,CA1,EC,-0.7110203237180165,Stress,marshes
148,A,151,2,2,CA1,EC,1.343271023617573,Stress,marshes
154,A,157,2,2,CA1,EC,0.0549785290868124,Stress,canyons
174,A,177,2,2,CA1,EC,-0.1226385159797805,Stress,deserts
178,A,181,2,2,CA1,EC,-0.7018882732935018,Stress,marshes
190,A,193,2,2,CA1,EC,-0.3988532101343658,Stress,deserts
198,A,201,2,2,CA1,EC,-0.2356377474013634,Stress,marshes
207,A,210,2,2,CA1,EC,0.48269489979042,Stress,canyons
217,A,220,2,2,CA1,EC,0.3616425274590801,Stress,deserts
228,A,231,2,2,CA1,EC,0.1289925071302159,Stress,canyons
5,A,8,2,3,CA1,EC,-0.0451737023556818,Stress,deserts
12,A,15,2,3,CA1,EC,0.0472916441544634,Stress,marshes
19,A,22,2,3,CA1,EC,-0.4932314529061425,Stress,deserts
35,A,38,2,3,CA1,EC,-0.7695031025826836,Stress,deserts
46,A,49,2,3,CA1,EC,-0.049778875661595,Stress,deserts
53,A,56,2,3,CA1,EC,0.2931224535509033,Stress,marshes
57,A,60,2,3,CA1,EC,0.0379354572456922,Stress,canyons
69,A,72,2,3,CA1,EC,2.477681506733368,Stress,marshes
90,A,93,2,3,CA1,EC,0.1699724310161883,Stress,canyons
96,A,99,2,3,CA1,EC,0.2806881582643912,Stress,marshes
116,A,119,2,3,CA1,EC,-0.3368637147121121,Stress,canyons
132,A,135,2,3,CA1,EC,-0.0026696613815913,Stress,marshes
141,A,144,2,3,CA1,EC,-0.5643856578607801,Stress,deserts
161,A,164,2,3,CA1,EC,0.1825881740232743,Stress,canyons
171,A,174,2,3,CA1,EC,-0.2790129074787803,Stress,marshes
177,A,180,2,3,CA1,EC,0.0886968346862934,Stress,deserts
183,A,186,2,3,CA1,EC,0.8413751625699648,Stress,marshes
200,A,203,2,3,CA1,EC,-0.4897006376073139,Stress,canyons
212,A,215,2,3,CA1,EC,-0.3305296320822579,Stress,deserts
225,A,228,2,3,CA1,EC,-0.009479520103649,Stress,canyons
234,A,237,2,3,CA1,EC,1.489606323743714,Stress,canyons
5,A,8,2,4,CA1,EC,-1.33235598374427,Stress,deserts
16,A,19,2,4,CA1,EC,-1.2462864359762371,Stress,marshes
22,A,25,2,4,CA1,EC,-0.0655537612234378,Stress,deserts
32,A,35,2,4,CA1,EC,2.482899511611397,Stress,canyons
38,A,41,2,4,CA1,EC,0.0798359046304817,Stress,marshes
60,A,63,2,4,CA1,EC,1.6074130539638627,Stress,deserts
85,A,88,2,4,CA1,EC,1.069667048349994,Stress,marshes
90,A,93,2,4,CA1,EC,0.6950841765023231,Stress,canyons
95,A,98,2,4,CA1,EC,0.3796453645971243,Stress,marshes
103,A,106,2,4,CA1,EC,1.2213732388771177,Stress,canyons
112,A,115,2,4,CA1,EC,2.587416364442272,Stress,deserts
118,A,121,2,4,CA1,EC,1.221112790615524,Stress,canyons
141,A,144,2,4,CA1,EC,-0.3813602270769718,Stress,marshes
152,A,155,2,4,CA1,EC,0.2928577009268761,Stress,deserts
161,A,164,2,4,CA1,EC,-0.0002036703693486,Stress,deserts
172,A,175,2,4,CA1,EC,0.0387519796524641,Stress,canyons
186,A,189,2,4,CA1,EC,4.6050256934638485,Stress,canyons
196,A,199,2,4,CA1,EC,0.8292095224454804,Stress,marshes
207,A,210,2,4,CA1,EC,1.118753672001471,Stress,deserts
227,A,230,2,4,CA1,EC,0.1344809311698192,Stress,marshes
5,A,8,3,2,CA1,EC,-0.2180723652908103,Control,bridges
16,A,19,3,2,CA1,EC,-0.1244665410659625,Control,forests
20,A,23,3,2,CA1,EC,0.5256739468452519,Control,bridges
25,A,28,3,2,CA1,EC,-1.7675233621790465,Control,parks
32,A,35,3,2,CA1,EC,0.2141464343024267,Control,forests
39,A,42,3,2,CA1,EC,0.3218709328367771,Control,parks
47,A,50,3,2,CA1,EC,-0.0109126325361561,Control,parks
52,A,55,3,2,CA1,EC,-0.0004540177318509,Control,bridges
61,A,64,3,2,CA1,EC,0.0130866877194047,Control,bridges
71,A,74,3,2,CA1,EC,0.1562133735915325,Control,bridges
77,A,80,3,2,CA1,EC,-0.4824558213216979,Control,forests
81,A,84,3,2,CA1,EC,0.3689264640767987,Control,bridges
91,A,94,3,2,CA1,EC,0.3379653475521411,Control,forests
114,A,117,3,2,CA1,EC,-1.288509164008633,Control,forests
121,A,124,3,2,CA1,EC,-0.6020421042378935,Control,bridges
139,A,142,3,2,CA1,EC,1.1104749577865525,Control,parks
163,A,166,3,2,CA1,EC,1.2229253635175514,Control,parks
191,A,194,3,2,CA1,EC,-0.0312681106899238,Control,parks
201,A,204,3,2,CA1,EC,-0.9360820544412408,Control,parks
212,A,215,3,2,CA1,EC,2.126111992461852,Control,forests
219,A,222,3,2,CA1,EC,-0.379673542011941,Control,forests
5,A,8,3,3,CA1,EC,-0.2417569426578917,Control,bridges
18,A,21,3,3,CA1,EC,-2.166265463928267,Control,parks
34,A,37,3,3,CA1,EC,-1.1799978885704254,Control,forests
52,A,55,3,3,CA1,EC,0.1552689383661876,Control,forests
57,A,60,3,3,CA1,EC,-0.2797016286775074,Control,parks
66,A,69,3,3,CA1,EC,0.1849391214055121,Control,bridges
77,A,80,3,3,CA1,EC,-0.4418954297008081,Control,parks
92,A,95,3,3,CA1,EC,-1.2131807654716993,Control,forests
101,A,104,3,3,CA1,EC,-0.0019283160907106,Control,bridges
111,A,114,3,3,CA1,EC,-0.0115233182749874,Control,forests
119,A,122,3,3,CA1,EC,0.7276623341890239,Control,parks
126,A,129,3,3,CA1,EC,-0.2712219966987723,Control,bridges
137,A,140,3,3,CA1,EC,0.3049167172843788,Control,bridges
145,A,148,3,3,CA1,EC,0.4394722457849979,Control,forests
152,A,155,3,3,CA1,EC,0.1152011246889514,Control,bridges
157,A,160,3,3,CA1,EC,-0.1469294353939393,Control,parks
175,A,178,3,3,CA1,EC,0.3016666992112409,Control,forests
198,A,201,3,3,CA1,EC,0.317845706822806,Control,forests
205,A,208,3,3,CA1,EC,0.2358050732868712,Control,parks
215,A,218,3,3,CA1,EC,0.4543071297075896,Control,parks
225,A,228,3,3,CA1,EC,0.257691806600429,Control,bridges
9,A,12,3,4,CA1,EC,0.0778794981352681,Control,bridges
25,A,28,3,4,CA1,EC,-1.5939264522004513,Control,forests
36,A,39,3,4,CA1,EC,0.0429561320928912,Control,parks
41,A,44,3,4,CA1,EC,-0.9319973530170914,Control,forests
46,A,49,3,4,CA1,EC,0.2041680750265138,Control,parks
52,A,55,3,4,CA1,EC,-0.3339846899292037,Control,bridges
64,A,67,3,4,CA1,EC,0.0503930571090428,Control,bridges
80,A,83,3,4,CA1,EC,0.1899693212746171,Control,forests
87,A,90,3,4,CA1,EC,-1.2008226347324804,Control,parks
96,A,99,3,4,CA1,EC,0.4054710888445101,Control,parks
100,A,103,3,4,CA1,EC,-0.1561178053832008,Control,bridges
118,A,121,3,4,CA1,EC,-0.0727207335595811,Control,forests
138,A,141,3,4,CA1,EC,-0.2150637708070338,Control,parks
154,A,157,3,4,CA1,EC,-0.9033125149190606,Control,forests
168,A,171,3,4,CA1,EC,-0.3818320501953239,Control,parks
184,A,187,3,4,CA1,EC,-1.7634767715041637,Control,parks
189,A,192,3,4,CA1,EC,-0.0507418634697196,Control,bridges
198,A,201,3,4,CA1,EC,-0.1908497489923512,Control,forests
208,A,211,3,4,CA1,EC,1.6583417440468873,Control,bridges
220,A,223,3,4,CA1,EC,-2.058423565742112,Control,bridges
226,A,229,3,4,CA1,EC,-0.4817971719656831,Control,forests
18,A,21,4,2,CA1,EC,0.2228951573731769,Stress,fields
36,A,39,4,2,CA1,EC,-0.1484024354986805,Stress,fields
43,A,46,4,2,CA1,EC,0.0965096130489439,Stress,lakes
56,A,59,4,2,CA1,EC,0.0450670746125227,Stress,bridges
99,A,102,4,2,CA1,EC,0.0228764540956943,Stress,fields
111,A,114,4,2,CA1,EC,0.0048481990429263,Stress,lakes
116,A,119,4,2,CA1,EC,-0.0463187286193149,Stress,bridges
121,A,124,4,2,CA1,EC,0.0029710832007626,Stress,fields
128,A,131,4,2,CA1,EC,0.7138678647753598,Stress,lakes
146,A,149,4,2,CA1,EC,0.0502080070401876,Stress,bridges
154,A,157,4,2,CA1,EC,0.3836401221374171,Stress,lakes
161,A,164,4,2,CA1,EC,-0.2609040334405038,Stress,fields
168,A,171,4,2,CA1,EC,-1.883237038913646,Stress,lakes
180,A,183,4,2,CA1,EC,-1.631262167738632,Stress,lakes
185,A,188,4,2,CA1,EC,0.5601095139700122,Stress,bridges
195,A,198,4,2,CA1,EC,0.4804015129871722,Stress,fields
204,A,207,4,2,CA1,EC,-2.1318018986076077,Stress,bridges
208,A,211,4,2,CA1,EC,-1.0591824866309774,Stress,fields
218,A,221,4,2,CA1,EC,1.686640954259678,Stress,bridges
225,A,228,4,2,CA1,EC,0.3581421743242031,Stress,lakes
233,A,236,4,2,CA1,EC,-0.9872410368185676,Stress,bridges
15,A,18,4,3,CA1,EC,0.1943686731947592,Stress,lakes
20,A,23,4,3,CA1,EC,-2.082198275102147,Stress,bridges
27,A,30,4,3,CA1,EC,-0.4449826224986084,Stress,lakes
42,A,45,4,3,CA1,EC,0.1368677168544942,Stress,lakes
50,A,53,4,3,CA1,EC,0.756559945580322,Stress,bridges
60,A,63,4,3,CA1,EC,-0.0164765227389766,Stress,fields
71,A,74,4,3,CA1,EC,-0.9198428604102274,Stress,fields
88,A,91,4,3,CA1,EC,-0.8343072769101273,Stress,fields
105,A,108,4,3,CA1,EC,-0.1368214460800507,Stress,bridges
116,A,119,4,3,CA1,EC,-0.0377664752617767,Stress,lakes
122,A,125,4,3,CA1,EC,0.4877363282835104,Stress,fields
127,A,130,4,3,CA1,EC,-0.6264359267567576,Stress,bridges
140,A,143,4,3,CA1,EC,0.1066119722155433,Stress,bridges
161,A,164,4,3,CA1,EC,-0.3497375453461824,Stress,fields
170,A,173,4,3,CA1,EC,1.4512508264705368,Stress,lakes
175,A,178,4,3,CA1,EC,-0.0695216592122233,Stress,bridges
181,A,184,4,3,CA1,EC,3.7018892557841534,Stress,fields
188,A,191,4,3,CA1,EC,0.0078840421832617,Stress,lakes
203,A,206,4,3,CA1,EC,0.0806042062139024,Stress,lakes
210,A,213,4,3,CA1,EC,0.8076283205760916,Stress,bridges
236,A,239,4,3,CA1,EC,2.408348372777138,Stress,fields
13,A,16,4,4,CA1,EC,-0.0559456127680724,Stress,lakes
19,A,22,4,4,CA1,EC,0.6124665487151206,Stress,fields
37,A,40,4,4,CA1,EC,1.0169180818383077,Stress,fields
57,A,60,4,4,CA1,EC,-0.2217826612956313,Stress,bridges
61,A,64,4,4,CA1,EC,-0.7868620344378152,Stress,fields
67,A,70,4,4,CA1,EC,0.0900336411325437,Stress,bridges
79,A,82,4,4,CA1,EC,2.0103790554336265,Stress,bridges
93,A,96,4,4,CA1,EC,0.0029187394013439,Stress,lakes
107,A,110,4,4,CA1,EC,0.0557240282644559,Stress,bridges
115,A,118,4,4,CA1,EC,-0.7654502959076451,Stress,bridges
124,A,127,4,4,CA1,EC,-0.1727558437431941,Stress,lakes
134,A,137,4,4,CA1,EC,0.0001472087679775,Stress,lakes
150,A,153,4,4,CA1,EC,0.4489066649419806,Stress,bridges
167,A,170,4,4,CA1,EC,-2.314238967421569,Stress,bridges
174,A,177,4,4,CA1,EC,0.7153857753932696,Stress,lakes
186,A,189,4,4,CA1,EC,0.2284250668818634,Stress,fields
193,A,196,4,4,CA1,EC,-0.020654455303154,Stress,lakes
213,A,216,4,4,CA1,EC,0.1893660638015997,Stress,fields
220,A,223,4,4,CA1,EC,0.0251309645150458,Stress,fields
227,A,230,4,4,CA1,EC,-0.435127270479017,Stress,fields
232,A,235,4,4,CA1,EC,1.9918578559315767,Stress,lakes
21,A,24,5,2,CA1,EC,-0.4524202868947136,Control,mountains
32,A,35,5,2,CA1,EC,-1.1116303120680964,Control,lakes
37,A,40,5,2,CA1,EC,-0.4774043350464199,Control,mountains
52,A,55,5,2,CA1,EC,0.2976112527066639,Control,waterfalls
58,A,61,5,2,CA1,EC,0.4504310109045971,Control,lakes
69,A,72,5,2,CA1,EC,4.794534802006,Control,waterfalls
74,A,77,5,2,CA1,EC,-0.1463626766521858,Control,mountains
89,A,92,5,2,CA1,EC,0.0057685000751138,Control,mountains
94,A,97,5,2,CA1,EC,0.5189309051379589,Control,waterfalls
104,A,107,5,2,CA1,EC,2.140310029795488e-05,Control,waterfalls
111,A,114,5,2,CA1,EC,-0.2416438523179734,Control,waterfalls
119,A,122,5,2,CA1,EC,-1.617756175255303,Control,lakes
131,A,134,5,2,CA1,EC,1.4800240885521525,Control,mountains
136,A,139,5,2,CA1,EC,0.0271289190019386,Control,lakes
147,A,150,5,2,CA1,EC,0.1082573237185741,Control,lakes
167,A,170,5,2,CA1,EC,0.4374390355191705,Control,mountains
174,A,177,5,2,CA1,EC,-0.3053798392378419,Control,mountains
193,A,196,5,2,CA1,EC,1.8059553918314777,Control,lakes
213,A,216,5,2,CA1,EC,0.3647306834880921,Control,lakes
219,A,222,5,2,CA1,EC,0.2406563709196962,Control,waterfalls
234,A,237,5,2,CA1,EC,0.5375104253206129,Control,waterfalls
11,A,14,5,3,CA1,EC,0.9799749851798816,Control,waterfalls
27,A,30,5,3,CA1,EC,0.2270605454609242,Control,mountains
33,A,36,5,3,CA1,EC,-0.2466385534753541,Control,lakes
46,A,49,5,3,CA1,EC,0.351675817633434,Control,lakes
52,A,55,5,3,CA1,EC,-0.0049641752880375,Control,mountains
67,A,70,5,3,CA1,EC,-0.1913601156378502,Control,lakes
80,A,83,5,3,CA1,EC,0.9252296538829488,Control,waterfalls
88,A,91,5,3,CA1,EC,0.7837482783984033,Control,mountains
100,A,103,5,3,CA1,EC,1.9636021552005116,Control,lakes
105,A,108,5,3,CA1,EC,0.7753186900550605,Control,mountains
112,A,115,5,3,CA1,EC,2.5093431306399983,Control,waterfalls
120,A,123,5,3,CA1,EC,0.2598059528612327,Control,mountains
138,A,141,5,3,CA1,EC,0.287779710506279,Control,waterfalls
147,A,150,5,3,CA1,EC,0.7725681908446899,Control,lakes
153,A,156,5,3,CA1,EC,-0.0258404334953489,Control,waterfalls
159,A,162,5,3,CA1,EC,0.0118139497318846,Control,mountains
165,A,168,5,3,CA1,EC,0.4605469759473483,Control,waterfalls
188,A,191,5,3,CA1,EC,0.2499536854044012,Control,waterfalls
200,A,203,5,3,CA1,EC,-0.0382454975375947,Control,lakes
204,A,207,5,3,CA1,EC,-0.0856227888060866,Control,mountains
220,A,223,5,3,CA1,EC,-0.3130727181117929,Control,lakes
5,A,8,5,4,CA1,EC,-0.0697252353123421,Control,mountains
11,A,14,5,4,CA1,EC,-0.029534665546078,Control,waterfalls
19,A,22,5,4,CA1,EC,-0.1630819826924605,Control,mountains
32,A,35,5,4,CA1,EC,0.2530062398355363,Control,waterfalls
48,A,51,5,4,CA1,EC,0.4210634458835351,Control,waterfalls
60,A,63,5,4,CA1,EC,-0.0040439172147389,Control,lakes
65,A,68,5,4,CA1,EC,0.0021882040295523,Control,mountains
74,A,77,5,4,CA1,EC,-0.756498376248948,Control,waterfalls
91,A,94,5,4,CA1,EC,0.0039018110743742,Control,mountains
108,A,111,5,4,CA1,EC,0.0075305742790165,Control,lakes
125,A,128,5,4,CA1,EC,0.1193100013946442,Control,lakes
137,A,140,5,4,CA1,EC,1.1439797791660409,Control,lakes
143,A,146,5,4,CA1,EC,0.3126242472162474,Control,mountains
150,A,153,5,4,CA1,EC,1.5801267778370591,Control,lakes
166,A,169,5,4,CA1,EC,-0.17635275281772,Control,waterfalls
170,A,173,5,4,CA1,EC,1.2260162440757614,Control,mountains
176,A,179,5,4,CA1,EC,0.0159159083937831,Control,waterfalls
186,A,189,5,4,CA1,EC,-0.8108994796351463,Control,lakes
197,A,200,5,4,CA1,EC,0.3440709241337589,Control,mountains
221,A,224,5,4,CA1,EC,-0.3791654476306336,Control,waterfalls
234,A,237,5,4,CA1,EC,-0.1386014569188057,Control,lakes
13,A,16,7,2,CA1,EC,1.990275731799803,Control,lighthouses
20,A,23,7,2,CA1,EC,-0.8497435944222335,Control,lighthouses
25,A,28,7,2,CA1,EC,-0.0937117592627689,Control,parks
39,A,42,7,2,CA1,EC,0.4702255323428507,Control,lighthouses
46,A,49,7,2,CA1,EC,0.0005887200199435,Control,forests
57,A,60,7,2,CA1,EC,0.4741816547692875,Control,forests
81,A,84,7,2,CA1,EC,-0.2836967575978705,Control,parks
93,A,96,7,2,CA1,EC,0.8882102027528846,Control,parks
104,A,107,7,2,CA1,EC,-0.1632638047348222,Control,parks
121,A,124,7,2,CA1,EC,-1.0955774462601635,Control,forests
127,A,130,7,2,CA1,EC,1.3188292136144064,Control,lighthouses
132,A,135,7,2,CA1,EC,0.0292320079080351,Control,forests
141,A,144,7,2,CA1,EC,-0.1819491501345034,Control,lighthouses
147,A,150,7,2,CA1,EC,-0.6210907848770497,Control,forests
159,A,162,7,2,CA1,EC,0.1894313854653939,Control,lighthouses
171,A,174,7,2,CA1,EC,-1.611991577258906,Control,forests
179,A,182,7,2,CA1,EC,-2.361388692236161,Control,lighthouses
194,A,197,7,2,CA1,EC,-2.750280993316266,Control,parks
200,A,203,7,2,CA1,EC,0.1411652985963115,Control,forests
216,A,219,7,2,CA1,EC,0.4536583011331614,Control,parks
236,A,239,7,2,CA1,EC,-0.9366705631348288,Control,parks
5,A,8,7,3,CA1,EC,0.0129449247642642,Control,forests
13,A,16,7,3,CA1,EC,0.0609477631270553,Control,parks
22,A,25,7,3,CA1,EC,-0.1395028676737932,Control,lighthouses
33,A,36,7,3,CA1,EC,0.3629423750678906,Control,forests
40,A,43,7,3,CA1,EC,0.9065261416606636,Control,lighthouses
45,A,48,7,3,CA1,EC,3.039366035841031,Control,parks
54,A,57,7,3,CA1,EC,0.3936673748393177,Control,lighthouses
58,A,61,7,3,CA1,EC,-0.0420511711557829,Control,forests
69,A,72,7,3,CA1,EC,0.7818335125947818,Control,forests
89,A,92,7,3,CA1,EC,1.883743381420424,Control,parks
96,A,99,7,3,CA1,EC,-0.5119040613653097,Control,lighthouses
108,A,111,7,3,CA1,EC,-1.0925055774638728,Control,lighthouses
114,A,117,7,3,CA1,EC,0.8421858702709142,Control,parks
120,A,123,7,3,CA1,EC,-0.1041304567689899,Control,forests
129,A,132,7,3,CA1,EC,1.1569522374514247,Control,lighthouses
136,A,139,7,3,CA1,EC,0.0428606583597873,Control,forests
154,A,157,7,3,CA1,EC,1.1088987973886468,Control,parks
184,A,187,7,3,CA1,EC,-0.8793039582397228,Control,forests
190,A,193,7,3,CA1,EC,0.5375566132337286,Control,parks
195,A,198,7,3,CA1,EC,0.0315773560900048,Control,lighthouses
208,A,211,7,3,CA1,EC,-0.3375323678986227,Control,parks
5,A,8,7,4,CA1,EC,0.029193819703409,Control,lighthouses
12,A,15,7,4,CA1,EC,1.3469785315574525,Control,forests
23,A,26,7,4,CA1,EC,0.249475963726939,Control,parks
36,A,39,7,4,CA1,EC,-0.0758483600499942,Control,forests
47,A,50,7,4,CA1,EC,-0.6422177878500559,Control,lighthouses
65,A,68,7,4,CA1,EC,-0.5015367878764038,Control,lighthouses
84,A,87,7,4,CA1,EC,0.5683464306935377,Control,parks
92,A,95,7,4,CA1,EC,-0.1503351021690895,Control,parks
115,A,118,7,4,CA1,EC,-0.1529195477595084,Control,lighthouses
122,A,125,7,4,CA1,EC,-0.3829593697420979,Control,forests
144,A,147,7,4,CA1,EC,1.8896330555377667,Control,forests
151,A,154,7,4,CA1,EC,0.2355180664603561,Control,lighthouses
163,A,166,7,4,CA1,EC,-2.1211712657209816,Control,lighthouses
169,A,172,7,4,CA1,EC,1.2973804828275055,Control,forests
173,A,176,7,4,CA1,EC,0.9314477727792472,Control,parks
178,A,181,7,4,CA1,EC,-0.8817172887273371,Control,lighthouses
182,A,185,7,4,CA1,EC,1.648752766324417,Control,forests
203,A,206,7,4,CA1,EC,0.3032577006713554,Control,parks
213,A,216,7,4,CA1,EC,0.6581290393469218,Control,parks
224,A,227,7,4,CA1,EC,-1.6689034849897462,Control,parks
235,A,238,7,4,CA1,EC,3.498284434354917,Control,forests
11,A,14,8,2,CA1,EC,0.2567665625252313,Control,lakes
17,A,20,8,2,CA1,EC,0.343237734020199,Control,beaches
26,A,29,8,2,CA1,EC,-0.0222750732608663,Control,lakes
38,A,41,8,2,CA1,EC,-0.5606985349839192,Control,beaches
49,A,52,8,2,CA1,EC,-0.0682741109683498,Control,lighthouses
63,A,66,8,2,CA1,EC,-0.0820698096952878,Control,lighthouses
83,A,86,8,2,CA1,EC,1.0535265503781572,Control,lighthouses
93,A,96,8,2,CA1,EC,0.1696446412544267,Control,beaches
97,A,100,8,2,CA1,EC,-0.7555641191511211,Control,lighthouses
112,A,115,8,2,CA1,EC,0.0631724949962232,Control,lighthouses
123,A,126,8,2,CA1,EC,-0.4275943122108744,Control,beaches
131,A,134,8,2,CA1,EC,0.3237448727439536,Control,lakes
140,A,143,8,2,CA1,EC,0.2953823308055132,Control,beaches
152,A,155,8,2,CA1,EC,1.171087003596562,Control,lakes
163,A,166,8,2,CA1,EC,-1.3380824220689675,Control,lighthouses
172,A,175,8,2,CA1,EC,0.7640944404941196,Control,lakes
182,A,185,8,2,CA1,EC,1.1226763805963116,Control,lighthouses
194,A,197,8,2,CA1,EC,0.4965124620803582,Control,lakes
218,A,221,8,2,CA1,EC,0.4386460887743655,Control,beaches
235,A,238,8,2,CA1,EC,1.0462848479995597,Control,beaches
5,A,8,8,3,CA1,EC,-0.2554285078074876,Control,lakes
32,A,35,8,3,CA1,EC,-0.0061728024813273,Control,lighthouses
46,A,49,8,3,CA1,EC,-0.0645175578369383,Control,beaches
57,A,60,8,3,CA1,EC,0.3944704351644152,Control,lakes
61,A,64,8,3,CA1,EC,0.4032645725149101,Control,lighthouses
67,A,70,8,3,CA1,EC,0.7095218790881958,Control,beaches
72,A,75,8,3,CA1,EC,-0.2108447615620016,Control,lighthouses
87,A,90,8,3,CA1,EC,9.219822532792504,Control,lakes
98,A,101,8,3,CA1,EC,0.0001764479797488,Control,lakes
105,A,108,8,3,CA1,EC,3.789788455621772,Control,beaches
114,A,117,8,3,CA1,EC,0.1194131858268097,Control,lighthouses
126,A,129,8,3,CA1,EC,0.4525025420517776,Control,beaches
149,A,152,8,3,CA1,EC,0.0004811505737111,Control,lakes
154,A,157,8,3,CA1,EC,-0.1933578913860182,Control,lighthouses
167,A,170,8,3,CA1,EC,0.6292823819241076,Control,beaches
179,A,182,8,3,CA1,EC,-0.3212530810732464,Control,lighthouses
188,A,191,8,3,CA1,EC,-0.4049004099816781,Control,lighthouses
197,A,200,8,3,CA1,EC,-0.6159100468564424,Control,lakes
207,A,210,8,3,CA1,EC,1.5618407703983916,Control,beaches
213,A,216,8,3,CA1,EC,1.7836023215687822,Control,lakes
226,A,229,8,3,CA1,EC,-1.2428126096877166,Control,beaches
9,A,12,8,4,CA1,EC,-0.5634661687718795,Control,lighthouses
18,A,21,8,4,CA1,EC,0.0613075257004838,Control,lighthouses
24,A,27,8,4,CA1,EC,0.2123092289462388,Control,lakes
33,A,36,8,4,CA1,EC,-0.2228392577440499,Control,beaches
55,A,58,8,4,CA1,EC,-0.2672717572881028,Control,beaches
70,A,73,8,4,CA1,EC,0.8599237163213054,Control,beaches
78,A,81,8,4,CA1,EC,0.4823602879737435,Control,beaches
84,A,87,8,4,CA1,EC,0.7017300714845256,Control,lakes
104,A,107,8,4,CA1,EC,0.854343413493179,Control,lakes
111,A,114,8,4,CA1,EC,0.0331540238719133,Control,lighthouses
122,A,125,8,4,CA1,EC,-0.0011042059896285,Control,lighthouses
133,A,136,8,4,CA1,EC,0.016673354735601,Control,lighthouses
145,A,148,8,4,CA1,EC,0.1923974280014674,Control,lakes
151,A,154,8,4,CA1,EC,-1.885158777623945,Control,lighthouses
180,A,183,8,4,CA1,EC,0.0180970852378203,Control,lakes
184,A,187,8,4,CA1,EC,0.1816042808614331,Control,lighthouses
192,A,195,8,4,CA1,EC,0.0401058823781855,Control,beaches
209,A,212,8,4,CA1,EC,-0.3303815822322754,Control,lakes
215,A,218,8,4,CA1,EC,0.446319443143395,Control,beaches
221,A,224,8,4,CA1,EC,0.4762938605965467,Control,lakes
236,A,239,8,4,CA1,EC,-0.6270731136734116,Control,beaches
15,A,18,10,2,CA1,EC,0.1647302105808942,Stress,lighthouses
23,A,26,10,2,CA1,EC,-3.4588770650939358,Stress,mountains
43,A,46,10,2,CA1,EC,0.0028996600142562,Stress,lighthouses
51,A,54,10,2,CA1,EC,0.0611412232056694,Stress,mountains
62,A,65,10,2,CA1,EC,-0.1497733365907999,Stress,lighthouses
72,A,75,10,2,CA1,EC,-0.6306490189767696,Stress,mountains
78,A,81,10,2,CA1,EC,1.0646297937182974,Stress,lighthouses
83,A,86,10,2,CA1,EC,-0.1119698880091703,Stress,mountains
122,A,125,10,2,CA1,EC,1.573840190999393,Stress,fields
135,A,138,10,2,CA1,EC,0.601411639775171,Stress,lighthouses
150,A,153,10,2,CA1,EC,-0.2569481509534932,Stress,fields
163,A,166,10,2,CA1,EC,-0.0101455784650464,Stress,mountains
168,A,171,10,2,CA1,EC,3.954948141252133,Stress,fields
172,A,175,10,2,CA1,EC,0.8662861850098338,Stress,mountains
178,A,181,10,2,CA1,EC,-0.2344860133021385,Stress,lighthouses
196,A,199,10,2,CA1,EC,0.0285024260949347,Stress,fields
210,A,213,10,2,CA1,EC,0.1629006664134066,Stress,fields
214,A,217,10,2,CA1,EC,0.3666771823208257,Stress,mountains
229,A,232,10,2,CA1,EC,0.0522316229135714,Stress,lighthouses
236,A,239,10,2,CA1,EC,0.0695464375245684,Stress,fields
5,A,8,10,3,CA1,EC,0.5283376571507442,Stress,lighthouses
19,A,22,10,3,CA1,EC,0.63899744827344,Stress,mountains
25,A,28,10,3,CA1,EC,-0.0105549756971086,Stress,lighthouses
35,A,38,10,3,CA1,EC,-0.1287429234057704,Stress,fields
42,A,45,10,3,CA1,EC,0.577879135431482,Stress,mountains
53,A,56,10,3,CA1,EC,1.3986185678901744,Stress,lighthouses
67,A,70,10,3,CA1,EC,0.0444388764986921,Stress,lighthouses
75,A,78,10,3,CA1,EC,-0.4958069225375076,Stress,mountains
141,A,144,10,3,CA1,EC,1.0945832222391303,Stress,fields
160,A,163,10,3,CA1,EC,1.694388861266905,Stress,fields
174,A,177,10,3,CA1,EC,-0.0313905119956216,Stress,lighthouses
179,A,182,10,3,CA1,EC,-0.0003191696765598,Stress,mountains
227,A,230,10,3,CA1,EC,1.171120398223455,Stress,fields
234,A,237,10,3,CA1,EC,0.0456200030125883,Stress,mountains
5,A,8,10,4,CA1,EC,-0.1460252093780353,Stress,lighthouses
22,A,25,10,4,CA1,EC,-0.5226141545588253,Stress,fields
27,A,30,10,4,CA1,EC,-0.0460682507256668,Stress,mountains
54,A,57,10,4,CA1,EC,1.1397440741751963,Stress,mountains
59,A,62,10,4,CA1,EC,-0.0294076446641445,Stress,lighthouses
76,A,79,10,4,CA1,EC,0.6731489637868329,Stress,mountains
83,A,86,10,4,CA1,EC,-0.2493748785757157,Stress,lighthouses
93,A,96,10,4,CA1,EC,0.06278919499231,Stress,lighthouses
113,A,116,10,4,CA1,EC,-0.016389819958905,Stress,mountains
144,A,147,10,4,CA1,EC,0.0008939595775465,Stress,fields
153,A,156,10,4,CA1,EC,2.5826441777248275,Stress,mountains
160,A,163,10,4,CA1,EC,0.1108796131560556,Stress,mountains
168,A,171,10,4,CA1,EC,0.4628662552568208,Stress,lighthouses
177,A,180,10,4,CA1,EC,2.2959511793127576,Stress,fields
223,A,226,10,4,CA1,EC,1.4147044721247122,Stress,mountains
233,A,236,10,4,CA1,EC,2.147683398622513,Stress,fields
13,A,16,13,2,CA1,EC,0.232307405061201,Control,fields
21,A,24,13,2,CA1,EC,-0.1954530427709423,Control,forests
29,A,32,13,2,CA1,EC,-0.0624617351055031,Control,waterfalls
40,A,43,13,2,CA1,EC,-1.0035506232654838,Control,waterfalls
44,A,47,13,2,CA1,EC,2.571942330945914,Control,forests
62,A,65,13,2,CA1,EC,0.0670164620684181,Control,fields
74,A,77,13,2,CA1,EC,0.0020423063770427,Control,fields
94,A,97,13,2,CA1,EC,0.3914369105478251,Control,forests
109,A,112,13,2,CA1,EC,-0.621194372747659,Control,waterfalls
117,A,120,13,2,CA1,EC,1.3449250766503251,Control,waterfalls
125,A,128,13,2,CA1,EC,0.6323793945199557,Control,forests
151,A,154,13,2,CA1,EC,-0.0001280686981861,Control,fields
160,A,163,13,2,CA1,EC,0.0008887620641167,Control,forests
165,A,168,13,2,CA1,EC,0.3526894770250148,Control,waterfalls
172,A,175,13,2,CA1,EC,-0.0309133028501339,Control,forests
184,A,187,13,2,CA1,EC,-0.4105749807034318,Control,fields
196,A,199,13,2,CA1,EC,1.4011300844092411,Control,waterfalls
207,A,210,13,2,CA1,EC,0.3083447568090632,Control,fields
218,A,221,13,2,CA1,EC,1.9186168871420832,Control,waterfalls
223,A,226,13,2,CA1,EC,-0.056777089778947,Control,forests
233,A,236,13,2,CA1,EC,-1.0595017670211273,Control,fields
5,A,8,13,3,CA1,EC,3.602807980465656,Control,fields
19,A,22,13,3,CA1,EC,-0.3113703737765135,Control,forests
37,A,40,13,3,CA1,EC,-0.0001266466708479,Control,fields
65,A,68,13,3,CA1,EC,0.3329515172413917,Control,waterfalls
77,A,80,13,3,CA1,EC,2.35888790665068,Control,waterfalls
88,A,91,13,3,CA1,EC,0.4999434512562005,Control,fields
101,A,104,13,3,CA1,EC,0.0038186689644142,Control,fields
117,A,120,13,3,CA1,EC,5.030751337157461e-05,Control,waterfalls
127,A,130,13,3,CA1,EC,0.8392647625980357,Control,waterfalls
136,A,139,13,3,CA1,EC,0.043501254686538,Control,forests
145,A,148,13,3,CA1,EC,7.421586109115146e-07,Control,forests
154,A,157,13,3,CA1,EC,0.7054257244693264,Control,waterfalls
164,A,167,13,3,CA1,EC,-0.8202846180592342,Control,forests
170,A,173,13,3,CA1,EC,0.592777116402659,Control,fields
176,A,179,13,3,CA1,EC,0.8870032487656555,Control,forests
182,A,185,13,3,CA1,EC,-0.0060473808869318,Control,waterfalls
187,A,190,13,3,CA1,EC,-2.148538325735775,Control,fields
201,A,204,13,3,CA1,EC,-1.5904824261991637,Control,fields
206,A,209,13,3,CA1,EC,-0.0285611354262969,Control,waterfalls
217,A,220,13,3,CA1,EC,-3.543198521696917,Control,forests
230,A,233,13,3,CA1,EC,-0.0974684495612458,Control,forests
8,A,11,13,4,CA1,EC,4.088573621468988,Control,forests
14,A,17,13,4,CA1,EC,1.1198413925710198,Control,fields
28,A,31,13,4,CA1,EC,0.7484033327326642,Control,forests
38,A,41,13,4,CA1,EC,-0.0179213219460931,Control,fields
46,A,49,13,4,CA1,EC,-0.0766724485288099,Control,waterfalls
61,A,64,13,4,CA1,EC,0.1918130903891496,Control,waterfalls
70,A,73,13,4,CA1,EC,2.9314074598116444,Control,fields
78,A,81,13,4,CA1,EC,2.922316578353233,Control,fields
90,A,93,13,4,CA1,EC,0.197654707150037,Control,fields
96,A,99,13,4,CA1,EC,1.3380569436239336,Control,waterfalls
102,A,105,13,4,CA1,EC,0.0175438003513154,Control,forests
110,A,113,13,4,CA1,EC,2.558024936732791,Control,waterfalls
118,A,121,13,4,CA1,EC,-0.5708996425491196,Control,fields
144,A,147,13,4,CA1,EC,-0.3345537989499665,Control,forests
155,A,158,13,4,CA1,EC,1.0239183627486874,Control,forests
161,A,164,13,4,CA1,EC,-1.362312586709142,Control,forests
170,A,173,13,4,CA1,EC,-0.0079793835466113,Control,fields
197,A,200,13,4,CA1,EC,0.0064479560863126,Control,waterfalls
210,A,213,13,4,CA1,EC,0.1974292332118028,Control,waterfalls
219,A,222,13,4,CA1,EC,0.7263650599257337,Control,forests
228,A,231,13,4,CA1,EC,-0.1256285928237431,Control,waterfalls
8,A,11,14,2,CA1,EC,0.0257460105514197,Stress,bridges
16,A,19,14,2,CA1,EC,0.0009467033186235,Stress,fields
26,A,29,14,2,CA1,EC,0.9445894225608782,Stress,fields
36,A,39,14,2,CA1,EC,-2.3226428207784635,Stress,bridges
46,A,49,14,2,CA1,EC,0.8958597878156692,Stress,bridges
58,A,61,14,2,CA1,EC,0.0049652591288088,Stress,waterfalls
67,A,70,14,2,CA1,EC,-0.1433712526515785,Stress,fields
86,A,89,14,2,CA1,EC,1.0748603197581132,Stress,fields
98,A,101,14,2,CA1,EC,-0.5312744755313715,Stress,fields
115,A,118,14,2,CA1,EC,-0.1618434948920425,Stress,waterfalls
126,A,129,14,2,CA1,EC,-0.0034945749690314,Stress,bridges
132,A,135,14,2,CA1,EC,-0.6839759280466591,Stress,fields
140,A,143,14,2,CA1,EC,0.0153990097921424,Stress,bridges
152,A,155,14,2,CA1,EC,0.2036164811899231,Stress,waterfalls
161,A,164,14,2,CA1,EC,0.3410253976370909,Stress,waterfalls
186,A,189,14,2,CA1,EC,0.5334015915092439,Stress,bridges
196,A,199,14,2,CA1,EC,-1.2791837046124492,Stress,waterfalls
209,A,212,14,2,CA1,EC,0.4198300149912344,Stress,waterfalls
216,A,219,14,2,CA1,EC,-1.5446554626305398,Stress,fields
224,A,227,14,2,CA1,EC,-0.0035523675383556,Stress,waterfalls
228,A,231,14,2,CA1,EC,-0.2173079651180751,Stress,bridges
5,A,8,14,3,CA1,EC,1.7943786561048,Stress,fields
18,A,21,14,3,CA1,EC,0.0279815934736279,Stress,fields
22,A,25,14,3,CA1,EC,-0.0750881924833026,Stress,bridges
30,A,33,14,3,CA1,EC,-0.1722640500102616,Stress,bridges
35,A,38,14,3,CA1,EC,1.2468933782409823,Stress,fields
56,A,59,14,3,CA1,EC,-0.245940560708164,Stress,waterfalls
74,A,77,14,3,CA1,EC,0.4205863652968506,Stress,fields
83,A,86,14,3,CA1,EC,0.8435144195809107,Stress,bridges
89,A,92,14,3,CA1,EC,-0.3336137826737496,Stress,waterfalls
103,A,106,14,3,CA1,EC,-0.3707954208736874,Stress,bridges
111,A,114,14,3,CA1,EC,1.674346414937576,Stress,fields
131,A,134,14,3,CA1,EC,-1.3795929425601154,Stress,waterfalls
143,A,146,14,3,CA1,EC,-0.6573399813611148,Stress,fields
159,A,162,14,3,CA1,EC,1.1269660925954108,Stress,waterfalls
168,A,171,14,3,CA1,EC,1.017632282345796,Stress,bridges
181,A,184,14,3,CA1,EC,0.1296313446133327,Stress,bridges
187,A,190,14,3,CA1,EC,-0.5969339411783973,Stress,waterfalls
194,A,197,14,3,CA1,EC,3.280940007431127,Stress,bridges
210,A,213,14,3,CA1,EC,-0.9220360460434333,Stress,waterfalls
230,A,233,14,3,CA1,EC,0.0990762202160485,Stress,waterfalls
236,A,239,14,3,CA1,EC,-0.4065952470085134,Stress,fields
10,A,13,14,4,CA1,EC,0.3614404076627058,Stress,fields
14,A,17,14,4,CA1,EC,1.2995190413482611,Stress,bridges
31,A,34,14,4,CA1,EC,-0.5154263012261419,Stress,waterfalls
36,A,39,14,4,CA1,EC,0.2323431412940323,Stress,fields
43,A,46,14,4,CA1,EC,-0.3557429914454613,Stress,bridges
51,A,54,14,4,CA1,EC,0.0066936510643645,Stress,fields
56,A,59,14,4,CA1,EC,0.6953217382656985,Stress,waterfalls
67,A,70,14,4,CA1,EC,0.0939614345660224,Stress,waterfalls
77,A,80,14,4,CA1,EC,0.8433935667066117,Stress,bridges
86,A,89,14,4,CA1,EC,0.2888883628942553,Stress,fields
104,A,107,14,4,CA1,EC,-0.9685340804587944,Stress,waterfalls
113,A,116,14,4,CA1,EC,0.0572157217464133,Stress,waterfalls
146,A,149,14,4,CA1,EC,0.0867718915951154,Stress,fields
157,A,160,14,4,CA1,EC,-0.240945398937816,Stress,bridges
167,A,170,14,4,CA1,EC,0.9176992773978114,Stress,bridges
176,A,179,14,4,CA1,EC,-0.0448261404178661,Stress,fields
184,A,187,14,4,CA1,EC,0.3204292602242879,Stress,bridges
204,A,207,14,4,CA1,EC,3.241521239223979,Stress,waterfalls
216,A,219,14,4,CA1,EC,-1.464492775728372,Stress,waterfalls
5,A,8,15,2,CA1,EC,0.5183175592392439,Control,lakes
13,A,16,15,2,CA1,EC,0.0176107956902078,Control,lakes
19,A,22,15,2,CA1,EC,-0.6286918523565166,Control,mountains
34,A,37,15,2,CA1,EC,-1.5847195208175482,Control,lakes
45,A,48,15,2,CA1,EC,0.9416539480411952,Control,lakes
54,A,57,15,2,CA1,EC,-0.3917433239730064,Control,deserts
63,A,66,15,2,CA1,EC,0.2563751334900767,Control,deserts
82,A,85,15,2,CA1,EC,0.6785461376354602,Control,mountains
89,A,92,15,2,CA1,EC,0.0892082188382531,Control,mountains
118,A,121,15,2,CA1,EC,-0.6236476433925286,Control,deserts
128,A,131,15,2,CA1,EC,-1.5554815587811015,Control,mountains
141,A,144,15,2,CA1,EC,-1.7537179766563151,Control,deserts
146,A,149,15,2,CA1,EC,-1.0177678320524004,Control,lakes
153,A,156,15,2,CA1,EC,-0.1039368905760539,Control,deserts
161,A,164,15,2,CA1,EC,0.0090509792503259,Control,lakes
180,A,183,15,2,CA1,EC,0.7966219099672743,Control,deserts
192,A,195,15,2,CA1,EC,0.1287990247631495,Control,mountains
198,A,201,15,2,CA1,EC,-0.1372990957765333,Control,deserts
204,A,207,15,2,CA1,EC,-0.1289899325343781,Control,mountains
212,A,215,15,2,CA1,EC,1.0773236387584255,Control,lakes
229,A,232,15,2,CA1,EC,0.4797936165859928,Control,mountains
13,A,16,15,3,CA1,EC,2.341740540672444,Control,lakes
32,A,35,15,3,CA1,EC,-0.5769756753384752,Control,mountains
40,A,43,15,3,CA1,EC,-0.0072507744343249,Control,lakes
52,A,55,15,3,CA1,EC,0.8660772450880198,Control,deserts
60,A,63,15,3,CA1,EC,0.110232694041937,Control,mountains
69,A,72,15,3,CA1,EC,0.0151716561777167,Control,mountains
79,A,82,15,3,CA1,EC,1.8172362689394648,Control,lakes
91,A,94,15,3,CA1,EC,-0.1260868210372918,Control,deserts
106,A,109,15,3,CA1,EC,-0.38101178697311,Control,lakes
110,A,113,15,3,CA1,EC,0.7140656619708203,Control,deserts
126,A,129,15,3,CA1,EC,-2.8351225159167326,Control,lakes
141,A,144,15,3,CA1,EC,0.3556521016035602,Control,deserts
155,A,158,15,3,CA1,EC,-0.025216104472848,Control,mountains
165,A,168,15,3,CA1,EC,-0.3290998814806118,Control,deserts
181,A,184,15,3,CA1,EC,-0.4912251758792426,Control,mountains
194,A,197,15,3,CA1,EC,0.4050052422531773,Control,deserts
201,A,204,15,3,CA1,EC,0.4081271058477567,Control,lakes
206,A,209,15,3,CA1,EC,5.088718912092985,Control,mountains
225,A,228,15,3,CA1,EC,0.3864085640258301,Control,mountains
230,A,233,15,3,CA1,EC,1.3951851565448286,Control,deserts
236,A,239,15,3,CA1,EC,0.2811414261680303,Control,lakes
9,A,12,15,4,CA1,EC,-0.3995667541400163,Control,mountains
17,A,20,15,4,CA1,EC,-0.1097766103253588,Control,deserts
27,A,30,15,4,CA1,EC,-0.5100456734957562,Control,mountains
34,A,37,15,4,CA1,EC,0.2705737572472795,Control,lakes
38,A,41,15,4,CA1,EC,-0.7179981052513079,Control,deserts
50,A,53,15,4,CA1,EC,0.3354563797414602,Control,lakes
62,A,65,15,4,CA1,EC,-0.047567665047626,Control,lakes
78,A,81,15,4,CA1,EC,0.085584888387875,Control,deserts
96,A,99,15,4,CA1,EC,0.2092958264147,Control,lakes
101,A,104,15,4,CA1,EC,-0.9582080723295268,Control,mountains
110,A,113,15,4,CA1,EC,-0.5173409444149569,Control,mountains
130,A,133,15,4,CA1,EC,-0.0673337582916485,Control,mountains
141,A,144,15,4,CA1,EC,-0.3225144684969137,Control,mountains
150,A,153,15,4,CA1,EC,0.0481995956121054,Control,deserts
158,A,161,15,4,CA1,EC,2.5671223773710663,Control,lakes
163,A,166,15,4,CA1,EC,0.5843014040347098,Control,deserts
173,A,176,15,4,CA1,EC,-0.6942747866159319,Control,deserts
196,A,199,15,4,CA1,EC,0.4425483633913011,Control,lakes
203,A,206,15,4,CA1,EC,0.2793280656802435,Control,deserts
225,A,228,15,4,CA1,EC,-0.0613015432142662,Control,lakes
233,A,236,15,4,CA1,EC,2.693337907737072,Control,mountains
16,A,19,17,2,CA1,EC,0.0864129281172593,Control,marshes
36,A,39,17,2,CA1,EC,-0.0783931052577001,Control,canyons
43,A,46,17,2,CA1,EC,0.1960293585878501,Control,fields
49,A,52,17,2,CA1,EC,0.7138368142005571,Control,canyons
63,A,66,17,2,CA1,EC,0.1654274537865693,Control,canyons
81,A,84,17,2,CA1,EC,-0.5176127080499706,Control,marshes
91,A,94,17,2,CA1,EC,1.4829081064176135,Control,fields
97,A,100,17,2,CA1,EC,0.721700047854227,Control,canyons
107,A,110,17,2,CA1,EC,-0.0290973048984274,Control,fields
111,A,114,17,2,CA1,EC,-0.3438197821989215,Control,canyons
118,A,121,17,2,CA1,EC,-1.3567678728679111,Control,fields
122,A,125,17,2,CA1,EC,-0.7237096436364143,Control,marshes
133,A,136,17,2,CA1,EC,-0.8749313481731784,Control,fields
139,A,142,17,2,CA1,EC,0.2399253702434445,Control,marshes
152,A,155,17,2,CA1,EC,0.0042413638728344,Control,canyons
182,A,185,17,2,CA1,EC,-0.2311008542686181,Control,marshes
192,A,195,17,2,CA1,EC,-0.5442347577711428,Control,fields
206,A,209,17,2,CA1,EC,0.2234569840681859,Control,canyons
211,A,214,17,2,CA1,EC,0.722915059099844,Control,fields
217,A,220,17,2,CA1,EC,1.9381367631069624,Control,marshes
228,A,231,17,2,CA1,EC,-0.3942439832875035,Control,marshes
7,A,10,17,3,CA1,EC,0.1020594115732721,Control,fields
15,A,18,17,3,CA1,EC,-0.6127552661034065,Control,fields
24,A,27,17,3,CA1,EC,-0.1723133751840653,Control,marshes
49,A,52,17,3,CA1,EC,1.0366766134842609,Control,marshes
60,A,63,17,3,CA1,EC,-0.1404525415711264,Control,fields
76,A,79,17,3,CA1,EC,2.784395828622714,Control,canyons
81,A,84,17,3,CA1,EC,-0.2108614950479093,Control,marshes
88,A,91,17,3,CA1,EC,-0.807740083951705,Control,marshes
99,A,102,17,3,CA1,EC,1.954786896429238,Control,marshes
109,A,112,17,3,CA1,EC,0.6811812124840938,Control,fields
115,A,118,17,3,CA1,EC,0.5838803355899168,Control,canyons
125,A,128,17,3,CA1,EC,-0.4924998442310381,Control,fields
142,A,145,17,3,CA1,EC,-1.905912882513688,Control,canyons
177,A,180,17,3,CA1,EC,0.3397846228926462,Control,canyons
186,A,189,17,3,CA1,EC,-0.6819149705581922,Control,fields
199,A,202,17,3,CA1,EC,1.8387469200979716,Control,canyons
219,A,222,17,3,CA1,EC,-0.2533079991100544,Control,canyons
223,A,226,17,3,CA1,EC,-0.1875677226759436,Control,marshes
228,A,231,17,3,CA1,EC,0.5206948049518606,Control,canyons
237,A,240,17,3,CA1,EC,0.0632000304993577,Control,fields
9,A,12,17,4,CA1,EC,6.547823937727187e-05,Control,fields
17,A,20,17,4,CA1,EC,-0.2113519069270926,Control,marshes
25,A,28,17,4,CA1,EC,-0.0833973285916528,Control,canyons
41,A,44,17,4,CA1,EC,-0.1214542741745726,Control,fields
50,A,53,17,4,CA1,EC,-0.3512031634184513,Control,marshes
60,A,63,17,4,CA1,EC,-0.4753238412169515,Control,fields
72,A,75,17,4,CA1,EC,-0.2180809892434765,Control,marshes
88,A,91,17,4,CA1,EC,0.0380186836287765,Control,marshes
93,A,96,17,4,CA1,EC,1.3663854350973568,Control,fields
105,A,108,17,4,CA1,EC,0.1530659176515293,Control,marshes
131,A,134,17,4,CA1,EC,1.4742804953885151,Control,marshes
181,A,184,17,4,CA1,EC,0.1820056135392239,Control,canyons
202,A,205,17,4,CA1,EC,-0.0063464091654015,Control,fields
219,A,222,17,4,CA1,EC,0.9257141248349428,Control,canyons
233,A,236,17,4,CA1,EC,-2.242652807045002,Control,marshes
8,A,11,20,2,CA1,EC,0.5338673943844363,Control,parks
16,A,19,20,2,CA1,EC,0.105205965383592,Control,beaches
33,A,36,20,2,CA1,EC,-1.1479875244113726,Control,deserts
40,A,43,20,2,CA1,EC,0.0342053668232003,Control,beaches
55,A,58,20,2,CA1,EC,-0.0830574999223387,Control,parks
73,A,76,20,2,CA1,EC,0.5866408179169326,Control,beaches
80,A,83,20,2,CA1,EC,0.1834363857231547,Control,deserts
86,A,89,20,2,CA1,EC,0.102674822770302,Control,parks
104,A,107,20,2,CA1,EC,-0.6035712391495951,Control,beaches
110,A,113,20,2,CA1,EC,-0.3088078013000886,Control,parks
124,A,127,20,2,CA1,EC,-0.3065354565426713,Control,deserts
132,A,135,20,2,CA1,EC,-0.780926416975928,Control,beaches
157,A,160,20,2,CA1,EC,3.936188204091647,Control,parks
162,A,165,20,2,CA1,EC,-0.4729717897113034,Control,deserts
174,A,177,20,2,CA1,EC,0.3470146240665917,Control,parks
193,A,196,20,2,CA1,EC,0.5410732740669781,Control,deserts
199,A,202,20,2,CA1,EC,0.1601943890114574,Control,parks
205,A,208,20,2,CA1,EC,-0.0822284643909587,Control,deserts
214,A,217,20,2,CA1,EC,2.5822608638883984,Control,beaches
220,A,223,20,2,CA1,EC,0.3410658306833616,Control,deserts
228,A,231,20,2,CA1,EC,-0.9372843213885452,Control,beaches
32,A,35,20,3,CA1,EC,0.0067688657890775,Control,parks
42,A,45,20,3,CA1,EC,0.1856003316497879,Control,deserts
47,A,50,20,3,CA1,EC,-0.3870485313636067,Control,beaches
68,A,71,20,3,CA1,EC,0.5725788968399271,Control,deserts
74,A,77,20,3,CA1,EC,0.9870289054496528,Control,beaches
88,A,91,20,3,CA1,EC,0.8450416893437465,Control,parks
102,A,105,20,3,CA1,EC,2.821251057717124,Control,beaches
110,A,113,20,3,CA1,EC,0.5610062496116233,Control,parks
124,A,127,20,3,CA1,EC,-0.1677830551227158,Control,deserts
135,A,138,20,3,CA1,EC,-1.0230769125661672,Control,parks
142,A,145,20,3,CA1,EC,1.249292975749792,Control,beaches
162,A,165,20,3,CA1,EC,1.9152370892255115,Control,deserts
168,A,171,20,3,CA1,EC,-0.025914012644233,Control,beaches
176,A,179,20,3,CA1,EC,-0.1972974435761256,Control,beaches
184,A,187,20,3,CA1,EC,0.2515677565662016,Control,parks
201,A,204,20,3,CA1,EC,0.0022839357015801,Control,deserts
206,A,209,20,3,CA1,EC,-0.9444766839049514,Control,parks
210,A,213,20,3,CA1,EC,-0.0877267331648059,Control,deserts
218,A,221,20,3,CA1,EC,0.0079173855933234,Control,deserts
226,A,229,20,3,CA1,EC,1.0264219419823053,Control,beaches
234,A,237,20,3,CA1,EC,-0.4840159022763217,Control,parks
5,A,8,20,4,CA1,EC,-0.0055585248058138,Control,parks
14,A,17,20,4,CA1,EC,-1.1823835866886243,Control,deserts
37,A,40,20,4,CA1,EC,0.058202373825425,Control,parks
57,A,60,20,4,CA1,EC,0.0830923648272643,Control,beaches
66,A,69,20,4,CA1,EC,-0.0864953252898903,Control,beaches
76,A,79,20,4,CA1,EC,-0.1565485974627843,Control,deserts
81,A,84,20,4,CA1,EC,-0.399770932695985,Control,beaches
97,A,100,20,4,CA1,EC,-0.0157717646054276,Control,parks
114,A,117,20,4,CA1,EC,-0.0022754301135124,Control,beaches
138,A,141,20,4,CA1,EC,0.0080004638431503,Control,deserts
144,A,147,20,4,CA1,EC,-0.9581385117634236,Control,beaches
157,A,160,20,4,CA1,EC,-1.5433772132490506,Control,parks
164,A,167,20,4,CA1,EC,-1.2230768475762734,Control,parks
170,A,173,20,4,CA1,EC,0.8148954284624806,Control,beaches
177,A,180,20,4,CA1,EC,0.5709945675603225,Control,parks
185,A,188,20,4,CA1,EC,-0.5733212380604535,Control,beaches
190,A,193,20,4,CA1,EC,-0.0006028991799365,Control,deserts
207,A,210,20,4,CA1,EC,0.285897620217854,Control,deserts
212,A,215,20,4,CA1,EC,-0.4526114309855129,Control,parks
220,A,223,20,4,CA1,EC,0.4854842514399312,Control,deserts
228,A,231,20,4,CA1,EC,-1.1929164510175594,Control,deserts
10,A,13,21,2,CA1,EC,0.6048024717294839,Stress,beaches
28,A,31,21,2,CA1,EC,0.9874882328642974,Stress,deserts
43,A,46,21,2,CA1,EC,-0.0286949269906998,Stress,deserts
51,A,54,21,2,CA1,EC,0.3001029419664113,Stress,beaches
59,A,62,21,2,CA1,EC,0.1635711216247649,Stress,beaches
75,A,78,21,2,CA1,EC,0.8803142689015113,Stress,deserts
82,A,85,21,2,CA1,EC,-0.1726770659806451,Stress,marshes
93,A,96,21,2,CA1,EC,0.0194935728917525,Stress,marshes
99,A,102,21,2,CA1,EC,-0.4141660029545769,Stress,beaches
107,A,110,21,2,CA1,EC,2.414203327888791,Stress,beaches
114,A,117,21,2,CA1,EC,-0.2250039080154136,Stress,deserts
127,A,130,21,2,CA1,EC,-0.3041843670133864,Stress,beaches
136,A,139,21,2,CA1,EC,-0.3349423695614425,Stress,marshes
152,A,155,21,2,CA1,EC,0.0213066719969771,Stress,deserts
164,A,167,21,2,CA1,EC,0.0356444978025095,Stress,deserts
190,A,193,21,2,CA1,EC,0.8498092637541024,Stress,marshes
206,A,209,21,2,CA1,EC,0.3461552149386223,Stress,marshes
217,A,220,21,2,CA1,EC,1.6827518743434604,Stress,marshes
227,A,230,21,2,CA1,EC,-1.0598439721335553,Stress,deserts
232,A,235,21,2,CA1,EC,2.99121838962839,Stress,marshes
238,A,241,21,2,CA1,EC,-0.0299382623917348,Stress,beaches
10,A,13,21,3,CA1,EC,-0.3012791865486507,Stress,deserts
16,A,19,21,3,CA1,EC,-0.0924824103517255,Stress,marshes
35,A,38,21,3,CA1,EC,-1.569693306442297,Stress,beaches
46,A,49,21,3,CA1,EC,2.3955873878212564,Stress,deserts
51,A,54,21,3,CA1,EC,0.6055588197384115,Stress,marshes
61,A,64,21,3,CA1,EC,-0.2664178136799466,Stress,beaches
70,A,73,21,3,CA1,EC,-2.8109319170065685,Stress,marshes
93,A,96,21,3,CA1,EC,-1.0538001587748678,Stress,marshes
102,A,105,21,3,CA1,EC,0.2376001368512353,Stress,deserts
124,A,127,21,3,CA1,EC,-1.0378296008662635,Stress,beaches
134,A,137,21,3,CA1,EC,1.014046784689207,Stress,beaches
143,A,146,21,3,CA1,EC,0.0040463210790823,Stress,beaches
149,A,152,21,3,CA1,EC,1.0745169788525375,Stress,beaches
155,A,158,21,3,CA1,EC,-0.0668305147973793,Stress,deserts
166,A,169,21,3,CA1,EC,0.1816919244343766,Stress,deserts
170,A,173,21,3,CA1,EC,0.5772475555831823,Stress,marshes
179,A,182,21,3,CA1,EC,-0.1694158576649437,Stress,beaches
207,A,210,21,3,CA1,EC,1.0691914280584245,Stress,marshes
215,A,218,21,3,CA1,EC,-0.2723117939503232,Stress,deserts
224,A,227,21,3,CA1,EC,-0.6748378185978562,Stress,marshes
229,A,232,21,3,CA1,EC,-0.7337895925686064,Stress,deserts
18,A,21,21,4,CA1,EC,0.0694150242842562,Stress,marshes
28,A,31,21,4,CA1,EC,0.0536266690570969,Stress,beaches
34,A,37,21,4,CA1,EC,-0.0628153131172699,Stress,marshes
43,A,46,21,4,CA1,EC,1.3945447863575358,Stress,beaches
48,A,51,21,4,CA1,EC,0.5328597999280035,Stress,deserts
57,A,60,21,4,CA1,EC,1.5250189005797894,Stress,marshes
68,A,71,21,4,CA1,EC,-0.2584227071215845,Stress,deserts
82,A,85,21,4,CA1,EC,0.250760333955587,Stress,deserts
90,A,93,21,4,CA1,EC,-0.5335391793579664,Stress,beaches
99,A,102,21,4,CA1,EC,-0.2307920873257305,Stress,marshes
115,A,118,21,4,CA1,EC,0.2632348960607003,Stress,beaches
120,A,123,21,4,CA1,EC,0.0481385362460798,Stress,marshes
133,A,136,21,4,CA1,EC,2.782684463844756,Stress,deserts
154,A,157,21,4,CA1,EC,-0.0233841546886621,Stress,marshes
164,A,167,21,4,CA1,EC,-1.2284359281793409,Stress,deserts
174,A,177,21,4,CA1,EC,0.5680717071676495,Stress,deserts
183,A,186,21,4,CA1,EC,2.280810560826578,Stress,beaches
195,A,198,21,4,CA1,EC,1.2312043129482098,Stress,marshes
208,A,211,21,4,CA1,EC,-0.1535128656303918,Stress,beaches
229,A,232,21,4,CA1,EC,0.013646775708679,Stress,deserts
236,A,239,21,4,CA1,EC,-0.0246234786207536,Stress,beaches
11,A,14,23,2,CA1,EC,-0.0295760461359248,Stress,parks
22,A,25,23,2,CA1,EC,-0.5232220357123187,Stress,lighthouses
34,A,37,23,2,CA1,EC,-0.0166115956409816,Stress,parks
39,A,42,23,2,CA1,EC,0.4288316350592697,Stress,canyons
48,A,51,23,2,CA1,EC,-0.7674842745283093,Stress,parks
58,A,61,23,2,CA1,EC,2.0865403902825106,Stress,canyons
74,A,77,23,2,CA1,EC,-0.024790969000497,Stress,parks
92,A,95,23,2,CA1,EC,-0.0847501507941561,Stress,canyons
101,A,104,23,2,CA1,EC,0.0008791497684134,Stress,lighthouses
114,A,117,23,2,CA1,EC,0.0908126159562892,Stress,canyons
124,A,127,23,2,CA1,EC,-0.3873767509700069,Stress,parks
132,A,135,23,2,CA1,EC,-0.1038591183457432,Stress,lighthouses
141,A,144,23,2,CA1,EC,1.8630471578003496,Stress,lighthouses
169,A,172,23,2,CA1,EC,2.9724980766631868,Stress,canyons
175,A,178,23,2,CA1,EC,0.0729384101870524,Stress,lighthouses
185,A,188,23,2,CA1,EC,1.8665999158101163,Stress,lighthouses
195,A,198,23,2,CA1,EC,1.947157542511976,Stress,canyons
205,A,208,23,2,CA1,EC,0.0156293272469502,Stress,parks
211,A,214,23,2,CA1,EC,0.3855895223367528,Stress,canyons
224,A,227,23,2,CA1,EC,0.7256671958645322,Stress,lighthouses
232,A,235,23,2,CA1,EC,-2.0343209249341494,Stress,parks
5,A,8,23,3,CA1,EC,-0.1097472620716053,Stress,lighthouses
22,A,25,23,3,CA1,EC,0.0335526187815465,Stress,parks
36,A,39,23,3,CA1,EC,0.5767585268221838,Stress,canyons
45,A,48,23,3,CA1,EC,0.396027575011055,Stress,parks
61,A,64,23,3,CA1,EC,0.0980952750451316,Stress,lighthouses
68,A,71,23,3,CA1,EC,-0.022890023540065,Stress,lighthouses
83,A,86,23,3,CA1,EC,0.4647255768947715,Stress,canyons
93,A,96,23,3,CA1,EC,-0.7276176056905338,Stress,lighthouses
100,A,103,23,3,CA1,EC,-1.2167329550901438,Stress,parks
107,A,110,23,3,CA1,EC,-0.4614162908133283,Stress,canyons
129,A,132,23,3,CA1,EC,2.672400279135516,Stress,lighthouses
139,A,142,23,3,CA1,EC,0.1995662263732638,Stress,parks
144,A,147,23,3,CA1,EC,-0.1150616933789029,Stress,canyons
149,A,152,23,3,CA1,EC,-1.09103532989093,Stress,parks
164,A,167,23,3,CA1,EC,-0.4632654574683713,Stress,parks
171,A,174,23,3,CA1,EC,-0.2369968433679393,Stress,canyons
195,A,198,23,3,CA1,EC,-0.9015281372507632,Stress,lighthouses
211,A,214,23,3,CA1,EC,0.0059295259759485,Stress,canyons
219,A,222,23,3,CA1,EC,0.002907199665187,Stress,lighthouses
226,A,229,23,3,CA1,EC,-0.2703643247667576,Stress,canyons
230,A,233,23,3,CA1,EC,-0.8259074130632684,Stress,parks
10,A,13,23,4,CA1,EC,-0.0558355706074396,Stress,lighthouses
20,A,23,23,4,CA1,EC,0.3639025628381094,Stress,parks
32,A,35,23,4,CA1,EC,2.355814260577847,Stress,lighthouses
40,A,43,23,4,CA1,EC,1.693938859763292,Stress,parks
52,A,55,23,4,CA1,EC,0.0979153924481673,Stress,canyons
70,A,73,23,4,CA1,EC,-0.0045123780730891,Stress,canyons
77,A,80,23,4,CA1,EC,-0.7481225794047872,Stress,canyons
89,A,92,23,4,CA1,EC,-1.758597638766744,Stress,lighthouses
94,A,97,23,4,CA1,EC,0.0121619959628026,Stress,parks
99,A,102,23,4,CA1,EC,0.0104544889571698,Stress,canyons
107,A,110,23,4,CA1,EC,-2.426168679557557,Stress,lighthouses
113,A,116,23,4,CA1,EC,-0.0002102750141958,Stress,canyons
119,A,122,23,4,CA1,EC,-0.9451083275440032,Stress,lighthouses
127,A,130,23,4,CA1,EC,-1.0114247799710256,Stress,lighthouses
171,A,174,23,4,CA1,EC,-0.6577050338962762,Stress,canyons
186,A,189,23,4,CA1,EC,-0.1555542894102318,Stress,lighthouses
192,A,195,23,4,CA1,EC,0.2193372180388737,Stress,parks
210,A,213,23,4,CA1,EC,0.5564087361792023,Stress,canyons
216,A,219,23,4,CA1,EC,0.0184537384626334,Stress,parks
223,A,226,23,4,CA1,EC,-1.2261785065575177,Stress,parks
232,A,235,23,4,CA1,EC,0.1181464016960556,Stress,parks
5,A,8,24,2,CA1,EC,-0.0230440974671339,Stress,waterfalls
33,A,36,24,2,CA1,EC,0.1630320966490009,Stress,waterfalls
39,A,42,24,2,CA1,EC,0.0036211700942324,Stress,lakes
69,A,72,24,2,CA1,EC,0.1523120675895456,Stress,waterfalls
75,A,78,24,2,CA1,EC,0.22394109402928,Stress,lakes
81,A,84,24,2,CA1,EC,0.0620406172529352,Stress,beaches
88,A,91,24,2,CA1,EC,0.9729730331036108,Stress,lakes
97,A,100,24,2,CA1,EC,1.6696644353462882,Stress,beaches
114,A,117,24,2,CA1,EC,0.1795134122618369,Stress,lakes
128,A,131,24,2,CA1,EC,-1.1041087830261216,Stress,waterfalls
146,A,149,24,2,CA1,EC,0.2231992250992328,Stress,beaches
152,A,155,24,2,CA1,EC,0.0013963790256049,Stress,lakes
165,A,168,24,2,CA1,EC,-0.4249668562910559,Stress,beaches
169,A,172,24,2,CA1,EC,1.1521800468174157,Stress,waterfalls
180,A,183,24,2,CA1,EC,-0.2612358432518065,Stress,beaches
191,A,194,24,2,CA1,EC,3.852928493187588,Stress,beaches
200,A,203,24,2,CA1,EC,-2.005286035129247,Stress,waterfalls
213,A,216,24,2,CA1,EC,0.0777846043074788,Stress,lakes
220,A,223,24,2,CA1,EC,-0.0443453362744163,Stress,beaches
228,A,231,24,2,CA1,EC,2.991218312823284,Stress,lakes
234,A,237,24,2,CA1,EC,0.953744271455755,Stress,waterfalls
5,A,8,24,3,CA1,EC,0.5086624530106014,Stress,waterfalls
47,A,50,24,3,CA1,EC,1.3708606654156257,Stress,beaches
52,A,55,24,3,CA1,EC,-0.1003967473009629,Stress,waterfalls
61,A,64,24,3,CA1,EC,0.623727408150062,Stress,lakes
66,A,69,24,3,CA1,EC,-0.6594638177723503,Stress,waterfalls
81,A,84,24,3,CA1,EC,-0.3966577963017677,Stress,beaches
101,A,104,24,3,CA1,EC,0.7475058128723465,Stress,beaches
114,A,117,24,3,CA1,EC,0.6496241963536892,Stress,lakes
124,A,127,24,3,CA1,EC,-0.0026780338979593,Stress,beaches
134,A,137,24,3,CA1,EC,-0.0275151991821398,Stress,lakes
141,A,144,24,3,CA1,EC,0.0156609681334094,Stress,waterfalls
148,A,151,24,3,CA1,EC,0.449045057986176,Stress,lakes
156,A,159,24,3,CA1,EC,-0.8119108133482995,Stress,waterfalls
164,A,167,24,3,CA1,EC,-1.2644227052652115,Stress,beaches
177,A,180,24,3,CA1,EC,0.4367067974242283,Stress,lakes
185,A,188,24,3,CA1,EC,-0.7607912143438494,Stress,waterfalls
191,A,194,24,3,CA1,EC,-0.3519423882659235,Stress,lakes
203,A,206,24,3,CA1,EC,0.0184728473496638,Stress,beaches
212,A,215,24,3,CA1,EC,-0.1957105961917714,Stress,lakes
220,A,223,24,3,CA1,EC,-0.1023400807648803,Stress,waterfalls
234,A,237,24,3,CA1,EC,0.6895542653160524,Stress,beaches
5,A,8,24,4,CA1,EC,-0.0264226414998284,Stress,waterfalls
15,A,18,24,4,CA1,EC,0.023449210900587,Stress,lakes
21,A,24,24,4,CA1,EC,-0.0746926856583797,Stress,waterfalls
33,A,36,24,4,CA1,EC,1.990933644437373,Stress,lakes
47,A,50,24,4,CA1,EC,2.1182718130577305,Stress,beaches
55,A,58,24,4,CA1,EC,-0.0028477105113,Stress,beaches
73,A,76,24,4,CA1,EC,-0.111177807954054,Stress,beaches
80,A,83,24,4,CA1,EC,-0.7200055290436204,Stress,beaches
101,A,104,24,4,CA1,EC,-0.2179820935380835,Stress,waterfalls
118,A,121,24,4,CA1,EC,1.4586139304023125,Stress,lakes
132,A,135,24,4,CA1,EC,-0.2783088344541777,Stress,waterfalls
143,A,146,24,4,CA1,EC,2.566523958350474,Stress,waterfalls
156,A,159,24,4,CA1,EC,-0.0002113296124959,Stress,lakes
169,A,172,24,4,CA1,EC,-1.0402015000187585e-05,Stress,beaches
177,A,180,24,4,CA1,EC,0.4981918241643372,Stress,lakes
188,A,191,24,4,CA1,EC,1.3355586895060414,Stress,lakes
196,A,199,24,4,CA1,EC,-0.081725884600726,Stress,waterfalls
207,A,210,24,4,CA1,EC,0.0711708494676588,Stress,beaches
214,A,217,24,4,CA1,EC,0.8143784948358063,Stress,lakes
219,A,222,24,4,CA1,EC,-0.0586889516315961,Stress,beaches
223,A,226,24,4,CA1,EC,-0.0112197989796868,Stress,waterfalls
10,A,13,28,2,CA1,EC,2.009530780637435,Stress,mountains
18,A,21,28,2,CA1,EC,4.309552401965538,Stress,canyons
27,A,30,28,2,CA1,EC,-1.1329179151665507,Stress,canyons
35,A,38,28,2,CA1,EC,0.0249690056323366,Stress,mountains
54,A,57,28,2,CA1,EC,0.0036952335695675,Stress,canyons
65,A,68,28,2,CA1,EC,-1.2405044118996718,Stress,lighthouses
80,A,83,28,2,CA1,EC,2.0062237300597183,Stress,lighthouses
85,A,88,28,2,CA1,EC,-0.1964052395040321,Stress,canyons
93,A,96,28,2,CA1,EC,-0.127934457156172,Stress,lighthouses
106,A,109,28,2,CA1,EC,0.0562845999017671,Stress,canyons
111,A,114,28,2,CA1,EC,-1.1690010010860656,Stress,mountains
121,A,124,28,2,CA1,EC,1.1995861983708953,Stress,canyons
135,A,138,28,2,CA1,EC,-0.6243544796301692,Stress,lighthouses
141,A,144,28,2,CA1,EC,0.9912376186794192,Stress,canyons
146,A,149,28,2,CA1,EC,0.0986906156399101,Stress,mountains
175,A,178,28,2,CA1,EC,1.594055976987121,Stress,lighthouses
193,A,196,28,2,CA1,EC,0.0546021751662583,Stress,lighthouses
203,A,206,28,2,CA1,EC,-0.0914188049349104,Stress,mountains
217,A,220,28,2,CA1,EC,0.041342248390129,Stress,mountains
224,A,227,28,2,CA1,EC,-1.0033728958676735,Stress,lighthouses
233,A,236,28,2,CA1,EC,0.0317207661939916,Stress,mountains
7,A,10,28,3,CA1,EC,0.0971705035519786,Stress,canyons
15,A,18,28,3,CA1,EC,1.8447601338244937,Stress,canyons
22,A,25,28,3,CA1,EC,5.341376245611938,Stress,lighthouses
27,A,30,28,3,CA1,EC,-0.6562713178662835,Stress,canyons
54,A,57,28,3,CA1,EC,1.3480507351687383,Stress,lighthouses
75,A,78,28,3,CA1,EC,-0.0872580013934872,Stress,mountains
88,A,91,28,3,CA1,EC,0.1808235617934195,Stress,canyons
92,A,95,28,3,CA1,EC,-0.0101610291836734,Stress,mountains
104,A,107,28,3,CA1,EC,2.453419584288676,Stress,canyons
126,A,129,28,3,CA1,EC,-0.9330686817840278,Stress,lighthouses
137,A,140,28,3,CA1,EC,0.0113427306557924,Stress,mountains
149,A,152,28,3,CA1,EC,0.0179411512267717,Stress,lighthouses
154,A,157,28,3,CA1,EC,0.241110285738377,Stress,mountains
164,A,167,28,3,CA1,EC,0.0283162619975093,Stress,lighthouses
169,A,172,28,3,CA1,EC,0.1718930361007914,Stress,canyons
183,A,186,28,3,CA1,EC,0.012612735942369,Stress,canyons
192,A,195,28,3,CA1,EC,0.0378685647441327,Stress,mountains
199,A,202,28,3,CA1,EC,-0.4156198704880003,Stress,lighthouses
219,A,222,28,3,CA1,EC,0.3072511066358547,Stress,mountains
233,A,236,28,3,CA1,EC,-1.7837178051322156,Stress,mountains
238,A,241,28,3,CA1,EC,3.1786576021628856,Stress,lighthouses
5,A,8,28,4,CA1,EC,-0.0350261097457302,Stress,mountains
17,A,20,28,4,CA1,EC,2.190449103035104,Stress,mountains
26,A,29,28,4,CA1,EC,1.5133031245406294,Stress,lighthouses
41,A,44,28,4,CA1,EC,0.0779991723744915,Stress,canyons
47,A,50,28,4,CA1,EC,0.5050473665562034,Stress,lighthouses
72,A,75,28,4,CA1,EC,-0.0031082587883915,Stress,canyons
78,A,81,28,4,CA1,EC,-0.0058881889896178,Stress,mountains
100,A,103,28,4,CA1,EC,0.1984882175740953,Stress,canyons
117,A,120,28,4,CA1,EC,0.033898878627055,Stress,canyons
138,A,141,28,4,CA1,EC,0.0139055489446563,Stress,lighthouses
145,A,148,28,4,CA1,EC,-0.0193269738908942,Stress,canyons
154,A,157,28,4,CA1,EC,0.7336769813429602,Stress,mountains
165,A,168,28,4,CA1,EC,0.5148031059645972,Stress,lighthouses
170,A,173,28,4,CA1,EC,-0.8787183839437793,Stress,canyons
176,A,179,28,4,CA1,EC,-0.6283204104925131,Stress,mountains
185,A,188,28,4,CA1,EC,2.764267143249058,Stress,mountains
201,A,204,28,4,CA1,EC,-0.431119084906968,Stress,lighthouses
206,A,209,28,4,CA1,EC,0.0295903515243869,Stress,canyons
211,A,214,28,4,CA1,EC,0.1816029001728691,Stress,lighthouses
224,A,227,28,4,CA1,EC,0.2109653766501783,Stress,lighthouses
236,A,239,28,4,CA1,EC,1.1701144154503875,Stress,mountains
5,A,8,29,2,CA1,EC,-0.5312018717852491,Control,parks
17,A,20,29,2,CA1,EC,0.0502496301099171,Control,parks
47,A,50,29,2,CA1,EC,-0.1229353194081057,Control,mountains
54,A,57,29,2,CA1,EC,2.9172048371183257,Control,deserts
80,A,83,29,2,CA1,EC,0.4851409812396016,Control,parks
94,A,97,29,2,CA1,EC,0.5428211015075267,Control,deserts
99,A,102,29,2,CA1,EC,0.1567083976296929,Control,parks
104,A,107,29,2,CA1,EC,-0.4248005922699495,Control,mountains
110,A,113,29,2,CA1,EC,-0.2524597759374077,Control,deserts
124,A,127,29,2,CA1,EC,0.4975055089357332,Control,parks
131,A,134,29,2,CA1,EC,0.6971634847183981,Control,deserts
137,A,140,29,2,CA1,EC,0.2963754891225303,Control,parks
156,A,159,29,2,CA1,EC,0.0791830470396454,Control,mountains
165,A,168,29,2,CA1,EC,1.0538894353756687,Control,mountains
185,A,188,29,2,CA1,EC,0.0200774797668931,Control,deserts
194,A,197,29,2,CA1,EC,-2.769816302463413,Control,parks
200,A,203,29,2,CA1,EC,-0.3886808837676537,Control,mountains
208,A,211,29,2,CA1,EC,0.208196693484396,Control,mountains
213,A,216,29,2,CA1,EC,0.0499653147140657,Control,deserts
223,A,226,29,2,CA1,EC,0.9286951451256305,Control,deserts
228,A,231,29,2,CA1,EC,0.9417448486076428,Control,mountains
8,A,11,29,3,CA1,EC,-0.6282385582268207,Control,mountains
14,A,17,29,3,CA1,EC,0.6424484538992146,Control,parks
20,A,23,29,3,CA1,EC,0.8745241639594158,Control,mountains
39,A,42,29,3,CA1,EC,-1.3036615121704904,Control,mountains
50,A,53,29,3,CA1,EC,0.0444256164335405,Control,parks
71,A,74,29,3,CA1,EC,0.0575300429832157,Control,mountains
82,A,85,29,3,CA1,EC,0.287188193521007,Control,mountains
91,A,94,29,3,CA1,EC,0.0802411043435417,Control,parks
96,A,99,29,3,CA1,EC,0.0080181018583134,Control,mountains
101,A,104,29,3,CA1,EC,1.9013685220821028,Control,deserts
111,A,114,29,3,CA1,EC,0.1117368958834454,Control,deserts
116,A,119,29,3,CA1,EC,4.525721338109463,Control,mountains
121,A,124,29,3,CA1,EC,0.7711094681549073,Control,deserts
125,A,128,29,3,CA1,EC,0.4010470785769777,Control,parks
130,A,133,29,3,CA1,EC,-0.0866036808515135,Control,deserts
143,A,146,29,3,CA1,EC,-0.7050585673726243,Control,deserts
153,A,156,29,3,CA1,EC,1.0137115187312162,Control,parks
168,A,171,29,3,CA1,EC,-2.0883226360945133,Control,parks
197,A,200,29,3,CA1,EC,-0.5235274943890184,Control,deserts
203,A,206,29,3,CA1,EC,1.496903293837862,Control,parks
219,A,222,29,3,CA1,EC,-0.1581902328978348,Control,deserts
5,A,8,29,4,CA1,EC,-0.0050724907023351,Control,deserts
11,A,14,29,4,CA1,EC,1.2165948098636572,Control,parks
22,A,25,29,4,CA1,EC,0.5215940205649782,Control,parks
28,A,31,29,4,CA1,EC,0.6355289710232842,Control,mountains
39,A,42,29,4,CA1,EC,-0.2154783582452044,Control,mountains
46,A,49,29,4,CA1,EC,0.01319031855949,Control,mountains
50,A,53,29,4,CA1,EC,0.4570584993356528,Control,deserts
72,A,75,29,4,CA1,EC,1.0240316117811077,Control,deserts
83,A,86,29,4,CA1,EC,-0.5002822618713886,Control,mountains
88,A,91,29,4,CA1,EC,-0.8696597706543779,Control,parks
96,A,99,29,4,CA1,EC,-1.4354800962205407,Control,mountains
110,A,113,29,4,CA1,EC,0.0138678327096504,Control,deserts
114,A,117,29,4,CA1,EC,4.261822540702239,Control,parks
120,A,123,29,4,CA1,EC,-0.0071596393998665,Control,deserts
173,A,176,29,4,CA1,EC,-0.8619078683045918,Control,mountains
186,A,189,29,4,CA1,EC,-0.7073003343441923,Control,deserts
192,A,195,29,4,CA1,EC,-0.6186189667658198,Control,deserts
201,A,204,29,4,CA1,EC,0.2332535621606836,Control,parks
208,A,211,29,4,CA1,EC,1.5369075086470887,Control,mountains
213,A,216,29,4,CA1,EC,0.0031804537828862,Control,parks
230,A,233,29,4,CA1,EC,0.0494947699244983,Control,parks
16,A,19,30,2,CA1,EC,-0.0473823586252366,Stress,lighthouses
33,A,36,30,2,CA1,EC,2.2515342891785277,Stress,parks
48,A,51,30,2,CA1,EC,0.292180847471416,Stress,parks
61,A,64,30,2,CA1,EC,0.166943199479566,Stress,lighthouses
65,A,68,30,2,CA1,EC,0.0980699181015978,Stress,deserts
84,A,87,30,2,CA1,EC,-1.686022413572153,Stress,parks
89,A,92,30,2,CA1,EC,1.8483544644144188,Stress,deserts
96,A,99,30,2,CA1,EC,-0.057352586695839,Stress,lighthouses
101,A,104,30,2,CA1,EC,-0.2213073887540986,Stress,deserts
125,A,128,30,2,CA1,EC,-0.4260477936496413,Stress,deserts
142,A,145,30,2,CA1,EC,-0.0277631153893951,Stress,deserts
154,A,157,30,2,CA1,EC,0.2357623127422738,Stress,lighthouses
170,A,173,30,2,CA1,EC,0.4394471280287933,Stress,parks
178,A,181,30,2,CA1,EC,1.3073626863651582,Stress,parks
183,A,186,30,2,CA1,EC,-0.2927666246691456,Stress,lighthouses
194,A,197,30,2,CA1,EC,0.1502907191401784,Stress,parks
204,A,207,30,2,CA1,EC,-0.326410642375112,Stress,lighthouses
213,A,216,30,2,CA1,EC,-0.0818854904275602,Stress,deserts
219,A,222,30,2,CA1,EC,0.2876513352754286,Stress,deserts
227,A,230,30,2,CA1,EC,-0.7034446199240417,Stress,lighthouses
24,A,27,30,3,CA1,EC,-0.517279519723863,Stress,parks
39,A,42,30,3,CA1,EC,-0.1026019270001416,Stress,deserts
45,A,48,30,3,CA1,EC,-3.157095248191661,Stress,lighthouses
56,A,59,30,3,CA1,EC,-2.643700961819901,Stress,lighthouses
60,A,63,30,3,CA1,EC,0.0069398348543146,Stress,deserts
71,A,74,30,3,CA1,EC,0.0007699624699726,Stress,parks
88,A,91,30,3,CA1,EC,-0.7530092256600689,Stress,deserts
95,A,98,30,3,CA1,EC,-0.2719034641480033,Stress,parks
108,A,111,30,3,CA1,EC,0.3226220251617204,Stress,lighthouses
118,A,121,30,3,CA1,EC,0.1659269594382715,Stress,parks
128,A,131,30,3,CA1,EC,0.231308397698499,Stress,deserts
155,A,158,30,3,CA1,EC,-0.7958716712410991,Stress,parks
163,A,166,30,3,CA1,EC,-0.0163161835478237,Stress,lighthouses
167,A,170,30,3,CA1,EC,-0.1128415023271755,Stress,deserts
176,A,179,30,3,CA1,EC,2.1354893567966977,Stress,lighthouses
202,A,205,30,3,CA1,EC,1.9973608357999704,Stress,lighthouses
208,A,211,30,3,CA1,EC,1.3612114290542368,Stress,deserts
225,A,228,30,3,CA1,EC,0.6900066865595942,Stress,parks
230,A,233,30,3,CA1,EC,-2.0961900225058723,Stress,lighthouses
237,A,240,30,3,CA1,EC,0.3762649107966542,Stress,parks
5,A,8,30,4,CA1,EC,4.117409238256617,Stress,deserts
13,A,16,30,4,CA1,EC,-0.9280132590193452,Stress,lighthouses
23,A,26,30,4,CA1,EC,-0.0404608959510728,Stress,deserts
30,A,33,30,4,CA1,EC,-0.1998872817529307,Stress,lighthouses
34,A,37,30,4,CA1,EC,-0.0639728908668162,Stress,deserts
70,A,73,30,4,CA1,EC,-0.5252494718055564,Stress,deserts
85,A,88,30,4,CA1,EC,-0.1164565708893375,Stress,deserts
103,A,106,30,4,CA1,EC,-0.3960132795182241,Stress,deserts
112,A,115,30,4,CA1,EC,-0.0011958543282783,Stress,parks
142,A,145,30,4,CA1,EC,0.5156515263100725,Stress,lighthouses
192,A,195,30,4,CA1,EC,2.140865809363587,Stress,lighthouses
196,A,199,30,4,CA1,EC,0.0032133234749703,Stress,parks
210,A,213,30,4,CA1,EC,1.2458625311253382,Stress,parks
216,A,219,30,4,CA1,EC,0.0212105365249677,Stress,deserts
228,A,231,30,4,CA1,EC,0.1522923023929868,Stress,parks
237,A,240,30,4,CA1,EC,0.4170276974536943,Stress,lighthouses
5,A,8,31,2,CA1,EC,0.5195167399510211,Control,marshes
19,A,22,31,2,CA1,EC,-0.2858800612021866,Control,lakes
25,A,28,31,2,CA1,EC,0.0009364418623776,Control,waterfalls
30,A,33,31,2,CA1,EC,-0.001278094227509,Control,marshes
43,A,46,31,2,CA1,EC,0.8538741317251682,Control,waterfalls
50,A,53,31,2,CA1,EC,-0.7125258546639094,Control,lakes
56,A,59,31,2,CA1,EC,-0.236553720793052,Control,marshes
67,A,70,31,2,CA1,EC,-0.1487478148874965,Control,waterfalls
74,A,77,31,2,CA1,EC,0.2548658437012902,Control,lakes
96,A,99,31,2,CA1,EC,0.4197503318770227,Control,marshes
115,A,118,31,2,CA1,EC,0.3729256457590151,Control,waterfalls
126,A,129,31,2,CA1,EC,0.0097794218218798,Control,waterfalls
138,A,141,31,2,CA1,EC,-0.0098226628355512,Control,lakes
159,A,162,31,2,CA1,EC,-2.015510207448729,Control,lakes
167,A,170,31,2,CA1,EC,0.0001436538198965,Control,waterfalls
183,A,186,31,2,CA1,EC,5.139807143812037,Control,lakes
188,A,191,31,2,CA1,EC,0.6975658985162002,Control,waterfalls
199,A,202,31,2,CA1,EC,-1.4411738575571964,Control,lakes
209,A,212,31,2,CA1,EC,-0.3585955218778316,Control,marshes
224,A,227,31,2,CA1,EC,0.3787437273831816,Control,marshes
17,A,20,31,3,CA1,EC,6.80330722536716,Control,lakes
27,A,30,31,3,CA1,EC,1.436019592280963,Control,waterfalls
38,A,41,31,3,CA1,EC,0.0122718987532857,Control,marshes
58,A,61,31,3,CA1,EC,-2.5230662653366838,Control,marshes
69,A,72,31,3,CA1,EC,-0.3374802791085765,Control,lakes
75,A,78,31,3,CA1,EC,0.3682550569126341,Control,marshes
87,A,90,31,3,CA1,EC,4.835674673470908,Control,waterfalls
95,A,98,31,3,CA1,EC,0.2809684710190388,Control,waterfalls
104,A,107,31,3,CA1,EC,0.0004075610459417,Control,lakes
118,A,121,31,3,CA1,EC,0.202259278260814,Control,waterfalls
136,A,139,31,3,CA1,EC,-0.2881293255736459,Control,waterfalls
153,A,156,31,3,CA1,EC,0.787921163837558,Control,waterfalls
169,A,172,31,3,CA1,EC,0.0050165073248837,Control,lakes
175,A,178,31,3,CA1,EC,0.2965388968636346,Control,waterfalls
195,A,198,31,3,CA1,EC,2.407178330085943,Control,lakes
205,A,208,31,3,CA1,EC,-0.0049436701703369,Control,marshes
209,A,212,31,3,CA1,EC,0.1278500664797317,Control,lakes
218,A,221,31,3,CA1,EC,0.0029301861282543,Control,marshes
234,A,237,31,3,CA1,EC,0.0024629157924852,Control,marshes
23,A,26,31,4,CA1,EC,-0.0129302825496521,Control,marshes
31,A,34,31,4,CA1,EC,-0.8171209983419793,Control,waterfalls
50,A,53,31,4,CA1,EC,0.0030267757750703,Control,lakes
56,A,59,31,4,CA1,EC,-4.772671443855027,Control,marshes
67,A,70,31,4,CA1,EC,0.3224681238107011,Control,lakes
73,A,76,31,4,CA1,EC,-0.1632684342161866,Control,marshes
85,A,88,31,4,CA1,EC,0.0008205792763971,Control,waterfalls
91,A,94,31,4,CA1,EC,0.4213283095940803,Control,lakes
100,A,103,31,4,CA1,EC,0.1308731948779698,Control,waterfalls
105,A,108,31,4,CA1,EC,-0.0002648873344053,Control,lakes
113,A,116,31,4,CA1,EC,-0.1157984871879246,Control,marshes
119,A,122,31,4,CA1,EC,0.0001864368058154,Control,waterfalls
156,A,159,31,4,CA1,EC,0.2743578125150916,Control,marshes
169,A,172,31,4,CA1,EC,0.0174935472593322,Control,waterfalls
175,A,178,31,4,CA1,EC,0.0039923020706084,Control,lakes
182,A,185,31,4,CA1,EC,-1.6109617879388962,Control,waterfalls
212,A,215,31,4,CA1,EC,1.8962896327795415,Control,marshes
220,A,223,31,4,CA1,EC,0.5433620607317905,Control,lakes
226,A,229,31,4,CA1,EC,0.0010015409298684,Control,marshes
233,A,236,31,4,CA1,EC,0.5990805897677784,Control,lakes
14,A,17,32,2,CA1,EC,1.126069657382561,Stress,beaches
25,A,28,32,2,CA1,EC,-0.8106095973940302,Stress,deserts
36,A,39,32,2,CA1,EC,-0.4422858816989112,Stress,fields
46,A,49,32,2,CA1,EC,1.5360767293507684,Stress,deserts
53,A,56,32,2,CA1,EC,0.5180774125894527,Stress,beaches
58,A,61,32,2,CA1,EC,-0.0823821256661959,Stress,deserts
76,A,79,32,2,CA1,EC,0.0227362717353895,Stress,fields
82,A,85,32,2,CA1,EC,-0.064462056925571,Stress,deserts
92,A,95,32,2,CA1,EC,1.284646300470485,Stress,fields
98,A,101,32,2,CA1,EC,-1.6215652891299186,Stress,deserts
105,A,108,32,2,CA1,EC,-1.0668505443302465,Stress,deserts
114,A,117,32,2,CA1,EC,0.272700773431467,Stress,beaches
123,A,126,32,2,CA1,EC,-0.0769863282429177,Stress,beaches
130,A,133,32,2,CA1,EC,-0.2572622658025174,Stress,fields
136,A,139,32,2,CA1,EC,-1.1977857193666448,Stress,beaches
146,A,149,32,2,CA1,EC,-0.2761038548686034,Stress,deserts
159,A,162,32,2,CA1,EC,-0.2408620784304435,Stress,fields
168,A,171,32,2,CA1,EC,-0.2039320120842012,Stress,beaches
180,A,183,32,2,CA1,EC,0.5268525235343049,Stress,beaches
190,A,193,32,2,CA1,EC,-0.2226565135776943,Stress,fields
202,A,205,32,2,CA1,EC,-0.3207035628704109,Stress,fields
18,A,21,32,3,CA1,EC,0.1732296933997086,Stress,beaches
28,A,31,32,3,CA1,EC,0.0651805625455354,Stress,deserts
39,A,42,32,3,CA1,EC,1.3863426377271972,Stress,deserts
56,A,59,32,3,CA1,EC,-0.1924283113420825,Stress,fields
62,A,65,32,3,CA1,EC,0.0396287114744661,Stress,beaches
69,A,72,32,3,CA1,EC,-0.2447164456309876,Stress,deserts
74,A,77,32,3,CA1,EC,2.3970826845562376,Stress,beaches
99,A,102,32,3,CA1,EC,1.659854010430624,Stress,deserts
110,A,113,32,3,CA1,EC,-1.0612674005243468,Stress,beaches
128,A,131,32,3,CA1,EC,2.154055397456496,Stress,deserts
138,A,141,32,3,CA1,EC,0.6499163746872979,Stress,fields
146,A,149,32,3,CA1,EC,-1.1114582364023835,Stress,fields
156,A,159,32,3,CA1,EC,0.0022035306872627,Stress,deserts
162,A,165,32,3,CA1,EC,1.952972167936753,Stress,beaches
166,A,169,32,3,CA1,EC,-0.0029582828896222,Stress,deserts
179,A,182,32,3,CA1,EC,-0.5880385724682475,Stress,beaches
189,A,192,32,3,CA1,EC,-0.7561154258981887,Stress,beaches
207,A,210,32,3,CA1,EC,0.7268720927179567,Stress,fields
216,A,219,32,3,CA1,EC,-1.358757312553113,Stress,fields
235,A,238,32,3,CA1,EC,1.3766376886814695,Stress,fields
5,A,8,32,4,CA1,EC,0.0651077201458929,Stress,fields
18,A,21,32,4,CA1,EC,-0.4472954144055598,Stress,fields
29,A,32,32,4,CA1,EC,-0.1739381749421234,Stress,deserts
34,A,37,32,4,CA1,EC,1.5591809565104888,Stress,beaches
45,A,48,32,4,CA1,EC,2.9577712153476994,Stress,beaches
50,A,53,32,4,CA1,EC,-0.0028254324762484,Stress,deserts
62,A,65,32,4,CA1,EC,-0.0109975304328665,Stress,deserts
70,A,73,32,4,CA1,EC,0.0885525501879936,Stress,beaches
79,A,82,32,4,CA1,EC,2.1920046420213555,Stress,fields
90,A,93,32,4,CA1,EC,0.0882820812691601,Stress,deserts
96,A,99,32,4,CA1,EC,0.0434978770863745,Stress,fields
111,A,114,32,4,CA1,EC,-0.9926182029837493,Stress,beaches
129,A,132,32,4,CA1,EC,-0.0015553474159964,Stress,deserts
169,A,172,32,4,CA1,EC,0.3330187176532351,Stress,beaches
177,A,180,32,4,CA1,EC,-0.0591824974048618,Stress,fields
186,A,189,32,4,CA1,EC,-0.2699898517877825,Stress,fields
197,A,200,32,4,CA1,EC,1.8571153738711288,Stress,beaches
209,A,212,32,4,CA1,EC,0.2103288845559766,Stress,deserts
214,A,217,32,4,CA1,EC,-0.337687557331336,Stress,beaches
228,A,231,32,4,CA1,EC,0.0487423076807931,Stress,deserts
234,A,237,32,4,CA1,EC,-0.5846050288172436,Stress,fields
5,A,8,33,2,CA1,EC,-0.3185987461035852,Stress,canyons
22,A,25,33,2,CA1,EC,-0.2228655390060739,Stress,beaches
33,A,36,33,2,CA1,EC,-0.6134084539433798,Stress,waterfalls
42,A,45,33,2,CA1,EC,1.328381622875439,Stress,canyons
55,A,58,33,2,CA1,EC,-0.009244737351032,Stress,waterfalls
59,A,62,33,2,CA1,EC,-0.3049846198208297,Stress,beaches
67,A,70,33,2,CA1,EC,0.5390958658134476,Stress,waterfalls
75,A,78,33,2,CA1,EC,0.0764769347039905,Stress,waterfalls
83,A,86,33,2,CA1,EC,-0.9835019170269014,Stress,canyons
114,A,117,33,2,CA1,EC,0.3838413028833365,Stress,canyons
132,A,135,33,2,CA1,EC,2.029852947661892,Stress,beaches
139,A,142,33,2,CA1,EC,-0.3751588989497636,Stress,canyons
155,A,158,33,2,CA1,EC,-0.380673037300358,Stress,waterfalls
175,A,178,33,2,CA1,EC,0.2268914652009011,Stress,beaches
193,A,196,33,2,CA1,EC,-0.5883686238802905,Stress,beaches
201,A,204,33,2,CA1,EC,0.3946182418488359,Stress,canyons
213,A,216,33,2,CA1,EC,-0.0055189140551446,Stress,beaches
217,A,220,33,2,CA1,EC,-0.3509742624814131,Stress,canyons
222,A,225,33,2,CA1,EC,-0.5466573217432822,Stress,beaches
228,A,231,33,2,CA1,EC,-1.703627811752893,Stress,waterfalls
5,A,8,33,3,CA1,EC,0.458507081602108,Stress,beaches
22,A,25,33,3,CA1,EC,1.506538002939558,Stress,canyons
31,A,34,33,3,CA1,EC,0.1003264832904699,Stress,beaches
53,A,56,33,3,CA1,EC,0.3565916545260762,Stress,beaches
61,A,64,33,3,CA1,EC,2.00339794899364,Stress,canyons
70,A,73,33,3,CA1,EC,0.5779609015039374,Stress,canyons
85,A,88,33,3,CA1,EC,0.0060043632500134,Stress,beaches
94,A,97,33,3,CA1,EC,-0.0658628459145427,Stress,canyons
99,A,102,33,3,CA1,EC,0.0063335078980256,Stress,beaches
108,A,111,33,3,CA1,EC,-0.2430122732407979,Stress,beaches
113,A,116,33,3,CA1,EC,-0.1057034714400756,Stress,waterfalls
125,A,128,33,3,CA1,EC,1.3188406630273275,Stress,canyons
138,A,141,33,3,CA1,EC,-0.5874510494844356,Stress,waterfalls
154,A,157,33,3,CA1,EC,-0.7669016585380526,Stress,waterfalls
158,A,161,33,3,CA1,EC,0.010852077690575,Stress,canyons
162,A,165,33,3,CA1,EC,-1.74208436217901,Stress,waterfalls
178,A,181,33,3,CA1,EC,-0.301321203454469,Stress,canyons
186,A,189,33,3,CA1,EC,0.3971737459014357,Stress,waterfalls
203,A,206,33,3,CA1,EC,0.6559206099002352,Stress,waterfalls
212,A,215,33,3,CA1,EC,-0.6736220934435447,Stress,beaches
219,A,222,33,3,CA1,EC,0.3198366052872241,Stress,waterfalls
7,A,10,33,4,CA1,EC,-0.480709132542519,Stress,canyons
21,A,24,33,4,CA1,EC,-0.0452763348732269,Stress,waterfalls
29,A,32,33,4,CA1,EC,0.3702414956050723,Stress,beaches
39,A,42,33,4,CA1,EC,2.2095037619098243,Stress,waterfalls
49,A,52,33,4,CA1,EC,-1.572816664531701,Stress,canyons
56,A,59,33,4,CA1,EC,0.2117799767591819,Stress,waterfalls
67,A,70,33,4,CA1,EC,0.677271207248861,Stress,waterfalls
88,A,91,33,4,CA1,EC,-0.3100558914663307,Stress,canyons
95,A,98,33,4,CA1,EC,2.7688693860449964,Stress,beaches
107,A,110,33,4,CA1,EC,1.1372389300702876,Stress,canyons
116,A,119,33,4,CA1,EC,-0.109001352813886,Stress,waterfalls
130,A,133,33,4,CA1,EC,-0.8152463432443315,Stress,canyons
140,A,143,33,4,CA1,EC,0.4412907637923068,Stress,beaches
150,A,153,33,4,CA1,EC,1.3049971666941218,Stress,beaches
162,A,165,33,4,CA1,EC,-0.6474208688977754,Stress,canyons
180,A,183,33,4,CA1,EC,-0.5311905202294644,Stress,waterfalls
189,A,192,33,4,CA1,EC,-0.3779329394767087,Stress,beaches
199,A,202,33,4,CA1,EC,-0.3807128730597669,Stress,waterfalls
211,A,214,33,4,CA1,EC,-0.7513054634058547,Stress,beaches
220,A,223,33,4,CA1,EC,0.0227385775075589,Stress,beaches
236,A,239,33,4,CA1,EC,-0.604478074811986,Stress,canyons
9,A,12,34,2,CA1,EC,-0.0064740525636407,Control,bridges
20,A,23,34,2,CA1,EC,9.8023365803811,Control,lakes
27,A,30,34,2,CA1,EC,0.0086981550824506,Control,fields
39,A,42,34,2,CA1,EC,-0.002585799525251,Control,lakes
49,A,52,34,2,CA1,EC,0.5351517521472685,Control,lakes
63,A,66,34,2,CA1,EC,-0.9895900011089696,Control,bridges
68,A,71,34,2,CA1,EC,-0.0563398687759185,Control,fields
91,A,94,34,2,CA1,EC,-0.2178206985852327,Control,bridges
97,A,100,34,2,CA1,EC,0.0194836262284354,Control,lakes
109,A,112,34,2,CA1,EC,1.6770291669490027,Control,bridges
131,A,134,34,2,CA1,EC,1.6032319839775222,Control,lakes
142,A,145,34,2,CA1,EC,0.0680431188678673,Control,bridges
146,A,149,34,2,CA1,EC,0.0454550841332609,Control,lakes
156,A,159,34,2,CA1,EC,1.7713095559011778,Control,bridges
161,A,164,34,2,CA1,EC,-0.9933031318704766,Control,fields
174,A,177,34,2,CA1,EC,-0.2297175857016236,Control,fields
190,A,193,34,2,CA1,EC,0.7896435262229856,Control,fields
213,A,216,34,2,CA1,EC,-0.181424939217773,Control,bridges
221,A,224,34,2,CA1,EC,-0.2149333618881864,Control,lakes
226,A,229,34,2,CA1,EC,0.205351859266593,Control,fields
234,A,237,34,2,CA1,EC,-0.0473239968640203,Control,fields
18,A,21,34,3,CA1,EC,-0.0560032185544555,Control,fields
31,A,34,34,3,CA1,EC,0.2884433372074157,Control,bridges
41,A,44,34,3,CA1,EC,0.0048582622091416,Control,bridges
50,A,53,34,3,CA1,EC,-0.1823134808460295,Control,bridges
62,A,65,34,3,CA1,EC,0.0022254514111913,Control,fields
67,A,70,34,3,CA1,EC,0.7351744555459613,Control,lakes
81,A,84,34,3,CA1,EC,-0.2463989137809908,Control,lakes
93,A,96,34,3,CA1,EC,-0.6702152270278168,Control,bridges
101,A,104,34,3,CA1,EC,0.0005208784605845,Control,fields
114,A,117,34,3,CA1,EC,1.314834648730961,Control,bridges
122,A,125,34,3,CA1,EC,-0.331550076509746,Control,lakes
130,A,133,34,3,CA1,EC,1.6821756214779109,Control,bridges
135,A,138,34,3,CA1,EC,0.6735757920062633,Control,lakes
141,A,144,34,3,CA1,EC,-0.577480294693041,Control,fields
153,A,156,34,3,CA1,EC,-0.5208948403310251,Control,fields
163,A,166,34,3,CA1,EC,-0.0945895607283421,Control,bridges
170,A,173,34,3,CA1,EC,0.4355987546521291,Control,fields
187,A,190,34,3,CA1,EC,0.1238880203214452,Control,fields
193,A,196,34,3,CA1,EC,0.0282167616923084,Control,lakes
222,A,225,34,3,CA1,EC,-1.020260537543643,Control,lakes
232,A,235,34,3,CA1,EC,-0.4252991172301951,Control,lakes
5,A,8,34,4,CA1,EC,0.0207708232094794,Control,lakes
21,A,24,34,4,CA1,EC,4.614279167319558,Control,bridges
27,A,30,34,4,CA1,EC,0.0841364619513638,Control,lakes
32,A,35,34,4,CA1,EC,0.9241576575103329,Control,fields
44,A,47,34,4,CA1,EC,0.145828560717875,Control,bridges
51,A,54,34,4,CA1,EC,0.102880191359506,Control,fields
80,A,83,34,4,CA1,EC,0.0052759144937461,Control,fields
90,A,93,34,4,CA1,EC,0.5128465918136613,Control,bridges
97,A,100,34,4,CA1,EC,-1.5559505166302765,Control,lakes
106,A,109,34,4,CA1,EC,-0.1860683990921934,Control,fields
118,A,121,34,4,CA1,EC,0.4703556114488008,Control,bridges
122,A,125,34,4,CA1,EC,-0.0061066097886486,Control,lakes
128,A,131,34,4,CA1,EC,0.6706392463218882,Control,fields
135,A,138,34,4,CA1,EC,6.061792501614167,Control,bridges
159,A,162,34,4,CA1,EC,3.70467675507087,Control,lakes
172,A,175,34,4,CA1,EC,0.0091209814282784,Control,fields
181,A,184,34,4,CA1,EC,0.095574562906566,Control,lakes
190,A,193,34,4,CA1,EC,2.068018475516303,Control,fields
203,A,206,34,4,CA1,EC,1.1318466291888143,Control,bridges
211,A,214,34,4,CA1,EC,0.6306195471655497,Control,lakes
236,A,239,34,4,CA1,EC,0.7523324631518881,Control,bridges
5,A,8,36,2,CA1,EC,-0.0453395587657112,Control,forests
14,A,17,36,2,CA1,EC,-0.1784082244889721,Control,forests
23,A,26,36,2,CA1,EC,0.0726597595414235,Control,fields
31,A,34,36,2,CA1,EC,0.0230799086966083,Control,forests
39,A,42,36,2,CA1,EC,-0.3964819953332473,Control,lighthouses
43,A,46,36,2,CA1,EC,-0.1613138915382704,Control,fields
53,A,56,36,2,CA1,EC,-1.6756356294407568,Control,lighthouses
74,A,77,36,2,CA1,EC,-0.2963495644417091,Control,fields
87,A,90,36,2,CA1,EC,0.0745489855615072,Control,lighthouses
94,A,97,36,2,CA1,EC,0.2810292362849125,Control,lighthouses
109,A,112,36,2,CA1,EC,2.679865978446238,Control,fields
127,A,130,36,2,CA1,EC,2.7907200989752283,Control,forests
132,A,135,36,2,CA1,EC,0.7932637966589843,Control,lighthouses
138,A,141,36,2,CA1,EC,2.159472627876955,Control,forests
173,A,176,36,2,CA1,EC,-0.7452071701579338,Control,forests
178,A,181,36,2,CA1,EC,-0.1798274548675351,Control,lighthouses
195,A,198,36,2,CA1,EC,0.4481653149038955,Control,fields
208,A,211,36,2,CA1,EC,0.1670400262706972,Control,lighthouses
223,A,226,36,2,CA1,EC,-0.0392637505833977,Control,fields
228,A,231,36,2,CA1,EC,1.088516975444836,Control,forests
235,A,238,36,2,CA1,EC,0.5831596092554601,Control,fields
13,A,16,36,3,CA1,EC,-0.0696454623422253,Control,forests
21,A,24,36,3,CA1,EC,-0.0224278673142393,Control,forests
42,A,45,36,3,CA1,EC,-0.671824651068455,Control,lighthouses
48,A,51,36,3,CA1,EC,-1.1439354776865476,Control,forests
71,A,74,36,3,CA1,EC,-0.6516301779806045,Control,fields
83,A,86,36,3,CA1,EC,-0.145858989832771,Control,fields
90,A,93,36,3,CA1,EC,-0.4141597524924269,Control,lighthouses
100,A,103,36,3,CA1,EC,0.3190754728731425,Control,lighthouses
110,A,113,36,3,CA1,EC,1.0450660193603234,Control,forests
120,A,123,36,3,CA1,EC,0.3774210270872157,Control,fields
127,A,130,36,3,CA1,EC,0.1762438222449481,Control,forests
131,A,134,36,3,CA1,EC,0.255971795903837,Control,lighthouses
137,A,140,36,3,CA1,EC,1.554304133879369,Control,fields
158,A,161,36,3,CA1,EC,0.1719662200225949,Control,fields
167,A,170,36,3,CA1,EC,0.3666200600017247,Control,forests
175,A,178,36,3,CA1,EC,0.7859255295544816,Control,fields
179,A,182,36,3,CA1,EC,-0.2023342544460095,Control,forests
184,A,187,36,3,CA1,EC,1.5930664919889683,Control,lighthouses
212,A,215,36,3,CA1,EC,0.2901000385934508,Control,lighthouses
217,A,220,36,3,CA1,EC,2.311745760271864,Control,fields
235,A,238,36,3,CA1,EC,0.0226676867734397,Control,lighthouses
8,A,11,36,4,CA1,EC,1.3598828881080969,Control,lighthouses
43,A,46,36,4,CA1,EC,0.4744652158114799,Control,lighthouses
59,A,62,36,4,CA1,EC,1.3409043716389568,Control,fields
67,A,70,36,4,CA1,EC,0.7025913810093906,Control,forests
71,A,74,36,4,CA1,EC,0.222059381239931,Control,lighthouses
79,A,82,36,4,CA1,EC,0.6628217482266883,Control,forests
84,A,87,36,4,CA1,EC,4.37763194092831,Control,fields
99,A,102,36,4,CA1,EC,2.0714795058184,Control,forests
109,A,112,36,4,CA1,EC,-0.0116185066819303,Control,forests
114,A,117,36,4,CA1,EC,0.2182235358348067,Control,lighthouses
136,A,139,36,4,CA1,EC,-1.4465744722464722,Control,fields
152,A,155,36,4,CA1,EC,-0.2045869437831408,Control,fields
156,A,159,36,4,CA1,EC,0.151132779694515,Control,lighthouses
167,A,170,36,4,CA1,EC,0.2911597759097992,Control,forests
175,A,178,36,4,CA1,EC,0.6648708588495233,Control,lighthouses
183,A,186,36,4,CA1,EC,1.8017394497683517,Control,forests
189,A,192,36,4,CA1,EC,2.8182829129793494,Control,fields
208,A,211,36,4,CA1,EC,0.6563665972434545,Control,fields
216,A,219,36,4,CA1,EC,0.4483019428583403,Control,lighthouses
226,A,229,36,4,CA1,EC,-0.0104623343450294,Control,forests
237,A,240,36,4,CA1,EC,0.0079763301924075,Control,fields
11,A,14,37,2,CA1,EC,0.0135959180980819,Stress,deserts
21,A,24,37,2,CA1,EC,0.1364372890291227,Stress,waterfalls
30,A,33,37,2,CA1,EC,0.1658330450985829,Stress,marshes
41,A,44,37,2,CA1,EC,-0.64681556005912,Stress,waterfalls
48,A,51,37,2,CA1,EC,-0.0355666310511315,Stress,marshes
63,A,66,37,2,CA1,EC,0.0184409838991987,Stress,marshes
69,A,72,37,2,CA1,EC,-0.4652337967357028,Stress,deserts
78,A,81,37,2,CA1,EC,1.357282797609107,Stress,waterfalls
85,A,88,37,2,CA1,EC,0.3854964089130265,Stress,waterfalls
96,A,99,37,2,CA1,EC,0.3017230352696,Stress,deserts
103,A,106,37,2,CA1,EC,-0.5501193242515584,Stress,marshes
115,A,118,37,2,CA1,EC,0.049678568327372,Stress,waterfalls
130,A,133,37,2,CA1,EC,-0.1011329745981108,Stress,deserts
135,A,138,37,2,CA1,EC,0.6608642950434988,Stress,waterfalls
144,A,147,37,2,CA1,EC,-0.0624080587261561,Stress,deserts
155,A,158,37,2,CA1,EC,0.0183640513303409,Stress,marshes
173,A,176,37,2,CA1,EC,-0.0048290872002134,Stress,deserts
186,A,189,37,2,CA1,EC,0.7433598357358348,Stress,marshes
198,A,201,37,2,CA1,EC,2.5964138688379594,Stress,deserts
215,A,218,37,2,CA1,EC,-0.1340695599336094,Stress,marshes
234,A,237,37,2,CA1,EC,-0.0098744589088458,Stress,waterfalls
18,A,21,37,3,CA1,EC,-0.5860440952634727,Stress,waterfalls
29,A,32,37,3,CA1,EC,1.3045181093327838,Stress,deserts
39,A,42,37,3,CA1,EC,0.3333559775422862,Stress,deserts
44,A,47,37,3,CA1,EC,-0.0436897878289586,Stress,marshes
50,A,53,37,3,CA1,EC,-0.1770719818544658,Stress,deserts
61,A,64,37,3,CA1,EC,0.0372911946600896,Stress,waterfalls
69,A,72,37,3,CA1,EC,-1.1855165627698605,Stress,waterfalls
85,A,88,37,3,CA1,EC,-0.4248037414417572,Stress,waterfalls
94,A,97,37,3,CA1,EC,0.0697818663116483,Stress,deserts
98,A,101,37,3,CA1,EC,0.2888298196251666,Stress,marshes
106,A,109,37,3,CA1,EC,-0.7448486488977335,Stress,marshes
123,A,126,37,3,CA1,EC,-0.1011022768715852,Stress,waterfalls
136,A,139,37,3,CA1,EC,-0.0548749271563113,Stress,deserts
141,A,144,37,3,CA1,EC,0.5190656921368909,Stress,marshes
159,A,162,37,3,CA1,EC,0.2657717225548535,Stress,deserts
164,A,167,37,3,CA1,EC,1.2944471693402966,Stress,marshes
170,A,173,37,3,CA1,EC,0.0104193404440067,Stress,waterfalls
181,A,184,37,3,CA1,EC,1.8880271327577585,Stress,marshes
210,A,213,37,3,CA1,EC,-0.039407595723023,Stress,marshes
224,A,227,37,3,CA1,EC,-0.1641960107855983,Stress,waterfalls
237,A,240,37,3,CA1,EC,-0.122522772905579,Stress,deserts
23,A,26,37,4,CA1,EC,0.6270963233166322,Stress,marshes
34,A,37,37,4,CA1,EC,1.6691057471783286,Stress,deserts
41,A,44,37,4,CA1,EC,0.0580879389899468,Stress,marshes
52,A,55,37,4,CA1,EC,3.827399250712948,Stress,deserts
68,A,71,37,4,CA1,EC,0.0051101826234037,Stress,deserts
81,A,84,37,4,CA1,EC,0.9282095240970912,Stress,waterfalls
96,A,99,37,4,CA1,EC,0.007584245186516,Stress,marshes
102,A,105,37,4,CA1,EC,0.24921350705927,Stress,waterfalls
110,A,113,37,4,CA1,EC,0.0304130603068053,Stress,waterfalls
115,A,118,37,4,CA1,EC,0.2098574903419797,Stress,deserts
119,A,122,37,4,CA1,EC,1.1325751209953736,Stress,marshes
134,A,137,37,4,CA1,EC,-0.0255534718534374,Stress,marshes
139,A,142,37,4,CA1,EC,0.4033152828810338,Stress,deserts
144,A,147,37,4,CA1,EC,-0.8182502957274127,Stress,waterfalls
151,A,154,37,4,CA1,EC,-0.1847840716413326,Stress,marshes
166,A,169,37,4,CA1,EC,-0.3329266884123921,Stress,deserts
172,A,175,37,4,CA1,EC,1.0170822313264454,Stress,marshes
187,A,190,37,4,CA1,EC,-0.6813615138624276,Stress,waterfalls
202,A,205,37,4,CA1,EC,-0.0199740666831168,Stress,waterfalls
214,A,217,37,4,CA1,EC,-0.8402908871608511,Stress,waterfalls
229,A,232,37,4,CA1,EC,-0.3193956674203546,Stress,deserts
5,A,8,38,2,CA1,EC,0.4826855096747392,Stress,lighthouses
11,A,14,38,2,CA1,EC,0.3425461398010279,Stress,lighthouses
16,A,19,38,2,CA1,EC,-0.2760304426269394,Stress,bridges
24,A,27,38,2,CA1,EC,-1.333812246115441,Stress,lighthouses
31,A,34,38,2,CA1,EC,0.2370917098203081,Stress,bridges
39,A,42,38,2,CA1,EC,-0.9866891411427224,Stress,marshes
44,A,47,38,2,CA1,EC,0.3156147698640954,Stress,bridges
65,A,68,38,2,CA1,EC,-3.0862487255024056,Stress,lighthouses
96,A,99,38,2,CA1,EC,0.7829262455063153,Stress,bridges
106,A,109,38,2,CA1,EC,0.7073483233233665,Stress,marshes
118,A,121,38,2,CA1,EC,-0.514568827921787,Stress,lighthouses
139,A,142,38,2,CA1,EC,-0.0977500694184005,Stress,bridges
150,A,153,38,2,CA1,EC,-0.7445481941875954,Stress,marshes
158,A,161,38,2,CA1,EC,0.0469819846974446,Stress,marshes
164,A,167,38,2,CA1,EC,-2.418935765857721,Stress,lighthouses
177,A,180,38,2,CA1,EC,0.1287847271024173,Stress,lighthouses
184,A,187,38,2,CA1,EC,-0.2736639406294038,Stress,marshes
191,A,194,38,2,CA1,EC,2.2230995459724565,Stress,bridges
203,A,206,38,2,CA1,EC,0.2725343106395394,Stress,marshes
211,A,214,38,2,CA1,EC,-0.1806800463745475,Stress,marshes
225,A,228,38,2,CA1,EC,0.0165385671457465,Stress,bridges
5,A,8,38,3,CA1,EC,-0.1821023366895096,Stress,lighthouses
12,A,15,38,3,CA1,EC,1.4426716823617505,Stress,marshes
24,A,27,38,3,CA1,EC,2.6661172371495336,Stress,marshes
35,A,38,38,3,CA1,EC,0.7107752727597944,Stress,bridges
43,A,46,38,3,CA1,EC,0.2856497789302817,Stress,marshes
55,A,58,38,3,CA1,EC,0.0098776897230003,Stress,bridges
72,A,75,38,3,CA1,EC,1.0159415101895302,Stress,lighthouses
77,A,80,38,3,CA1,EC,-1.6881404413696364,Stress,marshes
86,A,89,38,3,CA1,EC,0.714219322417281,Stress,lighthouses
104,A,107,38,3,CA1,EC,-0.2119212012309128,Stress,marshes
110,A,113,38,3,CA1,EC,0.1446134515564577,Stress,bridges
135,A,138,38,3,CA1,EC,-0.0742121983153548,Stress,bridges
147,A,150,38,3,CA1,EC,-1.2392991805495976,Stress,bridges
151,A,154,38,3,CA1,EC,-0.2933271035844226,Stress,marshes
163,A,166,38,3,CA1,EC,-0.1297502010967685,Stress,lighthouses
175,A,178,38,3,CA1,EC,0.1996681976357487,Stress,marshes
180,A,183,38,3,CA1,EC,-0.1641440957931378,Stress,bridges
186,A,189,38,3,CA1,EC,1.0570562381191029,Stress,lighthouses
203,A,206,38,3,CA1,EC,-0.7072573249992512,Stress,lighthouses
210,A,213,38,3,CA1,EC,-0.0335900989236074,Stress,bridges
226,A,229,38,3,CA1,EC,-1.9212813860541276,Stress,lighthouses
5,A,8,38,4,CA1,EC,0.9676254522465996,Stress,lighthouses
10,A,13,38,4,CA1,EC,-0.8747597354832212,Stress,marshes
16,A,19,38,4,CA1,EC,-0.1087091920620315,Stress,lighthouses
27,A,30,38,4,CA1,EC,0.816249477805007,Stress,lighthouses
44,A,47,38,4,CA1,EC,-1.1807019335668814,Stress,marshes
51,A,54,38,4,CA1,EC,0.1444247088158968,Stress,marshes
58,A,61,38,4,CA1,EC,0.6015382500615424,Stress,bridges
69,A,72,38,4,CA1,EC,0.030821512363054,Stress,lighthouses
75,A,78,38,4,CA1,EC,0.0024329721046232,Stress,marshes
81,A,84,38,4,CA1,EC,-0.514085000710592,Stress,lighthouses
102,A,105,38,4,CA1,EC,-0.7495968249801228,Stress,bridges
128,A,131,38,4,CA1,EC,-0.1504261583685146,Stress,bridges
135,A,138,38,4,CA1,EC,-0.2326876660788424,Stress,marshes
153,A,156,38,4,CA1,EC,0.0646995394830592,Stress,marshes
158,A,161,38,4,CA1,EC,1.880869644319772,Stress,bridges
187,A,190,38,4,CA1,EC,1.6389307860895077,Stress,bridges
194,A,197,38,4,CA1,EC,0.0015457353899461,Stress,lighthouses
201,A,204,38,4,CA1,EC,0.1291259939175591,Stress,bridges
214,A,217,38,4,CA1,EC,0.3469353838964863,Stress,marshes
226,A,229,38,4,CA1,EC,-0.2984149629027159,Stress,bridges
237,A,240,38,4,CA1,EC,-0.3326929118654759,Stress,lighthouses
22,A,25,39,2,CA1,EC,2.55191893941358,Control,lighthouses
47,A,50,39,2,CA1,EC,0.3351194167098655,Control,waterfalls
62,A,65,39,2,CA1,EC,-0.7092438451767136,Control,marshes
70,A,73,39,2,CA1,EC,0.7267821390960021,Control,lighthouses
75,A,78,39,2,CA1,EC,1.2000103917303528,Control,marshes
79,A,82,39,2,CA1,EC,0.6673410358130085,Control,waterfalls
85,A,88,39,2,CA1,EC,0.1582240201820177,Control,lighthouses
104,A,107,39,2,CA1,EC,3.673419559649183,Control,marshes
116,A,119,39,2,CA1,EC,0.1660274134313766,Control,waterfalls
124,A,127,39,2,CA1,EC,0.0002902989707853,Control,lighthouses
142,A,145,39,2,CA1,EC,8.282263074052382,Control,marshes
151,A,154,39,2,CA1,EC,0.7794993421853729,Control,lighthouses
165,A,168,39,2,CA1,EC,0.1097094294824754,Control,lighthouses
176,A,179,39,2,CA1,EC,-0.204812794372513,Control,marshes
180,A,183,39,2,CA1,EC,0.303259432956583,Control,waterfalls
188,A,191,39,2,CA1,EC,0.0764390623591352,Control,marshes
200,A,203,39,2,CA1,EC,0.091301563687889,Control,waterfalls
216,A,219,39,2,CA1,EC,0.0084014591487465,Control,lighthouses
226,A,229,39,2,CA1,EC,0.505154265900434,Control,waterfalls
233,A,236,39,2,CA1,EC,0.0766101424353843,Control,marshes
238,A,241,39,2,CA1,EC,-0.9784005925905208,Control,waterfalls
19,A,22,39,3,CA1,EC,0.2353567589101935,Control,marshes
30,A,33,39,3,CA1,EC,1.0703115458152077,Control,marshes
37,A,40,39,3,CA1,EC,0.2925167339958588,Control,waterfalls
47,A,50,39,3,CA1,EC,-0.8595831080310964,Control,marshes
53,A,56,39,3,CA1,EC,0.0516823281224409,Control,waterfalls
62,A,65,39,3,CA1,EC,0.8083737995130462,Control,lighthouses
70,A,73,39,3,CA1,EC,0.0015759611987916,Control,lighthouses
86,A,89,39,3,CA1,EC,-1.213088072758578,Control,waterfalls
98,A,101,39,3,CA1,EC,0.813256546186317,Control,lighthouses
102,A,105,39,3,CA1,EC,0.0784971380309959,Control,waterfalls
116,A,119,39,3,CA1,EC,-0.3242453736239399,Control,marshes
138,A,141,39,3,CA1,EC,-1.732371452125471,Control,marshes
146,A,149,39,3,CA1,EC,0.3113930121119346,Control,lighthouses
162,A,165,39,3,CA1,EC,-0.0008617716219693,Control,waterfalls
171,A,174,39,3,CA1,EC,1.5668530230024833,Control,waterfalls
180,A,183,39,3,CA1,EC,-0.5768128459627743,Control,lighthouses
186,A,189,39,3,CA1,EC,2.828625713428255,Control,marshes
194,A,197,39,3,CA1,EC,0.126684843220193,Control,lighthouses
201,A,204,39,3,CA1,EC,-0.5318373655277108,Control,waterfalls
206,A,209,39,3,CA1,EC,-0.317877369784119,Control,lighthouses
220,A,223,39,3,CA1,EC,-2.597775203473709,Control,marshes
7,A,10,39,4,CA1,EC,-1.4413559378685552,Control,waterfalls
12,A,15,39,4,CA1,EC,3.4568031316754606,Control,lighthouses
18,A,21,39,4,CA1,EC,-0.6505262068285489,Control,marshes
23,A,26,39,4,CA1,EC,-0.0058484585439869,Control,waterfalls
30,A,33,39,4,CA1,EC,-0.2095867981251117,Control,marshes
38,A,41,39,4,CA1,EC,-0.0066392405491882,Control,lighthouses
45,A,48,39,4,CA1,EC,-0.1267144691745577,Control,lighthouses
58,A,61,39,4,CA1,EC,-0.4737505581567293,Control,lighthouses
77,A,80,39,4,CA1,EC,-2.166633056884772,Control,marshes
83,A,86,39,4,CA1,EC,-0.1844372931600058,Control,waterfalls
91,A,94,39,4,CA1,EC,-0.0517471528365183,Control,marshes
103,A,106,39,4,CA1,EC,1.403976252122616,Control,waterfalls
109,A,112,39,4,CA1,EC,-0.0700179860332647,Control,lighthouses
113,A,116,39,4,CA1,EC,1.8011754114375422,Control,marshes
119,A,122,39,4,CA1,EC,-0.4612763888144119,Control,waterfalls
158,A,161,39,4,CA1,EC,0.1295240240836748,Control,waterfalls
177,A,180,39,4,CA1,EC,-0.0003252135005587,Control,lighthouses
203,A,206,39,4,CA1,EC,-0.9358040019681748,Control,marshes
208,A,211,39,4,CA1,EC,-0.8133770175641024,Control,lighthouses
217,A,220,39,4,CA1,EC,-0.0122215627047685,Control,waterfalls
222,A,225,39,4,CA1,EC,0.1118697592098548,Control,marshes
8,A,11,40,2,CA1,EC,0.96557957287833,Stress,beaches
14,A,17,40,2,CA1,EC,-0.009039625700862,Stress,fields
41,A,44,40,2,CA1,EC,-0.8040743007196609,Stress,beaches
59,A,62,40,2,CA1,EC,-0.0024328903792499,Stress,fields
82,A,85,40,2,CA1,EC,-0.6387665192265054,Stress,parks
87,A,90,40,2,CA1,EC,1.3123594009073556,Stress,beaches
98,A,101,40,2,CA1,EC,0.4510902330094006,Stress,beaches
107,A,110,40,2,CA1,EC,-0.855206605182692,Stress,parks
112,A,115,40,2,CA1,EC,-0.2534933269724366,Stress,fields
116,A,119,40,2,CA1,EC,-0.9460717998476764,Stress,beaches
122,A,125,40,2,CA1,EC,-0.0712493942361773,Stress,parks
128,A,131,40,2,CA1,EC,-0.0257101626030943,Stress,parks
139,A,142,40,2,CA1,EC,0.1403140280042971,Stress,parks
144,A,147,40,2,CA1,EC,-0.1750190695166784,Stress,fields
157,A,160,40,2,CA1,EC,-0.3592790335574134,Stress,fields
171,A,174,40,2,CA1,EC,-1.1118406190269026,Stress,parks
175,A,178,40,2,CA1,EC,2.174455519116934,Stress,beaches
186,A,189,40,2,CA1,EC,-0.1358149735641456,Stress,parks
191,A,194,40,2,CA1,EC,0.8604765753897703,Stress,fields
209,A,212,40,2,CA1,EC,0.5687202747071302,Stress,fields
220,A,223,40,2,CA1,EC,-0.7550479311235987,Stress,beaches
13,A,16,40,3,CA1,EC,-0.1614794517167946,Stress,parks
21,A,24,40,3,CA1,EC,0.7547657632355064,Stress,fields
31,A,34,40,3,CA1,EC,0.1149335889807041,Stress,fields
49,A,52,40,3,CA1,EC,0.0689805694305236,Stress,beaches
58,A,61,40,3,CA1,EC,-0.0135274805185328,Stress,beaches
62,A,65,40,3,CA1,EC,0.0088563516116061,Stress,fields
68,A,71,40,3,CA1,EC,0.5896571700140382,Stress,beaches
77,A,80,40,3,CA1,EC,-0.6829300389976842,Stress,beaches
90,A,93,40,3,CA1,EC,1.8037738494570288,Stress,beaches
98,A,101,40,3,CA1,EC,-0.3740331309202508,Stress,beaches
103,A,106,40,3,CA1,EC,-0.1465465945118035,Stress,parks
119,A,122,40,3,CA1,EC,0.3558098582112639,Stress,parks
129,A,132,40,3,CA1,EC,0.2135976591027334,Stress,fields
144,A,147,40,3,CA1,EC,-0.6008433522653555,Stress,fields
154,A,157,40,3,CA1,EC,1.6671687463681657,Stress,parks
172,A,175,40,3,CA1,EC,-0.372865888354452,Stress,parks
180,A,183,40,3,CA1,EC,-0.0068970359459155,Stress,parks
190,A,193,40,3,CA1,EC,-0.4902768778063711,Stress,fields
209,A,212,40,3,CA1,EC,0.19199324535985,Stress,fields
227,A,230,40,3,CA1,EC,0.6122890779415769,Stress,parks
232,A,235,40,3,CA1,EC,0.0224765699102677,Stress,beaches
7,A,10,40,4,CA1,EC,-0.2138811220272742,Stress,beaches
14,A,17,40,4,CA1,EC,1.4033908282384764,Stress,parks
22,A,25,40,4,CA1,EC,0.451230737126343,Stress,fields
38,A,41,40,4,CA1,EC,2.061894674086175,Stress,fields
46,A,49,40,4,CA1,EC,0.744358489173704,Stress,beaches
59,A,62,40,4,CA1,EC,-0.2123619815143646,Stress,fields
80,A,83,40,4,CA1,EC,0.2609798145855728,Stress,parks
89,A,92,40,4,CA1,EC,0.086939249517391,Stress,parks
105,A,108,40,4,CA1,EC,1.658792599201126,Stress,fields
117,A,120,40,4,CA1,EC,0.3988588627181464,Stress,beaches
125,A,128,40,4,CA1,EC,0.8720711165869448,Stress,beaches
132,A,135,40,4,CA1,EC,-0.273923006246764,Stress,parks
152,A,155,40,4,CA1,EC,-0.0188156784403151,Stress,fields
165,A,168,40,4,CA1,EC,0.1989650691360303,Stress,parks
170,A,173,40,4,CA1,EC,-0.9409061313580628,Stress,fields
179,A,182,40,4,CA1,EC,-0.3071491322202348,Stress,fields
196,A,199,40,4,CA1,EC,-0.1883732491045622,Stress,beaches
211,A,214,40,4,CA1,EC,0.1224052029922967,Stress,beaches
227,A,230,40,4,CA1,EC,-0.0095547589267952,Stress,parks
231,A,234,40,4,CA1,EC,5.646608324798256,Stress,beaches
27,A,30,41,2,CA1,EC,-0.2851154765819763,Control,lakes
45,A,48,41,2,CA1,EC,0.143993416298687,Control,lakes
50,A,53,41,2,CA1,EC,-0.18126284537865,Control,beaches
54,A,57,41,2,CA1,EC,-0.4245896216785829,Control,lakes
76,A,79,41,2,CA1,EC,-0.115761629652116,Control,lakes
92,A,95,41,2,CA1,EC,0.7477495254838556,Control,beaches
100,A,103,41,2,CA1,EC,0.2914229687230045,Control,mountains
106,A,109,41,2,CA1,EC,0.9652687077888928,Control,lakes
114,A,117,41,2,CA1,EC,0.2635384897909518,Control,beaches
130,A,133,41,2,CA1,EC,-1.866011391850165,Control,mountains
138,A,141,41,2,CA1,EC,1.7933486016436846,Control,beaches
152,A,155,41,2,CA1,EC,-1.7311028894895204,Control,mountains
165,A,168,41,2,CA1,EC,-0.0021955264027576,Control,beaches
172,A,175,41,2,CA1,EC,0.5197311092124417,Control,lakes
188,A,191,41,2,CA1,EC,3.01970692952846e-05,Control,beaches
197,A,200,41,2,CA1,EC,1.7536111854163206,Control,mountains
205,A,208,41,2,CA1,EC,1.4538976116155808,Control,beaches
211,A,214,41,2,CA1,EC,0.4076806374411512,Control,mountains
217,A,220,41,2,CA1,EC,-0.7966072325321594,Control,mountains
232,A,235,41,2,CA1,EC,0.7196654340074904,Control,mountains
236,A,239,41,2,CA1,EC,0.2737731099342746,Control,lakes
12,A,15,41,3,CA1,EC,0.169010267836032,Control,lakes
28,A,31,41,3,CA1,EC,0.5813465186729014,Control,mountains
38,A,41,41,3,CA1,EC,1.4046623102150453,Control,lakes
45,A,48,41,3,CA1,EC,0.3716826529317236,Control,beaches
50,A,53,41,3,CA1,EC,-1.8075736736344752,Control,mountains
72,A,75,41,3,CA1,EC,-0.1730770858741469,Control,beaches
88,A,91,41,3,CA1,EC,0.5565109396757826,Control,beaches
94,A,97,41,3,CA1,EC,-0.381280657226934,Control,mountains
108,A,111,41,3,CA1,EC,-0.5463473023301711,Control,mountains
117,A,120,41,3,CA1,EC,0.1125835659306748,Control,lakes
128,A,131,41,3,CA1,EC,-0.0234483137645924,Control,lakes
152,A,155,41,3,CA1,EC,1.6761898808237323,Control,beaches
161,A,164,41,3,CA1,EC,-0.4826894496608991,Control,lakes
168,A,171,41,3,CA1,EC,0.2963111102864762,Control,mountains
193,A,196,41,3,CA1,EC,0.766909265282235,Control,beaches
197,A,200,41,3,CA1,EC,0.6391505919844114,Control,mountains
204,A,207,41,3,CA1,EC,1.6143309684232507,Control,lakes
211,A,214,41,3,CA1,EC,0.5872996397858524,Control,mountains
220,A,223,41,3,CA1,EC,0.3003054861639488,Control,lakes
225,A,228,41,3,CA1,EC,0.0535215087900891,Control,beaches
235,A,238,41,3,CA1,EC,0.1228854130787597,Control,beaches
7,A,10,41,4,CA1,EC,0.3137570675899665,Control,beaches
26,A,29,41,4,CA1,EC,-0.0048846115146698,Control,mountains
38,A,41,41,4,CA1,EC,0.9674723363810294,Control,lakes
46,A,49,41,4,CA1,EC,0.3339286840083684,Control,beaches
61,A,64,41,4,CA1,EC,0.6999795661735483,Control,lakes
73,A,76,41,4,CA1,EC,0.3799299976347304,Control,lakes
81,A,84,41,4,CA1,EC,2.54600866355187,Control,beaches
94,A,97,41,4,CA1,EC,0.1142595510079406,Control,beaches
101,A,104,41,4,CA1,EC,-0.3339167417736822,Control,mountains
117,A,120,41,4,CA1,EC,-0.0098257191232561,Control,lakes
123,A,126,41,4,CA1,EC,-1.050286160299604,Control,mountains
162,A,165,41,4,CA1,EC,1.0188584033120345,Control,lakes
170,A,173,41,4,CA1,EC,0.0310244256028853,Control,beaches
183,A,186,41,4,CA1,EC,-0.0751080243176839,Control,mountains
190,A,193,41,4,CA1,EC,0.6413035935024557,Control,beaches
197,A,200,41,4,CA1,EC,0.9400288878791324,Control,mountains
202,A,205,41,4,CA1,EC,0.5295476782793069,Control,lakes
218,A,221,41,4,CA1,EC,0.004576735199076,Control,lakes
224,A,227,41,4,CA1,EC,2.537904065268143,Control,mountains
229,A,232,41,4,CA1,EC,0.0139285219545579,Control,beaches
237,A,240,41,4,CA1,EC,5.65772388804146,Control,mountains
9,A,12,42,2,CA1,EC,-0.8268875531543979,Stress,canyons
15,A,18,42,2,CA1,EC,0.1497030357954784,Stress,parks
31,A,34,42,2,CA1,EC,0.2584312167699304,Stress,canyons
42,A,45,42,2,CA1,EC,0.2260896511395935,Stress,parks
56,A,59,42,2,CA1,EC,-0.0338321579245523,Stress,parks
61,A,64,42,2,CA1,EC,0.7967822631595953,Stress,canyons
71,A,74,42,2,CA1,EC,-0.0533644951262844,Stress,parks
88,A,91,42,2,CA1,EC,1.8702792917753532,Stress,parks
97,A,100,42,2,CA1,EC,2.024348336739896,Stress,canyons
110,A,113,42,2,CA1,EC,1.4459995411169668,Stress,waterfalls
128,A,131,42,2,CA1,EC,0.0012720057221894,Stress,canyons
140,A,143,42,2,CA1,EC,0.0089599231849725,Stress,parks
146,A,149,42,2,CA1,EC,-0.0639294797234767,Stress,waterfalls
158,A,161,42,2,CA1,EC,0.0782989318374357,Stress,waterfalls
166,A,169,42,2,CA1,EC,0.1596333259297626,Stress,waterfalls
177,A,180,42,2,CA1,EC,-1.7512332131667023,Stress,canyons
200,A,203,42,2,CA1,EC,0.474099732705085,Stress,parks
211,A,214,42,2,CA1,EC,0.2289791330960377,Stress,waterfalls
220,A,223,42,2,CA1,EC,-1.163397235335183,Stress,canyons
225,A,228,42,2,CA1,EC,1.4515521418132369,Stress,waterfalls
236,A,239,42,2,CA1,EC,-0.3702427323634751,Stress,waterfalls
8,A,11,42,3,CA1,EC,0.0737338773824918,Stress,waterfalls
24,A,27,42,3,CA1,EC,0.1611168707195657,Stress,waterfalls
37,A,40,42,3,CA1,EC,0.0468094572658857,Stress,canyons
52,A,55,42,3,CA1,EC,-0.7181953604123911,Stress,canyons
62,A,65,42,3,CA1,EC,1.2362523452097605,Stress,parks
68,A,71,42,3,CA1,EC,0.7857026032868798,Stress,canyons
77,A,80,42,3,CA1,EC,0.0195072901976207,Stress,canyons
93,A,96,42,3,CA1,EC,-0.2594294926989286,Stress,canyons
98,A,101,42,3,CA1,EC,0.1295376352222077,Stress,waterfalls
105,A,108,42,3,CA1,EC,-0.3370888899340662,Stress,parks
112,A,115,42,3,CA1,EC,-0.3295202196256008,Stress,waterfalls
119,A,122,42,3,CA1,EC,0.2558515720155782,Stress,parks
138,A,141,42,3,CA1,EC,0.0166360195429251,Stress,parks
144,A,147,42,3,CA1,EC,0.0613515959992079,Stress,parks
165,A,168,42,3,CA1,EC,0.2791266534280637,Stress,parks
177,A,180,42,3,CA1,EC,-0.860328606581786,Stress,canyons
200,A,203,42,3,CA1,EC,-0.5596865090513694,Stress,canyons
210,A,213,42,3,CA1,EC,0.1343854974054698,Stress,waterfalls
230,A,233,42,3,CA1,EC,0.7677407771496144,Stress,parks
236,A,239,42,3,CA1,EC,-0.4243612186986868,Stress,waterfalls
5,A,8,42,4,CA1,EC,-0.2027939164332897,Stress,canyons
13,A,16,42,4,CA1,EC,2.3965187629091544,Stress,canyons
29,A,32,42,4,CA1,EC,2.4307499514150592,Stress,canyons
41,A,44,42,4,CA1,EC,0.0865592629404527,Stress,parks
54,A,57,42,4,CA1,EC,0.348934296842481,Stress,waterfalls
61,A,64,42,4,CA1,EC,0.7483132259659624,Stress,parks
69,A,72,42,4,CA1,EC,0.6314986454266803,Stress,parks
73,A,76,42,4,CA1,EC,-0.1672792670479284,Stress,canyons
110,A,113,42,4,CA1,EC,-0.0221802776057372,Stress,canyons
121,A,124,42,4,CA1,EC,0.1123875277538572,Stress,canyons
141,A,144,42,4,CA1,EC,-0.4887898669196768,Stress,canyons
146,A,149,42,4,CA1,EC,0.3998934904494818,Stress,waterfalls
151,A,154,42,4,CA1,EC,0.2523967544996487,Stress,parks
165,A,168,42,4,CA1,EC,0.7741372673642499,Stress,waterfalls
176,A,179,42,4,CA1,EC,0.6518889772837498,Stress,parks
183,A,186,42,4,CA1,EC,-0.6314463074279685,Stress,waterfalls
198,A,201,42,4,CA1,EC,0.1913373281643537,Stress,parks
211,A,214,42,4,CA1,EC,6.096788334519228,Stress,waterfalls
228,A,231,42,4,CA1,EC,0.0006489231818029,Stress,waterfalls
5,A,8,43,2,CA1,EC,-0.0048451308831621,Stress,lakes
14,A,17,43,2,CA1,EC,3.476056433180077,Stress,lakes
22,A,25,43,2,CA1,EC,-1.2286738477245016,Stress,lighthouses
30,A,33,43,2,CA1,EC,0.3175111849616645,Stress,lighthouses
35,A,38,43,2,CA1,EC,0.1906271004082577,Stress,deserts
45,A,48,43,2,CA1,EC,0.6459905695501155,Stress,deserts
67,A,70,43,2,CA1,EC,-0.3143289914188608,Stress,deserts
84,A,87,43,2,CA1,EC,1.866853111679087,Stress,deserts
92,A,95,43,2,CA1,EC,-0.3140322271804225,Stress,deserts
101,A,104,43,2,CA1,EC,0.1270854803899474,Stress,deserts
106,A,109,43,2,CA1,EC,0.2571203969914831,Stress,lighthouses
113,A,116,43,2,CA1,EC,-0.0130661845748518,Stress,lakes
131,A,134,43,2,CA1,EC,0.5140553700376215,Stress,lighthouses
140,A,143,43,2,CA1,EC,-0.0475066728454813,Stress,lighthouses
149,A,152,43,2,CA1,EC,0.8617513852692559,Stress,lakes
157,A,160,43,2,CA1,EC,-0.719606490658042,Stress,deserts
177,A,180,43,2,CA1,EC,0.045029498662306,Stress,lighthouses
189,A,192,43,2,CA1,EC,0.3656670849280262,Stress,lakes
200,A,203,43,2,CA1,EC,-0.7117363778700219,Stress,lakes
220,A,223,43,2,CA1,EC,0.2925505846903651,Stress,lighthouses
237,A,240,43,2,CA1,EC,1.5289753516696316,Stress,lakes
5,A,8,43,3,CA1,EC,-0.2039656218074348,Stress,deserts
21,A,24,43,3,CA1,EC,-0.3719679283959626,Stress,deserts
40,A,43,43,3,CA1,EC,-0.1103065283897327,Stress,lakes
46,A,49,43,3,CA1,EC,-1.10616846742951,Stress,lakes
58,A,61,43,3,CA1,EC,0.4958668961190247,Stress,deserts
75,A,78,43,3,CA1,EC,1.5484025112665842,Stress,lakes
87,A,90,43,3,CA1,EC,0.3451868304076315,Stress,lighthouses
92,A,95,43,3,CA1,EC,0.2251326889979199,Stress,lakes
97,A,100,43,3,CA1,EC,-0.7117131954338589,Stress,lighthouses
107,A,110,43,3,CA1,EC,1.2069418828596423,Stress,lighthouses
113,A,116,43,3,CA1,EC,1.2503758158724465,Stress,lakes
118,A,121,43,3,CA1,EC,-0.0007151889150424,Stress,lighthouses
148,A,151,43,3,CA1,EC,-0.3186064617290791,Stress,lighthouses
163,A,166,43,3,CA1,EC,-0.0272998189496103,Stress,lighthouses
172,A,175,43,3,CA1,EC,1.243101560436935,Stress,deserts
192,A,195,43,3,CA1,EC,-0.968939560881506,Stress,deserts
201,A,204,43,3,CA1,EC,-0.0007115464471876,Stress,lighthouses
214,A,217,43,3,CA1,EC,-0.0572406441554822,Stress,lakes
220,A,223,43,3,CA1,EC,-0.1131798021587079,Stress,deserts
227,A,230,43,3,CA1,EC,0.1075011544002653,Stress,lakes
235,A,238,43,3,CA1,EC,-0.2809009548102467,Stress,deserts
14,A,17,43,4,CA1,EC,0.2217134655362621,Stress,lakes
18,A,21,43,4,CA1,EC,2.377292543378755,Stress,deserts
32,A,35,43,4,CA1,EC,1.436726756194968,Stress,lakes
37,A,40,43,4,CA1,EC,0.1982426485185558,Stress,lighthouses
46,A,49,43,4,CA1,EC,0.5663914164652715,Stress,deserts
67,A,70,43,4,CA1,EC,-0.0235926149488642,Stress,lakes
76,A,79,43,4,CA1,EC,-0.3951880314405564,Stress,lakes
101,A,104,43,4,CA1,EC,-0.0972589293023433,Stress,lakes
112,A,115,43,4,CA1,EC,0.128715009657094,Stress,deserts
117,A,120,43,4,CA1,EC,0.3931488394176402,Stress,lighthouses
124,A,127,43,4,CA1,EC,-0.1062441172148974,Stress,deserts
141,A,144,43,4,CA1,EC,1.4249064323694105,Stress,lighthouses
147,A,150,43,4,CA1,EC,0.4210585918431737,Stress,deserts
153,A,156,43,4,CA1,EC,-0.0007540068003386,Stress,lighthouses
158,A,161,43,4,CA1,EC,-0.6783204675754642,Stress,deserts
172,A,175,43,4,CA1,EC,-0.514120470378984,Stress,lakes
179,A,182,43,4,CA1,EC,0.6342678318026813,Stress,lighthouses
206,A,209,43,4,CA1,EC,3.676255435524848,Stress,lighthouses
212,A,215,43,4,CA1,EC,0.3754772954358831,Stress,lakes
223,A,226,43,4,CA1,EC,-0.3589178993085236,Stress,lighthouses
8,A,11,44,2,CA1,EC,-0.7054275652585881,Control,canyons
31,A,34,44,2,CA1,EC,0.1714648361377769,Control,lakes
42,A,45,44,2,CA1,EC,1.374169388709932,Control,bridges
47,A,50,44,2,CA1,EC,-0.0883373355798453,Control,canyons
54,A,57,44,2,CA1,EC,-1.4584671060513417,Control,bridges
74,A,77,44,2,CA1,EC,0.2208621966162088,Control,canyons
79,A,82,44,2,CA1,EC,0.0655334304196255,Control,bridges
98,A,101,44,2,CA1,EC,0.6588231943095578,Control,canyons
104,A,107,44,2,CA1,EC,0.1237213673804407,Control,lakes
117,A,120,44,2,CA1,EC,-0.6083834417228634,Control,bridges
122,A,125,44,2,CA1,EC,0.9074197920218476,Control,lakes
132,A,135,44,2,CA1,EC,0.412446123750096,Control,bridges
144,A,147,44,2,CA1,EC,0.0712919520830967,Control,lakes
152,A,155,44,2,CA1,EC,-0.0145719299049773,Control,lakes
166,A,169,44,2,CA1,EC,-0.1924014969970892,Control,lakes
178,A,181,44,2,CA1,EC,1.210994575661166,Control,bridges
185,A,188,44,2,CA1,EC,0.0397189397154364,Control,canyons
197,A,200,44,2,CA1,EC,0.0052876059208108,Control,bridges
204,A,207,44,2,CA1,EC,0.3022299106934778,Control,canyons
209,A,212,44,2,CA1,EC,0.3423402048524083,Control,lakes
222,A,225,44,2,CA1,EC,0.0238205844832447,Control,canyons
5,A,8,44,3,CA1,EC,0.1418081500868309,Control,canyons
17,A,20,44,3,CA1,EC,-0.1033452909998917,Control,bridges
43,A,46,44,3,CA1,EC,1.7144939144780116,Control,canyons
51,A,54,44,3,CA1,EC,0.0792939495250619,Control,bridges
57,A,60,44,3,CA1,EC,0.9454837995143056,Control,canyons
85,A,88,44,3,CA1,EC,0.0953477547367167,Control,lakes
95,A,98,44,3,CA1,EC,-0.140477497792728,Control,canyons
102,A,105,44,3,CA1,EC,-0.0683803973691832,Control,lakes
111,A,114,44,3,CA1,EC,0.3530088201613593,Control,lakes
118,A,121,44,3,CA1,EC,0.319347637217404,Control,lakes
124,A,127,44,3,CA1,EC,3.453584592892875,Control,bridges
131,A,134,44,3,CA1,EC,0.4450655636762697,Control,canyons
139,A,142,44,3,CA1,EC,0.113569233648222,Control,lakes
145,A,148,44,3,CA1,EC,0.0529442136896588,Control,canyons
168,A,171,44,3,CA1,EC,-0.9598241289799834,Control,bridges
177,A,180,44,3,CA1,EC,-0.0044500062197006,Control,lakes
184,A,187,44,3,CA1,EC,-5.008243881739755,Control,canyons
188,A,191,44,3,CA1,EC,-0.1922887101149564,Control,lakes
197,A,200,44,3,CA1,EC,0.1853687137141234,Control,bridges
205,A,208,44,3,CA1,EC,-0.591206577223821,Control,bridges
234,A,237,44,3,CA1,EC,-0.0003665530891955,Control,bridges
5,A,8,44,4,CA1,EC,-0.8141709206810469,Control,canyons
23,A,26,44,4,CA1,EC,3.619045335209045,Control,lakes
52,A,55,44,4,CA1,EC,0.0051692985147532,Control,bridges
66,A,69,44,4,CA1,EC,0.069308708987498,Control,lakes
70,A,73,44,4,CA1,EC,-1.1220089488800378,Control,canyons
81,A,84,44,4,CA1,EC,0.3358468536912815,Control,lakes
91,A,94,44,4,CA1,EC,2.855650171080178,Control,canyons
117,A,120,44,4,CA1,EC,0.848777377102543,Control,canyons
126,A,129,44,4,CA1,EC,-1.2837165066202791,Control,lakes
133,A,136,44,4,CA1,EC,0.0039582417662008,Control,lakes
150,A,153,44,4,CA1,EC,0.6976193330414187,Control,canyons
157,A,160,44,4,CA1,EC,0.2930391917653486,Control,bridges
165,A,168,44,4,CA1,EC,0.8800724147052505,Control,lakes
175,A,178,44,4,CA1,EC,0.071186085162405,Control,bridges
185,A,188,44,4,CA1,EC,-0.473530532009506,Control,bridges
190,A,193,44,4,CA1,EC,0.0554847257905299,Control,canyons
199,A,202,44,4,CA1,EC,-0.0123398869885653,Control,bridges
209,A,212,44,4,CA1,EC,0.92594909972128,Control,canyons
216,A,219,44,4,CA1,EC,1.4924404703744787,Control,bridges
227,A,230,44,4,CA1,EC,-0.6790385053148541,Control,lakes
233,A,236,44,4,CA1,EC,-0.1700699479034891,Control,bridges
11,A,14,45,2,CA1,EC,0.7589063125767004,Control,beaches
16,A,19,45,2,CA1,EC,-0.5986746835403296,Control,fields
30,A,33,45,2,CA1,EC,0.2342432020627997,Control,deserts
43,A,46,45,2,CA1,EC,0.53898434555119,Control,beaches
51,A,54,45,2,CA1,EC,2.849239418147961,Control,fields
69,A,72,45,2,CA1,EC,2.113018293950112,Control,beaches
75,A,78,45,2,CA1,EC,2.4833266814378288,Control,fields
81,A,84,45,2,CA1,EC,-0.0883317451319048,Control,deserts
88,A,91,45,2,CA1,EC,0.0080806425841552,Control,deserts
99,A,102,45,2,CA1,EC,1.9169522164105128,Control,beaches
119,A,122,45,2,CA1,EC,-0.0002644221129949,Control,beaches
133,A,136,45,2,CA1,EC,-0.2435641361965753,Control,beaches
141,A,144,45,2,CA1,EC,1.8323352258744652,Control,deserts
150,A,153,45,2,CA1,EC,0.431422651556382,Control,fields
164,A,167,45,2,CA1,EC,0.9458931435694452,Control,fields
180,A,183,45,2,CA1,EC,-0.1931875081928133,Control,deserts
187,A,190,45,2,CA1,EC,3.1881177759137285,Control,deserts
196,A,199,45,2,CA1,EC,-0.187828436371446,Control,deserts
202,A,205,45,2,CA1,EC,0.0738027098459053,Control,beaches
212,A,215,45,2,CA1,EC,-0.0027027103566281,Control,fields
236,A,239,45,2,CA1,EC,-0.292218296734003,Control,fields
5,A,8,45,3,CA1,EC,-1.0650529769991908,Control,deserts
10,A,13,45,3,CA1,EC,3.6839086216265424,Control,fields
18,A,21,45,3,CA1,EC,0.1111532584301966,Control,deserts
31,A,34,45,3,CA1,EC,0.6642102659666004,Control,deserts
46,A,49,45,3,CA1,EC,1.632192722968608,Control,deserts
61,A,64,45,3,CA1,EC,-0.0119971027873962,Control,fields
67,A,70,45,3,CA1,EC,-0.0110078323618336,Control,beaches
75,A,78,45,3,CA1,EC,-0.2804037011722822,Control,deserts
93,A,96,45,3,CA1,EC,2.055403275679468,Control,deserts
109,A,112,45,3,CA1,EC,1.6333232597792546,Control,beaches
115,A,118,45,3,CA1,EC,0.6431815593841701,Control,fields
131,A,134,45,3,CA1,EC,-0.3921624375461111,Control,fields
139,A,142,45,3,CA1,EC,1.0900228842708013,Control,beaches
147,A,150,45,3,CA1,EC,-0.0563632104320671,Control,beaches
161,A,164,45,3,CA1,EC,1.620321540421956,Control,deserts
172,A,175,45,3,CA1,EC,4.742812686279158,Control,beaches
179,A,182,45,3,CA1,EC,1.0333509659716098,Control,fields
221,A,224,45,3,CA1,EC,-0.0553222266761174,Control,beaches
227,A,230,45,3,CA1,EC,1.0108927743556857,Control,fields
232,A,235,45,3,CA1,EC,0.4410385319448326,Control,beaches
238,A,241,45,3,CA1,EC,1.8568382215191168,Control,fields
7,A,10,45,4,CA1,EC,0.9881877783640196,Control,fields
11,A,14,45,4,CA1,EC,-0.4654551192606218,Control,deserts
28,A,31,45,4,CA1,EC,3.758546142521125,Control,fields
46,A,49,45,4,CA1,EC,0.9110357770807784,Control,fields
54,A,57,45,4,CA1,EC,0.0034619873250073,Control,beaches
65,A,68,45,4,CA1,EC,0.9520632453502618,Control,deserts
70,A,73,45,4,CA1,EC,3.749214283633567,Control,beaches
82,A,85,45,4,CA1,EC,-0.3080497112908227,Control,beaches
93,A,96,45,4,CA1,EC,-0.8556473478160134,Control,beaches
106,A,109,45,4,CA1,EC,-0.2684264241973807,Control,deserts
113,A,116,45,4,CA1,EC,0.5334974591769732,Control,fields
123,A,126,45,4,CA1,EC,0.0679732897536071,Control,deserts
134,A,137,45,4,CA1,EC,0.2327862471342731,Control,fields
140,A,143,45,4,CA1,EC,0.1522446230184155,Control,deserts
146,A,149,45,4,CA1,EC,0.1301465107314345,Control,beaches
174,A,177,45,4,CA1,EC,2.668208630063431,Control,beaches
178,A,181,45,4,CA1,EC,-0.1826428505854258,Control,fields
187,A,190,45,4,CA1,EC,0.804708010759433,Control,deserts
200,A,203,45,4,CA1,EC,1.3796700282152483,Control,beaches
216,A,219,45,4,CA1,EC,0.0052832663641148,Control,fields
232,A,235,45,4,CA1,EC,0.6649925147981015,Control,deserts
5,A,8,46,2,CA1,EC,0.0351667001182899,Stress,forests
13,A,16,46,2,CA1,EC,-0.4569981831038408,Stress,parks
20,A,23,46,2,CA1,EC,-1.063154958857283,Stress,mountains
36,A,39,46,2,CA1,EC,0.9067572541125556,Stress,forests
50,A,53,46,2,CA1,EC,-0.3123402014181277,Stress,forests
59,A,62,46,2,CA1,EC,1.8092836199021405,Stress,mountains
64,A,67,46,2,CA1,EC,-0.1922359058683974,Stress,parks
82,A,85,46,2,CA1,EC,1.0042945917236057,Stress,mountains
88,A,91,46,2,CA1,EC,-0.2445424436587173,Stress,parks
101,A,104,46,2,CA1,EC,-0.042016788902689,Stress,mountains
111,A,114,46,2,CA1,EC,0.5891011015846961,Stress,mountains
119,A,122,46,2,CA1,EC,0.6560190962364005,Stress,parks
128,A,131,46,2,CA1,EC,0.0066538874425687,Stress,forests
147,A,150,46,2,CA1,EC,-2.657592838447263,Stress,mountains
157,A,160,46,2,CA1,EC,3.2634914024113675,Stress,parks
170,A,173,46,2,CA1,EC,-0.0842314570622796,Stress,mountains
189,A,192,46,2,CA1,EC,0.1592416217172247,Stress,parks
195,A,198,46,2,CA1,EC,2.4361933249126078,Stress,forests
209,A,212,46,2,CA1,EC,0.395911706185597,Stress,forests
233,A,236,46,2,CA1,EC,0.0617906127451402,Stress,parks
237,A,240,46,2,CA1,EC,0.6837320987790575,Stress,forests
10,A,13,46,3,CA1,EC,0.19111406148348,Stress,parks
18,A,21,46,3,CA1,EC,0.0704319525283986,Stress,mountains
27,A,30,46,3,CA1,EC,4.006921967250243,Stress,forests
44,A,47,46,3,CA1,EC,0.777850940993628,Stress,mountains
57,A,60,46,3,CA1,EC,0.927764663401053,Stress,mountains
64,A,67,46,3,CA1,EC,-0.0513638153747056,Stress,forests
73,A,76,46,3,CA1,EC,2.746824832104428,Stress,parks
85,A,88,46,3,CA1,EC,0.5159764730604112,Stress,parks
92,A,95,46,3,CA1,EC,-0.0006630346697906,Stress,forests
98,A,101,46,3,CA1,EC,-0.1120018872691848,Stress,mountains
117,A,120,46,3,CA1,EC,-0.6289826946916993,Stress,forests
124,A,127,46,3,CA1,EC,0.0610403849584728,Stress,parks
132,A,135,46,3,CA1,EC,0.5256000326105916,Stress,parks
136,A,139,46,3,CA1,EC,0.1685426918714195,Stress,mountains
152,A,155,46,3,CA1,EC,0.8245200628505833,Stress,parks
160,A,163,46,3,CA1,EC,0.8233699869191135,Stress,forests
180,A,183,46,3,CA1,EC,1.6583093374683493,Stress,mountains
187,A,190,46,3,CA1,EC,-0.1006473508044635,Stress,forests
191,A,194,46,3,CA1,EC,0.3711725625412834,Stress,parks
198,A,201,46,3,CA1,EC,0.2684838381892682,Stress,forests
237,A,240,46,3,CA1,EC,-0.1024608693491067,Stress,mountains
16,A,19,46,4,CA1,EC,0.8145092438086289,Stress,mountains
22,A,25,46,4,CA1,EC,0.9698619665063668,Stress,parks
34,A,37,46,4,CA1,EC,0.5241081809733089,Stress,forests
49,A,52,46,4,CA1,EC,0.6522274133590067,Stress,parks
60,A,63,46,4,CA1,EC,0.0246098232567601,Stress,forests
74,A,77,46,4,CA1,EC,0.0948465547605598,Stress,mountains
97,A,100,46,4,CA1,EC,3.5858314410481844,Stress,parks
111,A,114,46,4,CA1,EC,0.0159369649808577,Stress,parks
119,A,122,46,4,CA1,EC,0.2218384699834199,Stress,parks
127,A,130,46,4,CA1,EC,-0.1279940850754458,Stress,forests
132,A,135,46,4,CA1,EC,1.0331303804825838,Stress,mountains
142,A,145,46,4,CA1,EC,0.1216258692204942,Stress,forests
156,A,159,46,4,CA1,EC,-0.0388331464816954,Stress,parks
162,A,165,46,4,CA1,EC,0.8167084290395752,Stress,mountains
175,A,178,46,4,CA1,EC,0.024608503964883,Stress,mountains
185,A,188,46,4,CA1,EC,-0.0090335994445703,Stress,mountains
196,A,199,46,4,CA1,EC,0.0021221927799639,Stress,forests
200,A,203,46,4,CA1,EC,1.784920389800728,Stress,mountains
210,A,213,46,4,CA1,EC,0.0100583060209861,Stress,forests
221,A,224,46,4,CA1,EC,-0.7199136819377969,Stress,parks
228,A,231,46,4,CA1,EC,2.5477701767603325,Stress,forests
27,A,30,47,2,CA1,EC,-0.1828197826496438,Stress,forests
37,A,40,47,2,CA1,EC,0.7266822445646893,Stress,fields
46,A,49,47,2,CA1,EC,1.0948689478998794,Stress,forests
55,A,58,47,2,CA1,EC,0.4761800800942096,Stress,forests
64,A,67,47,2,CA1,EC,0.4658151539247777,Stress,fields
71,A,74,47,2,CA1,EC,0.5601216319244052,Stress,mountains
81,A,84,47,2,CA1,EC,-0.1981539525205415,Stress,fields
87,A,90,47,2,CA1,EC,-0.4882517608609998,Stress,mountains
94,A,97,47,2,CA1,EC,0.5040429808132125,Stress,fields
103,A,106,47,2,CA1,EC,-0.0046147289702361,Stress,fields
110,A,113,47,2,CA1,EC,-2.6739801014518263,Stress,mountains
120,A,123,47,2,CA1,EC,-0.0257328900233164,Stress,mountains
131,A,134,47,2,CA1,EC,0.8994116886569073,Stress,forests
138,A,141,47,2,CA1,EC,-0.1806381083718172,Stress,mountains
161,A,164,47,2,CA1,EC,-0.1706141698188754,Stress,fields
168,A,171,47,2,CA1,EC,-0.3640423055842055,Stress,forests
175,A,178,47,2,CA1,EC,0.0013107437186189,Stress,mountains
186,A,189,47,2,CA1,EC,0.0056185641519644,Stress,fields
196,A,199,47,2,CA1,EC,-0.4651132226748988,Stress,forests
219,A,222,47,2,CA1,EC,-0.8740630746321542,Stress,forests
235,A,238,47,2,CA1,EC,-0.0736890071852553,Stress,mountains
5,A,8,47,3,CA1,EC,-0.0135432639355388,Stress,fields
11,A,14,47,3,CA1,EC,0.4219602589214244,Stress,forests
49,A,52,47,3,CA1,EC,0.0066460668377022,Stress,fields
63,A,66,47,3,CA1,EC,-0.0461189685722171,Stress,forests
67,A,70,47,3,CA1,EC,-0.3994431877428115,Stress,mountains
72,A,75,47,3,CA1,EC,-1.650410090513025,Stress,fields
77,A,80,47,3,CA1,EC,2.246470497461619,Stress,mountains
86,A,89,47,3,CA1,EC,0.0393492925037116,Stress,mountains
94,A,97,47,3,CA1,EC,0.0265757430679681,Stress,fields
106,A,109,47,3,CA1,EC,-0.0189979821902588,Stress,mountains
117,A,120,47,3,CA1,EC,0.3034781444930302,Stress,forests
134,A,137,47,3,CA1,EC,3.957564367238144,Stress,mountains
147,A,150,47,3,CA1,EC,-0.7206456908720899,Stress,fields
179,A,182,47,3,CA1,EC,-0.6341414850681176,Stress,mountains
186,A,189,47,3,CA1,EC,0.2264287726840914,Stress,fields
192,A,195,47,3,CA1,EC,-0.6732748006773196,Stress,forests
203,A,206,47,3,CA1,EC,2.9816285770801203,Stress,forests
213,A,216,47,3,CA1,EC,0.6502395395879673,Stress,mountains
217,A,220,47,3,CA1,EC,1.7565738178500268,Stress,forests
222,A,225,47,3,CA1,EC,-1.4075075030366817,Stress,fields
230,A,233,47,3,CA1,EC,0.0116240164509836,Stress,forests
8,A,11,47,4,CA1,EC,0.3784913011859538,Stress,mountains
31,A,34,47,4,CA1,EC,2.4910324539311897,Stress,mountains
38,A,41,47,4,CA1,EC,0.2954986839001614,Stress,fields
46,A,49,47,4,CA1,EC,0.0737796882981686,Stress,mountains
65,A,68,47,4,CA1,EC,0.555437401728537,Stress,fields
74,A,77,47,4,CA1,EC,-0.1347117435474098,Stress,forests
82,A,85,47,4,CA1,EC,0.4215544530834393,Stress,fields
87,A,90,47,4,CA1,EC,-0.0895719331820764,Stress,forests
92,A,95,47,4,CA1,EC,0.523409273529586,Stress,fields
109,A,112,47,4,CA1,EC,-0.4824306152870989,Stress,mountains
117,A,120,47,4,CA1,EC,0.1904174523005762,Stress,forests
133,A,136,47,4,CA1,EC,0.0458531658931041,Stress,fields
138,A,141,47,4,CA1,EC,0.4037015552135881,Stress,mountains
151,A,154,47,4,CA1,EC,-0.042892494288176,Stress,fields
166,A,169,47,4,CA1,EC,-0.1436488657797082,Stress,mountains
188,A,191,47,4,CA1,EC,-0.3886669992149468,Stress,mountains
198,A,201,47,4,CA1,EC,0.2202021916377396,Stress,forests
204,A,207,47,4,CA1,EC,-0.3422031112749459,Stress,forests
224,A,227,47,4,CA1,EC,0.4151664783958221,Stress,fields
231,A,234,47,4,CA1,EC,0.7182063413168948,Stress,forests
8,A,11,48,2,CA1,EC,-0.4256218131584724,Control,bridges
16,A,19,48,2,CA1,EC,-0.7870427751538474,Control,forests
21,A,24,48,2,CA1,EC,1.0349503250252516,Control,canyons
36,A,39,48,2,CA1,EC,2.089879969248766,Control,forests
46,A,49,48,2,CA1,EC,0.2643688079982562,Control,forests
52,A,55,48,2,CA1,EC,-0.2260346329134682,Control,canyons
59,A,62,48,2,CA1,EC,-0.1046605511855269,Control,forests
69,A,72,48,2,CA1,EC,-0.0188178199517515,Control,canyons
75,A,78,48,2,CA1,EC,0.0005185933049384,Control,bridges
84,A,87,48,2,CA1,EC,0.3499156583720047,Control,bridges
104,A,107,48,2,CA1,EC,0.0715402876097353,Control,forests
110,A,113,48,2,CA1,EC,-0.0053419080885763,Control,canyons
121,A,124,48,2,CA1,EC,0.4901904232168866,Control,bridges
134,A,137,48,2,CA1,EC,0.4172483139424027,Control,canyons
147,A,150,48,2,CA1,EC,0.0213790035647385,Control,canyons
152,A,155,48,2,CA1,EC,2.354585166177509,Control,bridges
159,A,162,48,2,CA1,EC,0.92168055253405,Control,forests
164,A,167,48,2,CA1,EC,0.3941076865953892,Control,bridges
187,A,190,48,2,CA1,EC,-0.553501179651254,Control,bridges
198,A,201,48,2,CA1,EC,-0.6642766143136244,Control,forests
234,A,237,48,2,CA1,EC,0.6907569815763503,Control,canyons
13,A,16,48,3,CA1,EC,-0.3334973911711653,Control,canyons
30,A,33,48,3,CA1,EC,2.022094379716531,Control,forests
35,A,38,48,3,CA1,EC,2.979726952698147,Control,canyons
45,A,48,48,3,CA1,EC,-0.9172980098619468,Control,forests
51,A,54,48,3,CA1,EC,0.0905253924538444,Control,bridges
58,A,61,48,3,CA1,EC,-0.1303219451744266,Control,forests
78,A,81,48,3,CA1,EC,-0.3673593979918069,Control,canyons
82,A,85,48,3,CA1,EC,0.0228080725631646,Control,bridges
112,A,115,48,3,CA1,EC,-0.2812491859885095,Control,canyons
116,A,119,48,3,CA1,EC,-0.9586144033302874,Control,bridges
120,A,123,48,3,CA1,EC,0.2398789389121688,Control,forests
129,A,132,48,3,CA1,EC,-0.2877710937889539,Control,bridges
145,A,148,48,3,CA1,EC,0.450236696471636,Control,bridges
150,A,153,48,3,CA1,EC,0.000894053501291,Control,canyons
155,A,158,48,3,CA1,EC,1.2934913512075583,Control,forests
174,A,177,48,3,CA1,EC,-0.0581669349722321,Control,bridges
179,A,182,48,3,CA1,EC,0.570703933900175,Control,forests
188,A,191,48,3,CA1,EC,2.110757316233713,Control,canyons
203,A,206,48,3,CA1,EC,2.849327776962185,Control,bridges
211,A,214,48,3,CA1,EC,0.3493239538795853,Control,canyons
222,A,225,48,3,CA1,EC,-0.0139638846236238,Control,forests
5,A,8,48,4,CA1,EC,0.2408046260814498,Control,canyons
12,A,15,48,4,CA1,EC,-0.0525483715156058,Control,bridges
21,A,24,48,4,CA1,EC,0.1060543519668985,Control,forests
35,A,38,48,4,CA1,EC,-0.2674905171404432,Control,forests
42,A,45,48,4,CA1,EC,0.0802192141713679,Control,bridges
61,A,64,48,4,CA1,EC,0.5287809031747112,Control,canyons
80,A,83,48,4,CA1,EC,1.0155069136684565,Control,canyons
88,A,91,48,4,CA1,EC,-0.4383948685668756,Control,bridges
101,A,104,48,4,CA1,EC,0.0361412382160575,Control,bridges
112,A,115,48,4,CA1,EC,-0.6548065673247032,Control,bridges
129,A,132,48,4,CA1,EC,-1.0402300249182486,Control,forests
135,A,138,48,4,CA1,EC,1.67965525074454,Control,bridges
147,A,150,48,4,CA1,EC,-0.1612124086777825,Control,forests
159,A,162,48,4,CA1,EC,0.185890598062234,Control,forests
169,A,172,48,4,CA1,EC,0.2076344358953766,Control,canyons
180,A,183,48,4,CA1,EC,0.5289532500838466,Control,forests
186,A,189,48,4,CA1,EC,-0.1359785105593668,Control,bridges
207,A,210,48,4,CA1,EC,-0.4047478071176835,Control,canyons
219,A,222,48,4,CA1,EC,0.9583079193982031,Control,canyons
230,A,233,48,4,CA1,EC,-0.0121519811717994,Control,canyons
235,A,238,48,4,CA1,EC,0.6647729458856767,Control,forests
8,A,11,49,2,CA1,EC,0.8592372439813205,Control,beaches
32,A,35,49,2,CA1,EC,0.3251651918026761,Control,fields
38,A,41,49,2,CA1,EC,2.911632301364488,Control,fields
59,A,62,49,2,CA1,EC,0.3045722467700107,Control,waterfalls
65,A,68,49,2,CA1,EC,-0.18191279119548,Control,fields
70,A,73,49,2,CA1,EC,0.1835076435657286,Control,waterfalls
93,A,96,49,2,CA1,EC,0.0410774103546851,Control,beaches
106,A,109,49,2,CA1,EC,1.5476596160122238,Control,waterfalls
111,A,114,49,2,CA1,EC,-0.6921320796537246,Control,beaches
116,A,119,49,2,CA1,EC,-0.7783379043642038,Control,waterfalls
134,A,137,49,2,CA1,EC,-0.4453091337657227,Control,beaches
146,A,149,49,2,CA1,EC,-0.0432119063306843,Control,beaches
158,A,161,49,2,CA1,EC,-0.2380724747104607,Control,fields
170,A,173,49,2,CA1,EC,-0.0985555171905307,Control,fields
180,A,183,49,2,CA1,EC,0.9133635586909398,Control,beaches
191,A,194,49,2,CA1,EC,0.5050406042686579,Control,waterfalls
197,A,200,49,2,CA1,EC,0.7509095582034052,Control,fields
202,A,205,49,2,CA1,EC,-0.5347548723512007,Control,beaches
218,A,221,49,2,CA1,EC,0.9172835018112134,Control,fields
228,A,231,49,2,CA1,EC,-2.1630520070432047,Control,waterfalls
235,A,238,49,2,CA1,EC,-0.033497777954426,Control,waterfalls
9,A,12,49,3,CA1,EC,0.5295407086716729,Control,beaches
15,A,18,49,3,CA1,EC,-0.4887414511285703,Control,waterfalls
26,A,29,49,3,CA1,EC,1.668193175382441,Control,fields
36,A,39,49,3,CA1,EC,0.5165595385703767,Control,fields
45,A,48,49,3,CA1,EC,-0.1137751274378252,Control,waterfalls
70,A,73,49,3,CA1,EC,3.0106796258562434,Control,beaches
76,A,79,49,3,CA1,EC,-0.0019855524285772,Control,waterfalls
86,A,89,49,3,CA1,EC,-0.8014298292801667,Control,beaches
99,A,102,49,3,CA1,EC,-0.218706432561584,Control,beaches
107,A,110,49,3,CA1,EC,-0.5379830570227419,Control,fields
118,A,121,49,3,CA1,EC,-0.1887027251723914,Control,waterfalls
128,A,131,49,3,CA1,EC,0.3986960420649386,Control,beaches
137,A,140,49,3,CA1,EC,-0.3747998331013661,Control,beaches
154,A,157,49,3,CA1,EC,1.0142134482979188,Control,waterfalls
163,A,166,49,3,CA1,EC,0.5136668762838978,Control,fields
178,A,181,49,3,CA1,EC,0.3361603902675853,Control,waterfalls
186,A,189,49,3,CA1,EC,-1.7353728586739725,Control,beaches
192,A,195,49,3,CA1,EC,2.4024984499755995,Control,fields
200,A,203,49,3,CA1,EC,1.1858437698956696,Control,waterfalls
208,A,211,49,3,CA1,EC,0.0462742520211345,Control,fields
217,A,220,49,3,CA1,EC,2.7708711112834736,Control,fields
22,A,25,49,4,CA1,EC,0.0518283428038273,Control,beaches
31,A,34,49,4,CA1,EC,0.1383934797389973,Control,waterfalls
45,A,48,49,4,CA1,EC,0.2636979793696062,Control,waterfalls
54,A,57,49,4,CA1,EC,-0.4289846894130222,Control,beaches
67,A,70,49,4,CA1,EC,0.6426383303171928,Control,waterfalls
73,A,76,49,4,CA1,EC,1.7735680549259298,Control,fields
85,A,88,49,4,CA1,EC,0.1864113080277794,Control,fields
95,A,98,49,4,CA1,EC,0.5191608290805468,Control,fields
106,A,109,49,4,CA1,EC,0.6272914649311339,Control,waterfalls
143,A,146,49,4,CA1,EC,-2.118910134697276,Control,waterfalls
150,A,153,49,4,CA1,EC,-0.0221255229185046,Control,waterfalls
158,A,161,49,4,CA1,EC,-0.4069646873341982,Control,beaches
170,A,173,49,4,CA1,EC,0.7363449404615005,Control,fields
174,A,177,49,4,CA1,EC,0.6076854854850858,Control,beaches
182,A,185,49,4,CA1,EC,0.0008463108745583,Control,fields
194,A,197,49,4,CA1,EC,0.0136701103452896,Control,beaches
202,A,205,49,4,CA1,EC,-0.2623265721973279,Control,beaches
214,A,217,49,4,CA1,EC,0.0176916399613368,Control,fields
223,A,226,49,4,CA1,EC,-0.2283632433934132,Control,fields
229,A,232,49,4,CA1,EC,-0.7494608511494214,Control,beaches
12,A,15,50,2,CA1,EC,1.899264931084128,Stress,waterfalls
34,A,37,50,2,CA1,EC,0.1893599957799623,Stress,waterfalls
39,A,42,50,2,CA1,EC,0.907720965095379,Stress,lighthouses
48,A,51,50,2,CA1,EC,-0.3402486934192019,Stress,canyons
53,A,56,50,2,CA1,EC,0.0050774425915212,Stress,waterfalls
62,A,65,50,2,CA1,EC,0.4271234432276242,Stress,waterfalls
70,A,73,50,2,CA1,EC,-0.0914631845499624,Stress,lighthouses
90,A,93,50,2,CA1,EC,-0.3775498877697271,Stress,canyons
105,A,108,50,2,CA1,EC,0.4456951517254565,Stress,canyons
114,A,117,50,2,CA1,EC,0.0845165813930754,Stress,canyons
128,A,131,50,2,CA1,EC,-0.0489912599125485,Stress,waterfalls
136,A,139,50,2,CA1,EC,0.2703258286519107,Stress,lighthouses
146,A,149,50,2,CA1,EC,2.824185602089057,Stress,waterfalls
165,A,168,50,2,CA1,EC,1.9136526036063408,Stress,lighthouses
173,A,176,50,2,CA1,EC,-0.4222242377541639,Stress,lighthouses
195,A,198,50,2,CA1,EC,-0.1207724980844009,Stress,waterfalls
200,A,203,50,2,CA1,EC,0.675375107742293,Stress,canyons
206,A,209,50,2,CA1,EC,-0.0974291364780073,Stress,lighthouses
214,A,217,50,2,CA1,EC,-1.0005729106844947,Stress,canyons
221,A,224,50,2,CA1,EC,-1.1583505495462971,Stress,canyons
231,A,234,50,2,CA1,EC,-0.0933160218713351,Stress,lighthouses
16,A,19,50,3,CA1,EC,1.2466266127134988,Stress,waterfalls
32,A,35,50,3,CA1,EC,0.0472870022649438,Stress,waterfalls
49,A,52,50,3,CA1,EC,0.2646557298316847,Stress,lighthouses
59,A,62,50,3,CA1,EC,-0.385486779390976,Stress,canyons
68,A,71,50,3,CA1,EC,0.5699283389913905,Stress,canyons
75,A,78,50,3,CA1,EC,-0.0352258632703644,Stress,lighthouses
105,A,108,50,3,CA1,EC,-0.0156040491214669,Stress,lighthouses
113,A,116,50,3,CA1,EC,-0.0518447408368842,Stress,waterfalls
131,A,134,50,3,CA1,EC,-0.267688366852661,Stress,canyons
155,A,158,50,3,CA1,EC,-0.2228832211154554,Stress,lighthouses
160,A,163,50,3,CA1,EC,0.0844983358510582,Stress,canyons
165,A,168,50,3,CA1,EC,0.4179935293480204,Stress,waterfalls
175,A,178,50,3,CA1,EC,-0.8391448633229865,Stress,waterfalls
181,A,184,50,3,CA1,EC,-0.0722178150950872,Stress,lighthouses
193,A,196,50,3,CA1,EC,0.3100221774365538,Stress,canyons
197,A,200,50,3,CA1,EC,0.2214374017131943,Stress,waterfalls
209,A,212,50,3,CA1,EC,0.007566828383111,Stress,waterfalls
215,A,218,50,3,CA1,EC,1.2450334181137437,Stress,canyons
220,A,223,50,3,CA1,EC,2.7006012457401587,Stress,lighthouses
229,A,232,50,3,CA1,EC,0.0531094071941195,Stress,lighthouses
234,A,237,50,3,CA1,EC,0.8082252036932355,Stress,canyons
5,A,8,50,4,CA1,EC,-0.1230647207825307,Stress,lighthouses
15,A,18,50,4,CA1,EC,0.0184147432512454,Stress,canyons
29,A,32,50,4,CA1,EC,-0.4716146832530827,Stress,lighthouses
50,A,53,50,4,CA1,EC,-0.3032025417700787,Stress,waterfalls
57,A,60,50,4,CA1,EC,3.225958494310093,Stress,canyons
62,A,65,50,4,CA1,EC,-1.790006466458576,Stress,waterfalls
68,A,71,50,4,CA1,EC,-0.0437351569023332,Stress,lighthouses
81,A,84,50,4,CA1,EC,0.2276089310637936,Stress,lighthouses
93,A,96,50,4,CA1,EC,0.4395140540550589,Stress,waterfalls
104,A,107,50,4,CA1,EC,1.8018843363999044,Stress,canyons
109,A,112,50,4,CA1,EC,-1.931523618252097,Stress,lighthouses
117,A,120,50,4,CA1,EC,0.7333834968867038,Stress,canyons
123,A,126,50,4,CA1,EC,-0.1200279608178712,Stress,waterfalls
129,A,132,50,4,CA1,EC,-0.109927329011233,Stress,canyons
136,A,139,50,4,CA1,EC,4.782484588147209,Stress,waterfalls
146,A,149,50,4,CA1,EC,0.0330334809633422,Stress,lighthouses
151,A,154,50,4,CA1,EC,0.0401122617031423,Stress,waterfalls
157,A,160,50,4,CA1,EC,3.640129004901699,Stress,canyons
169,A,172,50,4,CA1,EC,0.0315282311540969,Stress,waterfalls
182,A,185,50,4,CA1,EC,-0.1752533983031215,Stress,canyons
194,A,197,50,4,CA1,EC,1.344410128613537,Stress,lighthouses
21,A,24,52,2,CA1,EC,0.215346033106306,Control,lakes
28,A,31,52,2,CA1,EC,0.8968923915890391,Control,mountains
38,A,41,52,2,CA1,EC,-0.3271774563667021,Control,deserts
45,A,48,52,2,CA1,EC,0.2944877826368758,Control,lakes
52,A,55,52,2,CA1,EC,6.075576288734024,Control,mountains
64,A,67,52,2,CA1,EC,1.6226482997415363,Control,deserts
81,A,84,52,2,CA1,EC,-0.1874545130752631,Control,mountains
98,A,101,52,2,CA1,EC,0.004983357224558,Control,deserts
110,A,113,52,2,CA1,EC,-0.1168786314117736,Control,deserts
126,A,129,52,2,CA1,EC,1.699376235831109,Control,lakes
135,A,138,52,2,CA1,EC,0.0017492131748467,Control,lakes
149,A,152,52,2,CA1,EC,-0.1730093418599496,Control,deserts
153,A,156,52,2,CA1,EC,-0.8451682117751574,Control,mountains
167,A,170,52,2,CA1,EC,-0.0422850886165583,Control,deserts
178,A,181,52,2,CA1,EC,-0.1043032195630643,Control,mountains
201,A,204,52,2,CA1,EC,-0.0037324556271504,Control,lakes
210,A,213,52,2,CA1,EC,0.0491908340210026,Control,mountains
223,A,226,52,2,CA1,EC,0.3955358286573045,Control,deserts
232,A,235,52,2,CA1,EC,-0.5701905186866125,Control,mountains
10,A,13,52,3,CA1,EC,0.3038617239683895,Control,mountains
18,A,21,52,3,CA1,EC,0.299884825204282,Control,deserts
23,A,26,52,3,CA1,EC,1.8188280864392423,Control,lakes
50,A,53,52,3,CA1,EC,-0.5006448961268223,Control,mountains
55,A,58,52,3,CA1,EC,1.132490555661268,Control,lakes
67,A,70,52,3,CA1,EC,0.7800471375118712,Control,mountains
72,A,75,52,3,CA1,EC,-0.0001342646595685,Control,deserts
82,A,85,52,3,CA1,EC,0.2677207562016626,Control,mountains
88,A,91,52,3,CA1,EC,0.0071532621714782,Control,lakes
95,A,98,52,3,CA1,EC,-0.2598077966364577,Control,mountains
111,A,114,52,3,CA1,EC,-0.7208622659954635,Control,deserts
122,A,125,52,3,CA1,EC,0.66691692058121,Control,mountains
142,A,145,52,3,CA1,EC,-0.3650943021560424,Control,lakes
150,A,153,52,3,CA1,EC,-0.0194129143002847,Control,deserts
157,A,160,52,3,CA1,EC,1.1719843837451205,Control,lakes
168,A,171,52,3,CA1,EC,-1.0809847806347117,Control,mountains
180,A,183,52,3,CA1,EC,1.457800762677616,Control,deserts
191,A,194,52,3,CA1,EC,0.095041681540275,Control,lakes
200,A,203,52,3,CA1,EC,0.5536036920810545,Control,deserts
211,A,214,52,3,CA1,EC,0.7468797902141732,Control,deserts
231,A,234,52,3,CA1,EC,-0.0262542408478244,Control,lakes
7,A,10,52,4,CA1,EC,-0.1532725093832419,Control,deserts
25,A,28,52,4,CA1,EC,0.0252309923333948,Control,deserts
35,A,38,52,4,CA1,EC,0.0150185019983892,Control,deserts
48,A,51,52,4,CA1,EC,0.7288951104797272,Control,lakes
56,A,59,52,4,CA1,EC,0.2498585550493557,Control,deserts
63,A,66,52,4,CA1,EC,1.7060689496234156,Control,mountains
73,A,76,52,4,CA1,EC,0.5923497233872956,Control,lakes
81,A,84,52,4,CA1,EC,-0.6355097626676363,Control,lakes
100,A,103,52,4,CA1,EC,0.0131913912903593,Control,lakes
110,A,113,52,4,CA1,EC,1.9205547418903297,Control,deserts
120,A,123,52,4,CA1,EC,-2.053285212338079,Control,mountains
126,A,129,52,4,CA1,EC,1.349958564738992,Control,lakes
133,A,136,52,4,CA1,EC,1.8699242807879,Control,mountains
142,A,145,52,4,CA1,EC,0.6859827403624215,Control,deserts
149,A,152,52,4,CA1,EC,2.1659212810447013,Control,deserts
160,A,163,52,4,CA1,EC,0.015910994048046,Control,lakes
185,A,188,52,4,CA1,EC,-0.2180880310298723,Control,mountains
206,A,209,52,4,CA1,EC,0.3358288083603596,Control,lakes
211,A,214,52,4,CA1,EC,0.5473563463946727,Control,mountains
224,A,227,52,4,CA1,EC,1.5940342805527117,Control,mountains
237,A,240,52,4,CA1,EC,-1.1536793032019683,Control,mountains
5,A,8,53,2,CA1,EC,-3.2885790620414697,Control,lakes
12,A,15,53,2,CA1,EC,-0.4188770361482267,Control,fields
20,A,23,53,2,CA1,EC,2.0838262831333183,Control,parks
37,A,40,53,2,CA1,EC,-0.2492226985540358,Control,parks
48,A,51,53,2,CA1,EC,-0.037994836236408,Control,lakes
55,A,58,53,2,CA1,EC,-0.6308476045181692,Control,parks
65,A,68,53,2,CA1,EC,0.0341931204644865,Control,lakes
75,A,78,53,2,CA1,EC,-0.8646291109494292,Control,fields
82,A,85,53,2,CA1,EC,-0.0844584889098852,Control,lakes
91,A,94,53,2,CA1,EC,0.3184932935998426,Control,parks
107,A,110,53,2,CA1,EC,0.0945995115840659,Control,fields
124,A,127,53,2,CA1,EC,0.0179963698219518,Control,fields
129,A,132,53,2,CA1,EC,-0.8199679462962227,Control,parks
134,A,137,53,2,CA1,EC,0.7224619014724614,Control,fields
144,A,147,53,2,CA1,EC,-0.57275173688629,Control,fields
163,A,166,53,2,CA1,EC,0.7604537031728593,Control,lakes
167,A,170,53,2,CA1,EC,0.0222273449574346,Control,parks
199,A,202,53,2,CA1,EC,-0.2396213796228959,Control,fields
204,A,207,53,2,CA1,EC,0.0156692174675281,Control,parks
219,A,222,53,2,CA1,EC,0.4722028092157076,Control,lakes
234,A,237,53,2,CA1,EC,-0.0915623775904485,Control,lakes
11,A,14,53,3,CA1,EC,-0.0337843026015561,Control,parks
21,A,24,53,3,CA1,EC,0.2126586169901226,Control,fields
28,A,31,53,3,CA1,EC,1.9930660198161247,Control,fields
53,A,56,53,3,CA1,EC,0.0198633791988913,Control,parks
72,A,75,53,3,CA1,EC,-0.2218369602489907,Control,parks
77,A,80,53,3,CA1,EC,-1.681869733035411,Control,lakes
84,A,87,53,3,CA1,EC,0.3462799946870393,Control,lakes
98,A,101,53,3,CA1,EC,-0.6907010204401174,Control,parks
111,A,114,53,3,CA1,EC,-0.0001289619366728,Control,parks
123,A,126,53,3,CA1,EC,0.3901864834230616,Control,parks
129,A,132,53,3,CA1,EC,8.463261511735257e-05,Control,lakes
140,A,143,53,3,CA1,EC,0.435058578323522,Control,lakes
148,A,151,53,3,CA1,EC,2.169197368854184,Control,fields
153,A,156,53,3,CA1,EC,-0.127144921497383,Control,lakes
166,A,169,53,3,CA1,EC,-0.0059499771683227,Control,fields
172,A,175,53,3,CA1,EC,-0.0143076623769811,Control,lakes
186,A,189,53,3,CA1,EC,-0.3311126961371643,Control,fields
195,A,198,53,3,CA1,EC,0.032052393688882,Control,parks
202,A,205,53,3,CA1,EC,0.7529362245715852,Control,fields
216,A,219,53,3,CA1,EC,0.2360700053011667,Control,fields
231,A,234,53,3,CA1,EC,0.4383824660964087,Control,lakes
5,A,8,53,4,CA1,EC,0.6919421292129456,Control,parks
15,A,18,53,4,CA1,EC,1.6938469964868106,Control,fields
21,A,24,53,4,CA1,EC,-2.575027568220336,Control,lakes
33,A,36,53,4,CA1,EC,-0.1663870610613902,Control,lakes
51,A,54,53,4,CA1,EC,-0.3165517301967679,Control,fields
57,A,60,53,4,CA1,EC,-0.361521294431354,Control,lakes
72,A,75,53,4,CA1,EC,-0.1607203356322925,Control,parks
77,A,80,53,4,CA1,EC,0.0039680754224053,Control,lakes
90,A,93,53,4,CA1,EC,-0.2322211462106376,Control,parks
101,A,104,53,4,CA1,EC,-0.553808631403471,Control,fields
106,A,109,53,4,CA1,EC,0.2696870214074544,Control,lakes
116,A,119,53,4,CA1,EC,0.1968107009204171,Control,parks
136,A,139,53,4,CA1,EC,0.0115744212715723,Control,parks
143,A,146,53,4,CA1,EC,-0.3735438634559061,Control,fields
158,A,161,53,4,CA1,EC,0.6891324397564744,Control,lakes
166,A,169,53,4,CA1,EC,-0.0009627481323423,Control,fields
182,A,185,53,4,CA1,EC,0.0329001640508221,Control,fields
188,A,191,53,4,CA1,EC,5.137008881702785,Control,parks
208,A,211,53,4,CA1,EC,0.089133172315111,Control,fields
215,A,218,53,4,CA1,EC,0.741840123671242,Control,lakes
232,A,235,53,4,CA1,EC,-0.0893054227262256,Control,parks
19,A,22,54,2,CA1,EC,-0.5356493075677021,Stress,deserts
32,A,35,54,2,CA1,EC,0.2123073309057908,Stress,bridges
39,A,42,54,2,CA1,EC,-1.8768546700450155,Stress,bridges
56,A,59,54,2,CA1,EC,1.0640458543409643,Stress,lakes
63,A,66,54,2,CA1,EC,1.230037041402387,Stress,bridges
77,A,80,54,2,CA1,EC,4.458665401663141,Stress,deserts
84,A,87,54,2,CA1,EC,0.3093029920197317,Stress,bridges
97,A,100,54,2,CA1,EC,-0.0771914810680453,Stress,lakes
105,A,108,54,2,CA1,EC,0.0545974227547714,Stress,deserts
120,A,123,54,2,CA1,EC,-0.0615207192478694,Stress,deserts
125,A,128,54,2,CA1,EC,-0.1143054906937343,Stress,lakes
132,A,135,54,2,CA1,EC,-0.0024160806527215,Stress,lakes
137,A,140,54,2,CA1,EC,0.6285801072149078,Stress,bridges
153,A,156,54,2,CA1,EC,1.7741466292000672,Stress,deserts
159,A,162,54,2,CA1,EC,0.006914244563399,Stress,lakes
184,A,187,54,2,CA1,EC,0.0034233316368503,Stress,deserts
189,A,192,54,2,CA1,EC,-0.0007913306953323,Stress,bridges
198,A,201,54,2,CA1,EC,-0.0026095385133084,Stress,lakes
204,A,207,54,2,CA1,EC,1.6067491278004706,Stress,bridges
214,A,217,54,2,CA1,EC,-0.0035763949688249,Stress,lakes
225,A,228,54,2,CA1,EC,-0.0108200728308498,Stress,deserts
7,A,10,54,3,CA1,EC,-0.1887789640915545,Stress,deserts
15,A,18,54,3,CA1,EC,0.5384791953949426,Stress,bridges
30,A,33,54,3,CA1,EC,-0.4463321498206502,Stress,deserts
40,A,43,54,3,CA1,EC,1.8409078237500864,Stress,lakes
74,A,77,54,3,CA1,EC,0.5671593810672334,Stress,deserts
83,A,86,54,3,CA1,EC,0.3985375307986816,Stress,lakes
89,A,92,54,3,CA1,EC,0.0501339888215362,Stress,lakes
99,A,102,54,3,CA1,EC,-0.0273591293924753,Stress,bridges
106,A,109,54,3,CA1,EC,0.0025033014148187,Stress,bridges
116,A,119,54,3,CA1,EC,0.9556674456869324,Stress,bridges
126,A,129,54,3,CA1,EC,2.0641605571908253,Stress,deserts
131,A,134,54,3,CA1,EC,0.3489451238725633,Stress,lakes
151,A,154,54,3,CA1,EC,0.0490932602740564,Stress,deserts
164,A,167,54,3,CA1,EC,-0.3542379433820183,Stress,lakes
176,A,179,54,3,CA1,EC,1.8098624005172337,Stress,lakes
182,A,185,54,3,CA1,EC,-0.0014909686100381,Stress,bridges
189,A,192,54,3,CA1,EC,0.0098111328444874,Stress,deserts
199,A,202,54,3,CA1,EC,0.3214315175326787,Stress,deserts
211,A,214,54,3,CA1,EC,0.4431897326944801,Stress,lakes
220,A,223,54,3,CA1,EC,5.14893952790461,Stress,bridges
228,A,231,54,3,CA1,EC,-0.398962476895652,Stress,bridges
5,A,8,54,4,CA1,EC,-0.0229392212344602,Stress,deserts
12,A,15,54,4,CA1,EC,0.8172757007214407,Stress,lakes
20,A,23,54,4,CA1,EC,-0.0012613714960038,Stress,deserts
28,A,31,54,4,CA1,EC,-1.4427402130210276,Stress,deserts
36,A,39,54,4,CA1,EC,-0.2539677525628003,Stress,bridges
73,A,76,54,4,CA1,EC,-0.2382252061149439,Stress,lakes
78,A,81,54,4,CA1,EC,0.7361210180796481,Stress,bridges
96,A,99,54,4,CA1,EC,0.2457335986163183,Stress,lakes
105,A,108,54,4,CA1,EC,0.0194783304889126,Stress,deserts
122,A,125,54,4,CA1,EC,-0.049013477957144,Stress,bridges
128,A,131,54,4,CA1,EC,0.3277612506946953,Stress,deserts
134,A,137,54,4,CA1,EC,0.0499625403140139,Stress,bridges
149,A,152,54,4,CA1,EC,-0.1528512729609883,Stress,bridges
167,A,170,54,4,CA1,EC,-0.0018403819512038,Stress,bridges
181,A,184,54,4,CA1,EC,1.9702695229043965,Stress,lakes
185,A,188,54,4,CA1,EC,0.0979261151807657,Stress,deserts
196,A,199,54,4,CA1,EC,0.9135932118907356,Stress,bridges
205,A,208,54,4,CA1,EC,0.1779031047926356,Stress,lakes
217,A,220,54,4,CA1,EC,-0.0684757966360838,Stress,lakes
231,A,234,54,4,CA1,EC,-0.0601871842681198,Stress,deserts
238,A,241,54,4,CA1,EC,0.4405911468532411,Stress,lakes
8,A,11,55,2,CA1,EC,-1.2146206968035025,Stress,canyons
19,A,22,55,2,CA1,EC,0.1738485282128795,Stress,canyons
30,A,33,55,2,CA1,EC,-0.0384944151563582,Stress,marshes
54,A,57,55,2,CA1,EC,-0.3766100018282013,Stress,parks
63,A,66,55,2,CA1,EC,-0.2003050532568153,Stress,parks
70,A,73,55,2,CA1,EC,0.6900843288264412,Stress,canyons
78,A,81,55,2,CA1,EC,0.4991797806708546,Stress,parks
94,A,97,55,2,CA1,EC,0.9897399403795448,Stress,parks
101,A,104,55,2,CA1,EC,-0.0221154496322261,Stress,canyons
111,A,114,55,2,CA1,EC,-0.2573116065187362,Stress,marshes
118,A,121,55,2,CA1,EC,0.1149073397645655,Stress,canyons
127,A,130,55,2,CA1,EC,2.4769039443736203,Stress,parks
136,A,139,55,2,CA1,EC,-0.2716588899349659,Stress,marshes
161,A,164,55,2,CA1,EC,-0.140435173351558,Stress,canyons
166,A,169,55,2,CA1,EC,0.5902487996644279,Stress,marshes
175,A,178,55,2,CA1,EC,0.7174138002680001,Stress,canyons
180,A,183,55,2,CA1,EC,0.1408023490613826,Stress,parks
194,A,197,55,2,CA1,EC,-0.0911979876162675,Stress,marshes
208,A,211,55,2,CA1,EC,-0.3605385151363754,Stress,marshes
219,A,222,55,2,CA1,EC,1.9883376463101523,Stress,parks
224,A,227,55,2,CA1,EC,-0.2258924298274606,Stress,marshes
5,A,8,55,3,CA1,EC,2.420068534454959,Stress,marshes
10,A,13,55,3,CA1,EC,-0.4345202366538636,Stress,parks
17,A,20,55,3,CA1,EC,0.463599226668915,Stress,canyons
29,A,32,55,3,CA1,EC,0.00424447921541,Stress,marshes
34,A,37,55,3,CA1,EC,0.9723517341916595,Stress,canyons
42,A,45,55,3,CA1,EC,0.0310419887124562,Stress,marshes
46,A,49,55,3,CA1,EC,-0.0020540084754019,Stress,parks
65,A,68,55,3,CA1,EC,2.807508502692207,Stress,marshes
77,A,80,55,3,CA1,EC,1.4600152757374525,Stress,canyons
83,A,86,55,3,CA1,EC,-0.448219111852276,Stress,parks
90,A,93,55,3,CA1,EC,-1.004833511736654,Stress,parks
95,A,98,55,3,CA1,EC,0.2522316278328682,Stress,canyons
107,A,110,55,3,CA1,EC,0.2635015409640968,Stress,canyons
116,A,119,55,3,CA1,EC,-0.4161094429466983,Stress,marshes
127,A,130,55,3,CA1,EC,-0.0096843484253617,Stress,canyons
155,A,158,55,3,CA1,EC,-1.6471035205339375,Stress,marshes
179,A,182,55,3,CA1,EC,0.0122978211339454,Stress,canyons
195,A,198,55,3,CA1,EC,0.005327750115432,Stress,parks
209,A,212,55,3,CA1,EC,-0.0003587934167856,Stress,parks
227,A,230,55,3,CA1,EC,-0.0213576941658926,Stress,parks
235,A,238,55,3,CA1,EC,-0.6064680404081862,Stress,marshes
15,A,18,55,4,CA1,EC,-0.1438505273376487,Stress,marshes
22,A,25,55,4,CA1,EC,0.1145670585095361,Stress,canyons
31,A,34,55,4,CA1,EC,-0.0491954736008991,Stress,marshes
53,A,56,55,4,CA1,EC,-2.0220718114242877,Stress,parks
68,A,71,55,4,CA1,EC,1.4946313536092868,Stress,canyons
75,A,78,55,4,CA1,EC,-1.1753354709722443,Stress,marshes
92,A,95,55,4,CA1,EC,1.5461017723112005,Stress,canyons
105,A,108,55,4,CA1,EC,1.639615204537475,Stress,marshes
120,A,123,55,4,CA1,EC,0.6064634196188872,Stress,canyons
133,A,136,55,4,CA1,EC,0.5701503142240976,Stress,marshes
139,A,142,55,4,CA1,EC,-0.0204797132702657,Stress,canyons
148,A,151,55,4,CA1,EC,0.6861658080566493,Stress,marshes
152,A,155,55,4,CA1,EC,0.1281944996361462,Stress,parks
163,A,166,55,4,CA1,EC,-0.1610867792545322,Stress,canyons
183,A,186,55,4,CA1,EC,-0.2561140012105599,Stress,parks
190,A,193,55,4,CA1,EC,0.4602189171031627,Stress,parks
199,A,202,55,4,CA1,EC,-0.0683880765205349,Stress,parks
203,A,206,55,4,CA1,EC,-1.4254696406814973,Stress,marshes
222,A,225,55,4,CA1,EC,0.2071656144927043,Stress,parks
227,A,230,55,4,CA1,EC,0.0418824815100468,Stress,canyons
234,A,237,55,4,CA1,EC,-0.0910455958978027,Stress,parks
5,A,8,56,2,CA1,EC,-0.5571568919601728,Control,forests
11,A,14,56,2,CA1,EC,1.3268314662889584,Control,marshes
26,A,29,56,2,CA1,EC,-0.4824283801019152,Control,bridges
34,A,37,56,2,CA1,EC,-0.2657615912429757,Control,bridges
42,A,45,56,2,CA1,EC,-0.0065676150854386,Control,forests
55,A,58,56,2,CA1,EC,0.0749707661300665,Control,bridges
68,A,71,56,2,CA1,EC,0.6695108193613085,Control,forests
75,A,78,56,2,CA1,EC,0.06498247021566,Control,marshes
90,A,93,56,2,CA1,EC,0.0897836376525305,Control,bridges
110,A,113,56,2,CA1,EC,1.6146802073963946,Control,bridges
121,A,124,56,2,CA1,EC,-0.2100376690830878,Control,marshes
135,A,138,56,2,CA1,EC,-0.967740395433565,Control,marshes
139,A,142,56,2,CA1,EC,-0.3822372223492513,Control,forests
148,A,151,56,2,CA1,EC,0.1691914226990418,Control,bridges
154,A,157,56,2,CA1,EC,-0.5983772720223015,Control,marshes
172,A,175,56,2,CA1,EC,0.0283566592565921,Control,forests
183,A,186,56,2,CA1,EC,-1.1580287527523483,Control,marshes
200,A,203,56,2,CA1,EC,0.3652613169195319,Control,forests
210,A,213,56,2,CA1,EC,0.0134070625287464,Control,bridges
226,A,229,56,2,CA1,EC,-1.3322808705017148,Control,forests
236,A,239,56,2,CA1,EC,0.0410001909581313,Control,marshes
11,A,14,56,3,CA1,EC,0.8936484501756441,Control,bridges
22,A,25,56,3,CA1,EC,0.9350878645305998,Control,forests
40,A,43,56,3,CA1,EC,-0.1723904241006179,Control,bridges
46,A,49,56,3,CA1,EC,0.2280293097758028,Control,marshes
72,A,75,56,3,CA1,EC,0.2331881971811766,Control,marshes
81,A,84,56,3,CA1,EC,-0.3146264215063491,Control,forests
86,A,89,56,3,CA1,EC,0.2101567065205599,Control,bridges
93,A,96,56,3,CA1,EC,-0.4157564840429977,Control,marshes
115,A,118,56,3,CA1,EC,-0.957616526610788,Control,forests
121,A,124,56,3,CA1,EC,-0.0652692193125972,Control,bridges
135,A,138,56,3,CA1,EC,-0.759700825702276,Control,bridges
140,A,143,56,3,CA1,EC,0.2805360377124098,Control,marshes
154,A,157,56,3,CA1,EC,0.1333715665646115,Control,marshes
164,A,167,56,3,CA1,EC,-0.3185591763135983,Control,bridges
170,A,173,56,3,CA1,EC,0.0662078947332337,Control,forests
176,A,179,56,3,CA1,EC,0.5699491789144502,Control,bridges
181,A,184,56,3,CA1,EC,-0.3862806452057813,Control,marshes
191,A,194,56,3,CA1,EC,0.0836705191777963,Control,marshes
199,A,202,56,3,CA1,EC,0.7153668099799418,Control,forests
218,A,221,56,3,CA1,EC,-0.1761137055828071,Control,forests
231,A,234,56,3,CA1,EC,-0.1174360067179878,Control,forests
13,A,16,56,4,CA1,EC,0.2177880223659317,Control,marshes
23,A,26,56,4,CA1,EC,0.7365742059888711,Control,bridges
30,A,33,56,4,CA1,EC,-0.4244736430880191,Control,forests
46,A,49,56,4,CA1,EC,0.2330936795104664,Control,forests
54,A,57,56,4,CA1,EC,1.21106753156775,Control,bridges
59,A,62,56,4,CA1,EC,-0.0943637936521066,Control,forests
85,A,88,56,4,CA1,EC,0.0664999413354692,Control,bridges
91,A,94,56,4,CA1,EC,0.3102227113462298,Control,bridges
100,A,103,56,4,CA1,EC,1.7717392341901252,Control,marshes
105,A,108,56,4,CA1,EC,0.274895679921597,Control,forests
118,A,121,56,4,CA1,EC,1.48734916533184,Control,bridges
125,A,128,56,4,CA1,EC,1.0682697581852747,Control,marshes
133,A,136,56,4,CA1,EC,0.186195898344925,Control,forests
144,A,147,56,4,CA1,EC,-0.5903857332471792,Control,marshes
155,A,158,56,4,CA1,EC,-1.3072262522675804,Control,forests
172,A,175,56,4,CA1,EC,1.2538654793245243,Control,bridges
180,A,183,56,4,CA1,EC,0.6360373857325249,Control,marshes
196,A,199,56,4,CA1,EC,-0.6127484534933545,Control,forests
204,A,207,56,4,CA1,EC,-0.3963879926007616,Control,marshes
217,A,220,56,4,CA1,EC,2.1323858449090127,Control,marshes
231,A,234,56,4,CA1,EC,0.1743386741780163,Control,bridges
10,A,13,57,2,CA1,EC,-0.2111575468540078,Control,forests
22,A,25,57,2,CA1,EC,-0.1237329716943218,Control,forests
29,A,32,57,2,CA1,EC,0.5839253926749024,Control,parks
38,A,41,57,2,CA1,EC,0.1289784222820889,Control,forests
48,A,51,57,2,CA1,EC,-0.273053924946982,Control,parks
75,A,78,57,2,CA1,EC,-1.0612889697748713,Control,parks
87,A,90,57,2,CA1,EC,-0.1530434347604894,Control,parks
92,A,95,57,2,CA1,EC,-0.1933045416580098,Control,canyons
98,A,101,57,2,CA1,EC,0.0007405226269706,Control,forests
117,A,120,57,2,CA1,EC,0.914552870418831,Control,parks
123,A,126,57,2,CA1,EC,2.8518084746920094,Control,canyons
131,A,134,57,2,CA1,EC,-0.0013525329720179,Control,forests
144,A,147,57,2,CA1,EC,1.5171440103471787,Control,canyons
159,A,162,57,2,CA1,EC,2.343451074054774,Control,parks
164,A,167,57,2,CA1,EC,2.0545792093095354,Control,canyons
173,A,176,57,2,CA1,EC,0.5112924078213182,Control,forests
193,A,196,57,2,CA1,EC,-0.3355968091057821,Control,canyons
207,A,210,57,2,CA1,EC,0.0073176200323873,Control,parks
213,A,216,57,2,CA1,EC,-0.0027963937943199,Control,canyons
222,A,225,57,2,CA1,EC,-0.001081119536216,Control,forests
235,A,238,57,2,CA1,EC,1.4352431238815762,Control,canyons
5,A,8,57,3,CA1,EC,0.2227806434620153,Control,canyons
12,A,15,57,3,CA1,EC,-0.0362763886821707,Control,parks
26,A,29,57,3,CA1,EC,1.2388325179179864,Control,canyons
31,A,34,57,3,CA1,EC,0.3170538646422086,Control,forests
38,A,41,57,3,CA1,EC,-0.8759033944978899,Control,forests
51,A,54,57,3,CA1,EC,0.001578069578102,Control,parks
56,A,59,57,3,CA1,EC,0.2583527025784687,Control,canyons
67,A,70,57,3,CA1,EC,0.9614087697497125,Control,parks
73,A,76,57,3,CA1,EC,-1.6670180608800214,Control,forests
84,A,87,57,3,CA1,EC,-0.7048304159626229,Control,forests
108,A,111,57,3,CA1,EC,0.2203770045241829,Control,parks
118,A,121,57,3,CA1,EC,0.5736542091588646,Control,forests
136,A,139,57,3,CA1,EC,-1.575646580686605,Control,parks
147,A,150,57,3,CA1,EC,-0.2039199144130659,Control,canyons
154,A,157,57,3,CA1,EC,0.2084346344433079,Control,parks
168,A,171,57,3,CA1,EC,2.990946375429993,Control,forests
180,A,183,57,3,CA1,EC,1.9432672022036368,Control,forests
186,A,189,57,3,CA1,EC,0.2262659344892173,Control,parks
203,A,206,57,3,CA1,EC,2.2460278845179285,Control,canyons
226,A,229,57,3,CA1,EC,0.5264526389921627,Control,canyons
235,A,238,57,3,CA1,EC,2.134411466250647,Control,canyons
8,A,11,57,4,CA1,EC,0.1760247070278285,Control,forests
18,A,21,57,4,CA1,EC,-0.5219610239271544,Control,forests
24,A,27,57,4,CA1,EC,1.8732568459933885,Control,parks
35,A,38,57,4,CA1,EC,-2.004160268411657,Control,forests
51,A,54,57,4,CA1,EC,0.2602623481133249,Control,parks
63,A,66,57,4,CA1,EC,0.2371456271176014,Control,canyons
68,A,71,57,4,CA1,EC,0.5751200613694347,Control,parks
82,A,85,57,4,CA1,EC,0.0488190196953097,Control,canyons
91,A,94,57,4,CA1,EC,0.0005829522250293,Control,canyons
104,A,107,57,4,CA1,EC,1.165578536092204,Control,forests
109,A,112,57,4,CA1,EC,0.652287602868415,Control,canyons
129,A,132,57,4,CA1,EC,-0.0226397184040233,Control,parks
134,A,137,57,4,CA1,EC,-0.4746906365938446,Control,canyons
144,A,147,57,4,CA1,EC,0.8212329365141976,Control,parks
148,A,151,57,4,CA1,EC,-0.7141397574166273,Control,forests
169,A,172,57,4,CA1,EC,-0.0509526826845397,Control,canyons
176,A,179,57,4,CA1,EC,-1.414148058778206,Control,parks
186,A,189,57,4,CA1,EC,0.756347472929211,Control,forests
194,A,197,57,4,CA1,EC,4.99038631225935,Control,canyons
220,A,223,57,4,CA1,EC,-0.3951289007370259,Control,forests
228,A,231,57,4,CA1,EC,0.0135784005333875,Control,parks
11,A,14,58,2,CA1,EC,-0.0640819813744106,Stress,lighthouses
25,A,28,58,2,CA1,EC,0.0009758994485577,Stress,lighthouses
33,A,36,58,2,CA1,EC,2.03389723378391,Stress,beaches
53,A,56,58,2,CA1,EC,0.2313239584136061,Stress,lighthouses
73,A,76,58,2,CA1,EC,0.1646085437938303,Stress,forests
78,A,81,58,2,CA1,EC,0.7573859581481762,Stress,lighthouses
90,A,93,58,2,CA1,EC,0.1112734826856649,Stress,beaches
95,A,98,58,2,CA1,EC,-1.063151896546042,Stress,forests
119,A,122,58,2,CA1,EC,-0.0434254757667792,Stress,lighthouses
129,A,132,58,2,CA1,EC,3.160407474412169,Stress,beaches
134,A,137,58,2,CA1,EC,-0.0801778998875383,Stress,forests
139,A,142,58,2,CA1,EC,-0.0001722819669924,Stress,beaches
148,A,151,58,2,CA1,EC,-0.0479378735051435,Stress,forests
179,A,182,58,2,CA1,EC,-0.3763878664657097,Stress,forests
188,A,191,58,2,CA1,EC,-0.0565493703043209,Stress,beaches
195,A,198,58,2,CA1,EC,0.1490469641530132,Stress,beaches
201,A,204,58,2,CA1,EC,0.2093044861695707,Stress,forests
208,A,211,58,2,CA1,EC,0.6174963948231695,Stress,lighthouses
214,A,217,58,2,CA1,EC,0.9744449448257186,Stress,beaches
223,A,226,58,2,CA1,EC,-0.2207628154566547,Stress,forests
229,A,232,58,2,CA1,EC,0.0072204079367833,Stress,lighthouses
11,A,14,58,3,CA1,EC,-0.0050856894266313,Stress,forests
22,A,25,58,3,CA1,EC,-0.254746048656169,Stress,lighthouses
31,A,34,58,3,CA1,EC,0.2614396298382633,Stress,forests
38,A,41,58,3,CA1,EC,0.2554552963336255,Stress,lighthouses
49,A,52,58,3,CA1,EC,-0.3221537331583292,Stress,forests
59,A,62,58,3,CA1,EC,1.1437688212599515,Stress,beaches
66,A,69,58,3,CA1,EC,0.0765204790445056,Stress,forests
71,A,74,58,3,CA1,EC,-0.2946201956210634,Stress,lighthouses
77,A,80,58,3,CA1,EC,0.4797997570340442,Stress,beaches
100,A,103,58,3,CA1,EC,0.9849724936860464,Stress,lighthouses
108,A,111,58,3,CA1,EC,0.4620873292252339,Stress,beaches
130,A,133,58,3,CA1,EC,-1.3502563077765497,Stress,lighthouses
141,A,144,58,3,CA1,EC,0.3655174915535403,Stress,beaches
150,A,153,58,3,CA1,EC,-0.1579744379128049,Stress,beaches
158,A,161,58,3,CA1,EC,0.7488011050244213,Stress,forests
168,A,171,58,3,CA1,EC,-0.5205028706672461,Stress,lighthouses
188,A,191,58,3,CA1,EC,-1.39754730199183,Stress,forests
193,A,196,58,3,CA1,EC,0.2811608066432727,Stress,lighthouses
198,A,201,58,3,CA1,EC,1.1475366009654568,Stress,forests
218,A,221,58,3,CA1,EC,1.2397074372860222,Stress,beaches
235,A,238,58,3,CA1,EC,-0.0599164017314444,Stress,beaches
13,A,16,58,4,CA1,EC,-0.7024345254767489,Stress,forests
19,A,22,58,4,CA1,EC,1.7607305088857057,Stress,beaches
30,A,33,58,4,CA1,EC,0.8689600918959393,Stress,forests
45,A,48,58,4,CA1,EC,-0.1069107222260172,Stress,lighthouses
49,A,52,58,4,CA1,EC,0.2563178356298263,Stress,beaches
55,A,58,58,4,CA1,EC,1.4863908935777448,Stress,lighthouses
67,A,70,58,4,CA1,EC,-0.0014992019780015,Stress,lighthouses
71,A,74,58,4,CA1,EC,2.120347366766509,Stress,forests
82,A,85,58,4,CA1,EC,-0.0608847400340212,Stress,lighthouses
89,A,92,58,4,CA1,EC,-1.0270364324914314,Stress,forests
103,A,106,58,4,CA1,EC,-0.341876204109023,Stress,lighthouses
114,A,117,58,4,CA1,EC,-0.0165832893339963,Stress,beaches
121,A,124,58,4,CA1,EC,0.1620619931864055,Stress,lighthouses
140,A,143,58,4,CA1,EC,0.0340968883384645,Stress,beaches
152,A,155,58,4,CA1,EC,-0.3942379534202699,Stress,beaches
159,A,162,58,4,CA1,EC,0.3594503482116034,Stress,forests
176,A,179,58,4,CA1,EC,-0.5812769491352413,Stress,beaches
182,A,185,58,4,CA1,EC,-0.3819171557220655,Stress,forests
194,A,197,58,4,CA1,EC,0.3127233414141026,Stress,beaches
221,A,224,58,4,CA1,EC,0.4618565843300215,Stress,forests
229,A,232,58,4,CA1,EC,-0.026821167094619,Stress,lighthouses
8,A,11,59,2,CA1,EC,0.0153092007984524,Stress,lighthouses
19,A,22,59,2,CA1,EC,1.9557335995810816,Stress,mountains
28,A,31,59,2,CA1,EC,0.020879068921233,Stress,mountains
40,A,43,59,2,CA1,EC,0.3396859410861894,Stress,mountains
48,A,51,59,2,CA1,EC,-0.7485499858660749,Stress,lighthouses
56,A,59,59,2,CA1,EC,0.5075857810914696,Stress,beaches
92,A,95,59,2,CA1,EC,-3.186732544292203,Stress,beaches
98,A,101,59,2,CA1,EC,-0.2358682670092283,Stress,lighthouses
106,A,109,59,2,CA1,EC,1.635189189928857,Stress,lighthouses
118,A,121,59,2,CA1,EC,0.8038122030336817,Stress,mountains
124,A,127,59,2,CA1,EC,-0.0455258409283324,Stress,beaches
130,A,133,59,2,CA1,EC,0.4032853810835169,Stress,mountains
141,A,144,59,2,CA1,EC,0.027493532216679,Stress,beaches
152,A,155,59,2,CA1,EC,1.1330219930324257,Stress,lighthouses
162,A,165,59,2,CA1,EC,-0.3532523397031574,Stress,beaches
175,A,178,59,2,CA1,EC,0.1832431602468111,Stress,mountains
187,A,190,59,2,CA1,EC,1.068475000502185,Stress,beaches
205,A,208,59,2,CA1,EC,0.1871959113525662,Stress,mountains
212,A,215,59,2,CA1,EC,-0.0027506096321263,Stress,lighthouses
217,A,220,59,2,CA1,EC,-0.1834496123975214,Stress,beaches
230,A,233,59,2,CA1,EC,-0.1987408196636705,Stress,lighthouses
11,A,14,59,3,CA1,EC,-0.0473403372568064,Stress,lighthouses
19,A,22,59,3,CA1,EC,2.1728806030053702,Stress,beaches
27,A,30,59,3,CA1,EC,0.312097654829449,Stress,lighthouses
48,A,51,59,3,CA1,EC,-5.455799957663229e-06,Stress,mountains
62,A,65,59,3,CA1,EC,0.616758727013355,Stress,lighthouses
68,A,71,59,3,CA1,EC,0.437219190353425,Stress,mountains
83,A,86,59,3,CA1,EC,0.0282062635241021,Stress,lighthouses
93,A,96,59,3,CA1,EC,-0.4446081366476856,Stress,mountains
115,A,118,59,3,CA1,EC,-0.4159565577676758,Stress,beaches
120,A,123,59,3,CA1,EC,0.0236554701971852,Stress,mountains
133,A,136,59,3,CA1,EC,0.2288416882792399,Stress,beaches
143,A,146,59,3,CA1,EC,0.0896028416668634,Stress,mountains
154,A,157,59,3,CA1,EC,-0.2240572787273087,Stress,lighthouses
163,A,166,59,3,CA1,EC,-0.3150478149654447,Stress,beaches
186,A,189,59,3,CA1,EC,-0.057071202824999,Stress,beaches
197,A,200,59,3,CA1,EC,-0.7389510852764206,Stress,mountains
202,A,205,59,3,CA1,EC,-0.0759152508966463,Stress,lighthouses
210,A,213,59,3,CA1,EC,2.255574586471443,Stress,mountains
222,A,225,59,3,CA1,EC,0.3959543112543164,Stress,beaches
227,A,230,59,3,CA1,EC,0.0171377317047503,Stress,lighthouses
237,A,240,59,3,CA1,EC,0.459501527154702,Stress,beaches
7,A,10,59,4,CA1,EC,0.9668611238065604,Stress,lighthouses
13,A,16,59,4,CA1,EC,0.0489564596533238,Stress,mountains
22,A,25,59,4,CA1,EC,2.4090964421380034,Stress,mountains
30,A,33,59,4,CA1,EC,-0.4533320885590641,Stress,lighthouses
40,A,43,59,4,CA1,EC,3.055518719750504,Stress,beaches
48,A,51,59,4,CA1,EC,-0.3656484861711632,Stress,mountains
53,A,56,59,4,CA1,EC,0.0522471646625324,Stress,beaches
59,A,62,59,4,CA1,EC,-0.3662612208284741,Stress,lighthouses
72,A,75,59,4,CA1,EC,0.0187926465634072,Stress,beaches
93,A,96,59,4,CA1,EC,-0.1979652044699589,Stress,mountains
105,A,108,59,4,CA1,EC,0.869825424687193,Stress,beaches
112,A,115,59,4,CA1,EC,-0.19103521528071,Stress,lighthouses
128,A,131,59,4,CA1,EC,0.7598822449708117,Stress,beaches
145,A,148,59,4,CA1,EC,1.6841927324418122,Stress,beaches
156,A,159,59,4,CA1,EC,1.826258348508258,Stress,lighthouses
161,A,164,59,4,CA1,EC,-0.1560979766221032,Stress,mountains
165,A,168,59,4,CA1,EC,0.1432547025632234,Stress,beaches
172,A,175,59,4,CA1,EC,-0.3627624561956685,Stress,lighthouses
192,A,195,59,4,CA1,EC,0.6378892132889991,Stress,mountains
212,A,215,59,4,CA1,EC,-1.3005847988695454,Stress,lighthouses
227,A,230,59,4,CA1,EC,-0.2280974801330956,Stress,mountains
12,A,15,60,2,CA1,EC,1.1490528273020133,Stress,deserts
29,A,32,60,2,CA1,EC,0.2003061195401546,Stress,mountains
33,A,36,60,2,CA1,EC,-1.1129750680886306,Stress,bridges
41,A,44,60,2,CA1,EC,-0.0433294818267456,Stress,mountains
58,A,61,60,2,CA1,EC,-0.0682511990390393,Stress,mountains
75,A,78,60,2,CA1,EC,-0.3899594165948618,Stress,deserts
83,A,86,60,2,CA1,EC,2.0527228107288966,Stress,mountains
93,A,96,60,2,CA1,EC,-0.7031522270081229,Stress,bridges
108,A,111,60,2,CA1,EC,-0.0304559664291965,Stress,deserts
115,A,118,60,2,CA1,EC,-0.4946688748286237,Stress,bridges
125,A,128,60,2,CA1,EC,-0.3845579355847421,Stress,deserts
136,A,139,60,2,CA1,EC,1.855709216743376e-06,Stress,mountains
144,A,147,60,2,CA1,EC,1.9153169703537576,Stress,deserts
157,A,160,60,2,CA1,EC,-0.6987060818462236,Stress,bridges
162,A,165,60,2,CA1,EC,-0.342297632361674,Stress,mountains
170,A,173,60,2,CA1,EC,0.3555162046356255,Stress,bridges
175,A,178,60,2,CA1,EC,-0.5634030829596922,Stress,deserts
185,A,188,60,2,CA1,EC,-0.3363747554611961,Stress,deserts
200,A,203,60,2,CA1,EC,0.0026754688980252,Stress,bridges
220,A,223,60,2,CA1,EC,0.2755718667462321,Stress,mountains
233,A,236,60,2,CA1,EC,-0.2942358995928513,Stress,bridges
7,A,10,60,3,CA1,EC,2.2034519113862463,Stress,deserts
16,A,19,60,3,CA1,EC,1.956127546801085,Stress,mountains
28,A,31,60,3,CA1,EC,0.5401376419482253,Stress,bridges
53,A,56,60,3,CA1,EC,0.0435597332244081,Stress,mountains
64,A,67,60,3,CA1,EC,0.1321438738113186,Stress,mountains
88,A,91,60,3,CA1,EC,0.17516653517828,Stress,bridges
99,A,102,60,3,CA1,EC,0.230859094417856,Stress,bridges
105,A,108,60,3,CA1,EC,0.8448284429086393,Stress,mountains
111,A,114,60,3,CA1,EC,-0.4921871363006426,Stress,bridges
137,A,140,60,3,CA1,EC,-0.7324062797366007,Stress,deserts
155,A,158,60,3,CA1,EC,0.2840668352405651,Stress,bridges
161,A,164,60,3,CA1,EC,0.0491038409745975,Stress,deserts
165,A,168,60,3,CA1,EC,-1.5813154436602634,Stress,mountains
178,A,181,60,3,CA1,EC,0.2019860888608241,Stress,bridges
184,A,187,60,3,CA1,EC,-0.5387959701141531,Stress,deserts
191,A,194,60,3,CA1,EC,-2.1354951996908724,Stress,mountains
198,A,201,60,3,CA1,EC,0.0042357572617384,Stress,deserts
209,A,212,60,3,CA1,EC,0.0264629715029871,Stress,mountains
217,A,220,60,3,CA1,EC,-1.8305130899890187,Stress,bridges
221,A,224,60,3,CA1,EC,-1.430854534426801,Stress,deserts
229,A,232,60,3,CA1,EC,-0.3957804377873964,Stress,deserts
5,A,8,60,4,CA1,EC,1.1800840270346062,Stress,bridges
14,A,17,60,4,CA1,EC,0.1884754602852807,Stress,mountains
22,A,25,60,4,CA1,EC,0.6119124540238914,Stress,deserts
33,A,36,60,4,CA1,EC,-0.2428464858933618,Stress,mountains
41,A,44,60,4,CA1,EC,0.6941737874542556,Stress,bridges
49,A,52,60,4,CA1,EC,-0.6484664044820269,Stress,deserts
57,A,60,60,4,CA1,EC,-0.0676969651324633,Stress,bridges
66,A,69,60,4,CA1,EC,-0.6404208246601013,Stress,deserts
79,A,82,60,4,CA1,EC,2.277112605749668,Stress,deserts
94,A,97,60,4,CA1,EC,-0.7661168216915644,Stress,mountains
103,A,106,60,4,CA1,EC,0.1757132196582487,Stress,bridges
127,A,130,60,4,CA1,EC,3.1409637251216624,Stress,mountains
138,A,141,60,4,CA1,EC,0.0275514290671018,Stress,mountains
146,A,149,60,4,CA1,EC,-0.2246660711302631,Stress,mountains
157,A,160,60,4,CA1,EC,0.9463886612293452,Stress,bridges
162,A,165,60,4,CA1,EC,-0.6164140711109385,Stress,deserts
176,A,179,60,4,CA1,EC,-0.2871868935448512,Stress,bridges
197,A,200,60,4,CA1,EC,-0.4190857979069762,Stress,mountains
217,A,220,60,4,CA1,EC,2.201230528314579,Stress,deserts
223,A,226,60,4,CA1,EC,0.0015077085778671,Stress,bridges
230,A,233,60,4,CA1,EC,-0.0913660116080981,Stress,deserts
5,A,8,61,2,CA1,EC,0.1070473211593664,Stress,canyons
10,A,13,61,2,CA1,EC,-1.3049550828754293,Stress,lighthouses
15,A,18,61,2,CA1,EC,-2.8459530762096747,Stress,parks
23,A,26,61,2,CA1,EC,-0.002501975611271,Stress,canyons
36,A,39,61,2,CA1,EC,0.2583730654917219,Stress,parks
50,A,53,61,2,CA1,EC,-4.210899714949433,Stress,lighthouses
63,A,66,61,2,CA1,EC,0.3370327152416215,Stress,lighthouses
73,A,76,61,2,CA1,EC,-1.033464515598594,Stress,parks
81,A,84,61,2,CA1,EC,0.7060660795721335,Stress,parks
91,A,94,61,2,CA1,EC,0.0684276534198928,Stress,canyons
118,A,121,61,2,CA1,EC,0.433353988236777,Stress,canyons
132,A,135,61,2,CA1,EC,-0.1507183685987929,Stress,parks
138,A,141,61,2,CA1,EC,-0.1575206370876254,Stress,lighthouses
149,A,152,61,2,CA1,EC,0.0710759837995932,Stress,parks
157,A,160,61,2,CA1,EC,0.0119432947645949,Stress,lighthouses
171,A,174,61,2,CA1,EC,0.6547908883838588,Stress,canyons
179,A,182,61,2,CA1,EC,0.5043188790052491,Stress,lighthouses
189,A,192,61,2,CA1,EC,0.851805929373583,Stress,parks
205,A,208,61,2,CA1,EC,0.116984306033605,Stress,lighthouses
217,A,220,61,2,CA1,EC,-1.3090753462401783,Stress,canyons
226,A,229,61,2,CA1,EC,-0.1353485632429498,Stress,canyons
10,A,13,61,3,CA1,EC,-0.0028669672849313,Stress,canyons
16,A,19,61,3,CA1,EC,5.68894214277114,Stress,lighthouses
22,A,25,61,3,CA1,EC,-0.0463321717563087,Stress,canyons
43,A,46,61,3,CA1,EC,-1.330914788138115,Stress,canyons
48,A,51,61,3,CA1,EC,0.0482340870115998,Stress,parks
56,A,59,61,3,CA1,EC,-0.2247701749900434,Stress,lighthouses
66,A,69,61,3,CA1,EC,0.0427767615950052,Stress,parks
77,A,80,61,3,CA1,EC,0.527373254869938,Stress,parks
81,A,84,61,3,CA1,EC,0.4887376850877836,Stress,lighthouses
100,A,103,61,3,CA1,EC,0.0497642741436785,Stress,parks
113,A,116,61,3,CA1,EC,0.0039743473494222,Stress,lighthouses
130,A,133,61,3,CA1,EC,-0.008035610952983,Stress,lighthouses
138,A,141,61,3,CA1,EC,0.7526908302258878,Stress,canyons
171,A,174,61,3,CA1,EC,0.6186983864865082,Stress,parks
178,A,181,61,3,CA1,EC,-0.1333621115941914,Stress,parks
187,A,190,61,3,CA1,EC,-0.0384757137992847,Stress,canyons
193,A,196,61,3,CA1,EC,0.0005542296303546,Stress,parks
200,A,203,61,3,CA1,EC,-0.1185690103630812,Stress,lighthouses
214,A,217,61,3,CA1,EC,-2.4632369293487013,Stress,canyons
219,A,222,61,3,CA1,EC,-0.3843702119536037,Stress,lighthouses
233,A,236,61,3,CA1,EC,0.0014682875003909,Stress,canyons
5,A,8,61,4,CA1,EC,0.2764616153104455,Stress,canyons
15,A,18,61,4,CA1,EC,1.072864332244141,Stress,parks
24,A,27,61,4,CA1,EC,-1.5989276977669828,Stress,lighthouses
46,A,49,61,4,CA1,EC,0.0423214975155294,Stress,lighthouses
52,A,55,61,4,CA1,EC,0.6957863548207771,Stress,parks
67,A,70,61,4,CA1,EC,-0.0234886657432815,Stress,canyons
75,A,78,61,4,CA1,EC,0.3261999642054886,Stress,parks
83,A,86,61,4,CA1,EC,-0.2383401559452382,Stress,parks
93,A,96,61,4,CA1,EC,-0.7544396257860048,Stress,parks
103,A,106,61,4,CA1,EC,-1.5728820632233071,Stress,canyons
107,A,110,61,4,CA1,EC,-0.2025909596771048,Stress,lighthouses
122,A,125,61,4,CA1,EC,0.1778963214003751,Stress,lighthouses
144,A,147,61,4,CA1,EC,-0.0218252498706971,Stress,canyons
154,A,157,61,4,CA1,EC,-2.330206857877636,Stress,lighthouses
164,A,167,61,4,CA1,EC,-0.0539659475594682,Stress,canyons
177,A,180,61,4,CA1,EC,-0.1111410205140314,Stress,canyons
186,A,189,61,4,CA1,EC,-1.00106527292994,Stress,lighthouses
199,A,202,61,4,CA1,EC,-0.8940960112830295,Stress,lighthouses
219,A,222,61,4,CA1,EC,-0.2329583871912186,Stress,canyons
224,A,227,61,4,CA1,EC,-0.0019127867530964,Stress,parks
232,A,235,61,4,CA1,EC,0.0840901874411441,Stress,parks
23,A,26,62,2,CA1,EC,0.0762168184434433,Control,lighthouses
29,A,32,62,2,CA1,EC,0.0382136572880333,Control,fields
49,A,52,62,2,CA1,EC,0.3076817685705034,Control,fields
60,A,63,62,2,CA1,EC,5.25962321297411e-05,Control,mountains
65,A,68,62,2,CA1,EC,0.5444679653746831,Control,lighthouses
74,A,77,62,2,CA1,EC,1.5537081604550376,Control,lighthouses
88,A,91,62,2,CA1,EC,0.0043918765696365,Control,mountains
93,A,96,62,2,CA1,EC,-0.0394961236796331,Control,lighthouses
100,A,103,62,2,CA1,EC,0.7829589261530636,Control,fields
108,A,111,62,2,CA1,EC,-0.6350566767399285,Control,lighthouses
126,A,129,62,2,CA1,EC,0.0013847852447384,Control,fields
140,A,143,62,2,CA1,EC,0.0010401374187063,Control,mountains
148,A,151,62,2,CA1,EC,-0.7040998862468713,Control,fields
152,A,155,62,2,CA1,EC,0.1161960515630284,Control,mountains
169,A,172,62,2,CA1,EC,-0.2010878955260499,Control,lighthouses
178,A,181,62,2,CA1,EC,0.1770515457125125,Control,fields
184,A,187,62,2,CA1,EC,0.2839580323594892,Control,mountains
203,A,206,62,2,CA1,EC,0.0356060790464069,Control,mountains
209,A,212,62,2,CA1,EC,-0.2987236410409347,Control,fields
215,A,218,62,2,CA1,EC,-1.076348502005705,Control,lighthouses
230,A,233,62,2,CA1,EC,0.6564649784793952,Control,mountains
5,A,8,62,3,CA1,EC,3.1285127077313004,Control,mountains
10,A,13,62,3,CA1,EC,0.7800571527914054,Control,lighthouses
24,A,27,62,3,CA1,EC,1.5573955826616923,Control,lighthouses
47,A,50,62,3,CA1,EC,0.5360084989458866,Control,lighthouses
53,A,56,62,3,CA1,EC,-0.6398116856009858,Control,mountains
60,A,63,62,3,CA1,EC,-0.7148693493154268,Control,lighthouses
72,A,75,62,3,CA1,EC,0.6306706696816885,Control,fields
102,A,105,62,3,CA1,EC,0.0057507609683327,Control,lighthouses
112,A,115,62,3,CA1,EC,0.0204568634562584,Control,mountains
122,A,125,62,3,CA1,EC,0.061060682860436,Control,lighthouses
126,A,129,62,3,CA1,EC,-0.0722798199739479,Control,mountains
132,A,135,62,3,CA1,EC,0.0345213063590262,Control,mountains
140,A,143,62,3,CA1,EC,-0.797845579849184,Control,fields
147,A,150,62,3,CA1,EC,0.0149249871640843,Control,mountains
157,A,160,62,3,CA1,EC,-1.3159888789896517,Control,fields
171,A,174,62,3,CA1,EC,-0.56553645869925,Control,lighthouses
180,A,183,62,3,CA1,EC,-1.7376691056937212,Control,mountains
193,A,196,62,3,CA1,EC,-0.5180047974427988,Control,fields
200,A,203,62,3,CA1,EC,2.040440423792576,Control,fields
215,A,218,62,3,CA1,EC,-0.0592607486789405,Control,fields
236,A,239,62,3,CA1,EC,-0.3878955665275599,Control,fields
5,A,8,62,4,CA1,EC,0.8594626775106852,Control,mountains
12,A,15,62,4,CA1,EC,-0.0899465313502364,Control,fields
27,A,30,62,4,CA1,EC,0.4425958770280657,Control,lighthouses
46,A,49,62,4,CA1,EC,0.2547017340414547,Control,fields
59,A,62,62,4,CA1,EC,-0.0377840900834945,Control,fields
76,A,79,62,4,CA1,EC,-0.5436440545750388,Control,mountains
81,A,84,62,4,CA1,EC,-0.3766729953059211,Control,lighthouses
97,A,100,62,4,CA1,EC,0.0082111955242457,Control,lighthouses
112,A,115,62,4,CA1,EC,0.2130022722598204,Control,fields
129,A,132,62,4,CA1,EC,-0.0353267167329747,Control,mountains
139,A,142,62,4,CA1,EC,-0.0482354233990156,Control,fields
145,A,148,62,4,CA1,EC,-0.2046079327866892,Control,lighthouses
154,A,157,62,4,CA1,EC,0.0312971573243705,Control,lighthouses
163,A,166,62,4,CA1,EC,-0.9357098404930936,Control,lighthouses
187,A,190,62,4,CA1,EC,0.0086566863450793,Control,fields
192,A,195,62,4,CA1,EC,-0.4413980266379879,Control,mountains
200,A,203,62,4,CA1,EC,-0.1052718295196955,Control,mountains
209,A,212,62,4,CA1,EC,2.1374984717865133,Control,fields
222,A,225,62,4,CA1,EC,-0.2983855156218363,Control,mountains
229,A,232,62,4,CA1,EC,4.296338047489934,Control,mountains
235,A,238,62,4,CA1,EC,1.5507833091721404,Control,lighthouses
5,A,8,63,2,CA1,EC,-0.2657045863676301,Stress,bridges
17,A,20,63,2,CA1,EC,-0.1046739194279267,Stress,parks
22,A,25,63,2,CA1,EC,-0.3883521928121951,Stress,forests
31,A,34,63,2,CA1,EC,-0.803679566100439,Stress,parks
45,A,48,63,2,CA1,EC,0.0126732264567866,Stress,forests
60,A,63,63,2,CA1,EC,0.9496669709345424,Stress,bridges
65,A,68,63,2,CA1,EC,-1.2555974243265653,Stress,forests
74,A,77,63,2,CA1,EC,0.013928861310392,Stress,bridges
86,A,89,63,2,CA1,EC,-0.0962287485567159,Stress,forests
103,A,106,63,2,CA1,EC,-0.1682943680644217,Stress,bridges
112,A,115,63,2,CA1,EC,-0.2610916257392269,Stress,forests
124,A,127,63,2,CA1,EC,-0.5951170016805152,Stress,parks
136,A,139,63,2,CA1,EC,0.6579203979179902,Stress,bridges
144,A,147,63,2,CA1,EC,-1.8795584063609976,Stress,parks
149,A,152,63,2,CA1,EC,0.130001124452745,Stress,bridges
155,A,158,63,2,CA1,EC,-2.4418479872877232,Stress,parks
182,A,185,63,2,CA1,EC,0.6068353009723807,Stress,parks
202,A,205,63,2,CA1,EC,0.1036404372219473,Stress,bridges
209,A,212,63,2,CA1,EC,0.6661129763999247,Stress,parks
222,A,225,63,2,CA1,EC,0.3477985987989879,Stress,forests
233,A,236,63,2,CA1,EC,0.2911181403700283,Stress,forests
14,A,17,63,3,CA1,EC,0.365688075786847,Stress,bridges
27,A,30,63,3,CA1,EC,0.7546427827302784,Stress,parks
36,A,39,63,3,CA1,EC,0.0714055836967841,Stress,bridges
63,A,66,63,3,CA1,EC,-1.1422824040484665,Stress,parks
73,A,76,63,3,CA1,EC,0.6674887069345834,Stress,bridges
78,A,81,63,3,CA1,EC,-0.6532997781574456,Stress,forests
85,A,88,63,3,CA1,EC,-0.6302847333797521,Stress,bridges
92,A,95,63,3,CA1,EC,-0.1273745891441475,Stress,forests
96,A,99,63,3,CA1,EC,-0.5954409844620949,Stress,bridges
100,A,103,63,3,CA1,EC,1.2010122767171023,Stress,forests
116,A,119,63,3,CA1,EC,-0.0194067598913994,Stress,forests
123,A,126,63,3,CA1,EC,0.9924585836343516,Stress,parks
143,A,146,63,3,CA1,EC,2.0161096864971992,Stress,parks
154,A,157,63,3,CA1,EC,0.4251739644469279,Stress,forests
163,A,166,63,3,CA1,EC,0.005134898205621,Stress,parks
170,A,173,63,3,CA1,EC,1.1230373296086296,Stress,bridges
188,A,191,63,3,CA1,EC,-0.1139016769247881,Stress,bridges
202,A,205,63,3,CA1,EC,0.2755839749398701,Stress,parks
207,A,210,63,3,CA1,EC,0.6507370791949696,Stress,forests
219,A,222,63,3,CA1,EC,0.2506195664152287,Stress,forests
232,A,235,63,3,CA1,EC,0.4816669520283104,Stress,parks
13,A,16,63,4,CA1,EC,0.3782946717545566,Stress,forests
19,A,22,63,4,CA1,EC,-1.327709228878248,Stress,parks
28,A,31,63,4,CA1,EC,0.5264716107087415,Stress,parks
35,A,38,63,4,CA1,EC,-0.1271743636192209,Stress,parks
51,A,54,63,4,CA1,EC,0.8258267944528302,Stress,bridges
58,A,61,63,4,CA1,EC,1.7084369200259464,Stress,forests
72,A,75,63,4,CA1,EC,-0.9031178381807076,Stress,bridges
89,A,92,63,4,CA1,EC,0.5751545801914233,Stress,bridges
101,A,104,63,4,CA1,EC,0.2019509494365772,Stress,parks
107,A,110,63,4,CA1,EC,0.0013372378698405,Stress,forests
121,A,124,63,4,CA1,EC,-1.5757865035989764,Stress,bridges
127,A,130,63,4,CA1,EC,0.2424606774630444,Stress,parks
135,A,138,63,4,CA1,EC,-0.2333498107052678,Stress,parks
141,A,144,63,4,CA1,EC,0.0257444023551019,Stress,forests
150,A,153,63,4,CA1,EC,-0.1643067960295013,Stress,bridges
161,A,164,63,4,CA1,EC,-0.3280844904288651,Stress,forests
176,A,179,63,4,CA1,EC,-0.3163317797702193,Stress,forests
195,A,198,63,4,CA1,EC,-0.4965958762786134,Stress,bridges
209,A,212,63,4,CA1,EC,-1.0474461609905394,Stress,forests
221,A,224,63,4,CA1,EC,-0.6197675876807184,Stress,parks
232,A,235,63,4,CA1,EC,0.230268904050674,Stress,bridges
12,A,15,64,2,CA1,EC,0.4497490889867304,Control,fields
25,A,28,64,2,CA1,EC,0.0707333808595065,Control,fields
50,A,53,64,2,CA1,EC,0.2127071608929642,Control,parks
58,A,61,64,2,CA1,EC,0.2951547814099467,Control,fields
69,A,72,64,2,CA1,EC,1.0573227254131845,Control,mountains
91,A,94,64,2,CA1,EC,0.941653998656082,Control,parks
103,A,106,64,2,CA1,EC,0.2913474891202031,Control,mountains
112,A,115,64,2,CA1,EC,0.1944582932963552,Control,fields
119,A,122,64,2,CA1,EC,0.5312484846768553,Control,parks
133,A,136,64,2,CA1,EC,-0.0095054383761528,Control,mountains
140,A,143,64,2,CA1,EC,0.2678048232731473,Control,fields
163,A,166,64,2,CA1,EC,0.1304432115534462,Control,mountains
174,A,177,64,2,CA1,EC,-1.26916102280334,Control,parks
186,A,189,64,2,CA1,EC,-0.1423273705487496,Control,parks
192,A,195,64,2,CA1,EC,-0.0199823183943017,Control,fields
200,A,203,64,2,CA1,EC,0.3266638196336348,Control,parks
205,A,208,64,2,CA1,EC,-0.0477770279626769,Control,mountains
212,A,215,64,2,CA1,EC,0.2673298562218922,Control,fields
222,A,225,64,2,CA1,EC,-0.0253870874095187,Control,mountains
229,A,232,64,2,CA1,EC,0.2950963086679554,Control,mountains
233,A,236,64,2,CA1,EC,-1.0465800429965333,Control,parks
20,A,23,64,3,CA1,EC,0.0134878231907501,Control,mountains
28,A,31,64,3,CA1,EC,2.257850363202594,Control,parks
40,A,43,64,3,CA1,EC,1.784533938111177,Control,parks
45,A,48,64,3,CA1,EC,0.6644868050216708,Control,fields
51,A,54,64,3,CA1,EC,0.1404536217794256,Control,fields
68,A,71,64,3,CA1,EC,0.6422665999887138,Control,mountains
80,A,83,64,3,CA1,EC,0.2513347687220112,Control,mountains
92,A,95,64,3,CA1,EC,-0.4045623102123943,Control,parks
118,A,121,64,3,CA1,EC,4.1400600177068965,Control,parks
127,A,130,64,3,CA1,EC,0.0083970749663772,Control,fields
137,A,140,64,3,CA1,EC,2.493826031212822,Control,mountains
146,A,149,64,3,CA1,EC,-0.2435253567279635,Control,mountains
151,A,154,64,3,CA1,EC,0.5235588082167044,Control,fields
158,A,161,64,3,CA1,EC,0.4149841899290046,Control,mountains
165,A,168,64,3,CA1,EC,1.9120979007694048,Control,fields
173,A,176,64,3,CA1,EC,1.2908152706690614,Control,parks
187,A,190,64,3,CA1,EC,-0.0704486045555391,Control,fields
199,A,202,64,3,CA1,EC,1.092179921598568,Control,fields
206,A,209,64,3,CA1,EC,0.6215821640189035,Control,parks
219,A,222,64,3,CA1,EC,2.5698930831820603,Control,mountains
235,A,238,64,3,CA1,EC,0.3488038815260358,Control,parks
7,A,10,64,4,CA1,EC,2.142785907520372,Control,mountains
26,A,29,64,4,CA1,EC,0.3975872503125056,Control,fields
32,A,35,64,4,CA1,EC,0.1830234739653442,Control,parks
46,A,49,64,4,CA1,EC,-0.1404943663778468,Control,fields
53,A,56,64,4,CA1,EC,-0.3075767466353076,Control,mountains
67,A,70,64,4,CA1,EC,0.0787313906588738,Control,parks
74,A,77,64,4,CA1,EC,0.2207205499976484,Control,fields
88,A,91,64,4,CA1,EC,-0.3296025634162537,Control,fields
96,A,99,64,4,CA1,EC,-1.1289581946728282,Control,parks
102,A,105,64,4,CA1,EC,3.351999936006556,Control,mountains
119,A,122,64,4,CA1,EC,1.0502489131991442,Control,mountains
131,A,134,64,4,CA1,EC,1.742771966914196,Control,mountains
139,A,142,64,4,CA1,EC,0.063621928574668,Control,fields
154,A,157,64,4,CA1,EC,1.615895903646456,Control,fields
160,A,163,64,4,CA1,EC,0.7801473714879851,Control,parks
183,A,186,64,4,CA1,EC,-0.3554765839435532,Control,parks
196,A,199,64,4,CA1,EC,0.0777442832716652,Control,mountains
202,A,205,64,4,CA1,EC,0.1441575719163084,Control,parks
211,A,214,64,4,CA1,EC,-0.6328470889971005,Control,mountains
221,A,224,64,4,CA1,EC,0.7697016910791281,Control,parks
230,A,233,64,4,CA1,EC,0.1281426025948223,Control,fields
5,A,8,65,2,CA1,EC,-0.8960757465913561,Stress,canyons
12,A,15,65,2,CA1,EC,-0.5179995045983657,Stress,bridges
17,A,20,65,2,CA1,EC,-0.7167605034987475,Stress,deserts
30,A,33,65,2,CA1,EC,0.1411876444038151,Stress,canyons
35,A,38,65,2,CA1,EC,0.4367456153821665,Stress,deserts
43,A,46,65,2,CA1,EC,-0.1921496876826764,Stress,bridges
61,A,64,65,2,CA1,EC,-0.174893475267044,Stress,bridges
80,A,83,65,2,CA1,EC,-0.9740361990046512,Stress,bridges
89,A,92,65,2,CA1,EC,-0.2452339629385975,Stress,canyons
100,A,103,65,2,CA1,EC,0.4164516614538452,Stress,bridges
110,A,113,65,2,CA1,EC,-2.198903450964891,Stress,canyons
120,A,123,65,2,CA1,EC,0.9431470282322972,Stress,deserts
134,A,137,65,2,CA1,EC,0.0293583245700266,Stress,bridges
144,A,147,65,2,CA1,EC,-1.1424757446423286,Stress,deserts
149,A,152,65,2,CA1,EC,0.0129230517929739,Stress,bridges
169,A,172,65,2,CA1,EC,0.3871157973640276,Stress,canyons
179,A,182,65,2,CA1,EC,0.0010551662999301,Stress,deserts
191,A,194,65,2,CA1,EC,1.4250992087661276,Stress,deserts
211,A,214,65,2,CA1,EC,-0.4484044374010804,Stress,canyons
225,A,228,65,2,CA1,EC,-0.0461024151977703,Stress,deserts
230,A,233,65,2,CA1,EC,-0.595988363513536,Stress,canyons
10,A,13,65,3,CA1,EC,-0.0207379044834916,Stress,bridges
20,A,23,65,3,CA1,EC,-0.0290765292096751,Stress,bridges
30,A,33,65,3,CA1,EC,0.2291774400316538,Stress,canyons
36,A,39,65,3,CA1,EC,0.3373865276627733,Stress,deserts
41,A,44,65,3,CA1,EC,-1.0931330233223933,Stress,canyons
49,A,52,65,3,CA1,EC,0.1620241615438517,Stress,deserts
54,A,57,65,3,CA1,EC,0.0274714871169636,Stress,canyons
62,A,65,65,3,CA1,EC,-0.2210229565279557,Stress,canyons
67,A,70,65,3,CA1,EC,-0.6875112456399903,Stress,deserts
73,A,76,65,3,CA1,EC,-0.231855912672061,Stress,bridges
81,A,84,65,3,CA1,EC,-0.183616267365329,Stress,deserts
105,A,108,65,3,CA1,EC,-0.1183552516739259,Stress,canyons
118,A,121,65,3,CA1,EC,-0.3876487703213265,Stress,canyons
131,A,134,65,3,CA1,EC,-0.0034441460251011,Stress,canyons
139,A,142,65,3,CA1,EC,-0.3301448869958232,Stress,deserts
147,A,150,65,3,CA1,EC,0.0203662898866437,Stress,bridges
162,A,165,65,3,CA1,EC,0.0063826106687423,Stress,bridges
171,A,174,65,3,CA1,EC,1.065880376412891,Stress,bridges
181,A,184,65,3,CA1,EC,-0.0815676965137978,Stress,deserts
216,A,219,65,3,CA1,EC,0.2301459487581246,Stress,bridges
225,A,228,65,3,CA1,EC,0.0448960470659506,Stress,deserts
14,A,17,65,4,CA1,EC,0.1576084443954526,Stress,canyons
25,A,28,65,4,CA1,EC,-0.2741266569853487,Stress,deserts
41,A,44,65,4,CA1,EC,-0.0130106754126794,Stress,bridges
55,A,58,65,4,CA1,EC,-0.0296327037184532,Stress,deserts
66,A,69,65,4,CA1,EC,-0.950520327202849,Stress,deserts
74,A,77,65,4,CA1,EC,0.1961113826167551,Stress,bridges
81,A,84,65,4,CA1,EC,-0.4611224104341366,Stress,bridges
95,A,98,65,4,CA1,EC,-0.001836195342408,Stress,canyons
99,A,102,65,4,CA1,EC,1.006603645454232,Stress,deserts
110,A,113,65,4,CA1,EC,-0.7686376363184669,Stress,bridges
116,A,119,65,4,CA1,EC,-0.5659842926706208,Stress,deserts
129,A,132,65,4,CA1,EC,2.967154982856977,Stress,deserts
139,A,142,65,4,CA1,EC,0.0231805792476886,Stress,canyons
146,A,149,65,4,CA1,EC,1.9295385262636164,Stress,canyons
182,A,185,65,4,CA1,EC,-0.0667510143203068,Stress,canyons
194,A,197,65,4,CA1,EC,-0.3609911478177234,Stress,bridges
201,A,204,65,4,CA1,EC,-0.5345807355827872,Stress,deserts
207,A,210,65,4,CA1,EC,0.3494490350133436,Stress,bridges
216,A,219,65,4,CA1,EC,-0.002241339390812,Stress,canyons
221,A,224,65,4,CA1,EC,-0.2751467689344027,Stress,bridges
232,A,235,65,4,CA1,EC,-0.0753793316569816,Stress,canyons
17,A,20,66,2,CA1,EC,0.3468872351924962,Stress,lakes
34,A,37,66,2,CA1,EC,0.5236656248634833,Stress,forests
43,A,46,66,2,CA1,EC,-0.1236084400875568,Stress,forests
49,A,52,66,2,CA1,EC,0.0227372506858002,Stress,lakes
56,A,59,66,2,CA1,EC,-0.2124342424221317,Stress,bridges
74,A,77,66,2,CA1,EC,0.10595141933826,Stress,forests
82,A,85,66,2,CA1,EC,0.1257644945729913,Stress,forests
90,A,93,66,2,CA1,EC,0.6615870435103618,Stress,lakes
103,A,106,66,2,CA1,EC,2.774776332574044,Stress,bridges
113,A,116,66,2,CA1,EC,0.4058637648239697,Stress,lakes
117,A,120,66,2,CA1,EC,-0.8220581252173438,Stress,bridges
124,A,127,66,2,CA1,EC,-0.3133211118107558,Stress,lakes
136,A,139,66,2,CA1,EC,-0.062008185042494,Stress,bridges
148,A,151,66,2,CA1,EC,0.0205102427595044,Stress,lakes
154,A,157,66,2,CA1,EC,-0.0162511941652604,Stress,bridges
162,A,165,66,2,CA1,EC,-0.4009475608957745,Stress,forests
176,A,179,66,2,CA1,EC,-0.7113149730649143,Stress,forests
189,A,192,66,2,CA1,EC,0.1620317954763747,Stress,bridges
199,A,202,66,2,CA1,EC,-0.897874538901543,Stress,bridges
210,A,213,66,2,CA1,EC,1.768424658439623,Stress,forests
217,A,220,66,2,CA1,EC,-0.8184523305141618,Stress,lakes
9,A,12,66,3,CA1,EC,-0.1262097070575801,Stress,forests
16,A,19,66,3,CA1,EC,0.3124713646470869,Stress,lakes
28,A,31,66,3,CA1,EC,0.1221552874018937,Stress,forests
43,A,46,66,3,CA1,EC,0.9426587827144424,Stress,bridges
52,A,55,66,3,CA1,EC,-0.0102098003115618,Stress,lakes
64,A,67,66,3,CA1,EC,0.5042268194611326,Stress,lakes
69,A,72,66,3,CA1,EC,-0.8869688221299797,Stress,bridges
93,A,96,66,3,CA1,EC,0.1159085285040878,Stress,lakes
99,A,102,66,3,CA1,EC,0.2972045855367397,Stress,bridges
105,A,108,66,3,CA1,EC,0.0661157162662829,Stress,forests
113,A,116,66,3,CA1,EC,-0.3782876526858577,Stress,bridges
129,A,132,66,3,CA1,EC,-0.0677953376423093,Stress,forests
137,A,140,66,3,CA1,EC,0.1241021899899383,Stress,bridges
144,A,147,66,3,CA1,EC,0.3245381039593317,Stress,lakes
150,A,153,66,3,CA1,EC,1.2206201519184694,Stress,forests
176,A,179,66,3,CA1,EC,-0.223392842721738,Stress,lakes
189,A,192,66,3,CA1,EC,-0.684591066709293,Stress,forests
196,A,199,66,3,CA1,EC,0.7375348388567106,Stress,forests
203,A,206,66,3,CA1,EC,0.3466316287290109,Stress,lakes
225,A,228,66,3,CA1,EC,0.0906349468460867,Stress,bridges
233,A,236,66,3,CA1,EC,-0.0314382377840433,Stress,bridges
5,A,8,66,4,CA1,EC,-1.5564582560181122,Stress,lakes
40,A,43,66,4,CA1,EC,0.6434184947540988,Stress,lakes
47,A,50,66,4,CA1,EC,-1.2993256597935956,Stress,bridges
58,A,61,66,4,CA1,EC,0.2966578959180159,Stress,lakes
64,A,67,66,4,CA1,EC,-1.4583085582111712,Stress,forests
69,A,72,66,4,CA1,EC,0.0620706535486618,Stress,lakes
74,A,77,66,4,CA1,EC,-1.7989805204390907,Stress,bridges
103,A,106,66,4,CA1,EC,-0.2631678524522637,Stress,bridges
118,A,121,66,4,CA1,EC,0.0794654255697095,Stress,bridges
131,A,134,66,4,CA1,EC,-0.5226621290118525,Stress,bridges
138,A,141,66,4,CA1,EC,-1.807773519204296,Stress,forests
154,A,157,66,4,CA1,EC,1.0286418153543342,Stress,bridges
162,A,165,66,4,CA1,EC,-0.0766225381819259,Stress,lakes
168,A,171,66,4,CA1,EC,-0.8513176913080257,Stress,forests
181,A,184,66,4,CA1,EC,0.3604816932396524,Stress,lakes
191,A,194,66,4,CA1,EC,0.0056043038541549,Stress,forests
198,A,201,66,4,CA1,EC,-0.7696626889101408,Stress,bridges
203,A,206,66,4,CA1,EC,-1.3594383819187583,Stress,forests
214,A,217,66,4,CA1,EC,-0.0944512386690663,Stress,forests
218,A,221,66,4,CA1,EC,0.9715442853146016,Stress,lakes
230,A,233,66,4,CA1,EC,-0.3714887642444947,Stress,forests
5,A,8,68,2,CA1,EC,-0.5197764561755183,Stress,lighthouses
10,A,13,68,2,CA1,EC,0.0092148081872906,Stress,marshes
30,A,33,68,2,CA1,EC,-0.700531073852975,Stress,lighthouses
38,A,41,68,2,CA1,EC,0.0376910990285697,Stress,waterfalls
55,A,58,68,2,CA1,EC,1.699338807890969,Stress,marshes
60,A,63,68,2,CA1,EC,0.0915996612949038,Stress,waterfalls
72,A,75,68,2,CA1,EC,-0.1718604789603607,Stress,lighthouses
78,A,81,68,2,CA1,EC,2.317896459235377,Stress,waterfalls
92,A,95,68,2,CA1,EC,0.6751727026529287,Stress,lighthouses
98,A,101,68,2,CA1,EC,0.2870494496096168,Stress,waterfalls
114,A,117,68,2,CA1,EC,-0.0878292922876637,Stress,marshes
122,A,125,68,2,CA1,EC,-0.2125842086983222,Stress,waterfalls
128,A,131,68,2,CA1,EC,0.1044396016502759,Stress,lighthouses
151,A,154,68,2,CA1,EC,0.6357836493942122,Stress,lighthouses
167,A,170,68,2,CA1,EC,0.0324427907539659,Stress,marshes
176,A,179,68,2,CA1,EC,-0.0005004851535765,Stress,marshes
192,A,195,68,2,CA1,EC,-0.6201169834114746,Stress,waterfalls
206,A,209,68,2,CA1,EC,-0.0035005631180549,Stress,marshes
212,A,215,68,2,CA1,EC,-1.9179385570950729,Stress,waterfalls
225,A,228,68,2,CA1,EC,0.2228347586399549,Stress,marshes
235,A,238,68,2,CA1,EC,0.2325319535700033,Stress,lighthouses
9,A,12,68,3,CA1,EC,-0.1039590499094162,Stress,lighthouses
21,A,24,68,3,CA1,EC,0.0143827213543258,Stress,lighthouses
30,A,33,68,3,CA1,EC,0.3435656274806535,Stress,waterfalls
45,A,48,68,3,CA1,EC,1.4129150248259286,Stress,marshes
64,A,67,68,3,CA1,EC,1.439741050522228,Stress,lighthouses
86,A,89,68,3,CA1,EC,-0.4343360458909237,Stress,waterfalls
96,A,99,68,3,CA1,EC,0.5675201778383514,Stress,marshes
106,A,109,68,3,CA1,EC,0.7432322072733704,Stress,marshes
130,A,133,68,3,CA1,EC,1.156286153423455,Stress,marshes
149,A,152,68,3,CA1,EC,-0.0265545554020059,Stress,waterfalls
165,A,168,68,3,CA1,EC,0.7855932749391243,Stress,waterfalls
174,A,177,68,3,CA1,EC,-0.0402615502757289,Stress,marshes
182,A,185,68,3,CA1,EC,0.6391406144307682,Stress,lighthouses
187,A,190,68,3,CA1,EC,0.2637344266224153,Stress,marshes
193,A,196,68,3,CA1,EC,0.2489866028740664,Stress,waterfalls
199,A,202,68,3,CA1,EC,-0.9513193818725318,Stress,lighthouses
204,A,207,68,3,CA1,EC,-0.4747665616919433,Stress,waterfalls
210,A,213,68,3,CA1,EC,-1.170509908515838,Stress,lighthouses
223,A,226,68,3,CA1,EC,-0.7600563224856253,Stress,lighthouses
234,A,237,68,3,CA1,EC,0.1088871170827395,Stress,waterfalls
16,A,19,68,4,CA1,EC,0.3806255599084345,Stress,waterfalls
31,A,34,68,4,CA1,EC,2.305490336417823,Stress,lighthouses
41,A,44,68,4,CA1,EC,-0.4386916693220627,Stress,waterfalls
53,A,56,68,4,CA1,EC,2.837519217376818,Stress,waterfalls
60,A,63,68,4,CA1,EC,1.0947084528300022,Stress,marshes
68,A,71,68,4,CA1,EC,0.042395064829597,Stress,lighthouses
78,A,81,68,4,CA1,EC,0.3984995170534294,Stress,waterfalls
88,A,91,68,4,CA1,EC,2.052440693713503,Stress,lighthouses
97,A,100,68,4,CA1,EC,0.4322281348117467,Stress,lighthouses
103,A,106,68,4,CA1,EC,0.2523654726300388,Stress,waterfalls
109,A,112,68,4,CA1,EC,-2.1790255598257025,Stress,marshes
118,A,121,68,4,CA1,EC,0.3098911576543761,Stress,marshes
131,A,134,68,4,CA1,EC,-0.624946738093205,Stress,marshes
138,A,141,68,4,CA1,EC,0.0020349644925722,Stress,lighthouses
153,A,156,68,4,CA1,EC,-0.0045549967833801,Stress,marshes
161,A,164,68,4,CA1,EC,-0.2092870723523492,Stress,marshes
196,A,199,68,4,CA1,EC,0.1731197461199649,Stress,waterfalls
227,A,230,68,4,CA1,EC,0.0484766207743732,Stress,marshes
234,A,237,68,4,CA1,EC,-0.8142952719102576,Stress,waterfalls
8,A,11,69,2,CA1,EC,0.0485997527307405,Control,fields
15,A,18,69,2,CA1,EC,-0.0665134761353437,Control,waterfalls
37,A,40,69,2,CA1,EC,-1.9365985634418337,Control,waterfalls
43,A,46,69,2,CA1,EC,-0.4736109459577162,Control,lakes
52,A,55,69,2,CA1,EC,0.759370458472412,Control,fields
60,A,63,69,2,CA1,EC,0.6012642012143103,Control,fields
66,A,69,69,2,CA1,EC,-2.001256909790793,Control,lakes
83,A,86,69,2,CA1,EC,-0.1305307787917635,Control,lakes
90,A,93,69,2,CA1,EC,0.4830059710991202,Control,fields
96,A,99,69,2,CA1,EC,0.8944531480984286,Control,waterfalls
109,A,112,69,2,CA1,EC,0.0160518857562318,Control,waterfalls
114,A,117,69,2,CA1,EC,0.4792754416530901,Control,fields
130,A,133,69,2,CA1,EC,-0.368031615710787,Control,lakes
139,A,142,69,2,CA1,EC,0.0050138131332701,Control,lakes
145,A,148,69,2,CA1,EC,-2.3870823056824046,Control,waterfalls
174,A,177,69,2,CA1,EC,-0.0638206685671165,Control,fields
186,A,189,69,2,CA1,EC,-0.0295922714007359,Control,waterfalls
194,A,197,69,2,CA1,EC,-0.164370949551754,Control,waterfalls
207,A,210,69,2,CA1,EC,-0.0244057152136807,Control,lakes
223,A,226,69,2,CA1,EC,0.0442536052233382,Control,lakes
234,A,237,69,2,CA1,EC,-0.2229637590596706,Control,fields
8,A,11,69,3,CA1,EC,-0.819158815651087,Control,waterfalls
17,A,20,69,3,CA1,EC,2.3012334460318096,Control,waterfalls
27,A,30,69,3,CA1,EC,1.406885438123203,Control,waterfalls
37,A,40,69,3,CA1,EC,0.7224707531168085,Control,fields
47,A,50,69,3,CA1,EC,0.2097479339758598,Control,waterfalls
54,A,57,69,3,CA1,EC,-0.2194563556841781,Control,lakes
62,A,65,69,3,CA1,EC,1.028352852158997,Control,waterfalls
80,A,83,69,3,CA1,EC,0.6405407791055714,Control,lakes
90,A,93,69,3,CA1,EC,1.813262458162376,Control,fields
100,A,103,69,3,CA1,EC,0.6984960153665862,Control,fields
129,A,132,69,3,CA1,EC,0.1222572677571554,Control,lakes
141,A,144,69,3,CA1,EC,-0.7400437306792764,Control,fields
148,A,151,69,3,CA1,EC,-0.0678453814876106,Control,lakes
156,A,159,69,3,CA1,EC,-0.1436158932512587,Control,fields
169,A,172,69,3,CA1,EC,0.1402370161365884,Control,lakes
177,A,180,69,3,CA1,EC,-0.704998312737578,Control,waterfalls
186,A,189,69,3,CA1,EC,0.3294227666082848,Control,fields
192,A,195,69,3,CA1,EC,-0.0534719366570038,Control,waterfalls
201,A,204,69,3,CA1,EC,-0.8273931216234751,Control,lakes
219,A,222,69,3,CA1,EC,0.2548042949051053,Control,lakes
234,A,237,69,3,CA1,EC,0.1044706180056643,Control,fields
18,A,21,69,4,CA1,EC,-0.0670529882726141,Control,fields
29,A,32,69,4,CA1,EC,0.2055601180216337,Control,waterfalls
35,A,38,69,4,CA1,EC,0.5443142162787231,Control,lakes
44,A,47,69,4,CA1,EC,0.9691641720184114,Control,waterfalls
51,A,54,69,4,CA1,EC,4.906769791851708,Control,lakes
57,A,60,69,4,CA1,EC,-0.0570858258052423,Control,waterfalls
63,A,66,69,4,CA1,EC,-0.3673364697441353,Control,fields
69,A,72,69,4,CA1,EC,1.5851450657334825,Control,lakes
86,A,89,69,4,CA1,EC,-0.1274263947156799,Control,waterfalls
99,A,102,69,4,CA1,EC,-0.0203526094563211,Control,waterfalls
106,A,109,69,4,CA1,EC,4.814920074964481,Control,fields
111,A,114,69,4,CA1,EC,0.4311819251469362,Control,waterfalls
126,A,129,69,4,CA1,EC,-0.5190649898254048,Control,lakes
135,A,138,69,4,CA1,EC,-0.1953768418920194,Control,lakes
149,A,152,69,4,CA1,EC,-1.2233174101906217,Control,lakes
155,A,158,69,4,CA1,EC,-0.2481072052656191,Control,fields
180,A,183,69,4,CA1,EC,-0.5682489357743795,Control,lakes
200,A,203,69,4,CA1,EC,0.6599795468414753,Control,fields
205,A,208,69,4,CA1,EC,-0.5935499234237929,Control,waterfalls
224,A,227,69,4,CA1,EC,-0.0995383711828007,Control,fields
232,A,235,69,4,CA1,EC,-1.1816886078276512,Control,fields
5,A,8,71,2,CA1,EC,3.919235480894464,Control,marshes
35,A,38,71,2,CA1,EC,0.0095717492006303,Control,deserts
46,A,49,71,2,CA1,EC,-0.2087929138821374,Control,deserts
51,A,54,71,2,CA1,EC,-0.6778083741142957,Control,beaches
58,A,61,71,2,CA1,EC,-0.1292041736681665,Control,marshes
69,A,72,71,2,CA1,EC,-0.5381791803271998,Control,deserts
77,A,80,71,2,CA1,EC,-0.0970063566874973,Control,marshes
86,A,89,71,2,CA1,EC,0.1205712428173799,Control,marshes
98,A,101,71,2,CA1,EC,0.2868674638411788,Control,deserts
106,A,109,71,2,CA1,EC,0.1707613605272565,Control,beaches
122,A,125,71,2,CA1,EC,-0.0009500810395701,Control,marshes
126,A,129,71,2,CA1,EC,-0.039988205374834,Control,deserts
144,A,147,71,2,CA1,EC,1.390829991904592,Control,marshes
152,A,155,71,2,CA1,EC,1.204263958825463,Control,beaches
167,A,170,71,2,CA1,EC,0.0601428107791805,Control,deserts
179,A,182,71,2,CA1,EC,0.2639900838570864,Control,beaches
190,A,193,71,2,CA1,EC,0.4657135915800238,Control,marshes
197,A,200,71,2,CA1,EC,6.97806611596102e-05,Control,beaches
206,A,209,71,2,CA1,EC,0.4720862438945468,Control,deserts
223,A,226,71,2,CA1,EC,-0.0774987867864955,Control,beaches
233,A,236,71,2,CA1,EC,-1.7826230959385143,Control,beaches
39,A,42,71,3,CA1,EC,-0.0065891316532874,Control,beaches
45,A,48,71,3,CA1,EC,-0.0453582854492197,Control,marshes
52,A,55,71,3,CA1,EC,-0.1327879038572772,Control,deserts
61,A,64,71,3,CA1,EC,1.7451164294988477,Control,deserts
65,A,68,71,3,CA1,EC,-1.2908848112947304,Control,marshes
69,A,72,71,3,CA1,EC,0.0391144264085158,Control,deserts
83,A,86,71,3,CA1,EC,0.0012412513051639,Control,deserts
110,A,113,71,3,CA1,EC,0.2555396987709992,Control,beaches
125,A,128,71,3,CA1,EC,-1.0479603369777168,Control,beaches
136,A,139,71,3,CA1,EC,0.2303287633328274,Control,marshes
151,A,154,71,3,CA1,EC,1.247912237159234,Control,beaches
162,A,165,71,3,CA1,EC,0.125702389783028,Control,beaches
166,A,169,71,3,CA1,EC,1.5411299510928445,Control,deserts
172,A,175,71,3,CA1,EC,4.27515954927224,Control,marshes
180,A,183,71,3,CA1,EC,0.0021254488598477,Control,beaches
189,A,192,71,3,CA1,EC,-0.0058442587687828,Control,deserts
197,A,200,71,3,CA1,EC,0.0020495366673166,Control,marshes
209,A,212,71,3,CA1,EC,0.8678287257051747,Control,deserts
214,A,217,71,3,CA1,EC,0.2532088855236689,Control,marshes
221,A,224,71,3,CA1,EC,0.2772772315556818,Control,beaches
237,A,240,71,3,CA1,EC,-0.9639609129085632,Control,marshes
9,A,12,71,4,CA1,EC,-0.004453509404092,Control,marshes
27,A,30,71,4,CA1,EC,-0.1408730552880025,Control,beaches
33,A,36,71,4,CA1,EC,0.9766578843085458,Control,marshes
45,A,48,71,4,CA1,EC,0.2435104642997539,Control,beaches
52,A,55,71,4,CA1,EC,-0.2193730625941262,Control,beaches
56,A,59,71,4,CA1,EC,0.9457648330119374,Control,marshes
85,A,88,71,4,CA1,EC,-0.2122233676743956,Control,marshes
96,A,99,71,4,CA1,EC,0.959853638441462,Control,beaches
102,A,105,71,4,CA1,EC,-2.7817203352221105,Control,deserts
114,A,117,71,4,CA1,EC,-0.0155579079557842,Control,beaches
132,A,135,71,4,CA1,EC,0.1201484535268592,Control,beaches
145,A,148,71,4,CA1,EC,0.4163115794124033,Control,marshes
151,A,154,71,4,CA1,EC,0.8136910475998222,Control,marshes
158,A,161,71,4,CA1,EC,-0.0612198811821495,Control,deserts
167,A,170,71,4,CA1,EC,1.0454269578468929,Control,deserts
179,A,182,71,4,CA1,EC,0.0092521986895251,Control,deserts
194,A,197,71,4,CA1,EC,-0.0023644734873797,Control,deserts
199,A,202,71,4,CA1,EC,-0.7384603550129243,Control,beaches
206,A,209,71,4,CA1,EC,0.1595127025125233,Control,marshes
215,A,218,71,4,CA1,EC,1.2336790423518162,Control,deserts
222,A,225,71,4,CA1,EC,2.9042848791728613,Control,deserts
5,A,8,72,2,CA1,EC,0.1217126039565108,Stress,waterfalls
12,A,15,72,2,CA1,EC,-0.0245949731340169,Stress,waterfalls
52,A,55,72,2,CA1,EC,0.2101679925867616,Stress,waterfalls
58,A,61,72,2,CA1,EC,0.4045572235559007,Stress,beaches
89,A,92,72,2,CA1,EC,1.293715604302789,Stress,forests
94,A,97,72,2,CA1,EC,0.1242607212351232,Stress,beaches
103,A,106,72,2,CA1,EC,-0.0476066761380341,Stress,forests
115,A,118,72,2,CA1,EC,-0.99358263915567,Stress,forests
125,A,128,72,2,CA1,EC,-0.0196957352930192,Stress,forests
134,A,137,72,2,CA1,EC,-0.2947451015319772,Stress,forests
143,A,146,72,2,CA1,EC,-0.6623217150968591,Stress,beaches
150,A,153,72,2,CA1,EC,0.3556087465699689,Stress,beaches
155,A,158,72,2,CA1,EC,0.0008107723125857,Stress,waterfalls
162,A,165,72,2,CA1,EC,-0.6533033556381966,Stress,beaches
184,A,187,72,2,CA1,EC,0.6939739970811036,Stress,forests
188,A,191,72,2,CA1,EC,-0.035432991190296,Stress,waterfalls
202,A,205,72,2,CA1,EC,-0.2634716454005434,Stress,waterfalls
206,A,209,72,2,CA1,EC,0.2660619471974281,Stress,forests
217,A,220,72,2,CA1,EC,0.0606143947954041,Stress,waterfalls
224,A,227,72,2,CA1,EC,0.184143856352371,Stress,beaches
231,A,234,72,2,CA1,EC,0.0091932590482757,Stress,beaches
13,A,16,72,3,CA1,EC,2.4317061299232416,Stress,forests
23,A,26,72,3,CA1,EC,-0.8999223932041129,Stress,forests
35,A,38,72,3,CA1,EC,-0.1450921905480666,Stress,forests
43,A,46,72,3,CA1,EC,-0.2371340024903135,Stress,waterfalls
48,A,51,72,3,CA1,EC,3.2665054240878804,Stress,beaches
57,A,60,72,3,CA1,EC,3.361526521711683,Stress,waterfalls
63,A,66,72,3,CA1,EC,0.5673437980067183,Stress,beaches
68,A,71,72,3,CA1,EC,2.189228753236569,Stress,forests
83,A,86,72,3,CA1,EC,0.4898345481805373,Stress,waterfalls
92,A,95,72,3,CA1,EC,1.0316295529385762,Stress,beaches
98,A,101,72,3,CA1,EC,0.0222395458473351,Stress,waterfalls
106,A,109,72,3,CA1,EC,0.6658226668022298,Stress,waterfalls
126,A,129,72,3,CA1,EC,2.1486290950992686,Stress,forests
133,A,136,72,3,CA1,EC,-0.0027318561751745,Stress,beaches
171,A,174,72,3,CA1,EC,-0.0863693118897906,Stress,forests
181,A,184,72,3,CA1,EC,0.0828977135602124,Stress,beaches
199,A,202,72,3,CA1,EC,0.753035658399023,Stress,beaches
205,A,208,72,3,CA1,EC,0.1106410251613797,Stress,beaches
221,A,224,72,3,CA1,EC,0.188216612604742,Stress,forests
227,A,230,72,3,CA1,EC,0.1166796679837265,Stress,waterfalls
238,A,241,72,3,CA1,EC,0.03416839096794,Stress,waterfalls
19,A,22,72,4,CA1,EC,0.7684262424686159,Stress,beaches
26,A,29,72,4,CA1,EC,0.8362442975732349,Stress,waterfalls
36,A,39,72,4,CA1,EC,0.1266292176710102,Stress,waterfalls
48,A,51,72,4,CA1,EC,0.5049844546828217,Stress,waterfalls
53,A,56,72,4,CA1,EC,3.952236535894052,Stress,beaches
60,A,63,72,4,CA1,EC,-0.0650900023645517,Stress,beaches
67,A,70,72,4,CA1,EC,-1.0828847551367171,Stress,forests
77,A,80,72,4,CA1,EC,-0.2488282239262672,Stress,forests
88,A,91,72,4,CA1,EC,0.1269071571893191,Stress,waterfalls
94,A,97,72,4,CA1,EC,0.070409079046782,Stress,forests
108,A,111,72,4,CA1,EC,-0.276069855329458,Stress,beaches
119,A,122,72,4,CA1,EC,0.1401540443619793,Stress,forests
146,A,149,72,4,CA1,EC,1.7743214886885714,Stress,forests
155,A,158,72,4,CA1,EC,-0.8978670786629004,Stress,beaches
168,A,171,72,4,CA1,EC,-0.1140928583704987,Stress,waterfalls
186,A,189,72,4,CA1,EC,0.008767112036548,Stress,beaches
192,A,195,72,4,CA1,EC,2.144094257831655,Stress,waterfalls
204,A,207,72,4,CA1,EC,1.9361633769673063,Stress,waterfalls
211,A,214,72,4,CA1,EC,0.6210417759278631,Stress,forests
233,A,236,72,4,CA1,EC,0.06011825967948,Stress,forests
5,A,8,73,2,CA1,EC,0.0855123600301832,Control,canyons
9,A,12,73,2,CA1,EC,-0.3489778226446835,Control,marshes
15,A,18,73,2,CA1,EC,-0.9670876948288551,Control,canyons
22,A,25,73,2,CA1,EC,0.1748111180149747,Control,parks
42,A,45,73,2,CA1,EC,1.963134509423696,Control,parks
49,A,52,73,2,CA1,EC,-0.3426796219247253,Control,parks
58,A,61,73,2,CA1,EC,1.866817422762421,Control,marshes
69,A,72,73,2,CA1,EC,0.4128803811847257,Control,marshes
80,A,83,73,2,CA1,EC,-3.1505599553276418,Control,parks
89,A,92,73,2,CA1,EC,-0.4307625721676672,Control,canyons
109,A,112,73,2,CA1,EC,0.3353224209059575,Control,marshes
123,A,126,73,2,CA1,EC,-0.7297934918512089,Control,canyons
131,A,134,73,2,CA1,EC,1.1932552623112165,Control,marshes
136,A,139,73,2,CA1,EC,-0.1291594315464352,Control,canyons
159,A,162,73,2,CA1,EC,0.0036124978958501,Control,parks
170,A,173,73,2,CA1,EC,0.377720224483122,Control,canyons
191,A,194,73,2,CA1,EC,-0.6002643494599352,Control,marshes
203,A,206,73,2,CA1,EC,1.697599434059028,Control,parks
222,A,225,73,2,CA1,EC,0.0041554802386751,Control,marshes
228,A,231,73,2,CA1,EC,1.1581211903264543,Control,canyons
235,A,238,73,2,CA1,EC,0.4358566558089806,Control,parks
11,A,14,73,3,CA1,EC,0.5278155462161551,Control,marshes
21,A,24,73,3,CA1,EC,0.1527194891353779,Control,parks
33,A,36,73,3,CA1,EC,0.2429846401758587,Control,marshes
43,A,46,73,3,CA1,EC,0.0797324664012477,Control,marshes
47,A,50,73,3,CA1,EC,-0.5310764680576086,Control,canyons
54,A,57,73,3,CA1,EC,-0.2429535468403028,Control,marshes
61,A,64,73,3,CA1,EC,0.6607669500213061,Control,parks
79,A,82,73,3,CA1,EC,-0.1481938582647953,Control,canyons
86,A,89,73,3,CA1,EC,0.098681242037723,Control,parks
90,A,93,73,3,CA1,EC,0.0722111700592399,Control,canyons
106,A,109,73,3,CA1,EC,-0.0066415867996813,Control,canyons
113,A,116,73,3,CA1,EC,0.5058884935871614,Control,marshes
126,A,129,73,3,CA1,EC,-0.8701207787030619,Control,parks
137,A,140,73,3,CA1,EC,1.2830150550300738,Control,parks
158,A,161,73,3,CA1,EC,-0.1697200143542231,Control,canyons
172,A,175,73,3,CA1,EC,0.7181283434149487,Control,canyons
180,A,183,73,3,CA1,EC,-0.5617428741508228,Control,marshes
192,A,195,73,3,CA1,EC,-1.6765991861343057,Control,canyons
216,A,219,73,3,CA1,EC,0.1588838967270359,Control,parks
222,A,225,73,3,CA1,EC,-0.9032117264656032,Control,marshes
230,A,233,73,3,CA1,EC,1.1903174065542788,Control,parks
5,A,8,73,4,CA1,EC,0.536005529457774,Control,marshes
21,A,24,73,4,CA1,EC,0.1517071551850878,Control,marshes
26,A,29,73,4,CA1,EC,-0.2419995477888666,Control,parks
45,A,48,73,4,CA1,EC,0.3850691818668068,Control,marshes
50,A,53,73,4,CA1,EC,2.801857474995812,Control,parks
69,A,72,73,4,CA1,EC,1.0200119358251518,Control,canyons
76,A,79,73,4,CA1,EC,0.0007786828729,Control,marshes
83,A,86,73,4,CA1,EC,1.734749883746893,Control,canyons
96,A,99,73,4,CA1,EC,0.9181942386174352,Control,parks
108,A,111,73,4,CA1,EC,0.0125799620407304,Control,parks
114,A,117,73,4,CA1,EC,0.0241945318596585,Control,canyons
123,A,126,73,4,CA1,EC,0.3127179974274527,Control,canyons
132,A,135,73,4,CA1,EC,0.7195531763896836,Control,canyons
153,A,156,73,4,CA1,EC,1.6813921160533265,Control,marshes
160,A,163,73,4,CA1,EC,0.4134865825935374,Control,parks
177,A,180,73,4,CA1,EC,-0.489448783532001,Control,marshes
183,A,186,73,4,CA1,EC,0.3338897208600723,Control,canyons
206,A,209,73,4,CA1,EC,-0.0321688337261062,Control,parks
221,A,224,73,4,CA1,EC,0.4226371865807716,Control,marshes
237,A,240,73,4,CA1,EC,0.1631630208683159,Control,canyons
10,A,13,74,2,CA1,EC,0.7312738405562395,Control,bridges
21,A,24,74,2,CA1,EC,2.962787480767028,Control,parks
28,A,31,74,2,CA1,EC,-0.1151281018082274,Control,lakes
40,A,43,74,2,CA1,EC,-0.0773438519839797,Control,parks
49,A,52,74,2,CA1,EC,0.0984802337074534,Control,bridges
61,A,64,74,2,CA1,EC,-2.1769160012316724,Control,parks
74,A,77,74,2,CA1,EC,0.2504048113614418,Control,lakes
90,A,93,74,2,CA1,EC,0.2994503871389744,Control,lakes
98,A,101,74,2,CA1,EC,-0.0895930398993106,Control,bridges
107,A,110,74,2,CA1,EC,-1.303143633049515,Control,lakes
118,A,121,74,2,CA1,EC,0.3996837634993856,Control,lakes
131,A,134,74,2,CA1,EC,-0.4644364758205838,Control,bridges
145,A,148,74,2,CA1,EC,-0.6193772271549739,Control,parks
157,A,160,74,2,CA1,EC,0.0579208669664364,Control,parks
171,A,174,74,2,CA1,EC,0.4677463230156808,Control,parks
192,A,195,74,2,CA1,EC,-1.768822594122154,Control,lakes
201,A,204,74,2,CA1,EC,-0.283731704614598,Control,bridges
210,A,213,74,2,CA1,EC,0.4625585593832688,Control,parks
217,A,220,74,2,CA1,EC,0.6040788946350388,Control,bridges
230,A,233,74,2,CA1,EC,0.3769106810786603,Control,lakes
237,A,240,74,2,CA1,EC,-0.8744231957300086,Control,bridges
9,A,12,74,3,CA1,EC,-0.7127214180730373,Control,lakes
14,A,17,74,3,CA1,EC,-0.570230955057422,Control,bridges
25,A,28,74,3,CA1,EC,-1.0891798292960204,Control,parks
38,A,41,74,3,CA1,EC,1.005872953232462,Control,parks
42,A,45,74,3,CA1,EC,-1.422815979873448,Control,lakes
55,A,58,74,3,CA1,EC,0.5835364485654306,Control,parks
66,A,69,74,3,CA1,EC,-0.2150786747301316,Control,parks
78,A,81,74,3,CA1,EC,0.2389293364291642,Control,bridges
86,A,89,74,3,CA1,EC,-0.0664436695733601,Control,bridges
94,A,97,74,3,CA1,EC,0.2773531502394809,Control,bridges
120,A,123,74,3,CA1,EC,-0.0267815337315437,Control,parks
130,A,133,74,3,CA1,EC,-0.0951982535375583,Control,lakes
155,A,158,74,3,CA1,EC,-0.2351982911168677,Control,lakes
164,A,167,74,3,CA1,EC,0.1543399732867443,Control,lakes
170,A,173,74,3,CA1,EC,8.921842289546429e-05,Control,bridges
181,A,184,74,3,CA1,EC,1.257409680820538,Control,bridges
192,A,195,74,3,CA1,EC,0.2530641115939127,Control,lakes
198,A,201,74,3,CA1,EC,2.775555205503441,Control,bridges
211,A,214,74,3,CA1,EC,0.0657429630606479,Control,parks
226,A,229,74,3,CA1,EC,-0.168042759533245,Control,parks
7,A,10,74,4,CA1,EC,-1.061948780836662,Control,bridges
12,A,15,74,4,CA1,EC,-0.0555622614866691,Control,lakes
21,A,24,74,4,CA1,EC,-0.35672304484954,Control,lakes
38,A,41,74,4,CA1,EC,0.0030921580270656,Control,bridges
43,A,46,74,4,CA1,EC,0.2234287761571994,Control,lakes
56,A,59,74,4,CA1,EC,0.7795486715905827,Control,bridges
66,A,69,74,4,CA1,EC,0.1955463857531595,Control,bridges
72,A,75,74,4,CA1,EC,0.0287604196576314,Control,parks
76,A,79,74,4,CA1,EC,-0.1873392045250873,Control,bridges
98,A,101,74,4,CA1,EC,-0.1501461964672079,Control,parks
111,A,114,74,4,CA1,EC,-0.0036543222869117,Control,lakes
136,A,139,74,4,CA1,EC,1.0768097686472085,Control,parks
186,A,189,74,4,CA1,EC,0.0270308297192189,Control,parks
193,A,196,74,4,CA1,EC,-0.5807514457705615,Control,lakes
212,A,215,74,4,CA1,EC,0.1157096183354456,Control,parks
220,A,223,74,4,CA1,EC,0.072133465196272,Control,lakes
230,A,233,74,4,CA1,EC,1.198478389897005,Control,parks
14,A,17,75,2,CA1,EC,0.427106192335532,Stress,lighthouses
27,A,30,75,2,CA1,EC,-0.3604393492981532,Stress,forests
37,A,40,75,2,CA1,EC,0.0783761372362676,Stress,fields
42,A,45,75,2,CA1,EC,-0.2810924885235428,Stress,forests
50,A,53,75,2,CA1,EC,-1.021511315260226,Stress,lighthouses
59,A,62,75,2,CA1,EC,-0.0149844396741797,Stress,lighthouses
70,A,73,75,2,CA1,EC,-0.0012734627451632,Stress,lighthouses
75,A,78,75,2,CA1,EC,0.0481309249101519,Stress,forests
83,A,86,75,2,CA1,EC,4.996764730354822,Stress,forests
107,A,110,75,2,CA1,EC,0.694980099358929,Stress,forests
115,A,118,75,2,CA1,EC,0.3580868502632009,Stress,fields
124,A,127,75,2,CA1,EC,0.4364927205614782,Stress,lighthouses
139,A,142,75,2,CA1,EC,-0.792950851827682,Stress,fields
146,A,149,75,2,CA1,EC,1.3859680671507146,Stress,forests
150,A,153,75,2,CA1,EC,0.2257858618459747,Stress,fields
178,A,181,75,2,CA1,EC,-0.3646894523031129,Stress,fields
190,A,193,75,2,CA1,EC,1.1033215658195878,Stress,forests
195,A,198,75,2,CA1,EC,0.0171493084699008,Stress,lighthouses
207,A,210,75,2,CA1,EC,0.0029423679586879,Stress,fields
217,A,220,75,2,CA1,EC,0.3784477270387642,Stress,fields
236,A,239,75,2,CA1,EC,0.0034168521581793,Stress,lighthouses
5,A,8,75,3,CA1,EC,0.6215311776675496,Stress,fields
9,A,12,75,3,CA1,EC,-1.00682041327349,Stress,forests
19,A,22,75,3,CA1,EC,0.8810888508327465,Stress,lighthouses
28,A,31,75,3,CA1,EC,0.0130687152473143,Stress,lighthouses
34,A,37,75,3,CA1,EC,-0.463651651093286,Stress,forests
45,A,48,75,3,CA1,EC,-0.4382037883363141,Stress,lighthouses
52,A,55,75,3,CA1,EC,-0.8097446720776851,Stress,forests
62,A,65,75,3,CA1,EC,0.2975705462721744,Stress,forests
75,A,78,75,3,CA1,EC,0.262928676571797,Stress,fields
99,A,102,75,3,CA1,EC,0.0006401856647017,Stress,forests
117,A,120,75,3,CA1,EC,-1.1206584733053058,Stress,fields
130,A,133,75,3,CA1,EC,-0.3643616901740747,Stress,fields
137,A,140,75,3,CA1,EC,-0.0196327497574216,Stress,fields
143,A,146,75,3,CA1,EC,0.7771998534787773,Stress,forests
147,A,150,75,3,CA1,EC,0.4821478860852599,Stress,lighthouses
162,A,165,75,3,CA1,EC,0.0020801461827694,Stress,lighthouses
179,A,182,75,3,CA1,EC,0.0202994469650677,Stress,fields
193,A,196,75,3,CA1,EC,0.0590826115567308,Stress,lighthouses
202,A,205,75,3,CA1,EC,-0.3666516752277253,Stress,fields
228,A,231,75,3,CA1,EC,-1.2010809378522926,Stress,lighthouses
234,A,237,75,3,CA1,EC,0.0173804213359499,Stress,forests
11,A,14,75,4,CA1,EC,-0.2881116222203513,Stress,forests
21,A,24,75,4,CA1,EC,-0.2778945957671911,Stress,lighthouses
29,A,32,75,4,CA1,EC,1.9197593494847205,Stress,fields
43,A,46,75,4,CA1,EC,0.1763688513391318,Stress,fields
52,A,55,75,4,CA1,EC,1.506463109430808,Stress,lighthouses
57,A,60,75,4,CA1,EC,0.0016243356012401,Stress,fields
77,A,80,75,4,CA1,EC,-1.8340839917624487,Stress,fields
98,A,101,75,4,CA1,EC,1.6526628854270276,Stress,fields
103,A,106,75,4,CA1,EC,0.0003705494179767,Stress,lighthouses
111,A,114,75,4,CA1,EC,-2.9593656828594413e-05,Stress,forests
121,A,124,75,4,CA1,EC,-0.6627593285231037,Stress,fields
126,A,129,75,4,CA1,EC,0.5499739525387518,Stress,forests
131,A,134,75,4,CA1,EC,0.9222623391127392,Stress,lighthouses
151,A,154,75,4,CA1,EC,0.0005608898617465,Stress,forests
159,A,162,75,4,CA1,EC,-0.0246355964611248,Stress,fields
172,A,175,75,4,CA1,EC,0.6460245118384825,Stress,lighthouses
179,A,182,75,4,CA1,EC,-0.177277069720058,Stress,forests
191,A,194,75,4,CA1,EC,0.3233237439618154,Stress,forests
196,A,199,75,4,CA1,EC,-3.37960275819961,Stress,lighthouses
202,A,205,75,4,CA1,EC,0.2314061851490837,Stress,lighthouses
8,A,11,76,2,CA1,EC,0.0312262003540388,Control,beaches
12,A,15,76,2,CA1,EC,0.1758791235475593,Control,lakes
26,A,29,76,2,CA1,EC,0.0483335995100317,Control,lakes
40,A,43,76,2,CA1,EC,-0.1044790676282477,Control,beaches
56,A,59,76,2,CA1,EC,0.4302768570394428,Control,beaches
61,A,64,76,2,CA1,EC,0.2721174293347171,Control,lakes
67,A,70,76,2,CA1,EC,-0.4502464932882281,Control,lighthouses
88,A,91,76,2,CA1,EC,-0.1037799890707327,Control,lighthouses
92,A,95,76,2,CA1,EC,-0.193110513213324,Control,beaches
97,A,100,76,2,CA1,EC,-0.4036855672324495,Control,lighthouses
107,A,110,76,2,CA1,EC,0.0075368800523148,Control,lighthouses
113,A,116,76,2,CA1,EC,0.1708247346751947,Control,lakes
121,A,124,76,2,CA1,EC,1.528901236962471,Control,lighthouses
132,A,135,76,2,CA1,EC,-1.3882575627720664,Control,lakes
142,A,145,76,2,CA1,EC,8.36519345598128e-05,Control,beaches
152,A,155,76,2,CA1,EC,0.1422132125294851,Control,lakes
160,A,163,76,2,CA1,EC,-2.8793329257788,Control,lakes
171,A,174,76,2,CA1,EC,3.1797896207715004,Control,beaches
212,A,215,76,2,CA1,EC,-0.2535946827109237,Control,lighthouses
218,A,221,76,2,CA1,EC,-0.2851167664335583,Control,beaches
234,A,237,76,2,CA1,EC,0.9192619660636452,Control,lighthouses
10,A,13,76,3,CA1,EC,-0.4071037059018107,Control,beaches
31,A,34,76,3,CA1,EC,0.74432340251379,Control,lakes
39,A,42,76,3,CA1,EC,0.3985559965975004,Control,lighthouses
44,A,47,76,3,CA1,EC,0.8930777963200242,Control,lakes
48,A,51,76,3,CA1,EC,0.4158260792468222,Control,lighthouses
58,A,61,76,3,CA1,EC,1.6466138103673027,Control,lakes
62,A,65,76,3,CA1,EC,0.0051611889516038,Control,beaches
72,A,75,76,3,CA1,EC,0.2551908482601372,Control,lakes
77,A,80,76,3,CA1,EC,-0.2485650258475197,Control,lighthouses
94,A,97,76,3,CA1,EC,0.1827858213104031,Control,lighthouses
109,A,112,76,3,CA1,EC,-1.7912185736646258,Control,lighthouses
131,A,134,76,3,CA1,EC,0.153484251488314,Control,lakes
137,A,140,76,3,CA1,EC,0.0001561214411251,Control,lighthouses
148,A,151,76,3,CA1,EC,5.675584083050965,Control,beaches
158,A,161,76,3,CA1,EC,0.0388684227687551,Control,lighthouses
165,A,168,76,3,CA1,EC,-0.3898508904544526,Control,lakes
178,A,181,76,3,CA1,EC,0.2614532689653052,Control,beaches
201,A,204,76,3,CA1,EC,0.170551652820427,Control,beaches
219,A,222,76,3,CA1,EC,0.2532822601993914,Control,lakes
223,A,226,76,3,CA1,EC,0.1119589252284986,Control,beaches
230,A,233,76,3,CA1,EC,0.3889484186163299,Control,beaches
5,A,8,76,4,CA1,EC,-0.0015026705063076,Control,lakes
10,A,13,76,4,CA1,EC,0.4310631133230957,Control,lighthouses
19,A,22,76,4,CA1,EC,0.1106277558778019,Control,lighthouses
33,A,36,76,4,CA1,EC,0.0264063894998017,Control,lighthouses
39,A,42,76,4,CA1,EC,0.6632841039154587,Control,beaches
53,A,56,76,4,CA1,EC,0.587368941228749,Control,lighthouses
66,A,69,76,4,CA1,EC,0.0071153689771821,Control,lakes
76,A,79,76,4,CA1,EC,-0.1873440866843857,Control,lakes
86,A,89,76,4,CA1,EC,0.4978408704265815,Control,beaches
92,A,95,76,4,CA1,EC,0.0406473152815963,Control,lighthouses
107,A,110,76,4,CA1,EC,0.2342196931185735,Control,beaches
124,A,127,76,4,CA1,EC,0.1020242367897539,Control,lakes
131,A,134,76,4,CA1,EC,-0.2825186245313135,Control,beaches
147,A,150,76,4,CA1,EC,0.063615299526394,Control,beaches
152,A,155,76,4,CA1,EC,0.0516016740855765,Control,lakes
166,A,169,76,4,CA1,EC,-0.2409341108859942,Control,beaches
172,A,175,76,4,CA1,EC,-0.0968833807857264,Control,lakes
181,A,184,76,4,CA1,EC,0.500610688064726,Control,lighthouses
194,A,197,76,4,CA1,EC,0.1022831197318962,Control,lighthouses
209,A,212,76,4,CA1,EC,0.7281051985905931,Control,lakes
231,A,234,76,4,CA1,EC,1.5172594897001306,Control,beaches
7,A,10,77,2,CA1,EC,0.2160162423625991,Stress,marshes
16,A,19,77,2,CA1,EC,0.1349407861510184,Stress,marshes
35,A,38,77,2,CA1,EC,2.864751350323488,Stress,lighthouses
46,A,49,77,2,CA1,EC,-1.0395678156511856,Stress,mountains
54,A,57,77,2,CA1,EC,1.492195370093006,Stress,marshes
70,A,73,77,2,CA1,EC,-1.3360053454071948e-05,Stress,lighthouses
74,A,77,77,2,CA1,EC,0.9818105968911086,Stress,mountains
81,A,84,77,2,CA1,EC,2.485811540459975,Stress,marshes
96,A,99,77,2,CA1,EC,-0.4212483545972625,Stress,marshes
117,A,120,77,2,CA1,EC,-0.591912693009544,Stress,lighthouses
123,A,126,77,2,CA1,EC,0.0102043883165359,Stress,mountains
132,A,135,77,2,CA1,EC,-0.0584593737836573,Stress,lighthouses
142,A,145,77,2,CA1,EC,1.2232259983986653,Stress,mountains
154,A,157,77,2,CA1,EC,1.1682636879070014,Stress,mountains
168,A,171,77,2,CA1,EC,1.5010485381868182,Stress,marshes
177,A,180,77,2,CA1,EC,0.4349889536845688,Stress,lighthouses
188,A,191,77,2,CA1,EC,0.0034272810250032,Stress,mountains
205,A,208,77,2,CA1,EC,0.0308257165159114,Stress,mountains
222,A,225,77,2,CA1,EC,-0.0336761803495398,Stress,lighthouses
233,A,236,77,2,CA1,EC,0.888783762129033,Stress,lighthouses
11,A,14,77,3,CA1,EC,-0.461847805475735,Stress,lighthouses
46,A,49,77,3,CA1,EC,-1.6277085649748015,Stress,lighthouses
60,A,63,77,3,CA1,EC,-0.0052039042553183,Stress,marshes
71,A,74,77,3,CA1,EC,0.0303447596880262,Stress,mountains
84,A,87,77,3,CA1,EC,-0.4491793963475016,Stress,lighthouses
88,A,91,77,3,CA1,EC,0.5132363952108312,Stress,mountains
93,A,96,77,3,CA1,EC,-1.1273732709066824,Stress,marshes
100,A,103,77,3,CA1,EC,0.1479797322437732,Stress,lighthouses
131,A,134,77,3,CA1,EC,-0.0018668581382292,Stress,lighthouses
145,A,148,77,3,CA1,EC,-0.4196003850186229,Stress,mountains
159,A,162,77,3,CA1,EC,0.4142757927499826,Stress,mountains
166,A,169,77,3,CA1,EC,-0.0058242467052874,Stress,mountains
172,A,175,77,3,CA1,EC,-0.0058472784403407,Stress,marshes
182,A,185,77,3,CA1,EC,0.1560973955907654,Stress,marshes
192,A,195,77,3,CA1,EC,-0.3264366030706405,Stress,lighthouses
196,A,199,77,3,CA1,EC,0.5401381702226916,Stress,marshes
208,A,211,77,3,CA1,EC,-0.0290320213203799,Stress,marshes
221,A,224,77,3,CA1,EC,-0.0093927418902782,Stress,mountains
229,A,232,77,3,CA1,EC,0.989937418468623,Stress,marshes
238,A,241,77,3,CA1,EC,0.0793668624221732,Stress,mountains
5,A,8,77,4,CA1,EC,0.1434042702071628,Stress,marshes
30,A,33,77,4,CA1,EC,0.2230981870209665,Stress,marshes
51,A,54,77,4,CA1,EC,0.2794898840713498,Stress,mountains
60,A,63,77,4,CA1,EC,-0.5413165565487591,Stress,lighthouses
65,A,68,77,4,CA1,EC,-0.1962019996788192,Stress,marshes
95,A,98,77,4,CA1,EC,0.6180120971157804,Stress,lighthouses
101,A,104,77,4,CA1,EC,-0.4079524016100381,Stress,mountains
106,A,109,77,4,CA1,EC,-0.2604778897678885,Stress,lighthouses
136,A,139,77,4,CA1,EC,1.3195234147955763,Stress,lighthouses
146,A,149,77,4,CA1,EC,-0.1454080081432786,Stress,lighthouses
152,A,155,77,4,CA1,EC,-0.0016082028073109,Stress,marshes
166,A,169,77,4,CA1,EC,3.28912996500464,Stress,lighthouses
182,A,185,77,4,CA1,EC,2.285530989413445,Stress,mountains
193,A,196,77,4,CA1,EC,0.1422074080868449,Stress,mountains
208,A,211,77,4,CA1,EC,-0.1962597603554989,Stress,marshes
220,A,223,77,4,CA1,EC,0.0806589145029775,Stress,lighthouses
10,A,13,78,2,CA1,EC,-0.6484897712670877,Stress,lakes
18,A,21,78,2,CA1,EC,0.189479975798551,Stress,mountains
34,A,37,78,2,CA1,EC,-0.2598066789449422,Stress,lakes
49,A,52,78,2,CA1,EC,3.2400984267087045,Stress,mountains
62,A,65,78,2,CA1,EC,0.7192282900202386,Stress,lakes
82,A,85,78,2,CA1,EC,-0.4753479462847933,Stress,lakes
104,A,107,78,2,CA1,EC,0.7992845288833873,Stress,mountains
109,A,112,78,2,CA1,EC,-0.0114908975064575,Stress,waterfalls
119,A,122,78,2,CA1,EC,-0.3135887285331565,Stress,waterfalls
131,A,134,78,2,CA1,EC,4.746228081048462,Stress,lakes
139,A,142,78,2,CA1,EC,0.2222907774010522,Stress,waterfalls
144,A,147,78,2,CA1,EC,-0.2692593497252324,Stress,mountains
155,A,158,78,2,CA1,EC,1.3082003567966012,Stress,mountains
160,A,163,78,2,CA1,EC,-1.229350257946776,Stress,waterfalls
172,A,175,78,2,CA1,EC,1.9565166645842271,Stress,lakes
184,A,187,78,2,CA1,EC,0.0382079490236901,Stress,mountains
193,A,196,78,2,CA1,EC,-0.4815081373517109,Stress,lakes
200,A,203,78,2,CA1,EC,-0.0442976671900263,Stress,mountains
206,A,209,78,2,CA1,EC,0.4213960738452437,Stress,waterfalls
233,A,236,78,2,CA1,EC,0.6284368098039949,Stress,waterfalls
17,A,20,78,3,CA1,EC,0.3343630416359773,Stress,waterfalls
22,A,25,78,3,CA1,EC,-0.3248733494925736,Stress,mountains
34,A,37,78,3,CA1,EC,-0.5258629295618874,Stress,mountains
44,A,47,78,3,CA1,EC,0.813325675645668,Stress,mountains
51,A,54,78,3,CA1,EC,-0.0930226870134444,Stress,lakes
68,A,71,78,3,CA1,EC,0.880471530795887,Stress,waterfalls
78,A,81,78,3,CA1,EC,-0.2240906319763682,Stress,mountains
89,A,92,78,3,CA1,EC,1.2885087287898211,Stress,mountains
96,A,99,78,3,CA1,EC,-0.860008052684334,Stress,lakes
120,A,123,78,3,CA1,EC,2.0382431772523333,Stress,waterfalls
128,A,131,78,3,CA1,EC,0.5545768403430401,Stress,lakes
135,A,138,78,3,CA1,EC,0.0781001765658429,Stress,mountains
145,A,148,78,3,CA1,EC,0.5192978812215894,Stress,waterfalls
157,A,160,78,3,CA1,EC,2.551502820068269,Stress,waterfalls
164,A,167,78,3,CA1,EC,-0.4725621379599017,Stress,lakes
169,A,172,78,3,CA1,EC,1.424816315547499,Stress,waterfalls
174,A,177,78,3,CA1,EC,-0.8653539532715674,Stress,lakes
187,A,190,78,3,CA1,EC,1.6432534582880156,Stress,waterfalls
195,A,198,78,3,CA1,EC,0.0525665577797062,Stress,mountains
200,A,203,78,3,CA1,EC,-0.0399716530698531,Stress,lakes
231,A,234,78,3,CA1,EC,0.144945659255258,Stress,lakes
12,A,15,78,4,CA1,EC,-0.2491958037874478,Stress,lakes
20,A,23,78,4,CA1,EC,0.4206990084860937,Stress,waterfalls
26,A,29,78,4,CA1,EC,-0.0026638161288513,Stress,mountains
37,A,40,78,4,CA1,EC,0.0311047376902556,Stress,waterfalls
44,A,47,78,4,CA1,EC,0.048056292391257,Stress,lakes
77,A,80,78,4,CA1,EC,0.5711251476059057,Stress,lakes
83,A,86,78,4,CA1,EC,-0.010686568578779,Stress,mountains
110,A,113,78,4,CA1,EC,3.295768752729165,Stress,mountains
118,A,121,78,4,CA1,EC,0.0745640053120662,Stress,waterfalls
138,A,141,78,4,CA1,EC,1.1037789074798168,Stress,mountains
144,A,147,78,4,CA1,EC,0.3900659498168218,Stress,lakes
149,A,152,78,4,CA1,EC,1.1729929934835714,Stress,waterfalls
159,A,162,78,4,CA1,EC,1.75130032845902,Stress,mountains
166,A,169,78,4,CA1,EC,1.8334684688684293,Stress,lakes
181,A,184,78,4,CA1,EC,0.0917621620625522,Stress,mountains
186,A,189,78,4,CA1,EC,-0.3887884190114616,Stress,waterfalls
195,A,198,78,4,CA1,EC,0.0415686603000665,Stress,lakes
203,A,206,78,4,CA1,EC,-0.0951184368002217,Stress,lakes
209,A,212,78,4,CA1,EC,-0.1261325482612769,Stress,waterfalls
221,A,224,78,4,CA1,EC,0.9419868777616874,Stress,mountains
229,A,232,78,4,CA1,EC,0.2572733300468843,Stress,waterfalls
5,A,8,79,2,CA1,EC,-0.1127059500677119,Control,parks
12,A,15,79,2,CA1,EC,0.1766815821473494,Control,parks
25,A,28,79,2,CA1,EC,0.3266973481715084,Control,marshes
33,A,36,79,2,CA1,EC,1.0496752762513786,Control,parks
43,A,46,79,2,CA1,EC,-0.2474962645532218,Control,parks
49,A,52,79,2,CA1,EC,1.3452945945188368,Control,fields
56,A,59,79,2,CA1,EC,-0.0215563072131246,Control,marshes
69,A,72,79,2,CA1,EC,1.4664667907255335,Control,marshes
77,A,80,79,2,CA1,EC,2.1699417993604357,Control,marshes
82,A,85,79,2,CA1,EC,1.0014821297664602,Control,parks
98,A,101,79,2,CA1,EC,2.6649748721527144,Control,fields
103,A,106,79,2,CA1,EC,0.1109370498795464,Control,marshes
110,A,113,79,2,CA1,EC,-0.324466494365115,Control,fields
117,A,120,79,2,CA1,EC,-0.5143737776911496,Control,fields
150,A,153,79,2,CA1,EC,-0.0276554238546789,Control,marshes
177,A,180,79,2,CA1,EC,-0.4002321028988675,Control,parks
185,A,188,79,2,CA1,EC,0.0001022777703702,Control,fields
195,A,198,79,2,CA1,EC,0.2061120410111544,Control,marshes
200,A,203,79,2,CA1,EC,-0.1516870491345771,Control,fields
211,A,214,79,2,CA1,EC,2.538972178862736,Control,parks
222,A,225,79,2,CA1,EC,0.2903117152023636,Control,fields
5,A,8,79,3,CA1,EC,-1.5425396773726294,Control,parks
11,A,14,79,3,CA1,EC,0.1078483041600365,Control,fields
22,A,25,79,3,CA1,EC,3.218022052654632,Control,parks
35,A,38,79,3,CA1,EC,0.1161543859455172,Control,marshes
50,A,53,79,3,CA1,EC,-0.0029112193413467,Control,marshes
57,A,60,79,3,CA1,EC,0.4210013430175459,Control,parks
68,A,71,79,3,CA1,EC,0.8780963934227428,Control,marshes
79,A,82,79,3,CA1,EC,2.286229438178145,Control,parks
86,A,89,79,3,CA1,EC,-0.1684351279069831,Control,marshes
91,A,94,79,3,CA1,EC,-0.011038940971626,Control,fields
103,A,106,79,3,CA1,EC,-0.6709329742884788,Control,fields
109,A,112,79,3,CA1,EC,0.0007754293895587,Control,parks
113,A,116,79,3,CA1,EC,-0.3412925836874736,Control,marshes
127,A,130,79,3,CA1,EC,0.5505925677410777,Control,marshes
138,A,141,79,3,CA1,EC,-0.3995978900322439,Control,fields
149,A,152,79,3,CA1,EC,3.1562583624461524,Control,parks
174,A,177,79,3,CA1,EC,-1.0313491026034591,Control,marshes
183,A,186,79,3,CA1,EC,0.1300271221034632,Control,fields
194,A,197,79,3,CA1,EC,0.0197233003566607,Control,parks
208,A,211,79,3,CA1,EC,0.2187135398910029,Control,fields
219,A,222,79,3,CA1,EC,0.2639984250294108,Control,fields
11,A,14,79,4,CA1,EC,2.8191621371777997,Control,marshes
42,A,45,79,4,CA1,EC,2.8927933137459068,Control,parks
52,A,55,79,4,CA1,EC,0.2656956000942312,Control,parks
63,A,66,79,4,CA1,EC,0.5638556355494311,Control,fields
74,A,77,79,4,CA1,EC,0.3924826179056325,Control,fields
81,A,84,79,4,CA1,EC,0.2578488617528605,Control,marshes
92,A,95,79,4,CA1,EC,1.177808733222815,Control,marshes
101,A,104,79,4,CA1,EC,0.4144852788301973,Control,marshes
111,A,114,79,4,CA1,EC,0.6546392706045857,Control,parks
118,A,121,79,4,CA1,EC,0.1874670189716811,Control,fields
132,A,135,79,4,CA1,EC,1.8538601372879888,Control,parks
136,A,139,79,4,CA1,EC,-0.230684384871064,Control,marshes
147,A,150,79,4,CA1,EC,0.8288409629664247,Control,fields
156,A,159,79,4,CA1,EC,-0.2762082732179176,Control,marshes
162,A,165,79,4,CA1,EC,-0.4297829966716503,Control,fields
170,A,173,79,4,CA1,EC,0.1029876550500221,Control,parks
178,A,181,79,4,CA1,EC,-0.1685510234711566,Control,marshes
189,A,192,79,4,CA1,EC,-0.0929652424544183,Control,parks
199,A,202,79,4,CA1,EC,0.0179642412355574,Control,fields
209,A,212,79,4,CA1,EC,-0.012784256443279,Control,parks
217,A,220,79,4,CA1,EC,-0.018910357752103,Control,fields
5,A,8,80,2,CA1,EC,0.4994572054263942,Stress,canyons
18,A,21,80,2,CA1,EC,0.0984732131199941,Stress,fields
26,A,29,80,2,CA1,EC,0.4744329294032527,Stress,beaches
39,A,42,80,2,CA1,EC,0.1008583010066888,Stress,fields
46,A,49,80,2,CA1,EC,-0.2816236730850099,Stress,beaches
56,A,59,80,2,CA1,EC,-0.1159749802622913,Stress,fields
65,A,68,80,2,CA1,EC,-0.0944267657847209,Stress,canyons
75,A,78,80,2,CA1,EC,-0.0438569778681545,Stress,fields
81,A,84,80,2,CA1,EC,0.2406987573379023,Stress,beaches
108,A,111,80,2,CA1,EC,1.6183036794795589,Stress,fields
115,A,118,80,2,CA1,EC,-0.6716311591470121,Stress,canyons
135,A,138,80,2,CA1,EC,0.3159333672317801,Stress,fields
149,A,152,80,2,CA1,EC,0.2706094774229676,Stress,canyons
154,A,157,80,2,CA1,EC,1.1364748918727143,Stress,beaches
171,A,174,80,2,CA1,EC,0.5733500131001554,Stress,beaches
185,A,188,80,2,CA1,EC,0.2584408487486862,Stress,canyons
192,A,195,80,2,CA1,EC,-0.151294269617941,Stress,canyons
205,A,208,80,2,CA1,EC,0.2799239923104487,Stress,beaches
216,A,219,80,2,CA1,EC,-0.0758045443705966,Stress,fields
229,A,232,80,2,CA1,EC,2.993244662206461,Stress,beaches
236,A,239,80,2,CA1,EC,-0.0924090140043708,Stress,canyons
11,A,14,80,3,CA1,EC,-0.5649154967292075,Stress,fields
38,A,41,80,3,CA1,EC,-0.5095084939253842,Stress,canyons
50,A,53,80,3,CA1,EC,0.0272001743450858,Stress,beaches
59,A,62,80,3,CA1,EC,0.0677983306287077,Stress,canyons
64,A,67,80,3,CA1,EC,1.9956621980588152,Stress,beaches
73,A,76,80,3,CA1,EC,-0.134217276612457,Stress,canyons
81,A,84,80,3,CA1,EC,-0.4336802780451163,Stress,beaches
87,A,90,80,3,CA1,EC,-0.5909931110116563,Stress,fields
99,A,102,80,3,CA1,EC,2.3980533216472635,Stress,beaches
106,A,109,80,3,CA1,EC,1.815065951855908,Stress,fields
113,A,116,80,3,CA1,EC,0.3681268857956253,Stress,fields
141,A,144,80,3,CA1,EC,-0.3576053509057462,Stress,beaches
160,A,163,80,3,CA1,EC,0.1589726055305252,Stress,beaches
168,A,171,80,3,CA1,EC,0.081976811811768,Stress,canyons
176,A,179,80,3,CA1,EC,-0.3870637482481823,Stress,fields
181,A,184,80,3,CA1,EC,-0.3796119563885013,Stress,canyons
194,A,197,80,3,CA1,EC,1.473771155187002,Stress,canyons
219,A,222,80,3,CA1,EC,-0.2729642237790805,Stress,beaches
5,A,8,80,4,CA1,EC,0.0232063857831224,Stress,canyons
10,A,13,80,4,CA1,EC,0.2001161926418064,Stress,fields
24,A,27,80,4,CA1,EC,8.10064696414868,Stress,canyons
40,A,43,80,4,CA1,EC,4.201376104552621,Stress,canyons
51,A,54,80,4,CA1,EC,-0.1881865605656055,Stress,fields
66,A,69,80,4,CA1,EC,1.419095050087604,Stress,canyons
76,A,79,80,4,CA1,EC,0.6305209868958138,Stress,fields
84,A,87,80,4,CA1,EC,-0.7945158288932884,Stress,fields
98,A,101,80,4,CA1,EC,-2.0187852607645205,Stress,beaches
104,A,107,80,4,CA1,EC,-0.7621929140058021,Stress,canyons
110,A,113,80,4,CA1,EC,-1.46886479496678,Stress,fields
132,A,135,80,4,CA1,EC,-0.1486709846778527,Stress,beaches
158,A,161,80,4,CA1,EC,0.0242817366980753,Stress,beaches
188,A,191,80,4,CA1,EC,0.11387393506861,Stress,beaches
196,A,199,80,4,CA1,EC,0.47986763678907,Stress,canyons
16,A,19,81,2,CA1,EC,-2.404209291580433,Control,waterfalls
22,A,25,81,2,CA1,EC,0.2622545835760466,Control,forests
27,A,30,81,2,CA1,EC,-0.0993791911904567,Control,deserts
47,A,50,81,2,CA1,EC,4.9509881115944205,Control,deserts
57,A,60,81,2,CA1,EC,1.3347042546070524,Control,waterfalls
68,A,71,81,2,CA1,EC,-0.4303778388278195,Control,waterfalls
79,A,82,81,2,CA1,EC,2.1577434339851576,Control,waterfalls
85,A,88,81,2,CA1,EC,0.2520137144222407,Control,forests
97,A,100,81,2,CA1,EC,0.0353222363037328,Control,forests
110,A,113,81,2,CA1,EC,-0.0615627906981918,Control,forests
120,A,123,81,2,CA1,EC,-2.046883939332424,Control,forests
125,A,128,81,2,CA1,EC,-0.0478445099510836,Control,deserts
134,A,137,81,2,CA1,EC,0.7267674453837096,Control,forests
153,A,156,81,2,CA1,EC,-0.7553192291004676,Control,deserts
166,A,169,81,2,CA1,EC,-0.6819877107183908,Control,forests
182,A,185,81,2,CA1,EC,0.2169149002420269,Control,deserts
191,A,194,81,2,CA1,EC,-0.1651515992764474,Control,waterfalls
200,A,203,81,2,CA1,EC,0.0012247620814117,Control,waterfalls
206,A,209,81,2,CA1,EC,1.5769117415617684,Control,deserts
218,A,221,81,2,CA1,EC,-0.1539146665973939,Control,waterfalls
233,A,236,81,2,CA1,EC,0.0046610959141794,Control,deserts
5,A,8,81,3,CA1,EC,0.0282508600014312,Control,waterfalls
16,A,19,81,3,CA1,EC,-0.239326439046825,Control,forests
37,A,40,81,3,CA1,EC,-0.4912039001228658,Control,waterfalls
56,A,59,81,3,CA1,EC,-1.11648048768993,Control,waterfalls
68,A,71,81,3,CA1,EC,-0.2516560227027658,Control,deserts
83,A,86,81,3,CA1,EC,0.7633038417313127,Control,forests
93,A,96,81,3,CA1,EC,0.4418837018235252,Control,waterfalls
101,A,104,81,3,CA1,EC,1.696883748065844,Control,forests
108,A,111,81,3,CA1,EC,0.1731775724833169,Control,deserts
121,A,124,81,3,CA1,EC,0.0946484331497701,Control,deserts
129,A,132,81,3,CA1,EC,2.390972498991942,Control,forests
137,A,140,81,3,CA1,EC,1.2090267850898857,Control,forests
148,A,151,81,3,CA1,EC,-0.0178751345416461,Control,forests
156,A,159,81,3,CA1,EC,0.0561030705992133,Control,waterfalls
160,A,163,81,3,CA1,EC,0.2829870650510253,Control,deserts
169,A,172,81,3,CA1,EC,-0.0363552488601428,Control,forests
194,A,197,81,3,CA1,EC,-1.2099228656860357,Control,deserts
203,A,206,81,3,CA1,EC,-0.1117114822255617,Control,deserts
218,A,221,81,3,CA1,EC,0.9359132705146728,Control,waterfalls
224,A,227,81,3,CA1,EC,-0.8518239354742448,Control,deserts
235,A,238,81,3,CA1,EC,0.0581217291154079,Control,waterfalls
21,A,24,81,4,CA1,EC,1.381399039145069,Control,deserts
26,A,29,81,4,CA1,EC,0.0005026436606278,Control,forests
45,A,48,81,4,CA1,EC,0.1992118955371995,Control,forests
58,A,61,81,4,CA1,EC,1.054739362663846,Control,waterfalls
63,A,66,81,4,CA1,EC,-0.7020731846482364,Control,deserts
81,A,84,81,4,CA1,EC,-0.0548931694384574,Control,forests
91,A,94,81,4,CA1,EC,0.0632769089121359,Control,forests
123,A,126,81,4,CA1,EC,0.9700012353260966,Control,waterfalls
132,A,135,81,4,CA1,EC,-3.423265470698458,Control,deserts
144,A,147,81,4,CA1,EC,-0.5200574467043989,Control,deserts
159,A,162,81,4,CA1,EC,0.5775450007446822,Control,forests
165,A,168,81,4,CA1,EC,-0.2557413981855637,Control,deserts
178,A,181,81,4,CA1,EC,-0.8849143754419924,Control,deserts
184,A,187,81,4,CA1,EC,-0.4594013876294494,Control,waterfalls
191,A,194,81,4,CA1,EC,-0.1712426059902168,Control,waterfalls
196,A,199,81,4,CA1,EC,0.1206156991512509,Control,forests
206,A,209,81,4,CA1,EC,0.5598768222128954,Control,waterfalls
212,A,215,81,4,CA1,EC,0.2034687734601801,Control,deserts
221,A,224,81,4,CA1,EC,1.0647879491832235,Control,waterfalls
230,A,233,81,4,CA1,EC,-0.2211688519630633,Control,waterfalls
235,A,238,81,4,CA1,EC,-2.2930752403622696,Control,forests
17,A,20,82,2,CA1,EC,1.2471681704754591,Control,canyons
32,A,35,82,2,CA1,EC,0.5184385828704487,Control,deserts
43,A,46,82,2,CA1,EC,0.0079557750650528,Control,beaches
58,A,61,82,2,CA1,EC,-0.9490262539915216,Control,beaches
66,A,69,82,2,CA1,EC,-0.1806104417072178,Control,deserts
72,A,75,82,2,CA1,EC,0.0313548265007492,Control,beaches
82,A,85,82,2,CA1,EC,-0.8152513424479653,Control,canyons
100,A,103,82,2,CA1,EC,1.5491490734717608,Control,canyons
115,A,118,82,2,CA1,EC,-0.0824484254460869,Control,canyons
123,A,126,82,2,CA1,EC,0.7867862248920716,Control,beaches
130,A,133,82,2,CA1,EC,0.2617546337095713,Control,deserts
138,A,141,82,2,CA1,EC,3.870043376889739,Control,canyons
150,A,153,82,2,CA1,EC,1.0250917287877954,Control,deserts
177,A,180,82,2,CA1,EC,-0.0181458329042592,Control,canyons
187,A,190,82,2,CA1,EC,0.8377904080582341,Control,beaches
193,A,196,82,2,CA1,EC,2.898282109456293,Control,deserts
197,A,200,82,2,CA1,EC,2.844152903308199,Control,beaches
203,A,206,82,2,CA1,EC,0.6831588716559297,Control,beaches
210,A,213,82,2,CA1,EC,0.8780143425702578,Control,deserts
216,A,219,82,2,CA1,EC,1.437189613068948,Control,canyons
236,A,239,82,2,CA1,EC,-0.0231442280457747,Control,deserts
8,A,11,82,3,CA1,EC,1.234867327112614,Control,beaches
19,A,22,82,3,CA1,EC,3.913089776694879,Control,deserts
27,A,30,82,3,CA1,EC,0.1890603315772197,Control,beaches
36,A,39,82,3,CA1,EC,0.6394025204025083,Control,deserts
43,A,46,82,3,CA1,EC,-1.850101513348324,Control,canyons
52,A,55,82,3,CA1,EC,0.0422204070507468,Control,beaches
62,A,65,82,3,CA1,EC,0.6903671791689068,Control,deserts
70,A,73,82,3,CA1,EC,1.1376667127581648,Control,deserts
78,A,81,82,3,CA1,EC,0.3001603255446578,Control,beaches
84,A,87,82,3,CA1,EC,0.1639172792964436,Control,deserts
91,A,94,82,3,CA1,EC,0.6620881769745793,Control,beaches
108,A,111,82,3,CA1,EC,0.8408792673325562,Control,deserts
122,A,125,82,3,CA1,EC,1.0348567839766318,Control,canyons
130,A,133,82,3,CA1,EC,0.3022393049434812,Control,canyons
135,A,138,82,3,CA1,EC,-0.5224681808669525,Control,beaches
160,A,163,82,3,CA1,EC,-2.790080011144908,Control,canyons
169,A,172,82,3,CA1,EC,-0.2328121709956747,Control,canyons
187,A,190,82,3,CA1,EC,0.2728515965534044,Control,deserts
198,A,201,82,3,CA1,EC,0.0028975982512439,Control,beaches
211,A,214,82,3,CA1,EC,-0.0072415742320793,Control,canyons
221,A,224,82,3,CA1,EC,1.3352670137520937,Control,canyons
12,A,15,82,4,CA1,EC,2.907244005808061,Control,canyons
28,A,31,82,4,CA1,EC,2.9084517483224457,Control,beaches
42,A,45,82,4,CA1,EC,0.1207825885145021,Control,deserts
56,A,59,82,4,CA1,EC,1.1219489529626696,Control,canyons
66,A,69,82,4,CA1,EC,-0.1690393243684469,Control,deserts
78,A,81,82,4,CA1,EC,-0.5494212545446819,Control,deserts
91,A,94,82,4,CA1,EC,0.8515040272573293,Control,beaches
105,A,108,82,4,CA1,EC,2.301411687901032,Control,canyons
114,A,117,82,4,CA1,EC,0.0422306900838112,Control,deserts
132,A,135,82,4,CA1,EC,0.0885078704365995,Control,canyons
139,A,142,82,4,CA1,EC,-0.0486052791682439,Control,canyons
155,A,158,82,4,CA1,EC,-0.6295956053001641,Control,beaches
166,A,169,82,4,CA1,EC,-0.0126891227102314,Control,beaches
176,A,179,82,4,CA1,EC,0.0477560649346421,Control,deserts
181,A,184,82,4,CA1,EC,-0.8562153949577325,Control,beaches
185,A,188,82,4,CA1,EC,-0.589076768283389,Control,canyons
195,A,198,82,4,CA1,EC,0.0356454896278554,Control,canyons
202,A,205,82,4,CA1,EC,2.53841349937116,Control,beaches
215,A,218,82,4,CA1,EC,1.3794167245788571,Control,deserts
219,A,222,82,4,CA1,EC,-0.1348627884587148,Control,beaches
224,A,227,82,4,CA1,EC,1.739662009396755,Control,deserts
20,A,23,83,2,CA1,EC,-0.2514029639242767,Control,bridges
29,A,32,83,2,CA1,EC,2.461583389136888,Control,bridges
35,A,38,83,2,CA1,EC,0.0216745888103666,Control,waterfalls
46,A,49,83,2,CA1,EC,-0.0843782534702516,Control,bridges
54,A,57,83,2,CA1,EC,-0.1135889504704096,Control,waterfalls
74,A,77,83,2,CA1,EC,0.2093872696896507,Control,bridges
85,A,88,83,2,CA1,EC,0.4733122464598625,Control,bridges
92,A,95,83,2,CA1,EC,3.4309994835653894,Control,waterfalls
104,A,107,83,2,CA1,EC,0.0606679445653374,Control,waterfalls
117,A,120,83,2,CA1,EC,-1.739576760417104,Control,mountains
140,A,143,83,2,CA1,EC,0.0899452923038332,Control,mountains
145,A,148,83,2,CA1,EC,0.0081924257206431,Control,bridges
150,A,153,83,2,CA1,EC,-0.5723103595970263,Control,mountains
156,A,159,83,2,CA1,EC,-0.2224048646808974,Control,waterfalls
178,A,181,83,2,CA1,EC,-0.5969168198203304,Control,mountains
188,A,191,83,2,CA1,EC,0.7310689943817207,Control,mountains
193,A,196,83,2,CA1,EC,-0.0369287609141944,Control,waterfalls
198,A,201,83,2,CA1,EC,0.1468841738530464,Control,mountains
208,A,211,83,2,CA1,EC,-0.6294554084039139,Control,mountains
225,A,228,83,2,CA1,EC,0.1969376939588285,Control,waterfalls
235,A,238,83,2,CA1,EC,0.2087280636714683,Control,bridges
8,A,11,83,3,CA1,EC,-0.0864593212857433,Control,waterfalls
18,A,21,83,3,CA1,EC,0.4604521682828903,Control,waterfalls
25,A,28,83,3,CA1,EC,0.6661050823131991,Control,mountains
31,A,34,83,3,CA1,EC,-0.486433755024571,Control,bridges
55,A,58,83,3,CA1,EC,-0.8621374677111058,Control,bridges
62,A,65,83,3,CA1,EC,-0.3225039062845721,Control,waterfalls
69,A,72,83,3,CA1,EC,-0.0409452275913447,Control,mountains
99,A,102,83,3,CA1,EC,1.9286967486453948,Control,bridges
110,A,113,83,3,CA1,EC,0.938777938379104,Control,waterfalls
119,A,122,83,3,CA1,EC,4.807029566122904,Control,bridges
123,A,126,83,3,CA1,EC,0.7726304550288757,Control,waterfalls
131,A,134,83,3,CA1,EC,0.0083323741809924,Control,bridges
135,A,138,83,3,CA1,EC,0.3054377320608923,Control,waterfalls
143,A,146,83,3,CA1,EC,-0.1729590719809905,Control,mountains
147,A,150,83,3,CA1,EC,1.6247377860883705,Control,waterfalls
176,A,179,83,3,CA1,EC,-0.7057549603991137,Control,bridges
185,A,188,83,3,CA1,EC,-0.7632748678485712,Control,mountains
195,A,198,83,3,CA1,EC,0.4938213450293454,Control,mountains
206,A,209,83,3,CA1,EC,-0.1294957458219389,Control,mountains
215,A,218,83,3,CA1,EC,0.9729745879648114,Control,mountains
229,A,232,83,3,CA1,EC,0.9400388195357982,Control,bridges
15,A,18,83,4,CA1,EC,-0.1026325270005187,Control,bridges
23,A,26,83,4,CA1,EC,0.2938261138749431,Control,bridges
39,A,42,83,4,CA1,EC,-3.054576890672074,Control,bridges
62,A,65,83,4,CA1,EC,0.3863448308165403,Control,waterfalls
70,A,73,83,4,CA1,EC,-0.0216656358955474,Control,waterfalls
77,A,80,83,4,CA1,EC,-0.4871218303614217,Control,mountains
89,A,92,83,4,CA1,EC,-0.2000915609365439,Control,waterfalls
110,A,113,83,4,CA1,EC,0.6070952881574252,Control,waterfalls
120,A,123,83,4,CA1,EC,0.0728620101157043,Control,bridges
129,A,132,83,4,CA1,EC,-1.494891202229699,Control,waterfalls
147,A,150,83,4,CA1,EC,-0.2509481169822163,Control,mountains
154,A,157,83,4,CA1,EC,2.5175826418394283,Control,bridges
158,A,161,83,4,CA1,EC,0.6105883793117018,Control,mountains
163,A,166,83,4,CA1,EC,-0.2147378082380257,Control,waterfalls
172,A,175,83,4,CA1,EC,-0.179891595422532,Control,mountains
177,A,180,83,4,CA1,EC,-0.9508543063876052,Control,waterfalls
196,A,199,83,4,CA1,EC,0.544500262965241,Control,mountains
214,A,217,83,4,CA1,EC,2.7229261946671346,Control,bridges
221,A,224,83,4,CA1,EC,-0.7953464896894457,Control,mountains
231,A,234,83,4,CA1,EC,-2.071231799285233,Control,bridges
238,A,241,83,4,CA1,EC,0.0426775654781082,Control,mountains
8,A,11,84,2,CA1,EC,-0.5275558800823977,Stress,forests
23,A,26,84,2,CA1,EC,1.4220556718171842,Stress,bridges
29,A,32,84,2,CA1,EC,0.4396086900629997,Stress,deserts
40,A,43,84,2,CA1,EC,-0.4245062391742549,Stress,forests
48,A,51,84,2,CA1,EC,2.780792692064132,Stress,forests
55,A,58,84,2,CA1,EC,-1.84051628675232,Stress,forests
64,A,67,84,2,CA1,EC,0.4096071460558932,Stress,deserts
73,A,76,84,2,CA1,EC,0.0869928164828796,Stress,bridges
103,A,106,84,2,CA1,EC,-0.3016743281280521,Stress,deserts
108,A,111,84,2,CA1,EC,0.0896773224295653,Stress,bridges
115,A,118,84,2,CA1,EC,-0.014122524314421,Stress,forests
127,A,130,84,2,CA1,EC,-0.3833174708782204,Stress,forests
135,A,138,84,2,CA1,EC,2.033152477268567,Stress,deserts
140,A,143,84,2,CA1,EC,0.334687507054683,Stress,bridges
152,A,155,84,2,CA1,EC,0.4735215403325707,Stress,deserts
172,A,175,84,2,CA1,EC,-0.1001360189053723,Stress,deserts
182,A,185,84,2,CA1,EC,-0.8352301037073911,Stress,bridges
199,A,202,84,2,CA1,EC,-0.2777474729833041,Stress,bridges
213,A,216,84,2,CA1,EC,0.8886152551335557,Stress,bridges
223,A,226,84,2,CA1,EC,0.0347273241169428,Stress,forests
233,A,236,84,2,CA1,EC,0.513919540478715,Stress,deserts
16,A,19,84,3,CA1,EC,-0.561464915467571,Stress,deserts
30,A,33,84,3,CA1,EC,0.0002934356129088,Stress,bridges
40,A,43,84,3,CA1,EC,0.56681119656849,Stress,deserts
49,A,52,84,3,CA1,EC,-0.6201003014413474,Stress,deserts
64,A,67,84,3,CA1,EC,-0.0104534511813924,Stress,bridges
71,A,74,84,3,CA1,EC,-7.305911345425537e-05,Stress,forests
86,A,89,84,3,CA1,EC,-0.00190841045518,Stress,bridges
92,A,95,84,3,CA1,EC,-0.0235976138214478,Stress,forests
102,A,105,84,3,CA1,EC,-1.077841759029623,Stress,bridges
106,A,109,84,3,CA1,EC,-1.896322030409112,Stress,deserts
116,A,119,84,3,CA1,EC,-0.2022853113999051,Stress,deserts
123,A,126,84,3,CA1,EC,0.01841195542089,Stress,bridges
127,A,130,84,3,CA1,EC,2.1555681685140824,Stress,forests
149,A,152,84,3,CA1,EC,-0.1779777797690115,Stress,deserts
161,A,164,84,3,CA1,EC,0.2731799574910633,Stress,forests
166,A,169,84,3,CA1,EC,-0.1128733969709614,Stress,deserts
192,A,195,84,3,CA1,EC,0.5257997004084729,Stress,forests
209,A,212,84,3,CA1,EC,-0.078494958034851,Stress,forests
216,A,219,84,3,CA1,EC,-2.1876454892396,Stress,forests
226,A,229,84,3,CA1,EC,0.8616201867347975,Stress,bridges
235,A,238,84,3,CA1,EC,8.49504594124179,Stress,bridges
5,A,8,84,4,CA1,EC,0.0212013540349095,Stress,forests
18,A,21,84,4,CA1,EC,0.9608578007681788,Stress,deserts
23,A,26,84,4,CA1,EC,0.2017957125209003,Stress,forests
31,A,34,84,4,CA1,EC,0.5950985309434534,Stress,deserts
43,A,46,84,4,CA1,EC,0.0417257807245444,Stress,deserts
60,A,63,84,4,CA1,EC,0.1953472344115479,Stress,forests
74,A,77,84,4,CA1,EC,0.4212698148781617,Stress,bridges
83,A,86,84,4,CA1,EC,-1.2955788458546298,Stress,bridges
89,A,92,84,4,CA1,EC,0.7291446154502877,Stress,deserts
93,A,96,84,4,CA1,EC,0.4105974035957302,Stress,bridges
125,A,128,84,4,CA1,EC,3.21051947206286,Stress,deserts
133,A,136,84,4,CA1,EC,0.4414610794357176,Stress,bridges
151,A,154,84,4,CA1,EC,1.346649205342901,Stress,deserts
163,A,166,84,4,CA1,EC,0.2211209446517817,Stress,bridges
171,A,174,84,4,CA1,EC,-0.1134095997933578,Stress,forests
177,A,180,84,4,CA1,EC,-0.0667800348411771,Stress,bridges
190,A,193,84,4,CA1,EC,0.071741034976792,Stress,forests
195,A,198,84,4,CA1,EC,-0.0013241938418346,Stress,bridges
203,A,206,84,4,CA1,EC,0.5847875374169466,Stress,forests
225,A,228,84,4,CA1,EC,-0.3615844951265844,Stress,forests
234,A,237,84,4,CA1,EC,-0.916968181002996,Stress,deserts
28,A,31,85,2,CA1,EC,-0.0474621037842634,Stress,lighthouses
42,A,45,85,2,CA1,EC,-0.1465191839079857,Stress,parks
47,A,50,85,2,CA1,EC,-0.0670248198824509,Stress,lighthouses
57,A,60,85,2,CA1,EC,2.8771393414275326,Stress,parks
70,A,73,85,2,CA1,EC,-0.7773482267010359,Stress,bridges
75,A,78,85,2,CA1,EC,-0.0188709709087086,Stress,lighthouses
82,A,85,85,2,CA1,EC,-2.037809813388228,Stress,bridges
103,A,106,85,2,CA1,EC,0.0011234633568051,Stress,bridges
111,A,114,85,2,CA1,EC,0.0048957051268729,Stress,lighthouses
117,A,120,85,2,CA1,EC,-0.0104758809331818,Stress,bridges
124,A,127,85,2,CA1,EC,0.3218429722026201,Stress,parks
132,A,135,85,2,CA1,EC,1.2809959526535142,Stress,lighthouses
150,A,153,85,2,CA1,EC,0.491187493645033,Stress,bridges
155,A,158,85,2,CA1,EC,0.3628880159492377,Stress,lighthouses
161,A,164,85,2,CA1,EC,-0.8581132905741713,Stress,parks
179,A,182,85,2,CA1,EC,0.2258745789775986,Stress,parks
185,A,188,85,2,CA1,EC,-0.0486156648753932,Stress,bridges
198,A,201,85,2,CA1,EC,-0.1931467213279418,Stress,bridges
209,A,212,85,2,CA1,EC,-0.0752495278810296,Stress,parks
216,A,219,85,2,CA1,EC,-0.1812620122956333,Stress,lighthouses
235,A,238,85,2,CA1,EC,0.1387584401801818,Stress,parks
9,A,12,85,3,CA1,EC,-0.0013971830127032,Stress,lighthouses
15,A,18,85,3,CA1,EC,-0.0902839121273847,Stress,bridges
20,A,23,85,3,CA1,EC,0.6610853506696607,Stress,parks
49,A,52,85,3,CA1,EC,-0.1352679751821959,Stress,lighthouses
54,A,57,85,3,CA1,EC,0.065851030067834,Stress,parks
70,A,73,85,3,CA1,EC,-1.0679094345783486,Stress,bridges
81,A,84,85,3,CA1,EC,0.380218329506223,Stress,bridges
89,A,92,85,3,CA1,EC,0.3548541288579235,Stress,parks
95,A,98,85,3,CA1,EC,-0.080950719297346,Stress,bridges
112,A,115,85,3,CA1,EC,-0.0489821360021795,Stress,parks
117,A,120,85,3,CA1,EC,0.3960126135026892,Stress,lighthouses
135,A,138,85,3,CA1,EC,-1.6466795134661194,Stress,bridges
140,A,143,85,3,CA1,EC,-0.6122622278547479,Stress,lighthouses
149,A,152,85,3,CA1,EC,-0.1009464807929222,Stress,lighthouses
153,A,156,85,3,CA1,EC,-0.0283779107862988,Stress,bridges
157,A,160,85,3,CA1,EC,0.2412806506104416,Stress,parks
166,A,169,85,3,CA1,EC,-0.326983830801771,Stress,bridges
172,A,175,85,3,CA1,EC,0.78500608460487,Stress,lighthouses
186,A,189,85,3,CA1,EC,1.9411968054881683,Stress,parks
198,A,201,85,3,CA1,EC,-0.8001103219216869,Stress,parks
229,A,232,85,3,CA1,EC,0.1686720599084743,Stress,lighthouses
7,A,10,85,4,CA1,EC,-0.1700212470730596,Stress,bridges
18,A,21,85,4,CA1,EC,-0.087938411142231,Stress,lighthouses
27,A,30,85,4,CA1,EC,-0.1572842168345381,Stress,parks
33,A,36,85,4,CA1,EC,0.0011308386761008,Stress,lighthouses
50,A,53,85,4,CA1,EC,0.340438035731945,Stress,lighthouses
55,A,58,85,4,CA1,EC,0.0347733928791783,Stress,bridges
60,A,63,85,4,CA1,EC,0.6877238586542953,Stress,lighthouses
72,A,75,85,4,CA1,EC,0.1269449450365103,Stress,parks
95,A,98,85,4,CA1,EC,1.127600379570042,Stress,parks
103,A,106,85,4,CA1,EC,-0.0159921217865543,Stress,parks
107,A,110,85,4,CA1,EC,0.5228913860944963,Stress,bridges
117,A,120,85,4,CA1,EC,0.0229532139932217,Stress,bridges
140,A,143,85,4,CA1,EC,0.0082298405862281,Stress,lighthouses
156,A,159,85,4,CA1,EC,1.8251971238302065,Stress,lighthouses
165,A,168,85,4,CA1,EC,0.6435546801171751,Stress,parks
174,A,177,85,4,CA1,EC,0.4747869606551365,Stress,bridges
185,A,188,85,4,CA1,EC,1.708242194609428,Stress,parks
200,A,203,85,4,CA1,EC,0.0592914366624073,Stress,bridges
209,A,212,85,4,CA1,EC,-0.2711180326047107,Stress,bridges
222,A,225,85,4,CA1,EC,0.0263735760852427,Stress,lighthouses
229,A,232,85,4,CA1,EC,0.1222426583035956,Stress,parks
5,A,8,86,2,CA1,EC,0.7663538251324106,Control,mountains
12,A,15,86,2,CA1,EC,1.5115782731559464,Control,waterfalls
25,A,28,86,2,CA1,EC,-1.0664974462716028,Control,waterfalls
29,A,32,86,2,CA1,EC,0.7920534821459027,Control,lakes
47,A,50,86,2,CA1,EC,0.0871629651562434,Control,mountains
56,A,59,86,2,CA1,EC,-0.4444519626754471,Control,mountains
67,A,70,86,2,CA1,EC,-0.2553028758973988,Control,waterfalls
73,A,76,86,2,CA1,EC,-1.4437065228711965,Control,lakes
88,A,91,86,2,CA1,EC,0.6415636578744532,Control,lakes
111,A,114,86,2,CA1,EC,-0.0644044856639536,Control,mountains
124,A,127,86,2,CA1,EC,1.3428349892284328,Control,mountains
140,A,143,86,2,CA1,EC,-0.0544282057242708,Control,lakes
146,A,149,86,2,CA1,EC,-0.2343210626473412,Control,waterfalls
157,A,160,86,2,CA1,EC,0.4507240580486749,Control,lakes
168,A,171,86,2,CA1,EC,-0.5963435289006723,Control,mountains
176,A,179,86,2,CA1,EC,-0.7686049528366022,Control,lakes
191,A,194,86,2,CA1,EC,-0.6233704687213061,Control,waterfalls
197,A,200,86,2,CA1,EC,0.0003030681602539,Control,mountains
210,A,213,86,2,CA1,EC,0.3385857989445003,Control,lakes
217,A,220,86,2,CA1,EC,-0.3038556289831406,Control,waterfalls
227,A,230,86,2,CA1,EC,0.1989585780717812,Control,waterfalls
5,A,8,86,3,CA1,EC,-0.5563854672926776,Control,waterfalls
22,A,25,86,3,CA1,EC,-0.4859865180500624,Control,waterfalls
33,A,36,86,3,CA1,EC,-0.5528135516819267,Control,mountains
38,A,41,86,3,CA1,EC,-0.025359570298652,Control,lakes
46,A,49,86,3,CA1,EC,-0.6392592044027,Control,mountains
57,A,60,86,3,CA1,EC,1.962052066626976,Control,mountains
66,A,69,86,3,CA1,EC,0.0014180676139906,Control,lakes
81,A,84,86,3,CA1,EC,0.2185216293209446,Control,waterfalls
87,A,90,86,3,CA1,EC,-0.1829909468456288,Control,lakes
98,A,101,86,3,CA1,EC,-1.9443646791051277,Control,waterfalls
111,A,114,86,3,CA1,EC,0.1309218568361424,Control,waterfalls
120,A,123,86,3,CA1,EC,-1.1011825738566192,Control,lakes
126,A,129,86,3,CA1,EC,-0.5051461378513041,Control,mountains
138,A,141,86,3,CA1,EC,-0.2948819939378799,Control,mountains
148,A,151,86,3,CA1,EC,4.396867127351739,Control,lakes
194,A,197,86,3,CA1,EC,-0.0170330217828909,Control,mountains
202,A,205,86,3,CA1,EC,-0.1114822294414569,Control,waterfalls
209,A,212,86,3,CA1,EC,0.5812733571890948,Control,mountains
216,A,219,86,3,CA1,EC,-0.0100862738597677,Control,lakes
226,A,229,86,3,CA1,EC,-0.0001129737987193,Control,waterfalls
236,A,239,86,3,CA1,EC,1.7379929975483872,Control,lakes
11,A,14,86,4,CA1,EC,-0.4509343448648557,Control,mountains
25,A,28,86,4,CA1,EC,0.3311034267210477,Control,lakes
31,A,34,86,4,CA1,EC,-0.1829774262964275,Control,waterfalls
38,A,41,86,4,CA1,EC,-1.060976932234026,Control,lakes
46,A,49,86,4,CA1,EC,0.0918089764315058,Control,waterfalls
63,A,66,86,4,CA1,EC,0.0069856924723091,Control,lakes
78,A,81,86,4,CA1,EC,0.0054228906453541,Control,waterfalls
83,A,86,86,4,CA1,EC,-0.0939771215064967,Control,lakes
114,A,117,86,4,CA1,EC,-1.115616069294983,Control,mountains
128,A,131,86,4,CA1,EC,-1.2497562902433996,Control,lakes
137,A,140,86,4,CA1,EC,0.470417148857681,Control,waterfalls
145,A,148,86,4,CA1,EC,0.1857817742524666,Control,mountains
157,A,160,86,4,CA1,EC,0.0464095948895122,Control,mountains
164,A,167,86,4,CA1,EC,-0.6758407515553173,Control,waterfalls
176,A,179,86,4,CA1,EC,-0.9792066198616348,Control,waterfalls
198,A,201,86,4,CA1,EC,1.3860601779476205,Control,waterfalls
204,A,207,86,4,CA1,EC,0.0212114078267842,Control,lakes
208,A,211,86,4,CA1,EC,0.0895432714085788,Control,mountains
223,A,226,86,4,CA1,EC,0.0015330761488279,Control,mountains
229,A,232,86,4,CA1,EC,0.4110423921954748,Control,lakes
235,A,238,86,4,CA1,EC,1.0932412808661902,Control,mountains
11,A,14,87,2,CA1,EC,-0.1089483945165021,Control,mountains
19,A,22,87,2,CA1,EC,-0.97062803970639,Control,canyons
25,A,28,87,2,CA1,EC,1.9790961672027088,Control,mountains
34,A,37,87,2,CA1,EC,0.6077848271736446,Control,marshes
51,A,54,87,2,CA1,EC,3.217592992074486,Control,marshes
68,A,71,87,2,CA1,EC,1.134100454103484,Control,mountains
75,A,78,87,2,CA1,EC,0.7195163772816596,Control,marshes
85,A,88,87,2,CA1,EC,0.1668174251543545,Control,mountains
94,A,97,87,2,CA1,EC,-0.126502628446559,Control,canyons
108,A,111,87,2,CA1,EC,1.5674355693557602,Control,mountains
119,A,122,87,2,CA1,EC,0.0060083769751641,Control,canyons
133,A,136,87,2,CA1,EC,0.8042535951542531,Control,canyons
152,A,155,87,2,CA1,EC,-0.0258364092056955,Control,marshes
160,A,163,87,2,CA1,EC,0.8136532420652826,Control,canyons
174,A,177,87,2,CA1,EC,0.7656269667450744,Control,canyons
192,A,195,87,2,CA1,EC,-0.9971511567665186,Control,mountains
197,A,200,87,2,CA1,EC,0.0731352709364413,Control,marshes
203,A,206,87,2,CA1,EC,-0.1493471563362269,Control,canyons
219,A,222,87,2,CA1,EC,0.3706684584840625,Control,marshes
229,A,232,87,2,CA1,EC,-0.3659055202365803,Control,mountains
236,A,239,87,2,CA1,EC,-0.0057258113162994,Control,marshes
12,A,15,87,3,CA1,EC,0.862919442175534,Control,mountains
22,A,25,87,3,CA1,EC,-0.0059163837106711,Control,mountains
28,A,31,87,3,CA1,EC,-0.2710683679040099,Control,canyons
35,A,38,87,3,CA1,EC,-3.015000139698814,Control,mountains
48,A,51,87,3,CA1,EC,0.92594004951292,Control,canyons
57,A,60,87,3,CA1,EC,1.395566143954657,Control,mountains
63,A,66,87,3,CA1,EC,-0.0022633215408864,Control,canyons
85,A,88,87,3,CA1,EC,0.1799420933598318,Control,mountains
100,A,103,87,3,CA1,EC,0.4297722979370854,Control,marshes
106,A,109,87,3,CA1,EC,0.006969473411711,Control,canyons
115,A,118,87,3,CA1,EC,-0.0854967325053507,Control,marshes
128,A,131,87,3,CA1,EC,-0.2222582303951147,Control,marshes
134,A,137,87,3,CA1,EC,-0.1097405116547377,Control,canyons
141,A,144,87,3,CA1,EC,-0.2149847033704413,Control,mountains
167,A,170,87,3,CA1,EC,0.0123620806161284,Control,marshes
173,A,176,87,3,CA1,EC,-0.0113363660672863,Control,mountains
177,A,180,87,3,CA1,EC,-0.1782737852310457,Control,canyons
190,A,193,87,3,CA1,EC,-0.0742684973920757,Control,canyons
200,A,203,87,3,CA1,EC,-0.1868071862164412,Control,marshes
214,A,217,87,3,CA1,EC,-3.644148937871691,Control,marshes
229,A,232,87,3,CA1,EC,-0.0296103101143404,Control,marshes
18,A,21,87,4,CA1,EC,-2.700517413532028,Control,mountains
29,A,32,87,4,CA1,EC,-0.6107040408453832,Control,marshes
43,A,46,87,4,CA1,EC,-0.6422083333072649,Control,canyons
54,A,57,87,4,CA1,EC,0.9977666028186192,Control,mountains
63,A,66,87,4,CA1,EC,0.1498043353719824,Control,marshes
71,A,74,87,4,CA1,EC,-0.528616347247412,Control,canyons
76,A,79,87,4,CA1,EC,-0.1874124539352035,Control,marshes
97,A,100,87,4,CA1,EC,-0.2236811279874445,Control,mountains
101,A,104,87,4,CA1,EC,0.4212596220405015,Control,canyons
109,A,112,87,4,CA1,EC,-1.7437555640198712,Control,canyons
118,A,121,87,4,CA1,EC,0.1745202012526578,Control,marshes
124,A,127,87,4,CA1,EC,0.0051454652874199,Control,mountains
132,A,135,87,4,CA1,EC,-0.1779616571146252,Control,marshes
136,A,139,87,4,CA1,EC,-0.1285360945095227,Control,canyons
153,A,156,87,4,CA1,EC,-1.6133713718200322,Control,marshes
172,A,175,87,4,CA1,EC,0.6013113119841067,Control,mountains
186,A,189,87,4,CA1,EC,-0.8048725879813412,Control,marshes
193,A,196,87,4,CA1,EC,0.5845453554394655,Control,canyons
207,A,210,87,4,CA1,EC,-0.0667360315256606,Control,canyons
219,A,222,87,4,CA1,EC,-2.861844171589102,Control,mountains
237,A,240,87,4,CA1,EC,0.1012450711953116,Control,mountains
13,A,16,88,2,CA1,EC,0.3578753363811117,Stress,parks
19,A,22,88,2,CA1,EC,-0.0059386717944752,Stress,canyons
32,A,35,88,2,CA1,EC,1.367784746143713,Stress,fields
41,A,44,88,2,CA1,EC,-0.0422079670724922,Stress,fields
48,A,51,88,2,CA1,EC,-0.123142755212048,Stress,fields
56,A,59,88,2,CA1,EC,2.7115989487999177,Stress,parks
71,A,74,88,2,CA1,EC,3.249182271350015,Stress,fields
76,A,79,88,2,CA1,EC,-2.4333166047188595,Stress,canyons
86,A,89,88,2,CA1,EC,-0.0338742871312018,Stress,canyons
94,A,97,88,2,CA1,EC,1.2516600492740333,Stress,fields
106,A,109,88,2,CA1,EC,-0.0169017990039426,Stress,parks
129,A,132,88,2,CA1,EC,-0.0180857621049919,Stress,parks
136,A,139,88,2,CA1,EC,1.1532661987279236,Stress,canyons
148,A,151,88,2,CA1,EC,-0.0468988349068505,Stress,canyons
154,A,157,88,2,CA1,EC,-1.046099417386658,Stress,parks
189,A,192,88,2,CA1,EC,-0.1766166658553748,Stress,parks
201,A,204,88,2,CA1,EC,-0.2117551511653137,Stress,canyons
208,A,211,88,2,CA1,EC,2.3526109069070933,Stress,fields
219,A,222,88,2,CA1,EC,0.4971701952827025,Stress,canyons
225,A,228,88,2,CA1,EC,4.250398876951405,Stress,parks
230,A,233,88,2,CA1,EC,1.4350241756259183,Stress,fields
11,A,14,88,3,CA1,EC,0.0028625848127784,Stress,fields
20,A,23,88,3,CA1,EC,-0.1614338032872311,Stress,canyons
44,A,47,88,3,CA1,EC,0.3278770238285379,Stress,parks
51,A,54,88,3,CA1,EC,0.3803559909697444,Stress,fields
57,A,60,88,3,CA1,EC,-0.197691043038115,Stress,canyons
69,A,72,88,3,CA1,EC,0.795976780664863,Stress,canyons
79,A,82,88,3,CA1,EC,0.4141038615410591,Stress,parks
93,A,96,88,3,CA1,EC,0.2628107434740219,Stress,canyons
106,A,109,88,3,CA1,EC,-0.0086311773235259,Stress,fields
114,A,117,88,3,CA1,EC,1.3042986067410445,Stress,parks
120,A,123,88,3,CA1,EC,0.1861127310912988,Stress,fields
124,A,127,88,3,CA1,EC,0.8275009322483845,Stress,canyons
131,A,134,88,3,CA1,EC,-0.9427399282587176,Stress,parks
153,A,156,88,3,CA1,EC,0.1732001141042023,Stress,fields
159,A,162,88,3,CA1,EC,-0.2171984269885059,Stress,canyons
165,A,168,88,3,CA1,EC,0.4706912389099585,Stress,parks
183,A,186,88,3,CA1,EC,0.0397966600260645,Stress,parks
194,A,197,88,3,CA1,EC,1.3347342914507578,Stress,fields
209,A,212,88,3,CA1,EC,-1.177265233421833,Stress,canyons
230,A,233,88,3,CA1,EC,-1.182579726598491,Stress,fields
234,A,237,88,3,CA1,EC,1.8559864343658743,Stress,parks
5,A,8,88,4,CA1,EC,2.179368941088772,Stress,parks
15,A,18,88,4,CA1,EC,-0.5438189060552934,Stress,canyons
19,A,22,88,4,CA1,EC,-0.5951478875071663,Stress,fields
28,A,31,88,4,CA1,EC,0.0156084746814224,Stress,fields
41,A,44,88,4,CA1,EC,0.592479079599506,Stress,fields
46,A,49,88,4,CA1,EC,-0.5399261350736891,Stress,canyons
54,A,57,88,4,CA1,EC,0.3777487737986878,Stress,canyons
62,A,65,88,4,CA1,EC,0.3401170968117164,Stress,parks
72,A,75,88,4,CA1,EC,0.0055246788777208,Stress,canyons
89,A,92,88,4,CA1,EC,0.6062856653380182,Stress,parks
98,A,101,88,4,CA1,EC,1.258963182365286,Stress,parks
115,A,118,88,4,CA1,EC,-0.5656828019881047,Stress,parks
120,A,123,88,4,CA1,EC,0.6056270960679677,Stress,fields
126,A,129,88,4,CA1,EC,0.3310398919644647,Stress,parks
133,A,136,88,4,CA1,EC,-0.0280383396634513,Stress,canyons
147,A,150,88,4,CA1,EC,0.1119217721757597,Stress,canyons
174,A,177,88,4,CA1,EC,-0.0005826302836885,Stress,fields
181,A,184,88,4,CA1,EC,-0.8796019092050509,Stress,fields
199,A,202,88,4,CA1,EC,1.5851981465748732,Stress,parks
209,A,212,88,4,CA1,EC,1.6828485704734266,Stress,canyons
231,A,234,88,4,CA1,EC,0.0122735862258964,Stress,fields
14,A,17,89,2,CA1,EC,0.4590464294248288,Control,beaches
21,A,24,89,2,CA1,EC,-0.0086725016604118,Control,deserts
29,A,32,89,2,CA1,EC,0.0900615084514024,Control,deserts
51,A,54,89,2,CA1,EC,0.1684084695547781,Control,beaches
58,A,61,89,2,CA1,EC,0.1492293512896663,Control,bridges
64,A,67,89,2,CA1,EC,1.0040375373249135,Control,deserts
73,A,76,89,2,CA1,EC,0.0148549808643152,Control,bridges
81,A,84,89,2,CA1,EC,-0.0492960322884583,Control,beaches
97,A,100,89,2,CA1,EC,0.2371428636327238,Control,deserts
102,A,105,89,2,CA1,EC,0.2432573447327079,Control,beaches
114,A,117,89,2,CA1,EC,-0.0840461338141322,Control,beaches
127,A,130,89,2,CA1,EC,0.6520131055117315,Control,beaches
136,A,139,89,2,CA1,EC,0.1790344418279396,Control,deserts
143,A,146,89,2,CA1,EC,0.6680680259092374,Control,deserts
151,A,154,89,2,CA1,EC,0.2330806879636238,Control,bridges
181,A,184,89,2,CA1,EC,-1.6221849469810363,Control,bridges
189,A,192,89,2,CA1,EC,-0.4420781111479557,Control,deserts
198,A,201,89,2,CA1,EC,-0.4887989449501232,Control,bridges
212,A,215,89,2,CA1,EC,-0.1036886107848069,Control,beaches
219,A,222,89,2,CA1,EC,0.3285571938361795,Control,bridges
235,A,238,89,2,CA1,EC,-0.722206241971585,Control,bridges
7,A,10,89,3,CA1,EC,0.0409505499946545,Control,beaches
28,A,31,89,3,CA1,EC,0.0419892437541222,Control,bridges
35,A,38,89,3,CA1,EC,-0.0008569750170018,Control,bridges
45,A,48,89,3,CA1,EC,0.742828394154521,Control,beaches
53,A,56,89,3,CA1,EC,0.1155657325320333,Control,beaches
65,A,68,89,3,CA1,EC,0.7277799760253504,Control,bridges
79,A,82,89,3,CA1,EC,-0.0170549479687522,Control,bridges
87,A,90,89,3,CA1,EC,0.9476103217240968,Control,deserts
111,A,114,89,3,CA1,EC,0.0900137318656884,Control,beaches
124,A,127,89,3,CA1,EC,-1.0515245284016197,Control,bridges
128,A,131,89,3,CA1,EC,1.293608006696517,Control,deserts
139,A,142,89,3,CA1,EC,0.6155148356452627,Control,beaches
145,A,148,89,3,CA1,EC,1.119233001933945,Control,deserts
159,A,162,89,3,CA1,EC,-0.6127531482350247,Control,deserts
167,A,170,89,3,CA1,EC,-0.2137946071624371,Control,beaches
173,A,176,89,3,CA1,EC,-0.0392050487506294,Control,bridges
183,A,186,89,3,CA1,EC,-0.078722928681413,Control,deserts
193,A,196,89,3,CA1,EC,-0.0828865859642028,Control,bridges
208,A,211,89,3,CA1,EC,0.2824657076822509,Control,beaches
220,A,223,89,3,CA1,EC,4.20360094220286,Control,deserts
229,A,232,89,3,CA1,EC,1.1872704495289743,Control,deserts
8,A,11,89,4,CA1,EC,-0.1105671882852411,Control,bridges
14,A,17,89,4,CA1,EC,1.0061579066589417,Control,beaches
37,A,40,89,4,CA1,EC,0.0116756604429908,Control,bridges
42,A,45,89,4,CA1,EC,1.3365221812202095,Control,deserts
62,A,65,89,4,CA1,EC,1.767941360046089,Control,beaches
75,A,78,89,4,CA1,EC,-0.2250730619576141,Control,bridges
81,A,84,89,4,CA1,EC,0.159631542601367,Control,deserts
90,A,93,89,4,CA1,EC,-1.4431351675637714,Control,beaches
94,A,97,89,4,CA1,EC,-0.5734127615121275,Control,bridges
107,A,110,89,4,CA1,EC,1.3591031921487715,Control,bridges
120,A,123,89,4,CA1,EC,-0.3185199914123239,Control,beaches
136,A,139,89,4,CA1,EC,0.0858550669214684,Control,deserts
145,A,148,89,4,CA1,EC,0.6092455424513521,Control,deserts
164,A,167,89,4,CA1,EC,-0.2347657044533558,Control,deserts
183,A,186,89,4,CA1,EC,-0.6407139026985721,Control,beaches
190,A,193,89,4,CA1,EC,-0.1154541793693798,Control,bridges
202,A,205,89,4,CA1,EC,-0.1885258474295397,Control,deserts
209,A,212,89,4,CA1,EC,-0.2021740860504065,Control,beaches
214,A,217,89,4,CA1,EC,-0.0074813853052321,Control,deserts
230,A,233,89,4,CA1,EC,0.5243610113180253,Control,beaches
237,A,240,89,4,CA1,EC,0.004001328594844,Control,bridges
5,A,8,90,2,CA1,EC,0.4198140683200961,Stress,mountains
35,A,38,90,2,CA1,EC,-0.6198796471907657,Stress,beaches
47,A,50,90,2,CA1,EC,1.6467929464230897,Stress,mountains
57,A,60,90,2,CA1,EC,-2.356501744234837,Stress,beaches
64,A,67,90,2,CA1,EC,1.7744616724595863,Stress,mountains
82,A,85,90,2,CA1,EC,0.7228264512877245,Stress,beaches
90,A,93,90,2,CA1,EC,-0.2289322666583593,Stress,canyons
102,A,105,90,2,CA1,EC,3.903989725763302,Stress,canyons
113,A,116,90,2,CA1,EC,1.3500217599910758,Stress,beaches
120,A,123,90,2,CA1,EC,0.998421120166368,Stress,beaches
130,A,133,90,2,CA1,EC,-0.0112780412531792,Stress,canyons
149,A,152,90,2,CA1,EC,2.6652704282944817,Stress,mountains
158,A,161,90,2,CA1,EC,-0.4647114825913268,Stress,beaches
163,A,166,90,2,CA1,EC,0.1005643174622887,Stress,canyons
174,A,177,90,2,CA1,EC,0.3785290045828734,Stress,canyons
180,A,183,90,2,CA1,EC,0.524015419043688,Stress,mountains
198,A,201,90,2,CA1,EC,-0.4174810672134165,Stress,canyons
210,A,213,90,2,CA1,EC,-0.9724317501879416,Stress,mountains
226,A,229,90,2,CA1,EC,-0.1236704689048847,Stress,beaches
231,A,234,90,2,CA1,EC,-0.4419034963266254,Stress,canyons
236,A,239,90,2,CA1,EC,-0.069953389953678,Stress,mountains
11,A,14,90,3,CA1,EC,0.454943597962367,Stress,canyons
22,A,25,90,3,CA1,EC,-0.4591722582721639,Stress,mountains
29,A,32,90,3,CA1,EC,-0.2038277004225573,Stress,mountains
38,A,41,90,3,CA1,EC,-0.4917214927139058,Stress,canyons
48,A,51,90,3,CA1,EC,-0.0021433760232246,Stress,canyons
59,A,62,90,3,CA1,EC,-0.424806354355275,Stress,beaches
64,A,67,90,3,CA1,EC,0.2175597446964723,Stress,mountains
73,A,76,90,3,CA1,EC,0.239812620555943,Stress,beaches
87,A,90,90,3,CA1,EC,-0.1218736207073872,Stress,canyons
105,A,108,90,3,CA1,EC,0.2008125256009807,Stress,canyons
110,A,113,90,3,CA1,EC,1.3540898026158643,Stress,beaches
129,A,132,90,3,CA1,EC,1.0261866007178166,Stress,mountains
146,A,149,90,3,CA1,EC,0.0829211278503969,Stress,canyons
156,A,159,90,3,CA1,EC,6.188839951727145,Stress,beaches
172,A,175,90,3,CA1,EC,-0.0181850027103335,Stress,mountains
198,A,201,90,3,CA1,EC,1.0945370915384225,Stress,beaches
209,A,212,90,3,CA1,EC,1.2471563480570027,Stress,beaches
215,A,218,90,3,CA1,EC,0.7766450901809218,Stress,mountains
223,A,226,90,3,CA1,EC,-0.2134663575038057,Stress,mountains
227,A,230,90,3,CA1,EC,2.34170478328664,Stress,canyons
234,A,237,90,3,CA1,EC,-0.3468850466335202,Stress,beaches
11,A,14,90,4,CA1,EC,3.8286959170491786,Stress,mountains
53,A,56,90,4,CA1,EC,0.1774014368235928,Stress,beaches
63,A,66,90,4,CA1,EC,-0.0128005099072549,Stress,canyons
70,A,73,90,4,CA1,EC,0.3490691440212809,Stress,canyons
79,A,82,90,4,CA1,EC,-0.2971429507966536,Stress,beaches
86,A,89,90,4,CA1,EC,0.4757536900237736,Stress,mountains
91,A,94,90,4,CA1,EC,-3.097943807282778,Stress,beaches
96,A,99,90,4,CA1,EC,0.4515967885048685,Stress,canyons
108,A,111,90,4,CA1,EC,3.106276272631074,Stress,canyons
114,A,117,90,4,CA1,EC,0.3679715654341542,Stress,mountains
129,A,132,90,4,CA1,EC,-2.328120952548852,Stress,beaches
140,A,143,90,4,CA1,EC,0.0013287055016271,Stress,mountains
151,A,154,90,4,CA1,EC,0.0362557548857911,Stress,mountains
169,A,172,90,4,CA1,EC,-0.1003869481125319,Stress,mountains
178,A,181,90,4,CA1,EC,-0.1050447976621774,Stress,beaches
195,A,198,90,4,CA1,EC,-0.915845604208428,Stress,canyons
205,A,208,90,4,CA1,EC,0.0030133411049494,Stress,beaches
210,A,213,90,4,CA1,EC,0.0600279616639519,Stress,canyons
217,A,220,90,4,CA1,EC,0.0041125106457684,Stress,canyons
226,A,229,90,4,CA1,EC,-0.1022334686775689,Stress,mountains
230,A,233,90,4,CA1,EC,0.2086956749520698,Stress,beaches
12,A,15,91,2,CA1,EC,-6.984269604754681,Control,lakes
21,A,24,91,2,CA1,EC,0.2647953040821233,Control,marshes
32,A,35,91,2,CA1,EC,-0.0446288363244133,Control,marshes
52,A,55,91,2,CA1,EC,-1.216151907756981,Control,bridges
65,A,68,91,2,CA1,EC,0.926854915632378,Control,bridges
70,A,73,91,2,CA1,EC,-0.4660755058630033,Control,lakes
87,A,90,91,2,CA1,EC,0.0005021601046036,Control,bridges
98,A,101,91,2,CA1,EC,1.7296533456123948,Control,lakes
106,A,109,91,2,CA1,EC,-2.0944537708668047,Control,bridges
121,A,124,91,2,CA1,EC,0.2628234289131894,Control,lakes
129,A,132,91,2,CA1,EC,0.2925932846079273,Control,bridges
144,A,147,91,2,CA1,EC,0.4873089266427159,Control,lakes
153,A,156,91,2,CA1,EC,4.134068233445644,Control,bridges
158,A,161,91,2,CA1,EC,0.222334874772195,Control,marshes
171,A,174,91,2,CA1,EC,0.0029690543286037,Control,marshes
179,A,182,91,2,CA1,EC,2.2397448313825548,Control,marshes
194,A,197,91,2,CA1,EC,-0.0002811512746942,Control,bridges
198,A,201,91,2,CA1,EC,-2.079931897723468,Control,lakes
220,A,223,91,2,CA1,EC,-0.0026569034558608,Control,lakes
225,A,228,91,2,CA1,EC,0.3968044384329494,Control,marshes
233,A,236,91,2,CA1,EC,0.1971101106375908,Control,marshes
5,A,8,91,3,CA1,EC,-0.4137304008564874,Control,lakes
23,A,26,91,3,CA1,EC,0.8024511927121732,Control,bridges
32,A,35,91,3,CA1,EC,0.3261601782558,Control,lakes
48,A,51,91,3,CA1,EC,-0.1946662289008048,Control,lakes
58,A,61,91,3,CA1,EC,0.1410113342055215,Control,bridges
72,A,75,91,3,CA1,EC,0.0026779087755702,Control,lakes
96,A,99,91,3,CA1,EC,0.0050744342458516,Control,marshes
102,A,105,91,3,CA1,EC,0.0500899664569057,Control,lakes
109,A,112,91,3,CA1,EC,0.1838775105817933,Control,marshes
114,A,117,91,3,CA1,EC,0.3131188400972591,Control,bridges
128,A,131,91,3,CA1,EC,-0.0690894295807442,Control,bridges
143,A,146,91,3,CA1,EC,-0.0333112925182516,Control,lakes
160,A,163,91,3,CA1,EC,1.4611927744518094,Control,marshes
166,A,169,91,3,CA1,EC,-0.1739496295221237,Control,lakes
172,A,175,91,3,CA1,EC,-1.2125762703021248,Control,marshes
181,A,184,91,3,CA1,EC,-0.1227965987946295,Control,bridges
200,A,203,91,3,CA1,EC,-0.2479971443333524,Control,bridges
207,A,210,91,3,CA1,EC,0.1835637098601048,Control,marshes
215,A,218,91,3,CA1,EC,3.087542634923878,Control,bridges
225,A,228,91,3,CA1,EC,-0.0124034163188468,Control,marshes
238,A,241,91,3,CA1,EC,0.3735541843465127,Control,marshes
5,A,8,91,4,CA1,EC,0.2486263007024382,Control,bridges
13,A,16,91,4,CA1,EC,0.0532808067797206,Control,bridges
25,A,28,91,4,CA1,EC,0.7070698590776943,Control,lakes
32,A,35,91,4,CA1,EC,1.2143665443328464,Control,marshes
48,A,51,91,4,CA1,EC,-0.4415618010873087,Control,bridges
54,A,57,91,4,CA1,EC,-0.00144750478145,Control,lakes
64,A,67,91,4,CA1,EC,-0.4396131994709336,Control,marshes
74,A,77,91,4,CA1,EC,-0.3293050074196473,Control,lakes
93,A,96,91,4,CA1,EC,-0.4098218178867154,Control,marshes
106,A,109,91,4,CA1,EC,-0.4774314944644111,Control,bridges
115,A,118,91,4,CA1,EC,-0.0024417218521651,Control,lakes
127,A,130,91,4,CA1,EC,1.347771229076126,Control,bridges
133,A,136,91,4,CA1,EC,-0.0008044964513553,Control,lakes
137,A,140,91,4,CA1,EC,0.0461061706492575,Control,marshes
151,A,154,91,4,CA1,EC,-0.0896637394671377,Control,bridges
156,A,159,91,4,CA1,EC,-0.4344593428242911,Control,marshes
163,A,166,91,4,CA1,EC,-0.1204859996436638,Control,lakes
189,A,192,91,4,CA1,EC,-0.6262251582461329,Control,marshes
203,A,206,91,4,CA1,EC,0.0058165569089508,Control,lakes
226,A,229,91,4,CA1,EC,1.9760620668447504,Control,marshes
233,A,236,91,4,CA1,EC,0.7451054678107764,Control,bridges
24,A,27,92,2,CA1,EC,-0.2668102782318511,Stress,lakes
33,A,36,92,2,CA1,EC,-1.475171089466499,Stress,beaches
49,A,52,92,2,CA1,EC,-0.0045748828024314,Stress,beaches
61,A,64,92,2,CA1,EC,-0.1140619682264881,Stress,fields
66,A,69,92,2,CA1,EC,-0.046225919789459,Stress,lakes
79,A,82,92,2,CA1,EC,1.368094193089148,Stress,beaches
98,A,101,92,2,CA1,EC,0.1329773925826079,Stress,fields
109,A,112,92,2,CA1,EC,-2.116654740892289,Stress,fields
118,A,121,92,2,CA1,EC,1.185433512343712,Stress,fields
129,A,132,92,2,CA1,EC,-0.2824489475329016,Stress,lakes
133,A,136,92,2,CA1,EC,0.8366965552773784,Stress,beaches
140,A,143,92,2,CA1,EC,0.3062575147565846,Stress,fields
159,A,162,92,2,CA1,EC,-0.0562933227584715,Stress,beaches
170,A,173,92,2,CA1,EC,0.4201251667584577,Stress,lakes
178,A,181,92,2,CA1,EC,-1.2639466695195214,Stress,fields
186,A,189,92,2,CA1,EC,0.4176141432555046,Stress,lakes
203,A,206,92,2,CA1,EC,1.0775205331599718,Stress,lakes
208,A,211,92,2,CA1,EC,-0.0109899321914261,Stress,fields
212,A,215,92,2,CA1,EC,-0.556024988505389,Stress,lakes
224,A,227,92,2,CA1,EC,0.0805328125525938,Stress,beaches
5,A,8,92,3,CA1,EC,0.4634823230321811,Stress,beaches
16,A,19,92,3,CA1,EC,3.034263449505548,Stress,fields
25,A,28,92,3,CA1,EC,-0.0867911942135865,Stress,lakes
32,A,35,92,3,CA1,EC,0.1404416895610531,Stress,fields
41,A,44,92,3,CA1,EC,0.5876580727606349,Stress,fields
59,A,62,92,3,CA1,EC,0.2358358785550884,Stress,beaches
69,A,72,92,3,CA1,EC,0.3389157850873828,Stress,lakes
80,A,83,92,3,CA1,EC,0.001624976417972,Stress,beaches
97,A,100,92,3,CA1,EC,-0.0011808729248508,Stress,fields
112,A,115,92,3,CA1,EC,1.0237909913458505,Stress,lakes
118,A,121,92,3,CA1,EC,0.3031269280664608,Stress,fields
130,A,133,92,3,CA1,EC,0.0286747720485059,Stress,lakes
145,A,148,92,3,CA1,EC,1.3767076149559214,Stress,lakes
150,A,153,92,3,CA1,EC,0.0043651325326121,Stress,beaches
165,A,168,92,3,CA1,EC,0.0181778937820088,Stress,fields
171,A,174,92,3,CA1,EC,-0.1883917443674619,Stress,beaches
187,A,190,92,3,CA1,EC,0.1040295215992544,Stress,lakes
209,A,212,92,3,CA1,EC,-0.4214832187442195,Stress,beaches
222,A,225,92,3,CA1,EC,-0.1410578773275166,Stress,fields
236,A,239,92,3,CA1,EC,-1.1648418707920365,Stress,beaches
14,A,17,92,4,CA1,EC,0.0540718793965697,Stress,lakes
23,A,26,92,4,CA1,EC,-1.2155112412582154,Stress,beaches
36,A,39,92,4,CA1,EC,3.975730940608024,Stress,fields
46,A,49,92,4,CA1,EC,0.3857933527272052,Stress,fields
56,A,59,92,4,CA1,EC,0.0814500183015871,Stress,fields
68,A,71,92,4,CA1,EC,0.6933852949968544,Stress,lakes
78,A,81,92,4,CA1,EC,0.034573921086656,Stress,beaches
90,A,93,92,4,CA1,EC,0.0007582955553684,Stress,lakes
103,A,106,92,4,CA1,EC,-0.580086470227453,Stress,lakes
110,A,113,92,4,CA1,EC,-0.0174132055059887,Stress,beaches
122,A,125,92,4,CA1,EC,0.9304461618103584,Stress,lakes
141,A,144,92,4,CA1,EC,0.0025696826555112,Stress,beaches
148,A,151,92,4,CA1,EC,0.2329136996762852,Stress,lakes
182,A,185,92,4,CA1,EC,-0.9245693691338576,Stress,fields
207,A,210,92,4,CA1,EC,1.5821544343472853,Stress,fields
214,A,217,92,4,CA1,EC,1.5620081890800002,Stress,beaches
225,A,228,92,4,CA1,EC,0.462127361558475,Stress,fields
229,A,232,92,4,CA1,EC,-0.0942651302149929,Stress,beaches
236,A,239,92,4,CA1,EC,-0.4661889682315874,Stress,fields
15,A,18,93,2,CA1,EC,1.2609848883168029,Control,lighthouses
23,A,26,93,2,CA1,EC,-0.5751518599246331,Control,waterfalls
31,A,34,93,2,CA1,EC,3.6597090994781536,Control,parks
37,A,40,93,2,CA1,EC,-0.6390331088596228,Control,lighthouses
48,A,51,93,2,CA1,EC,-1.4490794528788715,Control,waterfalls
58,A,61,93,2,CA1,EC,0.4170549077548725,Control,lighthouses
69,A,72,93,2,CA1,EC,-0.5765210831232339,Control,lighthouses
77,A,80,93,2,CA1,EC,-4.79147249765625,Control,parks
84,A,87,93,2,CA1,EC,0.2287543059620722,Control,waterfalls
108,A,111,93,2,CA1,EC,0.1359915827125391,Control,waterfalls
131,A,134,93,2,CA1,EC,0.1695154079474911,Control,parks
140,A,143,93,2,CA1,EC,1.7771548064918752,Control,parks
149,A,152,93,2,CA1,EC,-1.5034808635001229,Control,lighthouses
160,A,163,93,2,CA1,EC,0.3871003344760915,Control,parks
166,A,169,93,2,CA1,EC,-0.0003609446162112,Control,lighthouses
180,A,183,93,2,CA1,EC,1.646400205740211,Control,waterfalls
191,A,194,93,2,CA1,EC,-0.4023727050187538,Control,lighthouses
203,A,206,93,2,CA1,EC,-0.2677759808831737,Control,parks
223,A,226,93,2,CA1,EC,-0.1173610826962572,Control,waterfalls
230,A,233,93,2,CA1,EC,0.16915371122648,Control,parks
19,A,22,93,3,CA1,EC,-0.9770937952876804,Control,waterfalls
24,A,27,93,3,CA1,EC,0.0021028274357812,Control,parks
33,A,36,93,3,CA1,EC,2.1677198284808084,Control,parks
41,A,44,93,3,CA1,EC,0.2400765900144135,Control,waterfalls
49,A,52,93,3,CA1,EC,-0.0404156973004085,Control,parks
54,A,57,93,3,CA1,EC,0.4167392675230698,Control,lighthouses
76,A,79,93,3,CA1,EC,-0.1774296623604805,Control,waterfalls
84,A,87,93,3,CA1,EC,-0.1316159144985612,Control,parks
92,A,95,93,3,CA1,EC,-0.1000030265080961,Control,waterfalls
99,A,102,93,3,CA1,EC,-1.70658363606161,Control,lighthouses
121,A,124,93,3,CA1,EC,0.9503814668901972,Control,waterfalls
135,A,138,93,3,CA1,EC,-0.0009364514601541,Control,lighthouses
145,A,148,93,3,CA1,EC,0.2180823698912913,Control,lighthouses
150,A,153,93,3,CA1,EC,0.922655823408862,Control,parks
166,A,169,93,3,CA1,EC,1.334451388408022,Control,lighthouses
174,A,177,93,3,CA1,EC,0.8956575943888931,Control,lighthouses
185,A,188,93,3,CA1,EC,-9.36095200732584e-05,Control,parks
191,A,194,93,3,CA1,EC,0.3319258803168992,Control,waterfalls
217,A,220,93,3,CA1,EC,0.1946210604329488,Control,parks
228,A,231,93,3,CA1,EC,0.5756216400514589,Control,lighthouses
236,A,239,93,3,CA1,EC,-0.5090074879790738,Control,waterfalls
8,A,11,93,4,CA1,EC,0.1505640872368689,Control,parks
27,A,30,93,4,CA1,EC,-0.8568427524639799,Control,parks
66,A,69,93,4,CA1,EC,-0.2241616413219299,Control,lighthouses
74,A,77,93,4,CA1,EC,0.0793756290544883,Control,lighthouses
79,A,82,93,4,CA1,EC,-0.3212473650570668,Control,parks
84,A,87,93,4,CA1,EC,0.0816202483143096,Control,lighthouses
90,A,93,93,4,CA1,EC,-0.0591950770701184,Control,waterfalls
98,A,101,93,4,CA1,EC,-0.0611395559951624,Control,waterfalls
105,A,108,93,4,CA1,EC,0.433761795563679,Control,parks
122,A,125,93,4,CA1,EC,0.2521947674636862,Control,parks
127,A,130,93,4,CA1,EC,-0.0240396928733701,Control,waterfalls
139,A,142,93,4,CA1,EC,0.5831513918898908,Control,waterfalls
146,A,149,93,4,CA1,EC,-0.0325907671724655,Control,waterfalls
158,A,161,93,4,CA1,EC,-0.1020612277187403,Control,waterfalls
164,A,167,93,4,CA1,EC,0.0003512463465138,Control,lighthouses
171,A,174,93,4,CA1,EC,6.158890331897083,Control,parks
177,A,180,93,4,CA1,EC,-0.9409097675169036,Control,waterfalls
186,A,189,93,4,CA1,EC,1.237047823855442,Control,parks
209,A,212,93,4,CA1,EC,-0.2727318191415405,Control,lighthouses
219,A,222,93,4,CA1,EC,0.0099978321451121,Control,lighthouses
231,A,234,93,4,CA1,EC,0.8300773887280634,Control,lighthouses
20,A,23,94,2,CA1,EC,0.6450824171694393,Control,marshes
27,A,30,94,2,CA1,EC,0.2822764170470176,Control,forests
31,A,34,94,2,CA1,EC,0.027304546481236,Control,fields
58,A,61,94,2,CA1,EC,0.6348293962894013,Control,forests
66,A,69,94,2,CA1,EC,-0.330340322505465,Control,forests
78,A,81,94,2,CA1,EC,0.410511708908142,Control,fields
91,A,94,94,2,CA1,EC,0.1596244224917359,Control,marshes
98,A,101,94,2,CA1,EC,-0.4339428978137447,Control,forests
111,A,114,94,2,CA1,EC,-0.3766839637441969,Control,marshes
115,A,118,94,2,CA1,EC,-0.2565551108886952,Control,fields
121,A,124,94,2,CA1,EC,1.0341612556633053,Control,marshes
133,A,136,94,2,CA1,EC,1.116247685609882,Control,forests
139,A,142,94,2,CA1,EC,-0.4809519045196523,Control,fields
150,A,153,94,2,CA1,EC,-0.3301673983953471,Control,forests
158,A,161,94,2,CA1,EC,-0.572994538779358,Control,fields
171,A,174,94,2,CA1,EC,0.0899518551169049,Control,fields
202,A,205,94,2,CA1,EC,-1.208739229198179,Control,marshes
208,A,211,94,2,CA1,EC,-0.0407429823860868,Control,fields
220,A,223,94,2,CA1,EC,0.1822106875629284,Control,marshes
227,A,230,94,2,CA1,EC,0.3466963182626544,Control,forests
5,A,8,94,3,CA1,EC,1.3793527813934154,Control,fields
10,A,13,94,3,CA1,EC,-1.0545519228364506,Control,marshes
21,A,24,94,3,CA1,EC,0.4814752093219192,Control,forests
40,A,43,94,3,CA1,EC,0.556261632225666,Control,forests
49,A,52,94,3,CA1,EC,0.0684461695902059,Control,marshes
58,A,61,94,3,CA1,EC,2.4693605611260367,Control,forests
71,A,74,94,3,CA1,EC,-0.6317352175351227,Control,fields
85,A,88,94,3,CA1,EC,2.278189349331737,Control,fields
105,A,108,94,3,CA1,EC,0.5950089275851161,Control,marshes
111,A,114,94,3,CA1,EC,-0.8015679053492102,Control,fields
125,A,128,94,3,CA1,EC,-0.3350919935623903,Control,fields
157,A,160,94,3,CA1,EC,2.3334711382470474,Control,fields
166,A,169,94,3,CA1,EC,-0.7395687939495833,Control,marshes
171,A,174,94,3,CA1,EC,-0.5275111399180079,Control,forests
197,A,200,94,3,CA1,EC,0.2967764707486818,Control,forests
208,A,211,94,3,CA1,EC,-0.6906004714807483,Control,marshes
215,A,218,94,3,CA1,EC,1.1154623295656192,Control,forests
220,A,223,94,3,CA1,EC,0.0666674443967327,Control,fields
224,A,227,94,3,CA1,EC,-1.53960491349067,Control,forests
233,A,236,94,3,CA1,EC,0.3695475657073388,Control,marshes
5,A,8,94,4,CA1,EC,1.1027409298035646,Control,forests
10,A,13,94,4,CA1,EC,2.892802399455417,Control,marshes
27,A,30,94,4,CA1,EC,0.6064946138647113,Control,forests
39,A,42,94,4,CA1,EC,-0.5146527773177618,Control,fields
49,A,52,94,4,CA1,EC,0.2091232509442348,Control,marshes
59,A,62,94,4,CA1,EC,0.8510750833349795,Control,fields
77,A,80,94,4,CA1,EC,-0.0831720063115121,Control,fields
96,A,99,94,4,CA1,EC,0.4996909054817491,Control,marshes
107,A,110,94,4,CA1,EC,-1.8498686978027328,Control,forests
113,A,116,94,4,CA1,EC,1.2198452555395165,Control,marshes
142,A,145,94,4,CA1,EC,0.237262477614049,Control,fields
148,A,151,94,4,CA1,EC,-0.0670957441451811,Control,forests
157,A,160,94,4,CA1,EC,-0.3798736377545437,Control,fields
161,A,164,94,4,CA1,EC,0.18837781504182,Control,forests
178,A,181,94,4,CA1,EC,-0.1774691037847322,Control,marshes
185,A,188,94,4,CA1,EC,2.0549971556789783,Control,fields
190,A,193,94,4,CA1,EC,-0.5972299331195138,Control,marshes
195,A,198,94,4,CA1,EC,-0.3084971029531758,Control,forests
203,A,206,94,4,CA1,EC,-0.0007134926772514,Control,forests
229,A,232,94,4,CA1,EC,-0.1510903052711105,Control,marshes
235,A,238,94,4,CA1,EC,1.3726009459180484,Control,fields
7,A,10,95,2,CA1,EC,0.1150387136634329,Control,waterfalls
16,A,19,95,2,CA1,EC,0.2689061978611932,Control,forests
32,A,35,95,2,CA1,EC,0.3161110741922585,Control,waterfalls
37,A,40,95,2,CA1,EC,-0.1955974633477952,Control,deserts
67,A,70,95,2,CA1,EC,-0.5305549960951111,Control,deserts
72,A,75,95,2,CA1,EC,-0.2465551622544961,Control,forests
78,A,81,95,2,CA1,EC,-0.1471938178605933,Control,waterfalls
84,A,87,95,2,CA1,EC,-0.5447610833521027,Control,deserts
92,A,95,95,2,CA1,EC,0.0549643913876584,Control,forests
97,A,100,95,2,CA1,EC,1.0072964395358055,Control,deserts
102,A,105,95,2,CA1,EC,-0.5779678586349564,Control,waterfalls
108,A,111,95,2,CA1,EC,1.129606609092796,Control,forests
118,A,121,95,2,CA1,EC,0.9986545234102192,Control,deserts
133,A,136,95,2,CA1,EC,1.3199191556739296,Control,waterfalls
144,A,147,95,2,CA1,EC,-1.2896998951345202,Control,deserts
157,A,160,95,2,CA1,EC,0.0268817042005146,Control,forests
180,A,183,95,2,CA1,EC,0.3355708557783126,Control,waterfalls
203,A,206,95,2,CA1,EC,-0.2092126911318311,Control,waterfalls
226,A,229,95,2,CA1,EC,-0.2124212288472584,Control,forests
232,A,235,95,2,CA1,EC,0.0388334823415615,Control,deserts
236,A,239,95,2,CA1,EC,0.0704319672429319,Control,forests
5,A,8,95,3,CA1,EC,0.0552820854427668,Control,waterfalls
18,A,21,95,3,CA1,EC,0.1428354466472355,Control,forests
29,A,32,95,3,CA1,EC,0.6558108749290013,Control,deserts
37,A,40,95,3,CA1,EC,-1.4141162449725455,Control,forests
56,A,59,95,3,CA1,EC,2.455814152525305,Control,forests
64,A,67,95,3,CA1,EC,-1.4645468338233802,Control,waterfalls
69,A,72,95,3,CA1,EC,-0.0520345733443474,Control,deserts
75,A,78,95,3,CA1,EC,-1.0299583929879068,Control,forests
91,A,94,95,3,CA1,EC,0.1760445814907222,Control,waterfalls
96,A,99,95,3,CA1,EC,1.0266942124498215,Control,deserts
109,A,112,95,3,CA1,EC,-0.0059261969665087,Control,waterfalls
123,A,126,95,3,CA1,EC,0.0546801342015641,Control,deserts
144,A,147,95,3,CA1,EC,0.6834916182071229,Control,forests
149,A,152,95,3,CA1,EC,0.2061024367348435,Control,waterfalls
163,A,166,95,3,CA1,EC,-0.0623082199553677,Control,waterfalls
168,A,171,95,3,CA1,EC,0.9153160549278478,Control,forests
180,A,183,95,3,CA1,EC,-0.3450841839823035,Control,forests
196,A,199,95,3,CA1,EC,0.5462983570569239,Control,deserts
203,A,206,95,3,CA1,EC,-1.6487320766289617,Control,waterfalls
213,A,216,95,3,CA1,EC,0.2422876482937778,Control,deserts
237,A,240,95,3,CA1,EC,-0.0037363146715215,Control,deserts
10,A,13,95,4,CA1,EC,0.6276284837909964,Control,deserts
24,A,27,95,4,CA1,EC,0.0127154494227909,Control,waterfalls
39,A,42,95,4,CA1,EC,-0.3268090142749971,Control,deserts
45,A,48,95,4,CA1,EC,-0.1117998936170833,Control,forests
50,A,53,95,4,CA1,EC,1.054955102275354,Control,deserts
69,A,72,95,4,CA1,EC,0.6057206014055396,Control,waterfalls
80,A,83,95,4,CA1,EC,-0.3995606842270778,Control,waterfalls
89,A,92,95,4,CA1,EC,0.0651126983817975,Control,forests
105,A,108,95,4,CA1,EC,0.0002129389142977,Control,deserts
114,A,117,95,4,CA1,EC,0.4895119159707136,Control,deserts
125,A,128,95,4,CA1,EC,0.7569561390003561,Control,waterfalls
129,A,132,95,4,CA1,EC,-1.1248226179161178,Control,deserts
149,A,152,95,4,CA1,EC,-0.0263442714541063,Control,waterfalls
157,A,160,95,4,CA1,EC,-1.6503034298739327,Control,waterfalls
164,A,167,95,4,CA1,EC,-0.0112750586228645,Control,waterfalls
171,A,174,95,4,CA1,EC,-2.391487096202667,Control,forests
181,A,184,95,4,CA1,EC,0.7074653379257775,Control,forests
191,A,194,95,4,CA1,EC,-0.1526534904229291,Control,forests
210,A,213,95,4,CA1,EC,0.9186432223669984,Control,forests
219,A,222,95,4,CA1,EC,0.6073768906688226,Control,deserts
232,A,235,95,4,CA1,EC,0.0118837833900665,Control,forests
15,A,18,96,2,CA1,EC,-0.1571419500924964,Stress,forests
28,A,31,96,2,CA1,EC,-0.0283688595930745,Stress,forests
37,A,40,96,2,CA1,EC,4.031253379808993,Stress,deserts
54,A,57,96,2,CA1,EC,0.5182891405100667,Stress,forests
86,A,89,96,2,CA1,EC,0.3519145089894887,Stress,lighthouses
95,A,98,96,2,CA1,EC,0.9149394668359172,Stress,forests
102,A,105,96,2,CA1,EC,0.5768997149968549,Stress,lighthouses
112,A,115,96,2,CA1,EC,-2.1904825715188085,Stress,deserts
125,A,128,96,2,CA1,EC,-0.0027354777918551,Stress,lighthouses
134,A,137,96,2,CA1,EC,0.3888205592719078,Stress,deserts
138,A,141,96,2,CA1,EC,0.8166275451586278,Stress,forests
142,A,145,96,2,CA1,EC,0.5303972797968779,Stress,lighthouses
147,A,150,96,2,CA1,EC,0.0431349179010387,Stress,deserts
153,A,156,96,2,CA1,EC,0.3497422519568349,Stress,forests
166,A,169,96,2,CA1,EC,2.666346080093321,Stress,lighthouses
179,A,182,96,2,CA1,EC,-1.1318402472794984,Stress,deserts
190,A,193,96,2,CA1,EC,-0.5816793444092548,Stress,forests
198,A,201,96,2,CA1,EC,-0.1773409269088924,Stress,deserts
208,A,211,96,2,CA1,EC,-0.3928533170457848,Stress,lighthouses
213,A,216,96,2,CA1,EC,-2.20488158736636,Stress,deserts
236,A,239,96,2,CA1,EC,1.0062373925345751,Stress,lighthouses
18,A,21,96,3,CA1,EC,0.3966462190968584,Stress,lighthouses
32,A,35,96,3,CA1,EC,0.3687400603575184,Stress,forests
47,A,50,96,3,CA1,EC,0.0477560294734582,Stress,forests
52,A,55,96,3,CA1,EC,0.4552713055591402,Stress,lighthouses
62,A,65,96,3,CA1,EC,1.5434201361594182,Stress,forests
71,A,74,96,3,CA1,EC,0.0922120591408022,Stress,deserts
80,A,83,96,3,CA1,EC,-0.2323003996120856,Stress,deserts
88,A,91,96,3,CA1,EC,-0.5477530158698147,Stress,lighthouses
107,A,110,96,3,CA1,EC,-0.1056579981390583,Stress,lighthouses
115,A,118,96,3,CA1,EC,0.0020212962981722,Stress,deserts
126,A,129,96,3,CA1,EC,-0.1681866052582435,Stress,forests
136,A,139,96,3,CA1,EC,-0.0019885783049888,Stress,lighthouses
155,A,158,96,3,CA1,EC,0.9121591091732456,Stress,forests
162,A,165,96,3,CA1,EC,0.2106984631370565,Stress,deserts
177,A,180,96,3,CA1,EC,0.5444626996673069,Stress,lighthouses
183,A,186,96,3,CA1,EC,0.5656501544398731,Stress,forests
192,A,195,96,3,CA1,EC,0.320036177266517,Stress,forests
198,A,201,96,3,CA1,EC,-0.0884866156014686,Stress,lighthouses
216,A,219,96,3,CA1,EC,-1.9099722388431637,Stress,deserts
225,A,228,96,3,CA1,EC,0.8685678406110356,Stress,deserts
234,A,237,96,3,CA1,EC,0.3647281244996266,Stress,deserts
5,A,8,96,4,CA1,EC,0.0468045066480474,Stress,forests
16,A,19,96,4,CA1,EC,-2.062325979968143,Stress,deserts
47,A,50,96,4,CA1,EC,-0.2431391105414737,Stress,forests
52,A,55,96,4,CA1,EC,-0.9834264023042604,Stress,lighthouses
71,A,74,96,4,CA1,EC,0.0125197208772742,Stress,lighthouses
82,A,85,96,4,CA1,EC,0.5932457788024349,Stress,deserts
96,A,99,96,4,CA1,EC,0.4160417082502236,Stress,forests
111,A,114,96,4,CA1,EC,-0.9096157682653164,Stress,deserts
125,A,128,96,4,CA1,EC,1.523995891812861,Stress,forests
138,A,141,96,4,CA1,EC,0.2744283779196221,Stress,deserts
145,A,148,96,4,CA1,EC,0.1677956482764519,Stress,lighthouses
154,A,157,96,4,CA1,EC,-0.7396430818175237,Stress,deserts
160,A,163,96,4,CA1,EC,-0.2293383229463157,Stress,forests
165,A,168,96,4,CA1,EC,0.3084911743324779,Stress,lighthouses
176,A,179,96,4,CA1,EC,1.0624434415649775,Stress,lighthouses
184,A,187,96,4,CA1,EC,0.2290072350179382,Stress,lighthouses
196,A,199,96,4,CA1,EC,0.1803318362821881,Stress,lighthouses
201,A,204,96,4,CA1,EC,1.402115107422895,Stress,forests
216,A,219,96,4,CA1,EC,-0.5424415568647135,Stress,deserts
230,A,233,96,4,CA1,EC,-1.2547751930291022,Stress,forests
236,A,239,96,4,CA1,EC,3.2934682502849184,Stress,deserts
9,A,12,98,2,CA1,EC,5.960625186482174,Stress,lakes
19,A,22,98,2,CA1,EC,0.0348086706146416,Stress,marshes
49,A,52,98,2,CA1,EC,-0.0526138271445565,Stress,lakes
56,A,59,98,2,CA1,EC,0.2409018730139625,Stress,marshes
68,A,71,98,2,CA1,EC,0.105871205656226,Stress,lakes
77,A,80,98,2,CA1,EC,0.6110139657077864,Stress,marshes
88,A,91,98,2,CA1,EC,-0.3880317872544208,Stress,canyons
106,A,109,98,2,CA1,EC,0.000173349756483,Stress,lakes
112,A,115,98,2,CA1,EC,2.512570811097268,Stress,canyons
116,A,119,98,2,CA1,EC,0.1252683303752078,Stress,marshes
122,A,125,98,2,CA1,EC,0.0208867293004315,Stress,canyons
129,A,132,98,2,CA1,EC,0.0764516093735018,Stress,lakes
142,A,145,98,2,CA1,EC,-1.7625562492069429,Stress,canyons
150,A,153,98,2,CA1,EC,-0.0814511433102632,Stress,lakes
157,A,160,98,2,CA1,EC,0.0545878711815875,Stress,marshes
164,A,167,98,2,CA1,EC,0.0018191606054477,Stress,canyons
175,A,178,98,2,CA1,EC,0.3866408859858107,Stress,canyons
183,A,186,98,2,CA1,EC,0.1699209763301573,Stress,marshes
190,A,193,98,2,CA1,EC,0.4162148128948471,Stress,lakes
207,A,210,98,2,CA1,EC,-0.0790145184921332,Stress,canyons
231,A,234,98,2,CA1,EC,-0.0014082256317176,Stress,marshes
11,A,14,98,3,CA1,EC,-0.0627824319607783,Stress,lakes
20,A,23,98,3,CA1,EC,-0.4216979415581652,Stress,marshes
26,A,29,98,3,CA1,EC,0.6193051379177282,Stress,lakes
35,A,38,98,3,CA1,EC,0.6109763677147629,Stress,lakes
49,A,52,98,3,CA1,EC,-0.0484404200614453,Stress,lakes
54,A,57,98,3,CA1,EC,-0.0699228867987508,Stress,marshes
58,A,61,98,3,CA1,EC,0.7907803936099864,Stress,lakes
92,A,95,98,3,CA1,EC,0.2620769016937249,Stress,marshes
102,A,105,98,3,CA1,EC,0.0354231915766,Stress,lakes
109,A,112,98,3,CA1,EC,1.4287294249778473,Stress,marshes
116,A,119,98,3,CA1,EC,-0.8094294891667608,Stress,canyons
137,A,140,98,3,CA1,EC,-0.2617676189004437,Stress,canyons
147,A,150,98,3,CA1,EC,0.614613182951653,Stress,canyons
161,A,164,98,3,CA1,EC,2.2236539006457985,Stress,marshes
169,A,172,98,3,CA1,EC,1.6641347220070468,Stress,canyons
173,A,176,98,3,CA1,EC,0.2580704306129897,Stress,marshes
183,A,186,98,3,CA1,EC,0.0536030982952407,Stress,marshes
191,A,194,98,3,CA1,EC,0.9610456434821568,Stress,lakes
202,A,205,98,3,CA1,EC,0.6163222050893062,Stress,canyons
221,A,224,98,3,CA1,EC,-1.165056054968018,Stress,canyons
9,A,12,98,4,CA1,EC,0.2681414575576437,Stress,lakes
18,A,21,98,4,CA1,EC,0.0952256606037485,Stress,lakes
27,A,30,98,4,CA1,EC,0.0437697200694807,Stress,marshes
34,A,37,98,4,CA1,EC,-0.0047047862871244,Stress,lakes
60,A,63,98,4,CA1,EC,-0.1112534923807606,Stress,lakes
68,A,71,98,4,CA1,EC,0.9239955966974682,Stress,lakes
85,A,88,98,4,CA1,EC,0.0743100037310862,Stress,lakes
93,A,96,98,4,CA1,EC,1.0634644335398935,Stress,canyons
106,A,109,98,4,CA1,EC,1.0271290856447304,Stress,canyons
124,A,127,98,4,CA1,EC,1.0076486999022694,Stress,marshes
128,A,131,98,4,CA1,EC,-0.2025961714378749,Stress,canyons
137,A,140,98,4,CA1,EC,0.3269216159223453,Stress,marshes
149,A,152,98,4,CA1,EC,0.9127674823093306,Stress,marshes
158,A,161,98,4,CA1,EC,2.4167528887905507,Stress,canyons
168,A,171,98,4,CA1,EC,-0.0127977869686683,Stress,canyons
202,A,205,98,4,CA1,EC,0.002706891574566,Stress,lakes
209,A,212,98,4,CA1,EC,0.0110457339065405,Stress,marshes
224,A,227,98,4,CA1,EC,0.160051804999648,Stress,marshes
233,A,236,98,4,CA1,EC,-0.0125359151580685,Stress,marshes
237,A,240,98,4,CA1,EC,-0.2145708872455288,Stress,canyons
13,A,16,100,2,CA1,EC,-0.3671763515157026,Control,fields
27,A,30,100,2,CA1,EC,-0.0022688105357482,Control,fields
44,A,47,100,2,CA1,EC,-0.0235675902515106,Control,parks
58,A,61,100,2,CA1,EC,-0.2290126349515983,Control,forests
66,A,69,100,2,CA1,EC,5.9836894787593184,Control,fields
73,A,76,100,2,CA1,EC,0.3428104048408814,Control,forests
87,A,90,100,2,CA1,EC,2.8720410738772792,Control,fields
93,A,96,100,2,CA1,EC,-0.2620186121514318,Control,parks
107,A,110,100,2,CA1,EC,-0.5393442145141747,Control,forests
125,A,128,100,2,CA1,EC,-0.0025631712066634,Control,fields
136,A,139,100,2,CA1,EC,1.7902408081883412,Control,parks
146,A,149,100,2,CA1,EC,0.2345425239513389,Control,parks
151,A,154,100,2,CA1,EC,0.8670082112151261,Control,forests
161,A,164,100,2,CA1,EC,-0.3621354685197362,Control,forests
167,A,170,100,2,CA1,EC,-0.303129231132934,Control,fields
173,A,176,100,2,CA1,EC,0.0941118753688703,Control,parks
181,A,184,100,2,CA1,EC,0.241864186412523,Control,fields
187,A,190,100,2,CA1,EC,-1.4502987796129527,Control,parks
202,A,205,100,2,CA1,EC,-0.1820734199254232,Control,parks
222,A,225,100,2,CA1,EC,0.5870509991149261,Control,forests
235,A,238,100,2,CA1,EC,-0.2896661699079947,Control,forests
5,A,8,100,3,CA1,EC,0.7594276418151792,Control,forests
9,A,12,100,3,CA1,EC,0.4777798146186697,Control,parks
18,A,21,100,3,CA1,EC,1.3883757794709175,Control,forests
34,A,37,100,3,CA1,EC,-0.0094024258233865,Control,fields
38,A,41,100,3,CA1,EC,-0.2586100965832826,Control,parks
51,A,54,100,3,CA1,EC,-1.8503514180002496,Control,parks
62,A,65,100,3,CA1,EC,0.000768691932895,Control,forests
72,A,75,100,3,CA1,EC,0.3799103883942356,Control,fields
82,A,85,100,3,CA1,EC,0.8116257805582702,Control,forests
96,A,99,100,3,CA1,EC,-0.1433238685605772,Control,parks
111,A,114,100,3,CA1,EC,0.0739502231764448,Control,forests
116,A,119,100,3,CA1,EC,-0.0444083445840267,Control,fields
140,A,143,100,3,CA1,EC,-0.3641759251130362,Control,parks
150,A,153,100,3,CA1,EC,-0.4756927742066936,Control,fields
156,A,159,100,3,CA1,EC,-0.0023307796718557,Control,forests
170,A,173,100,3,CA1,EC,0.0094383641918738,Control,forests
175,A,178,100,3,CA1,EC,0.1581987168103535,Control,parks
185,A,188,100,3,CA1,EC,0.0580336980335091,Control,parks
200,A,203,100,3,CA1,EC,0.2261420449142795,Control,fields
217,A,220,100,3,CA1,EC,0.0001920384550408,Control,fields
235,A,238,100,3,CA1,EC,-1.0185602555463864,Control,fields
8,A,11,100,4,CA1,EC,0.0097874938229746,Control,parks
16,A,19,100,4,CA1,EC,-0.248622371761275,Control,parks
29,A,32,100,4,CA1,EC,-1.6049415440908592,Control,forests
39,A,42,100,4,CA1,EC,0.4431072655095088,Control,fields
45,A,48,100,4,CA1,EC,0.006170735460212,Control,parks
61,A,64,100,4,CA1,EC,-0.4084476487400426,Control,forests
79,A,82,100,4,CA1,EC,-0.0012787449300618,Control,parks
91,A,94,100,4,CA1,EC,5.126999919876343,Control,forests
106,A,109,100,4,CA1,EC,0.0008383249448518,Control,forests
114,A,117,100,4,CA1,EC,0.1651051227321094,Control,fields
121,A,124,100,4,CA1,EC,-0.0080482196072332,Control,forests
135,A,138,100,4,CA1,EC,0.1760533361660212,Control,fields
154,A,157,100,4,CA1,EC,0.375946544161977,Control,forests
165,A,168,100,4,CA1,EC,0.000896486114023,Control,forests
172,A,175,100,4,CA1,EC,-0.1040437668555662,Control,parks
176,A,179,100,4,CA1,EC,-0.0001384159562039,Control,fields
183,A,186,100,4,CA1,EC,0.7644564981375381,Control,parks
188,A,191,100,4,CA1,EC,0.2306661516028788,Control,fields
198,A,201,100,4,CA1,EC,0.0519526389441432,Control,fields
204,A,207,100,4,CA1,EC,0.170747722108918,Control,parks
216,A,219,100,4,CA1,EC,-0.0005907231539691,Control,fields
8,A,11,101,2,CA1,EC,0.2478879657359706,Stress,parks
19,A,22,101,2,CA1,EC,0.2104626456038046,Stress,forests
25,A,28,101,2,CA1,EC,0.2810637901171705,Stress,beaches
41,A,44,101,2,CA1,EC,0.448235045112324,Stress,forests
48,A,51,101,2,CA1,EC,0.1769090063155851,Stress,beaches
56,A,59,101,2,CA1,EC,0.8981462875328655,Stress,forests
64,A,67,101,2,CA1,EC,2.001701344485976,Stress,beaches
77,A,80,101,2,CA1,EC,-0.5127288603510377,Stress,forests
97,A,100,101,2,CA1,EC,-0.7713768780026038,Stress,beaches
118,A,121,101,2,CA1,EC,-0.3017655938206869,Stress,parks
129,A,132,101,2,CA1,EC,-0.0176312346982186,Stress,parks
134,A,137,101,2,CA1,EC,-0.0492908082781315,Stress,beaches
154,A,157,101,2,CA1,EC,0.4008719543154628,Stress,parks
164,A,167,101,2,CA1,EC,0.0058633306993654,Stress,parks
179,A,182,101,2,CA1,EC,0.0838161607112439,Stress,forests
190,A,193,101,2,CA1,EC,2.236563531242109,Stress,forests
197,A,200,101,2,CA1,EC,-0.4869589473830111,Stress,parks
205,A,208,101,2,CA1,EC,0.2978513323197853,Stress,beaches
211,A,214,101,2,CA1,EC,-0.1379968937019249,Stress,beaches
220,A,223,101,2,CA1,EC,4.363156433584881,Stress,forests
225,A,228,101,2,CA1,EC,-0.1888906036949631,Stress,parks
17,A,20,101,3,CA1,EC,-0.915103335267329,Stress,beaches
29,A,32,101,3,CA1,EC,-0.3179665267902873,Stress,forests
40,A,43,101,3,CA1,EC,0.5681537232362643,Stress,beaches
55,A,58,101,3,CA1,EC,0.00270571515094,Stress,forests
60,A,63,101,3,CA1,EC,0.1837602726454641,Stress,beaches
65,A,68,101,3,CA1,EC,0.7589495363008747,Stress,parks
85,A,88,101,3,CA1,EC,0.2684210586157031,Stress,parks
91,A,94,101,3,CA1,EC,0.5568832704408353,Stress,beaches
95,A,98,101,3,CA1,EC,-0.1569590468477308,Stress,forests
104,A,107,101,3,CA1,EC,0.0261048946015154,Stress,parks
114,A,117,101,3,CA1,EC,-0.358123665443218,Stress,parks
127,A,130,101,3,CA1,EC,-0.0147519413934801,Stress,forests
133,A,136,101,3,CA1,EC,6.130841616469355,Stress,beaches
140,A,143,101,3,CA1,EC,0.6137503949563881,Stress,beaches
145,A,148,101,3,CA1,EC,-0.0025437306275769,Stress,forests
153,A,156,101,3,CA1,EC,0.7606641520991682,Stress,beaches
182,A,185,101,3,CA1,EC,1.7174358601171196,Stress,forests
205,A,208,101,3,CA1,EC,1.2623235532784438,Stress,forests
223,A,226,101,3,CA1,EC,1.9089037846203905,Stress,parks
236,A,239,101,3,CA1,EC,0.0324740630099191,Stress,parks
5,A,8,101,4,CA1,EC,0.5063285224016887,Stress,forests
21,A,24,101,4,CA1,EC,-1.094993271907885,Stress,parks
38,A,41,101,4,CA1,EC,1.8845442868268327,Stress,beaches
42,A,45,101,4,CA1,EC,-0.5226312032107684,Stress,parks
51,A,54,101,4,CA1,EC,0.0023185838237296,Stress,beaches
55,A,58,101,4,CA1,EC,0.0806507381367442,Stress,parks
62,A,65,101,4,CA1,EC,-0.7211001185851413,Stress,forests
71,A,74,101,4,CA1,EC,-0.3872004261862896,Stress,parks
75,A,78,101,4,CA1,EC,-0.2235934190064365,Stress,forests
93,A,96,101,4,CA1,EC,-0.1712567837431751,Stress,parks
106,A,109,101,4,CA1,EC,0.0043203451077486,Stress,beaches
118,A,121,101,4,CA1,EC,0.2890922922390896,Stress,beaches
129,A,132,101,4,CA1,EC,-0.3882710017484865,Stress,beaches
140,A,143,101,4,CA1,EC,0.1091656447660033,Stress,parks
158,A,161,101,4,CA1,EC,0.7082268982491468,Stress,beaches
165,A,168,101,4,CA1,EC,0.5173372071037315,Stress,forests
177,A,180,101,4,CA1,EC,-0.0847021171005337,Stress,forests
189,A,192,101,4,CA1,EC,-0.0206404784714954,Stress,beaches
193,A,196,101,4,CA1,EC,-1.432849354272255,Stress,parks
225,A,228,101,4,CA1,EC,-0.3755818907373662,Stress,forests
9,A,12,103,2,CA1,EC,1.153181091683701,Stress,lakes
17,A,20,103,2,CA1,EC,0.6243323432050392,Stress,beaches
26,A,29,103,2,CA1,EC,2.5213876553633705,Stress,beaches
31,A,34,103,2,CA1,EC,-0.6032022898620923,Stress,deserts
49,A,52,103,2,CA1,EC,-0.0949218842326397,Stress,beaches
64,A,67,103,2,CA1,EC,-0.0010860634328013,Stress,beaches
73,A,76,103,2,CA1,EC,-0.574747289614423,Stress,lakes
83,A,86,103,2,CA1,EC,-0.0082316548036141,Stress,lakes
121,A,124,103,2,CA1,EC,0.3381384010820797,Stress,deserts
128,A,131,103,2,CA1,EC,1.0612309773502135,Stress,deserts
144,A,147,103,2,CA1,EC,0.1210185359313286,Stress,deserts
153,A,156,103,2,CA1,EC,-0.0549798464051758,Stress,beaches
164,A,167,103,2,CA1,EC,-0.264568250588067,Stress,deserts
168,A,171,103,2,CA1,EC,0.1101836207541228,Stress,beaches
183,A,186,103,2,CA1,EC,-0.0492717042756388,Stress,lakes
188,A,191,103,2,CA1,EC,0.0065202777859828,Stress,deserts
193,A,196,103,2,CA1,EC,2.493244411264695,Stress,lakes
210,A,213,103,2,CA1,EC,-0.0001937799134115,Stress,lakes
215,A,218,103,2,CA1,EC,0.0056057478405764,Stress,beaches
226,A,229,103,2,CA1,EC,1.3611770678457071,Stress,lakes
237,A,240,103,2,CA1,EC,3.016210294885818,Stress,deserts
5,A,8,103,3,CA1,EC,0.0700524891714501,Stress,beaches
20,A,23,103,3,CA1,EC,1.2655063914367346,Stress,lakes
26,A,29,103,3,CA1,EC,4.4712110205168765,Stress,deserts
33,A,36,103,3,CA1,EC,0.7411732421558151,Stress,beaches
38,A,41,103,3,CA1,EC,-1.0456881360342616,Stress,lakes
54,A,57,103,3,CA1,EC,0.1359837699194446,Stress,deserts
65,A,68,103,3,CA1,EC,-0.0004582184514298,Stress,lakes
70,A,73,103,3,CA1,EC,0.0023957086799348,Stress,deserts
75,A,78,103,3,CA1,EC,1.8780006647856349,Stress,beaches
81,A,84,103,3,CA1,EC,-0.1279230008120148,Stress,lakes
96,A,99,103,3,CA1,EC,-0.5740062447637038,Stress,lakes
105,A,108,103,3,CA1,EC,-0.3915494970406154,Stress,deserts
111,A,114,103,3,CA1,EC,-0.3275956278447331,Stress,beaches
133,A,136,103,3,CA1,EC,0.1864318602380927,Stress,lakes
144,A,147,103,3,CA1,EC,0.7216690888844025,Stress,deserts
163,A,166,103,3,CA1,EC,-0.1498445560581542,Stress,deserts
193,A,196,103,3,CA1,EC,0.3459838841156975,Stress,beaches
205,A,208,103,3,CA1,EC,1.9559515888820156,Stress,lakes
223,A,226,103,3,CA1,EC,-0.0788147204379991,Stress,beaches
236,A,239,103,3,CA1,EC,-1.2613344974058969,Stress,beaches
8,A,11,103,4,CA1,EC,1.1569881153210353,Stress,deserts
21,A,24,103,4,CA1,EC,0.0165528075078946,Stress,beaches
31,A,34,103,4,CA1,EC,0.4105014219942949,Stress,deserts
46,A,49,103,4,CA1,EC,0.0850149148569833,Stress,lakes
57,A,60,103,4,CA1,EC,2.875770819773827,Stress,lakes
66,A,69,103,4,CA1,EC,-0.710636447332725,Stress,beaches
74,A,77,103,4,CA1,EC,-0.1756499790391381,Stress,deserts
90,A,93,103,4,CA1,EC,-0.0305673623534093,Stress,deserts
97,A,100,103,4,CA1,EC,-0.0105967504378115,Stress,deserts
102,A,105,103,4,CA1,EC,-0.0387165068228268,Stress,beaches
121,A,124,103,4,CA1,EC,0.0433188859444037,Stress,deserts
130,A,133,103,4,CA1,EC,-0.7996443432496266,Stress,lakes
143,A,146,103,4,CA1,EC,0.0189935929895407,Stress,deserts
164,A,167,103,4,CA1,EC,-0.055982846161223,Stress,beaches
179,A,182,103,4,CA1,EC,0.5826572507625477,Stress,lakes
188,A,191,103,4,CA1,EC,0.0057958195648288,Stress,lakes
195,A,198,103,4,CA1,EC,1.2594465232515073,Stress,beaches
204,A,207,103,4,CA1,EC,-0.0050484824763258,Stress,beaches
222,A,225,103,4,CA1,EC,-0.707808240581512,Stress,lakes
230,A,233,103,4,CA1,EC,0.2813914706958596,Stress,beaches
234,A,237,103,4,CA1,EC,-0.2618442300099748,Stress,lakes
5,A,8,104,2,CA1,EC,-0.403658149441763,Stress,mountains
26,A,29,104,2,CA1,EC,-0.0132711042606453,Stress,waterfalls
33,A,36,104,2,CA1,EC,-1.0037240420723672,Stress,mountains
41,A,44,104,2,CA1,EC,-0.0372298148258297,Stress,waterfalls
47,A,50,104,2,CA1,EC,1.3011096940916551,Stress,mountains
58,A,61,104,2,CA1,EC,-0.1875804598938799,Stress,beaches
69,A,72,104,2,CA1,EC,2.111711214029785,Stress,waterfalls
78,A,81,104,2,CA1,EC,-0.1453383818920117,Stress,mountains
93,A,96,104,2,CA1,EC,-0.0026560261243373,Stress,beaches
109,A,112,104,2,CA1,EC,0.1182541753085705,Stress,mountains
118,A,121,104,2,CA1,EC,-0.7391324452110858,Stress,beaches
135,A,138,104,2,CA1,EC,0.4275026483716834,Stress,mountains
141,A,144,104,2,CA1,EC,0.0387456032219551,Stress,waterfalls
148,A,151,104,2,CA1,EC,0.0018332260928488,Stress,waterfalls
155,A,158,104,2,CA1,EC,-0.1604976079552478,Stress,beaches
164,A,167,104,2,CA1,EC,-0.05079375537336,Stress,waterfalls
168,A,171,104,2,CA1,EC,0.5247965890769551,Stress,beaches
183,A,186,104,2,CA1,EC,-0.3299873621321108,Stress,beaches
197,A,200,104,2,CA1,EC,0.4974733331471975,Stress,waterfalls
208,A,211,104,2,CA1,EC,-0.1711704939597911,Stress,mountains
229,A,232,104,2,CA1,EC,1.9603196186836327,Stress,beaches
5,A,8,104,3,CA1,EC,0.3952469200721284,Stress,beaches
12,A,15,104,3,CA1,EC,0.2882689511998477,Stress,mountains
18,A,21,104,3,CA1,EC,-0.000321739975475,Stress,beaches
30,A,33,104,3,CA1,EC,-0.0114166770386759,Stress,waterfalls
36,A,39,104,3,CA1,EC,-0.594578601151817,Stress,mountains
50,A,53,104,3,CA1,EC,-0.0709275338787333,Stress,waterfalls
75,A,78,104,3,CA1,EC,-1.927582499651012,Stress,mountains
93,A,96,104,3,CA1,EC,1.302485994988403,Stress,waterfalls
131,A,134,104,3,CA1,EC,0.1005267814590247,Stress,mountains
155,A,158,104,3,CA1,EC,0.0048034342646358,Stress,mountains
163,A,166,104,3,CA1,EC,-1.518210447864449,Stress,waterfalls
167,A,170,104,3,CA1,EC,-0.2104366783745515,Stress,beaches
175,A,178,104,3,CA1,EC,0.0358132870509679,Stress,mountains
196,A,199,104,3,CA1,EC,0.0112320226831795,Stress,beaches
203,A,206,104,3,CA1,EC,-0.6120884573127042,Stress,mountains
11,A,14,104,4,CA1,EC,1.0885386723142778,Stress,mountains
19,A,22,104,4,CA1,EC,-0.0435488176704972,Stress,waterfalls
28,A,31,104,4,CA1,EC,-0.2160823270997817,Stress,waterfalls
44,A,47,104,4,CA1,EC,0.7487959554563596,Stress,mountains
66,A,69,104,4,CA1,EC,0.4588785793976435,Stress,mountains
73,A,76,104,4,CA1,EC,0.0101329199944099,Stress,waterfalls
88,A,91,104,4,CA1,EC,0.6355386244731253,Stress,waterfalls
96,A,99,104,4,CA1,EC,1.755656183446103,Stress,beaches
102,A,105,104,4,CA1,EC,0.7129261080981182,Stress,mountains
111,A,114,104,4,CA1,EC,3.674497239211133,Stress,beaches
168,A,171,104,4,CA1,EC,-0.3946290386043251,Stress,beaches
233,A,236,104,4,CA1,EC,0.3437355406943191,Stress,waterfalls
5,A,8,105,2,CA1,EC,0.8975024781617187,Stress,deserts
13,A,16,105,2,CA1,EC,-0.2302572739262285,Stress,mountains
26,A,29,105,2,CA1,EC,0.2177237155032277,Stress,mountains
40,A,43,105,2,CA1,EC,-0.144545321299723,Stress,deserts
46,A,49,105,2,CA1,EC,0.84262036370582,Stress,waterfalls
58,A,61,105,2,CA1,EC,3.663891164456052,Stress,mountains
70,A,73,105,2,CA1,EC,4.846695611901792e-05,Stress,waterfalls
78,A,81,105,2,CA1,EC,0.004877809420425,Stress,deserts
82,A,85,105,2,CA1,EC,-0.2213340807436624,Stress,mountains
89,A,92,105,2,CA1,EC,-0.6870598468014508,Stress,waterfalls
102,A,105,105,2,CA1,EC,2.732809443620404,Stress,waterfalls
108,A,111,105,2,CA1,EC,-0.2554755410566001,Stress,deserts
125,A,128,105,2,CA1,EC,-0.0572964858600827,Stress,deserts
143,A,146,105,2,CA1,EC,-0.4106015493182638,Stress,waterfalls
177,A,180,105,2,CA1,EC,0.4011886606410687,Stress,deserts
181,A,184,105,2,CA1,EC,-1.7559024610485008,Stress,waterfalls
192,A,195,105,2,CA1,EC,0.72133318493681,Stress,waterfalls
212,A,215,105,2,CA1,EC,-1.0314651790627438,Stress,mountains
220,A,223,105,2,CA1,EC,-0.0864618978464887,Stress,mountains
226,A,229,105,2,CA1,EC,0.123634473939993,Stress,mountains
238,A,241,105,2,CA1,EC,0.019845873474269,Stress,deserts
12,A,15,105,3,CA1,EC,0.0116355287495328,Stress,waterfalls
27,A,30,105,3,CA1,EC,-0.0799270103805053,Stress,deserts
38,A,41,105,3,CA1,EC,-0.0183214298049366,Stress,mountains
59,A,62,105,3,CA1,EC,0.4603262565185095,Stress,mountains
85,A,88,105,3,CA1,EC,-0.0622687315414271,Stress,deserts
99,A,102,105,3,CA1,EC,-0.8315965223128589,Stress,deserts
107,A,110,105,3,CA1,EC,-0.402673956159665,Stress,waterfalls
116,A,119,105,3,CA1,EC,0.2719479181334759,Stress,mountains
122,A,125,105,3,CA1,EC,-0.4539773329503541,Stress,deserts
135,A,138,105,3,CA1,EC,0.5354243415868981,Stress,mountains
140,A,143,105,3,CA1,EC,-1.532242518554482,Stress,waterfalls
150,A,153,105,3,CA1,EC,0.0224401968550099,Stress,waterfalls
162,A,165,105,3,CA1,EC,0.4798614827288153,Stress,deserts
171,A,174,105,3,CA1,EC,0.240037191103683,Stress,waterfalls
181,A,184,105,3,CA1,EC,0.2410310751724654,Stress,deserts
187,A,190,105,3,CA1,EC,0.7570847812903845,Stress,waterfalls
192,A,195,105,3,CA1,EC,-0.4770866792288951,Stress,mountains
197,A,200,105,3,CA1,EC,-1.132153070490557,Stress,deserts
214,A,217,105,3,CA1,EC,-0.0408422646073163,Stress,waterfalls
224,A,227,105,3,CA1,EC,0.9859888615875178,Stress,mountains
236,A,239,105,3,CA1,EC,0.5764848035072176,Stress,mountains
12,A,15,105,4,CA1,EC,0.352312312863597,Stress,deserts
27,A,30,105,4,CA1,EC,-0.085807023469698,Stress,deserts
31,A,34,105,4,CA1,EC,-1.0833054637077444,Stress,waterfalls
43,A,46,105,4,CA1,EC,0.0519754989713523,Stress,mountains
61,A,64,105,4,CA1,EC,0.2364133259859391,Stress,mountains
68,A,71,105,4,CA1,EC,-0.0031963247037563,Stress,deserts
79,A,82,105,4,CA1,EC,-0.5054042594558678,Stress,waterfalls
95,A,98,105,4,CA1,EC,0.437860973994859,Stress,waterfalls
112,A,115,105,4,CA1,EC,0.0006317693670987,Stress,mountains
130,A,133,105,4,CA1,EC,0.7709661312575281,Stress,deserts
141,A,144,105,4,CA1,EC,1.0609928081675373,Stress,waterfalls
147,A,150,105,4,CA1,EC,0.8720338729246749,Stress,mountains
157,A,160,105,4,CA1,EC,-1.1265038888930683,Stress,mountains
163,A,166,105,4,CA1,EC,2.1629168049668186,Stress,waterfalls
168,A,171,105,4,CA1,EC,-0.5899764756579851,Stress,mountains
184,A,187,105,4,CA1,EC,0.4217643031642391,Stress,waterfalls
191,A,194,105,4,CA1,EC,0.002525881287866,Stress,deserts
201,A,204,105,4,CA1,EC,0.735103532471484,Stress,deserts
209,A,212,105,4,CA1,EC,0.2803748745744427,Stress,waterfalls
220,A,223,105,4,CA1,EC,0.0852682219943433,Stress,mountains
230,A,233,105,4,CA1,EC,-1.3333821094965883,Stress,deserts
5,A,8,106,2,CA1,EC,-0.0614568329881845,Control,lighthouses
21,A,24,106,2,CA1,EC,-0.8126483537323588,Control,waterfalls
25,A,28,106,2,CA1,EC,0.8640919225569805,Control,lighthouses
31,A,34,106,2,CA1,EC,0.0161366292179718,Control,bridges
43,A,46,106,2,CA1,EC,0.3853697164676188,Control,bridges
49,A,52,106,2,CA1,EC,-0.1165219950434747,Control,lighthouses
66,A,69,106,2,CA1,EC,-0.4948652976164566,Control,bridges
75,A,78,106,2,CA1,EC,0.7903727439210434,Control,lighthouses
83,A,86,106,2,CA1,EC,0.3496861579628904,Control,bridges
87,A,90,106,2,CA1,EC,0.2392246692587106,Control,waterfalls
101,A,104,106,2,CA1,EC,0.159880087456231,Control,bridges
114,A,117,106,2,CA1,EC,-0.2654696590709186,Control,lighthouses
123,A,126,106,2,CA1,EC,0.7620970694142009,Control,waterfalls
173,A,176,106,2,CA1,EC,-0.6705674686606409,Control,waterfalls
178,A,181,106,2,CA1,EC,-0.2258777702190051,Control,lighthouses
189,A,192,106,2,CA1,EC,-0.0356320142251989,Control,bridges
198,A,201,106,2,CA1,EC,-0.0203638856338321,Control,waterfalls
209,A,212,106,2,CA1,EC,-0.3879141543881462,Control,waterfalls
216,A,219,106,2,CA1,EC,-0.1636037377194696,Control,waterfalls
228,A,231,106,2,CA1,EC,-1.1031092182104358,Control,bridges
12,A,15,106,3,CA1,EC,0.1432040712889194,Control,waterfalls
22,A,25,106,3,CA1,EC,0.2663377658413099,Control,bridges
43,A,46,106,3,CA1,EC,0.6412785266463049,Control,waterfalls
56,A,59,106,3,CA1,EC,0.9237611892488464,Control,lighthouses
71,A,74,106,3,CA1,EC,-0.1035324463897595,Control,lighthouses
86,A,89,106,3,CA1,EC,1.5884908683443122,Control,bridges
99,A,102,106,3,CA1,EC,0.0604328643973631,Control,bridges
114,A,117,106,3,CA1,EC,-1.0346500794550215,Control,lighthouses
126,A,129,106,3,CA1,EC,0.0414751955624766,Control,waterfalls
138,A,141,106,3,CA1,EC,0.0049495423729251,Control,waterfalls
143,A,146,106,3,CA1,EC,0.1859148842372533,Control,lighthouses
152,A,155,106,3,CA1,EC,0.2386937595708842,Control,bridges
166,A,169,106,3,CA1,EC,1.185144703917591,Control,bridges
185,A,188,106,3,CA1,EC,2.959618325347467,Control,lighthouses
189,A,192,106,3,CA1,EC,1.3385154914057844,Control,waterfalls
200,A,203,106,3,CA1,EC,1.2716071384376046,Control,waterfalls
210,A,213,106,3,CA1,EC,0.004340900742791,Control,lighthouses
215,A,218,106,3,CA1,EC,0.036582934391807,Control,bridges
232,A,235,106,3,CA1,EC,-0.0388659973116766,Control,waterfalls
237,A,240,106,3,CA1,EC,0.0034248642293766,Control,lighthouses
11,A,14,106,4,CA1,EC,0.0955748595934043,Control,waterfalls
25,A,28,106,4,CA1,EC,-0.0582124127941017,Control,waterfalls
31,A,34,106,4,CA1,EC,-0.0827864951604708,Control,bridges
41,A,44,106,4,CA1,EC,1.0485265933549948,Control,waterfalls
65,A,68,106,4,CA1,EC,0.741631057474354,Control,lighthouses
74,A,77,106,4,CA1,EC,0.9054906545907536,Control,waterfalls
94,A,97,106,4,CA1,EC,2.039555603270916,Control,waterfalls
101,A,104,106,4,CA1,EC,-0.0818260850165324,Control,bridges
107,A,110,106,4,CA1,EC,-0.0297978465302939,Control,lighthouses
127,A,130,106,4,CA1,EC,-0.1387285043828275,Control,bridges
143,A,146,106,4,CA1,EC,0.2684975908930943,Control,lighthouses
162,A,165,106,4,CA1,EC,0.1076909091866788,Control,lighthouses
173,A,176,106,4,CA1,EC,1.7195511786304445,Control,lighthouses
178,A,181,106,4,CA1,EC,0.1264637450449894,Control,bridges
192,A,195,106,4,CA1,EC,-0.4687134010007477,Control,bridges
212,A,215,106,4,CA1,EC,-0.3664265849608567,Control,lighthouses
220,A,223,106,4,CA1,EC,0.0052390689619936,Control,waterfalls
228,A,231,106,4,CA1,EC,-1.148245419323526,Control,waterfalls
236,A,239,106,4,CA1,EC,1.0738923662345734,Control,lighthouses
