onsetTR,cond,shiftedTR,subid,run,roi1,roi2,ets,group,category
26,A,29,2,2,CA23,EC,0.0179998682340368,Stress,deserts
40,A,43,2,2,CA23,EC,-0.2067269018479634,Stress,canyons
49,A,52,2,2,CA23,EC,0.9647615540078702,Stress,deserts
60,A,63,2,2,CA23,EC,0.3443038170848682,Stress,canyons
68,A,71,2,2,CA23,EC,-0.7967115666187357,Stress,marshes
78,A,81,2,2,CA23,EC,-1.0541280646719418,Stress,marshes
91,A,94,2,2,CA23,EC,-0.9748365594797468,Stress,deserts
97,A,100,2,2,CA23,EC,-2.0729036191931187,Stress,canyons
115,A,118,2,2,CA23,EC,1.025542232372439,Stress,marshes
133,A,136,2,2,CA23,EC,-0.792103832581547,Stress,canyons
140,A,143,2,2,CA23,EC,-0.3480779395911952,Stress,marshes
148,A,151,2,2,CA23,EC,1.6380652429941702,Stress,marshes
154,A,157,2,2,CA23,EC,0.0916608534170767,Stress,canyons
174,A,177,2,2,CA23,EC,-0.0198576298585235,Stress,deserts
178,A,181,2,2,CA23,EC,0.5414550634997446,Stress,marshes
190,A,193,2,2,CA23,EC,-0.3194662128428391,Stress,deserts
198,A,201,2,2,CA23,EC,-0.1863395044071683,Stress,marshes
207,A,210,2,2,CA23,EC,-0.1161794601073159,Stress,canyons
217,A,220,2,2,CA23,EC,0.1406842379478704,Stress,deserts
228,A,231,2,2,CA23,EC,0.421989781143877,Stress,canyons
5,A,8,2,3,CA23,EC,-0.037184055277438,Stress,deserts
12,A,15,2,3,CA23,EC,0.4813733319986075,Stress,marshes
19,A,22,2,3,CA23,EC,-0.2738151898838289,Stress,deserts
35,A,38,2,3,CA23,EC,2.5698189444258794,Stress,deserts
46,A,49,2,3,CA23,EC,-0.0602020192084112,Stress,deserts
53,A,56,2,3,CA23,EC,-0.0268741380791041,Stress,marshes
57,A,60,2,3,CA23,EC,-0.1994212872558589,Stress,canyons
69,A,72,2,3,CA23,EC,2.136107646763667,Stress,marshes
90,A,93,2,3,CA23,EC,-0.0441083704899037,Stress,canyons
96,A,99,2,3,CA23,EC,-1.289542393464893,Stress,marshes
116,A,119,2,3,CA23,EC,0.942174883386032,Stress,canyons
132,A,135,2,3,CA23,EC,0.003670251800109,Stress,marshes
141,A,144,2,3,CA23,EC,-0.2842490046400212,Stress,deserts
161,A,164,2,3,CA23,EC,-1.5969135914546868,Stress,canyons
171,A,174,2,3,CA23,EC,-0.0610342524154844,Stress,marshes
177,A,180,2,3,CA23,EC,0.0081357022426986,Stress,deserts
183,A,186,2,3,CA23,EC,1.5430318852612923,Stress,marshes
200,A,203,2,3,CA23,EC,1.695222657813031,Stress,canyons
212,A,215,2,3,CA23,EC,-1.4653697816945983,Stress,deserts
225,A,228,2,3,CA23,EC,0.0445573666878225,Stress,canyons
234,A,237,2,3,CA23,EC,2.232261712276456,Stress,canyons
5,A,8,2,4,CA23,EC,-0.1387703227074458,Stress,deserts
16,A,19,2,4,CA23,EC,-0.0647674558789058,Stress,marshes
22,A,25,2,4,CA23,EC,-0.1611000438157907,Stress,deserts
32,A,35,2,4,CA23,EC,-0.027939492968497,Stress,canyons
38,A,41,2,4,CA23,EC,0.0590008618440091,Stress,marshes
60,A,63,2,4,CA23,EC,1.800770283468191,Stress,deserts
85,A,88,2,4,CA23,EC,3.2846074693744463,Stress,marshes
90,A,93,2,4,CA23,EC,-0.3211682037417941,Stress,canyons
95,A,98,2,4,CA23,EC,0.1187348137995423,Stress,marshes
103,A,106,2,4,CA23,EC,0.3167486822163148,Stress,canyons
112,A,115,2,4,CA23,EC,-1.0637396471642098,Stress,deserts
118,A,121,2,4,CA23,EC,0.3976932725361345,Stress,canyons
141,A,144,2,4,CA23,EC,-1.817761839945082,Stress,marshes
152,A,155,2,4,CA23,EC,0.758852103316212,Stress,deserts
161,A,164,2,4,CA23,EC,-0.0006814516366382,Stress,deserts
172,A,175,2,4,CA23,EC,-0.0454028513749261,Stress,canyons
186,A,189,2,4,CA23,EC,-0.0108895908371215,Stress,canyons
196,A,199,2,4,CA23,EC,-3.147280693261719,Stress,marshes
207,A,210,2,4,CA23,EC,0.2223345588771202,Stress,deserts
227,A,230,2,4,CA23,EC,0.2287708108925633,Stress,marshes
5,A,8,3,2,CA23,EC,-0.031394663211219,Control,bridges
16,A,19,3,2,CA23,EC,-2.6283954583529847,Control,forests
20,A,23,3,2,CA23,EC,1.6648880893733944,Control,bridges
25,A,28,3,2,CA23,EC,-0.5612563582047808,Control,parks
32,A,35,3,2,CA23,EC,-0.1713644147369199,Control,forests
39,A,42,3,2,CA23,EC,0.264588847706142,Control,parks
47,A,50,3,2,CA23,EC,-0.8066572246829717,Control,parks
52,A,55,3,2,CA23,EC,-0.0003425701867988,Control,bridges
61,A,64,3,2,CA23,EC,0.0004536889787495,Control,bridges
71,A,74,3,2,CA23,EC,-0.3060077173774052,Control,bridges
77,A,80,3,2,CA23,EC,-0.2941682078129858,Control,forests
81,A,84,3,2,CA23,EC,-0.1694548794103834,Control,bridges
91,A,94,3,2,CA23,EC,0.5965988863293988,Control,forests
114,A,117,3,2,CA23,EC,0.6612280593612111,Control,forests
121,A,124,3,2,CA23,EC,-0.9029786268222272,Control,bridges
139,A,142,3,2,CA23,EC,0.0400464193958674,Control,parks
163,A,166,3,2,CA23,EC,-0.5970806305779364,Control,parks
191,A,194,3,2,CA23,EC,-0.0301423438977653,Control,parks
201,A,204,3,2,CA23,EC,-0.7251683200008197,Control,parks
212,A,215,3,2,CA23,EC,-0.7716570230003034,Control,forests
219,A,222,3,2,CA23,EC,0.1727121334021224,Control,forests
5,A,8,3,3,CA23,EC,-0.261184490999308,Control,bridges
18,A,21,3,3,CA23,EC,0.1074764017514461,Control,parks
34,A,37,3,3,CA23,EC,-0.2671264889611777,Control,forests
52,A,55,3,3,CA23,EC,0.3475419398320651,Control,forests
57,A,60,3,3,CA23,EC,0.9936093784183364,Control,parks
66,A,69,3,3,CA23,EC,-0.2047781000343985,Control,bridges
77,A,80,3,3,CA23,EC,-0.6077188734870127,Control,parks
92,A,95,3,3,CA23,EC,-0.5376818054964371,Control,forests
101,A,104,3,3,CA23,EC,-0.0024230319185628,Control,bridges
111,A,114,3,3,CA23,EC,0.0355640222851608,Control,forests
119,A,122,3,3,CA23,EC,1.6245356773558612,Control,parks
126,A,129,3,3,CA23,EC,-0.9383876112581432,Control,bridges
137,A,140,3,3,CA23,EC,-0.1582509579715276,Control,bridges
145,A,148,3,3,CA23,EC,0.4465726387429136,Control,forests
152,A,155,3,3,CA23,EC,-0.6070887922690091,Control,bridges
157,A,160,3,3,CA23,EC,-0.3265994443972441,Control,parks
175,A,178,3,3,CA23,EC,-0.3564605777206874,Control,forests
198,A,201,3,3,CA23,EC,-0.9440111517144522,Control,forests
205,A,208,3,3,CA23,EC,-0.1255706324791436,Control,parks
215,A,218,3,3,CA23,EC,0.5422491608396307,Control,parks
225,A,228,3,3,CA23,EC,0.1536431961543711,Control,bridges
9,A,12,3,4,CA23,EC,-0.8476027989848991,Control,bridges
25,A,28,3,4,CA23,EC,-0.6436940154033711,Control,forests
36,A,39,3,4,CA23,EC,0.0041655689206626,Control,parks
41,A,44,3,4,CA23,EC,0.6681270698422945,Control,forests
46,A,49,3,4,CA23,EC,0.5964986408643622,Control,parks
52,A,55,3,4,CA23,EC,0.8707517700661638,Control,bridges
64,A,67,3,4,CA23,EC,0.1418304947597843,Control,bridges
80,A,83,3,4,CA23,EC,-1.386643173919301,Control,forests
87,A,90,3,4,CA23,EC,-1.3432736458130563,Control,parks
96,A,99,3,4,CA23,EC,-0.0511381020715227,Control,parks
100,A,103,3,4,CA23,EC,-1.062858982850295,Control,bridges
118,A,121,3,4,CA23,EC,-0.5074080129153078,Control,forests
138,A,141,3,4,CA23,EC,-0.9509545922203976,Control,parks
154,A,157,3,4,CA23,EC,-0.0888634592535204,Control,forests
168,A,171,3,4,CA23,EC,-0.7308746402356213,Control,parks
184,A,187,3,4,CA23,EC,-0.8988330399592205,Control,parks
189,A,192,3,4,CA23,EC,-0.7723287511411943,Control,bridges
198,A,201,3,4,CA23,EC,-0.303824540116788,Control,forests
208,A,211,3,4,CA23,EC,0.0381319506605942,Control,bridges
220,A,223,3,4,CA23,EC,0.2787049997298382,Control,bridges
226,A,229,3,4,CA23,EC,1.093232944234236,Control,forests
18,A,21,4,2,CA23,EC,0.1782636431362427,Stress,fields
36,A,39,4,2,CA23,EC,-0.7022019863791986,Stress,fields
43,A,46,4,2,CA23,EC,0.0286347381362002,Stress,lakes
56,A,59,4,2,CA23,EC,0.10227217704863,Stress,bridges
99,A,102,4,2,CA23,EC,-1.110577320870456,Stress,fields
111,A,114,4,2,CA23,EC,-1.036603718475433,Stress,lakes
116,A,119,4,2,CA23,EC,-0.2756838503176773,Stress,bridges
121,A,124,4,2,CA23,EC,-0.0020609955717643,Stress,fields
128,A,131,4,2,CA23,EC,-0.9911071778301018,Stress,lakes
146,A,149,4,2,CA23,EC,-1.4652616214947192,Stress,bridges
154,A,157,4,2,CA23,EC,-0.6447536020467441,Stress,lakes
161,A,164,4,2,CA23,EC,0.242637152437425,Stress,fields
168,A,171,4,2,CA23,EC,-3.151787950170976,Stress,lakes
180,A,183,4,2,CA23,EC,2.3114939491089355,Stress,lakes
185,A,188,4,2,CA23,EC,-1.406938945795274,Stress,bridges
195,A,198,4,2,CA23,EC,-0.3191564668777324,Stress,fields
204,A,207,4,2,CA23,EC,0.2725212647714847,Stress,bridges
208,A,211,4,2,CA23,EC,-0.9513067072841692,Stress,fields
218,A,221,4,2,CA23,EC,-0.194691971964576,Stress,bridges
225,A,228,4,2,CA23,EC,-0.0436490001380827,Stress,lakes
233,A,236,4,2,CA23,EC,-0.8016141568305017,Stress,bridges
15,A,18,4,3,CA23,EC,1.814937454632036,Stress,lakes
20,A,23,4,3,CA23,EC,0.7040243119722533,Stress,bridges
27,A,30,4,3,CA23,EC,0.5893832778760888,Stress,lakes
42,A,45,4,3,CA23,EC,0.0613496505246528,Stress,lakes
50,A,53,4,3,CA23,EC,-1.1906118195559452,Stress,bridges
60,A,63,4,3,CA23,EC,0.3309700326143289,Stress,fields
71,A,74,4,3,CA23,EC,-0.8364226691377035,Stress,fields
88,A,91,4,3,CA23,EC,-0.0166771990509401,Stress,fields
105,A,108,4,3,CA23,EC,-0.0531892404859115,Stress,bridges
116,A,119,4,3,CA23,EC,-0.0492384592166004,Stress,lakes
122,A,125,4,3,CA23,EC,-0.2372628020425037,Stress,fields
127,A,130,4,3,CA23,EC,0.6385899573826358,Stress,bridges
140,A,143,4,3,CA23,EC,0.1112762799491369,Stress,bridges
161,A,164,4,3,CA23,EC,-0.5787999816474872,Stress,fields
170,A,173,4,3,CA23,EC,1.7727368254649367,Stress,lakes
175,A,178,4,3,CA23,EC,-0.0982075177759551,Stress,bridges
181,A,184,4,3,CA23,EC,1.7499636090747823,Stress,fields
188,A,191,4,3,CA23,EC,-0.0254671119512321,Stress,lakes
203,A,206,4,3,CA23,EC,0.2057433756469136,Stress,lakes
210,A,213,4,3,CA23,EC,-2.959803123879513,Stress,bridges
236,A,239,4,3,CA23,EC,-0.9896122194780004,Stress,fields
13,A,16,4,4,CA23,EC,0.1262277272408179,Stress,lakes
19,A,22,4,4,CA23,EC,0.5418967120362358,Stress,fields
37,A,40,4,4,CA23,EC,1.1467626597769764,Stress,fields
57,A,60,4,4,CA23,EC,0.058731591026627,Stress,bridges
61,A,64,4,4,CA23,EC,-1.0153194537744297,Stress,fields
67,A,70,4,4,CA23,EC,0.1159359806101042,Stress,bridges
79,A,82,4,4,CA23,EC,-0.2628086469829029,Stress,bridges
93,A,96,4,4,CA23,EC,0.0067469455313157,Stress,lakes
107,A,110,4,4,CA23,EC,-0.0392069547006173,Stress,bridges
115,A,118,4,4,CA23,EC,-1.101017939311941,Stress,bridges
124,A,127,4,4,CA23,EC,-1.3019319220581398,Stress,lakes
134,A,137,4,4,CA23,EC,0.0078396742258546,Stress,lakes
150,A,153,4,4,CA23,EC,0.0567705875833878,Stress,bridges
167,A,170,4,4,CA23,EC,-0.2757093170240082,Stress,bridges
174,A,177,4,4,CA23,EC,0.2453297084745113,Stress,lakes
186,A,189,4,4,CA23,EC,-0.0260769449702839,Stress,fields
193,A,196,4,4,CA23,EC,-0.0052572274546929,Stress,lakes
213,A,216,4,4,CA23,EC,0.4476938079119684,Stress,fields
220,A,223,4,4,CA23,EC,0.0243338928338657,Stress,fields
227,A,230,4,4,CA23,EC,0.1245943884222616,Stress,fields
232,A,235,4,4,CA23,EC,0.821996115581962,Stress,lakes
21,A,24,5,2,CA23,EC,-0.1745800485448784,Control,mountains
32,A,35,5,2,CA23,EC,-0.1018125337658211,Control,lakes
37,A,40,5,2,CA23,EC,-0.1528766702084754,Control,mountains
52,A,55,5,2,CA23,EC,0.3017459935484032,Control,waterfalls
58,A,61,5,2,CA23,EC,0.3856829922183904,Control,lakes
69,A,72,5,2,CA23,EC,2.0547189506654715,Control,waterfalls
74,A,77,5,2,CA23,EC,0.1632671995563801,Control,mountains
89,A,92,5,2,CA23,EC,0.1032247307497403,Control,mountains
94,A,97,5,2,CA23,EC,1.71655319609709,Control,waterfalls
104,A,107,5,2,CA23,EC,7.124499699387915e-06,Control,waterfalls
111,A,114,5,2,CA23,EC,0.384651244391212,Control,waterfalls
119,A,122,5,2,CA23,EC,-0.0386773855987563,Control,lakes
131,A,134,5,2,CA23,EC,-0.5586289022927501,Control,mountains
136,A,139,5,2,CA23,EC,0.0349484520965495,Control,lakes
147,A,150,5,2,CA23,EC,-0.3555789839134033,Control,lakes
167,A,170,5,2,CA23,EC,1.0979488941960414,Control,mountains
174,A,177,5,2,CA23,EC,-0.2967550422003352,Control,mountains
193,A,196,5,2,CA23,EC,-1.4454385629843198,Control,lakes
213,A,216,5,2,CA23,EC,0.5875995757000558,Control,lakes
219,A,222,5,2,CA23,EC,0.6998820686904494,Control,waterfalls
234,A,237,5,2,CA23,EC,0.2241562683817118,Control,waterfalls
11,A,14,5,3,CA23,EC,2.9572215076667274,Control,waterfalls
27,A,30,5,3,CA23,EC,0.1067628161322403,Control,mountains
33,A,36,5,3,CA23,EC,0.3183320960211709,Control,lakes
46,A,49,5,3,CA23,EC,0.156912173023064,Control,lakes
52,A,55,5,3,CA23,EC,0.0294765831579969,Control,mountains
67,A,70,5,3,CA23,EC,1.3344036563895636,Control,lakes
80,A,83,5,3,CA23,EC,-0.950219874847596,Control,waterfalls
88,A,91,5,3,CA23,EC,0.698023653989284,Control,mountains
100,A,103,5,3,CA23,EC,2.277599522113647,Control,lakes
105,A,108,5,3,CA23,EC,-1.0368153828051545,Control,mountains
112,A,115,5,3,CA23,EC,0.6130276706525574,Control,waterfalls
120,A,123,5,3,CA23,EC,-0.5427167011518068,Control,mountains
138,A,141,5,3,CA23,EC,0.2041818628361463,Control,waterfalls
147,A,150,5,3,CA23,EC,0.2780705343490789,Control,lakes
153,A,156,5,3,CA23,EC,-0.1494610772307952,Control,waterfalls
159,A,162,5,3,CA23,EC,0.0042837130051241,Control,mountains
165,A,168,5,3,CA23,EC,0.2155001773808339,Control,waterfalls
188,A,191,5,3,CA23,EC,0.5041213184047301,Control,waterfalls
200,A,203,5,3,CA23,EC,0.226787478121764,Control,lakes
204,A,207,5,3,CA23,EC,-0.5155203724058155,Control,mountains
220,A,223,5,3,CA23,EC,1.0690868683729446,Control,lakes
5,A,8,5,4,CA23,EC,0.0348727103975692,Control,mountains
11,A,14,5,4,CA23,EC,0.0407327648666221,Control,waterfalls
19,A,22,5,4,CA23,EC,0.6798240970510401,Control,mountains
32,A,35,5,4,CA23,EC,-0.1061242273131353,Control,waterfalls
48,A,51,5,4,CA23,EC,0.2951262526078654,Control,waterfalls
60,A,63,5,4,CA23,EC,-0.0249147970192316,Control,lakes
65,A,68,5,4,CA23,EC,0.0003843962574716,Control,mountains
74,A,77,5,4,CA23,EC,1.1071192214403027,Control,waterfalls
91,A,94,5,4,CA23,EC,0.002384413612804,Control,mountains
108,A,111,5,4,CA23,EC,0.0040599608509636,Control,lakes
125,A,128,5,4,CA23,EC,-0.0460887696739359,Control,lakes
137,A,140,5,4,CA23,EC,0.5735459889072639,Control,lakes
143,A,146,5,4,CA23,EC,1.9255086671262809,Control,mountains
150,A,153,5,4,CA23,EC,3.144859171383008,Control,lakes
166,A,169,5,4,CA23,EC,-0.0498141777449348,Control,waterfalls
170,A,173,5,4,CA23,EC,-0.9307576834400176,Control,mountains
176,A,179,5,4,CA23,EC,0.0609881936275428,Control,waterfalls
186,A,189,5,4,CA23,EC,0.5480587823828265,Control,lakes
197,A,200,5,4,CA23,EC,0.110667518339887,Control,mountains
221,A,224,5,4,CA23,EC,-0.1517025859301858,Control,waterfalls
234,A,237,5,4,CA23,EC,0.0104143370960578,Control,lakes
13,A,16,7,2,CA23,EC,-0.9319708417168224,Control,lighthouses
20,A,23,7,2,CA23,EC,1.6724542168624024,Control,lighthouses
25,A,28,7,2,CA23,EC,-0.7189756823165548,Control,parks
39,A,42,7,2,CA23,EC,-0.0049804245746481,Control,lighthouses
46,A,49,7,2,CA23,EC,-0.0017403377375501,Control,forests
57,A,60,7,2,CA23,EC,0.5677357928519297,Control,forests
81,A,84,7,2,CA23,EC,-0.230198025692992,Control,parks
93,A,96,7,2,CA23,EC,0.8336832810213495,Control,parks
104,A,107,7,2,CA23,EC,-0.1790016614296249,Control,parks
121,A,124,7,2,CA23,EC,0.6193267613786564,Control,forests
127,A,130,7,2,CA23,EC,0.4706187599710266,Control,lighthouses
132,A,135,7,2,CA23,EC,-0.0246095409350721,Control,forests
141,A,144,7,2,CA23,EC,0.226912159992535,Control,lighthouses
147,A,150,7,2,CA23,EC,-1.3664115642926595,Control,forests
159,A,162,7,2,CA23,EC,1.3524202422385778,Control,lighthouses
171,A,174,7,2,CA23,EC,-0.7262482655028216,Control,forests
179,A,182,7,2,CA23,EC,1.117279458605423,Control,lighthouses
194,A,197,7,2,CA23,EC,-1.058520159314987,Control,parks
200,A,203,7,2,CA23,EC,0.7631533971230388,Control,forests
216,A,219,7,2,CA23,EC,1.7574266415943294,Control,parks
236,A,239,7,2,CA23,EC,-0.1936473827869912,Control,parks
5,A,8,7,3,CA23,EC,0.009873025777205,Control,forests
13,A,16,7,3,CA23,EC,-0.0028315682255727,Control,parks
22,A,25,7,3,CA23,EC,-0.0238102462836693,Control,lighthouses
33,A,36,7,3,CA23,EC,0.2615545849859837,Control,forests
40,A,43,7,3,CA23,EC,-0.5132345524311218,Control,lighthouses
45,A,48,7,3,CA23,EC,-1.634758597733739,Control,parks
54,A,57,7,3,CA23,EC,-1.018596825983357,Control,lighthouses
58,A,61,7,3,CA23,EC,0.6520238348274084,Control,forests
69,A,72,7,3,CA23,EC,-0.7550327559692152,Control,forests
89,A,92,7,3,CA23,EC,2.509116752202152,Control,parks
96,A,99,7,3,CA23,EC,-0.2776671494656976,Control,lighthouses
108,A,111,7,3,CA23,EC,0.7654392877233236,Control,lighthouses
114,A,117,7,3,CA23,EC,-0.0447113996060476,Control,parks
120,A,123,7,3,CA23,EC,-0.0202777027957889,Control,forests
129,A,132,7,3,CA23,EC,-0.8094848916342589,Control,lighthouses
136,A,139,7,3,CA23,EC,-0.0920776503011158,Control,forests
154,A,157,7,3,CA23,EC,1.0267135586203344,Control,parks
184,A,187,7,3,CA23,EC,-1.9220520687070868,Control,forests
190,A,193,7,3,CA23,EC,0.2535086963727208,Control,parks
195,A,198,7,3,CA23,EC,-1.3921486260091849,Control,lighthouses
208,A,211,7,3,CA23,EC,0.0700335979238109,Control,parks
5,A,8,7,4,CA23,EC,0.0338296682753091,Control,lighthouses
12,A,15,7,4,CA23,EC,-1.271489584454264,Control,forests
23,A,26,7,4,CA23,EC,0.3705149002469235,Control,parks
36,A,39,7,4,CA23,EC,-0.045292719916769,Control,forests
47,A,50,7,4,CA23,EC,-1.483096744864649,Control,lighthouses
65,A,68,7,4,CA23,EC,-0.0196988490901977,Control,lighthouses
84,A,87,7,4,CA23,EC,-0.1357140885659031,Control,parks
92,A,95,7,4,CA23,EC,0.869236369283082,Control,parks
115,A,118,7,4,CA23,EC,0.3206291357780987,Control,lighthouses
122,A,125,7,4,CA23,EC,0.944263925454833,Control,forests
144,A,147,7,4,CA23,EC,0.6556932143063033,Control,forests
151,A,154,7,4,CA23,EC,0.0506990143207426,Control,lighthouses
163,A,166,7,4,CA23,EC,-0.2453786681665794,Control,lighthouses
169,A,172,7,4,CA23,EC,0.1594088292525601,Control,forests
173,A,176,7,4,CA23,EC,1.619844645464607,Control,parks
178,A,181,7,4,CA23,EC,-0.3188829847480675,Control,lighthouses
182,A,185,7,4,CA23,EC,0.9451615888449284,Control,forests
203,A,206,7,4,CA23,EC,1.0425664741252894,Control,parks
213,A,216,7,4,CA23,EC,0.6144299456121354,Control,parks
224,A,227,7,4,CA23,EC,0.2730464422319092,Control,parks
235,A,238,7,4,CA23,EC,0.0078562121777171,Control,forests
11,A,14,8,2,CA23,EC,0.8715946061814558,Control,lakes
17,A,20,8,2,CA23,EC,-0.7166165055673364,Control,beaches
26,A,29,8,2,CA23,EC,-0.2718085422732882,Control,lakes
38,A,41,8,2,CA23,EC,-1.7585568712252504,Control,beaches
49,A,52,8,2,CA23,EC,-0.1574511119252379,Control,lighthouses
63,A,66,8,2,CA23,EC,-0.3246369994494611,Control,lighthouses
83,A,86,8,2,CA23,EC,-0.3336580174994797,Control,lighthouses
93,A,96,8,2,CA23,EC,0.2722174997068012,Control,beaches
97,A,100,8,2,CA23,EC,0.4875240831695263,Control,lighthouses
112,A,115,8,2,CA23,EC,-0.135889328138227,Control,lighthouses
123,A,126,8,2,CA23,EC,1.090456741076654,Control,beaches
131,A,134,8,2,CA23,EC,-0.1327846272847235,Control,lakes
140,A,143,8,2,CA23,EC,0.2467824320214597,Control,beaches
152,A,155,8,2,CA23,EC,-0.2992851857963105,Control,lakes
163,A,166,8,2,CA23,EC,-1.5996731777801545,Control,lighthouses
172,A,175,8,2,CA23,EC,-2.5946662728430763,Control,lakes
182,A,185,8,2,CA23,EC,0.231758111499085,Control,lighthouses
194,A,197,8,2,CA23,EC,1.261356284712556,Control,lakes
218,A,221,8,2,CA23,EC,0.1931935571109098,Control,beaches
235,A,238,8,2,CA23,EC,0.4912777689288531,Control,beaches
5,A,8,8,3,CA23,EC,-0.3605826593645647,Control,lakes
32,A,35,8,3,CA23,EC,-0.0005847781765803,Control,lighthouses
46,A,49,8,3,CA23,EC,-0.0069080051957743,Control,beaches
57,A,60,8,3,CA23,EC,-3.1276116914288816,Control,lakes
61,A,64,8,3,CA23,EC,0.2448648843067933,Control,lighthouses
67,A,70,8,3,CA23,EC,2.3040715694140244,Control,beaches
72,A,75,8,3,CA23,EC,0.3494760753522364,Control,lighthouses
87,A,90,8,3,CA23,EC,5.723988303896992,Control,lakes
98,A,101,8,3,CA23,EC,0.0003603758894699,Control,lakes
105,A,108,8,3,CA23,EC,0.4649945876464143,Control,beaches
114,A,117,8,3,CA23,EC,0.1196035924403664,Control,lighthouses
126,A,129,8,3,CA23,EC,-0.2964632793527038,Control,beaches
149,A,152,8,3,CA23,EC,0.0051243997904553,Control,lakes
154,A,157,8,3,CA23,EC,1.0933270028812545,Control,lighthouses
167,A,170,8,3,CA23,EC,-0.5176096387133362,Control,beaches
179,A,182,8,3,CA23,EC,-0.5694942099576694,Control,lighthouses
188,A,191,8,3,CA23,EC,-0.0387335950475308,Control,lighthouses
197,A,200,8,3,CA23,EC,-0.2381560070273219,Control,lakes
207,A,210,8,3,CA23,EC,2.361021665543391,Control,beaches
213,A,216,8,3,CA23,EC,-0.976967875942718,Control,lakes
226,A,229,8,3,CA23,EC,-1.698579089391002,Control,beaches
9,A,12,8,4,CA23,EC,0.0289055086951498,Control,lighthouses
18,A,21,8,4,CA23,EC,0.2452201284945278,Control,lighthouses
24,A,27,8,4,CA23,EC,0.5804502756958836,Control,lakes
33,A,36,8,4,CA23,EC,0.069730633993751,Control,beaches
55,A,58,8,4,CA23,EC,-0.0427412881183781,Control,beaches
70,A,73,8,4,CA23,EC,0.1359122805843229,Control,beaches
78,A,81,8,4,CA23,EC,0.3419443059643056,Control,beaches
84,A,87,8,4,CA23,EC,1.1310375293857868,Control,lakes
104,A,107,8,4,CA23,EC,-1.164290224244299,Control,lakes
111,A,114,8,4,CA23,EC,0.0303630500809002,Control,lighthouses
122,A,125,8,4,CA23,EC,-0.001016887780976,Control,lighthouses
133,A,136,8,4,CA23,EC,0.0077490044746973,Control,lighthouses
145,A,148,8,4,CA23,EC,0.1347017051643223,Control,lakes
151,A,154,8,4,CA23,EC,-2.593253637807548,Control,lighthouses
180,A,183,8,4,CA23,EC,0.0030637129236293,Control,lakes
184,A,187,8,4,CA23,EC,0.1466180946427859,Control,lighthouses
192,A,195,8,4,CA23,EC,0.0791552667984833,Control,beaches
209,A,212,8,4,CA23,EC,0.2056442112882199,Control,lakes
215,A,218,8,4,CA23,EC,-1.129326739718255,Control,beaches
221,A,224,8,4,CA23,EC,0.0646904180529352,Control,lakes
236,A,239,8,4,CA23,EC,-0.3527787166436411,Control,beaches
15,A,18,10,2,CA23,EC,-0.0081472359295519,Stress,lighthouses
23,A,26,10,2,CA23,EC,-1.3835175345935322,Stress,mountains
43,A,46,10,2,CA23,EC,0.0033131788722994,Stress,lighthouses
51,A,54,10,2,CA23,EC,-0.0149840541939685,Stress,mountains
62,A,65,10,2,CA23,EC,0.592857962710435,Stress,lighthouses
72,A,75,10,2,CA23,EC,0.8524028548757351,Stress,mountains
78,A,81,10,2,CA23,EC,2.6323626130136377,Stress,lighthouses
83,A,86,10,2,CA23,EC,0.0367303535433584,Stress,mountains
122,A,125,10,2,CA23,EC,1.7281274684745354,Stress,fields
135,A,138,10,2,CA23,EC,0.7424323328112169,Stress,lighthouses
150,A,153,10,2,CA23,EC,2.6699918402182514,Stress,fields
163,A,166,10,2,CA23,EC,0.0029090612841132,Stress,mountains
168,A,171,10,2,CA23,EC,-6.505122630600161,Stress,fields
172,A,175,10,2,CA23,EC,-0.9278531329098972,Stress,mountains
178,A,181,10,2,CA23,EC,2.0013734533896748,Stress,lighthouses
196,A,199,10,2,CA23,EC,0.1797858009832457,Stress,fields
210,A,213,10,2,CA23,EC,0.0940708132668905,Stress,fields
214,A,217,10,2,CA23,EC,0.4353696494846831,Stress,mountains
229,A,232,10,2,CA23,EC,1.430340065245462,Stress,lighthouses
236,A,239,10,2,CA23,EC,0.0050659587058621,Stress,fields
5,A,8,10,3,CA23,EC,0.0145819590163499,Stress,lighthouses
19,A,22,10,3,CA23,EC,0.7227015339570872,Stress,mountains
25,A,28,10,3,CA23,EC,1.5036040513092934e-05,Stress,lighthouses
35,A,38,10,3,CA23,EC,0.4675579709303724,Stress,fields
42,A,45,10,3,CA23,EC,0.7237763366419361,Stress,mountains
53,A,56,10,3,CA23,EC,0.0097567834687366,Stress,lighthouses
67,A,70,10,3,CA23,EC,0.1251188270058409,Stress,lighthouses
75,A,78,10,3,CA23,EC,0.5982893564156777,Stress,mountains
141,A,144,10,3,CA23,EC,0.2361576467733897,Stress,fields
160,A,163,10,3,CA23,EC,4.532118634397926,Stress,fields
174,A,177,10,3,CA23,EC,-0.1213305199852401,Stress,lighthouses
179,A,182,10,3,CA23,EC,-0.0014140880917124,Stress,mountains
227,A,230,10,3,CA23,EC,1.8395034275776685,Stress,fields
234,A,237,10,3,CA23,EC,0.014807187701205,Stress,mountains
5,A,8,10,4,CA23,EC,0.3507036239902731,Stress,lighthouses
22,A,25,10,4,CA23,EC,-0.2463670903910159,Stress,fields
27,A,30,10,4,CA23,EC,0.1817759304048564,Stress,mountains
54,A,57,10,4,CA23,EC,0.0557173703485169,Stress,mountains
59,A,62,10,4,CA23,EC,0.0450821233088047,Stress,lighthouses
76,A,79,10,4,CA23,EC,0.9220757516326838,Stress,mountains
83,A,86,10,4,CA23,EC,0.1825311069257056,Stress,lighthouses
93,A,96,10,4,CA23,EC,1.2462361055765403,Stress,lighthouses
113,A,116,10,4,CA23,EC,-0.0083322002703196,Stress,mountains
144,A,147,10,4,CA23,EC,0.0016502802370787,Stress,fields
153,A,156,10,4,CA23,EC,4.681119789634317,Stress,mountains
160,A,163,10,4,CA23,EC,-0.4799612184864384,Stress,mountains
168,A,171,10,4,CA23,EC,0.1829975809636099,Stress,lighthouses
177,A,180,10,4,CA23,EC,-0.8146567083733459,Stress,fields
223,A,226,10,4,CA23,EC,1.840593079293261,Stress,mountains
233,A,236,10,4,CA23,EC,2.4029855325238567,Stress,fields
13,A,16,13,2,CA23,EC,-0.6939728511255606,Control,fields
21,A,24,13,2,CA23,EC,0.1663581641012654,Control,forests
29,A,32,13,2,CA23,EC,0.3342042571011104,Control,waterfalls
40,A,43,13,2,CA23,EC,0.6251221854234088,Control,waterfalls
44,A,47,13,2,CA23,EC,-2.256827937234241,Control,forests
62,A,65,13,2,CA23,EC,0.3470628676841455,Control,fields
74,A,77,13,2,CA23,EC,0.1011420099557839,Control,fields
94,A,97,13,2,CA23,EC,-0.7988969212219397,Control,forests
109,A,112,13,2,CA23,EC,0.4874515709394064,Control,waterfalls
117,A,120,13,2,CA23,EC,0.6300958884164289,Control,waterfalls
125,A,128,13,2,CA23,EC,0.6206139496260779,Control,forests
151,A,154,13,2,CA23,EC,-0.0003209957486994,Control,fields
160,A,163,13,2,CA23,EC,0.0010654854535541,Control,forests
165,A,168,13,2,CA23,EC,-1.7290921314806174,Control,waterfalls
172,A,175,13,2,CA23,EC,0.0400155035401686,Control,forests
184,A,187,13,2,CA23,EC,-1.1218486375186565,Control,fields
196,A,199,13,2,CA23,EC,0.3413047487222396,Control,waterfalls
207,A,210,13,2,CA23,EC,-0.1581552346293464,Control,fields
218,A,221,13,2,CA23,EC,0.9147744887964566,Control,waterfalls
223,A,226,13,2,CA23,EC,-0.1159112145753093,Control,forests
233,A,236,13,2,CA23,EC,-0.1845210963396158,Control,fields
5,A,8,13,3,CA23,EC,2.554159833607472,Control,fields
19,A,22,13,3,CA23,EC,-0.7529011475547974,Control,forests
37,A,40,13,3,CA23,EC,0.0018047203467133,Control,fields
65,A,68,13,3,CA23,EC,0.3932725674589635,Control,waterfalls
77,A,80,13,3,CA23,EC,1.3763259712783364,Control,waterfalls
88,A,91,13,3,CA23,EC,-0.2996062299897968,Control,fields
101,A,104,13,3,CA23,EC,0.0045767608255354,Control,fields
117,A,120,13,3,CA23,EC,-0.0017458011001734,Control,waterfalls
127,A,130,13,3,CA23,EC,0.3349183095389397,Control,waterfalls
136,A,139,13,3,CA23,EC,-0.0218578932604093,Control,forests
145,A,148,13,3,CA23,EC,-1.2176988472530278e-06,Control,forests
154,A,157,13,3,CA23,EC,-0.0073312139070874,Control,waterfalls
164,A,167,13,3,CA23,EC,0.0407874714560055,Control,forests
170,A,173,13,3,CA23,EC,1.346699671231455,Control,fields
176,A,179,13,3,CA23,EC,-0.3025488216584033,Control,forests
182,A,185,13,3,CA23,EC,0.012476085192934,Control,waterfalls
187,A,190,13,3,CA23,EC,-0.6827598051071735,Control,fields
201,A,204,13,3,CA23,EC,-0.7509265146816069,Control,fields
206,A,209,13,3,CA23,EC,-0.0304398538617131,Control,waterfalls
217,A,220,13,3,CA23,EC,-5.74321104715132,Control,forests
230,A,233,13,3,CA23,EC,0.1005396543328239,Control,forests
8,A,11,13,4,CA23,EC,-1.2980233511968542,Control,forests
14,A,17,13,4,CA23,EC,0.5758097273984271,Control,fields
28,A,31,13,4,CA23,EC,0.989984176792419,Control,forests
38,A,41,13,4,CA23,EC,-0.0163414526649858,Control,fields
46,A,49,13,4,CA23,EC,-0.0216731569326326,Control,waterfalls
61,A,64,13,4,CA23,EC,1.347060969713049,Control,waterfalls
70,A,73,13,4,CA23,EC,2.075619232921188,Control,fields
78,A,81,13,4,CA23,EC,3.068097483123373,Control,fields
90,A,93,13,4,CA23,EC,1.977645257230696,Control,fields
96,A,99,13,4,CA23,EC,0.5944604603092603,Control,waterfalls
102,A,105,13,4,CA23,EC,-0.6340094090870699,Control,forests
110,A,113,13,4,CA23,EC,-0.8569317495671949,Control,waterfalls
118,A,121,13,4,CA23,EC,-1.224353097394784,Control,fields
144,A,147,13,4,CA23,EC,0.3389963570054871,Control,forests
155,A,158,13,4,CA23,EC,0.2544705743470031,Control,forests
161,A,164,13,4,CA23,EC,1.8288543815960805,Control,forests
170,A,173,13,4,CA23,EC,-0.0784745995579283,Control,fields
197,A,200,13,4,CA23,EC,0.0044686631085625,Control,waterfalls
210,A,213,13,4,CA23,EC,-0.23645590385914,Control,waterfalls
219,A,222,13,4,CA23,EC,0.9967440950157664,Control,forests
228,A,231,13,4,CA23,EC,0.6272887113440883,Control,waterfalls
8,A,11,14,2,CA23,EC,-0.2762730524759242,Stress,bridges
16,A,19,14,2,CA23,EC,-0.007461073524606,Stress,fields
26,A,29,14,2,CA23,EC,-0.4045852990686696,Stress,fields
36,A,39,14,2,CA23,EC,1.4600721218792818,Stress,bridges
46,A,49,14,2,CA23,EC,-0.0538557368204436,Stress,bridges
58,A,61,14,2,CA23,EC,0.0051238456897639,Stress,waterfalls
67,A,70,14,2,CA23,EC,0.1037872159345864,Stress,fields
86,A,89,14,2,CA23,EC,1.0299297071018938,Stress,fields
98,A,101,14,2,CA23,EC,0.8799211809002491,Stress,fields
115,A,118,14,2,CA23,EC,0.4593962558892414,Stress,waterfalls
126,A,129,14,2,CA23,EC,0.0222761581607422,Stress,bridges
132,A,135,14,2,CA23,EC,-2.921468444872576,Stress,fields
140,A,143,14,2,CA23,EC,-1.1870197702245,Stress,bridges
152,A,155,14,2,CA23,EC,1.1820737499029776,Stress,waterfalls
161,A,164,14,2,CA23,EC,-1.2640834936498568,Stress,waterfalls
186,A,189,14,2,CA23,EC,-2.496007732256196,Stress,bridges
196,A,199,14,2,CA23,EC,-1.3865095175372313,Stress,waterfalls
209,A,212,14,2,CA23,EC,-0.5472822749043408,Stress,waterfalls
216,A,219,14,2,CA23,EC,0.609409710131783,Stress,fields
224,A,227,14,2,CA23,EC,0.0105140559933939,Stress,waterfalls
228,A,231,14,2,CA23,EC,0.0696496668674095,Stress,bridges
5,A,8,14,3,CA23,EC,0.4552383143953043,Stress,fields
18,A,21,14,3,CA23,EC,0.1939728062030692,Stress,fields
22,A,25,14,3,CA23,EC,-0.2080716759254056,Stress,bridges
30,A,33,14,3,CA23,EC,-0.0753196725829086,Stress,bridges
35,A,38,14,3,CA23,EC,0.8129345350172382,Stress,fields
56,A,59,14,3,CA23,EC,-0.2134553580266078,Stress,waterfalls
74,A,77,14,3,CA23,EC,-0.8440717139740335,Stress,fields
83,A,86,14,3,CA23,EC,-0.1604391806385855,Stress,bridges
89,A,92,14,3,CA23,EC,-0.1358352202612846,Stress,waterfalls
103,A,106,14,3,CA23,EC,0.5747848018547717,Stress,bridges
111,A,114,14,3,CA23,EC,0.3805302109552972,Stress,fields
131,A,134,14,3,CA23,EC,-0.2379545307981003,Stress,waterfalls
143,A,146,14,3,CA23,EC,-3.406049965879048,Stress,fields
159,A,162,14,3,CA23,EC,-0.4295661783252246,Stress,waterfalls
168,A,171,14,3,CA23,EC,1.1160436267826792,Stress,bridges
181,A,184,14,3,CA23,EC,0.1591011461916545,Stress,bridges
187,A,190,14,3,CA23,EC,1.7590604098749545,Stress,waterfalls
194,A,197,14,3,CA23,EC,-2.164076395732766,Stress,bridges
210,A,213,14,3,CA23,EC,-0.2014537159193162,Stress,waterfalls
230,A,233,14,3,CA23,EC,0.1707150757034567,Stress,waterfalls
236,A,239,14,3,CA23,EC,1.260648670575458,Stress,fields
10,A,13,14,4,CA23,EC,-1.9026873981581205,Stress,fields
14,A,17,14,4,CA23,EC,-0.8322512605664117,Stress,bridges
31,A,34,14,4,CA23,EC,0.3136632587718387,Stress,waterfalls
36,A,39,14,4,CA23,EC,0.0214258640533964,Stress,fields
43,A,46,14,4,CA23,EC,0.1928487007311565,Stress,bridges
51,A,54,14,4,CA23,EC,-0.0413710759533086,Stress,fields
56,A,59,14,4,CA23,EC,0.7765138250916644,Stress,waterfalls
67,A,70,14,4,CA23,EC,0.0393867866018578,Stress,waterfalls
77,A,80,14,4,CA23,EC,-0.425304088142562,Stress,bridges
86,A,89,14,4,CA23,EC,0.139390674243505,Stress,fields
104,A,107,14,4,CA23,EC,0.874171258610156,Stress,waterfalls
113,A,116,14,4,CA23,EC,-0.1065124883185794,Stress,waterfalls
146,A,149,14,4,CA23,EC,0.3111016095819962,Stress,fields
157,A,160,14,4,CA23,EC,-1.171652345875161,Stress,bridges
167,A,170,14,4,CA23,EC,-2.590618770334844,Stress,bridges
176,A,179,14,4,CA23,EC,-0.6764323573988362,Stress,fields
184,A,187,14,4,CA23,EC,1.3368632484463092,Stress,bridges
204,A,207,14,4,CA23,EC,6.248007336929533,Stress,waterfalls
216,A,219,14,4,CA23,EC,0.3423887284614698,Stress,waterfalls
5,A,8,15,2,CA23,EC,0.2975970023229134,Control,lakes
13,A,16,15,2,CA23,EC,0.0543334350813969,Control,lakes
19,A,22,15,2,CA23,EC,-0.4213292684816165,Control,mountains
34,A,37,15,2,CA23,EC,-0.6937436720228225,Control,lakes
45,A,48,15,2,CA23,EC,1.78143318347362,Control,lakes
54,A,57,15,2,CA23,EC,-0.4717594641742521,Control,deserts
63,A,66,15,2,CA23,EC,-0.3075787956905149,Control,deserts
82,A,85,15,2,CA23,EC,0.3819624995102304,Control,mountains
89,A,92,15,2,CA23,EC,-0.0065038225578835,Control,mountains
118,A,121,15,2,CA23,EC,0.0649370715932849,Control,deserts
128,A,131,15,2,CA23,EC,3.941956936441364,Control,mountains
141,A,144,15,2,CA23,EC,-0.2815402478319437,Control,deserts
146,A,149,15,2,CA23,EC,1.925279638759072,Control,lakes
153,A,156,15,2,CA23,EC,0.9024261961928433,Control,deserts
161,A,164,15,2,CA23,EC,0.4140632473843191,Control,lakes
180,A,183,15,2,CA23,EC,0.1916186281482763,Control,deserts
192,A,195,15,2,CA23,EC,-0.6555165152970353,Control,mountains
198,A,201,15,2,CA23,EC,-0.0184440699883088,Control,deserts
204,A,207,15,2,CA23,EC,0.0041680124287274,Control,mountains
212,A,215,15,2,CA23,EC,-0.586487881944209,Control,lakes
229,A,232,15,2,CA23,EC,0.6567481247172637,Control,mountains
13,A,16,15,3,CA23,EC,0.000157925321787,Control,lakes
32,A,35,15,3,CA23,EC,-0.4489373788538437,Control,mountains
40,A,43,15,3,CA23,EC,0.0227353771091379,Control,lakes
52,A,55,15,3,CA23,EC,0.7515970195466147,Control,deserts
60,A,63,15,3,CA23,EC,0.0951348461133386,Control,mountains
69,A,72,15,3,CA23,EC,-0.0537533032892895,Control,mountains
79,A,82,15,3,CA23,EC,-1.4123333190604397,Control,lakes
91,A,94,15,3,CA23,EC,-0.004755732630809,Control,deserts
106,A,109,15,3,CA23,EC,0.028838038781177,Control,lakes
110,A,113,15,3,CA23,EC,-1.8768585695656672,Control,deserts
126,A,129,15,3,CA23,EC,-0.6496073796881585,Control,lakes
141,A,144,15,3,CA23,EC,0.6041408898107733,Control,deserts
155,A,158,15,3,CA23,EC,-0.2712498299530689,Control,mountains
165,A,168,15,3,CA23,EC,-0.0011684728059259,Control,deserts
181,A,184,15,3,CA23,EC,-1.3778466441498582,Control,mountains
194,A,197,15,3,CA23,EC,0.2712260912429007,Control,deserts
201,A,204,15,3,CA23,EC,0.290318836518278,Control,lakes
206,A,209,15,3,CA23,EC,1.0281794109119615,Control,mountains
225,A,228,15,3,CA23,EC,-0.4032833536342753,Control,mountains
230,A,233,15,3,CA23,EC,1.232974485457679,Control,deserts
236,A,239,15,3,CA23,EC,0.1454427229770467,Control,lakes
9,A,12,15,4,CA23,EC,0.0290921295878683,Control,mountains
17,A,20,15,4,CA23,EC,0.262537150116123,Control,deserts
27,A,30,15,4,CA23,EC,0.0543003262214717,Control,mountains
34,A,37,15,4,CA23,EC,0.116906862507539,Control,lakes
38,A,41,15,4,CA23,EC,-1.0317823882983628,Control,deserts
50,A,53,15,4,CA23,EC,-0.2121763327376107,Control,lakes
62,A,65,15,4,CA23,EC,-0.3128271245531783,Control,lakes
78,A,81,15,4,CA23,EC,-0.0163724743917153,Control,deserts
96,A,99,15,4,CA23,EC,0.0754839302412289,Control,lakes
101,A,104,15,4,CA23,EC,-0.6255731576868785,Control,mountains
110,A,113,15,4,CA23,EC,-0.0062771756611961,Control,mountains
130,A,133,15,4,CA23,EC,-2.408132195554117,Control,mountains
141,A,144,15,4,CA23,EC,-0.8311417650346459,Control,mountains
150,A,153,15,4,CA23,EC,0.0182786825625451,Control,deserts
158,A,161,15,4,CA23,EC,0.7377654719055494,Control,lakes
163,A,166,15,4,CA23,EC,1.0947580901162683,Control,deserts
173,A,176,15,4,CA23,EC,1.074760701109569,Control,deserts
196,A,199,15,4,CA23,EC,-0.1455379701514776,Control,lakes
203,A,206,15,4,CA23,EC,0.7479931873014157,Control,deserts
225,A,228,15,4,CA23,EC,-0.6880764097746666,Control,lakes
233,A,236,15,4,CA23,EC,2.1164903860139197,Control,mountains
16,A,19,17,2,CA23,EC,0.4677577104888868,Control,marshes
36,A,39,17,2,CA23,EC,-0.2000953697372328,Control,canyons
43,A,46,17,2,CA23,EC,0.5107887757107378,Control,fields
49,A,52,17,2,CA23,EC,-0.4258695290203234,Control,canyons
63,A,66,17,2,CA23,EC,0.2204250356936991,Control,canyons
81,A,84,17,2,CA23,EC,-0.8736098028777899,Control,marshes
91,A,94,17,2,CA23,EC,-0.0459577894140951,Control,fields
97,A,100,17,2,CA23,EC,0.4301173949583309,Control,canyons
107,A,110,17,2,CA23,EC,-1.1467857295452557,Control,fields
111,A,114,17,2,CA23,EC,-0.4876735363519796,Control,canyons
118,A,121,17,2,CA23,EC,-1.0037523349320374,Control,fields
122,A,125,17,2,CA23,EC,-0.3450115205908805,Control,marshes
133,A,136,17,2,CA23,EC,-2.155404465206172,Control,fields
139,A,142,17,2,CA23,EC,-0.7175011283750804,Control,marshes
152,A,155,17,2,CA23,EC,0.0013955129975408,Control,canyons
182,A,185,17,2,CA23,EC,0.4110234563423982,Control,marshes
192,A,195,17,2,CA23,EC,-0.9870106373803492,Control,fields
206,A,209,17,2,CA23,EC,0.3942092143851055,Control,canyons
211,A,214,17,2,CA23,EC,-0.2620495345568041,Control,fields
217,A,220,17,2,CA23,EC,-0.6175960871083768,Control,marshes
228,A,231,17,2,CA23,EC,-0.1421969708105561,Control,marshes
7,A,10,17,3,CA23,EC,-0.1897535061599723,Control,fields
15,A,18,17,3,CA23,EC,-0.0202578027373853,Control,fields
24,A,27,17,3,CA23,EC,0.1610956405575225,Control,marshes
49,A,52,17,3,CA23,EC,-0.3600588356135256,Control,marshes
60,A,63,17,3,CA23,EC,-0.0716849411672453,Control,fields
76,A,79,17,3,CA23,EC,1.1607554008728236,Control,canyons
81,A,84,17,3,CA23,EC,-0.2467233032580011,Control,marshes
88,A,91,17,3,CA23,EC,-1.2420231303440528,Control,marshes
99,A,102,17,3,CA23,EC,0.0416253751181452,Control,marshes
109,A,112,17,3,CA23,EC,1.0652907505100455,Control,fields
115,A,118,17,3,CA23,EC,-0.2735778951589409,Control,canyons
125,A,128,17,3,CA23,EC,-0.6112080576618747,Control,fields
142,A,145,17,3,CA23,EC,1.4094493928448992,Control,canyons
177,A,180,17,3,CA23,EC,-0.5584960345335053,Control,canyons
186,A,189,17,3,CA23,EC,-1.1991814434825532,Control,fields
199,A,202,17,3,CA23,EC,1.428733642351451,Control,canyons
219,A,222,17,3,CA23,EC,0.2085501983983218,Control,canyons
223,A,226,17,3,CA23,EC,2.769793427780073,Control,marshes
228,A,231,17,3,CA23,EC,-0.0591608805948932,Control,canyons
237,A,240,17,3,CA23,EC,-1.2025150703810623,Control,fields
9,A,12,17,4,CA23,EC,1.5504900240907913,Control,fields
17,A,20,17,4,CA23,EC,0.2883662108044108,Control,marshes
25,A,28,17,4,CA23,EC,0.0831464693112645,Control,canyons
41,A,44,17,4,CA23,EC,0.0104278355962724,Control,fields
50,A,53,17,4,CA23,EC,0.8327909446066316,Control,marshes
60,A,63,17,4,CA23,EC,-0.4044842485721226,Control,fields
72,A,75,17,4,CA23,EC,0.2989518309173534,Control,marshes
88,A,91,17,4,CA23,EC,0.0299498163470116,Control,marshes
93,A,96,17,4,CA23,EC,1.0991621665738067,Control,fields
105,A,108,17,4,CA23,EC,0.1836092364025154,Control,marshes
131,A,134,17,4,CA23,EC,0.3665160598272085,Control,marshes
181,A,184,17,4,CA23,EC,0.0782335876639253,Control,canyons
202,A,205,17,4,CA23,EC,-0.0381257882415486,Control,fields
219,A,222,17,4,CA23,EC,0.5730191212721538,Control,canyons
233,A,236,17,4,CA23,EC,-1.0394499859700834,Control,marshes
8,A,11,20,2,CA23,EC,0.0278405679449693,Control,parks
16,A,19,20,2,CA23,EC,-0.0873900351381258,Control,beaches
33,A,36,20,2,CA23,EC,2.7044498046226515,Control,deserts
40,A,43,20,2,CA23,EC,-0.1187381542721289,Control,beaches
55,A,58,20,2,CA23,EC,-0.0218420087481865,Control,parks
73,A,76,20,2,CA23,EC,-0.8378957030303921,Control,beaches
80,A,83,20,2,CA23,EC,0.0646517636212884,Control,deserts
86,A,89,20,2,CA23,EC,-0.1887809051312197,Control,parks
104,A,107,20,2,CA23,EC,0.0890040685090527,Control,beaches
110,A,113,20,2,CA23,EC,0.1827835001598196,Control,parks
124,A,127,20,2,CA23,EC,1.0696858533580111,Control,deserts
132,A,135,20,2,CA23,EC,-1.4602137584686137,Control,beaches
157,A,160,20,2,CA23,EC,-1.16253858374669,Control,parks
162,A,165,20,2,CA23,EC,0.1889926655110815,Control,deserts
174,A,177,20,2,CA23,EC,-0.7123009856431493,Control,parks
193,A,196,20,2,CA23,EC,0.7593232611809593,Control,deserts
199,A,202,20,2,CA23,EC,0.0464890492879525,Control,parks
205,A,208,20,2,CA23,EC,-0.1458438275720266,Control,deserts
214,A,217,20,2,CA23,EC,0.1812669004892411,Control,beaches
220,A,223,20,2,CA23,EC,-0.1325170664116849,Control,deserts
228,A,231,20,2,CA23,EC,0.0232057685105362,Control,beaches
32,A,35,20,3,CA23,EC,0.3710969233582777,Control,parks
42,A,45,20,3,CA23,EC,-0.2243954393924956,Control,deserts
47,A,50,20,3,CA23,EC,0.1107610738728737,Control,beaches
68,A,71,20,3,CA23,EC,0.4592888583822436,Control,deserts
74,A,77,20,3,CA23,EC,1.475416630370797,Control,beaches
88,A,91,20,3,CA23,EC,1.564143056439441,Control,parks
102,A,105,20,3,CA23,EC,0.8328982019599533,Control,beaches
110,A,113,20,3,CA23,EC,-0.0245103097309583,Control,parks
124,A,127,20,3,CA23,EC,0.8409819546858811,Control,deserts
135,A,138,20,3,CA23,EC,1.946248145944908,Control,parks
142,A,145,20,3,CA23,EC,-0.2420421022037111,Control,beaches
162,A,165,20,3,CA23,EC,-1.968869662183453,Control,deserts
168,A,171,20,3,CA23,EC,0.0649725764198386,Control,beaches
176,A,179,20,3,CA23,EC,0.8889800770498385,Control,beaches
184,A,187,20,3,CA23,EC,1.1433775347605577,Control,parks
201,A,204,20,3,CA23,EC,0.0171868891048525,Control,deserts
206,A,209,20,3,CA23,EC,-0.2421489961184658,Control,parks
210,A,213,20,3,CA23,EC,-1.2592751254274692,Control,deserts
218,A,221,20,3,CA23,EC,-0.2936876276466061,Control,deserts
226,A,229,20,3,CA23,EC,-0.9156674617095188,Control,beaches
234,A,237,20,3,CA23,EC,0.1880471778287867,Control,parks
5,A,8,20,4,CA23,EC,-0.0063605349815225,Control,parks
14,A,17,20,4,CA23,EC,1.637970560792307,Control,deserts
37,A,40,20,4,CA23,EC,-0.1168562688872557,Control,parks
57,A,60,20,4,CA23,EC,0.2135546407163979,Control,beaches
66,A,69,20,4,CA23,EC,0.352970269588141,Control,beaches
76,A,79,20,4,CA23,EC,0.08882858759764,Control,deserts
81,A,84,20,4,CA23,EC,1.1972444011043712,Control,beaches
97,A,100,20,4,CA23,EC,-0.1187056103769109,Control,parks
114,A,117,20,4,CA23,EC,-0.4293779255476373,Control,beaches
138,A,141,20,4,CA23,EC,-0.0081298480345593,Control,deserts
144,A,147,20,4,CA23,EC,-0.9402494391632006,Control,beaches
157,A,160,20,4,CA23,EC,1.3861301473002114,Control,parks
164,A,167,20,4,CA23,EC,-2.4445582714505893,Control,parks
170,A,173,20,4,CA23,EC,0.3192578337491399,Control,beaches
177,A,180,20,4,CA23,EC,0.864953910514308,Control,parks
185,A,188,20,4,CA23,EC,-0.7736737490688426,Control,beaches
190,A,193,20,4,CA23,EC,0.0301731306199995,Control,deserts
207,A,210,20,4,CA23,EC,0.3833620473051867,Control,deserts
212,A,215,20,4,CA23,EC,-0.0648650340195762,Control,parks
220,A,223,20,4,CA23,EC,-1.1886640398963484,Control,deserts
228,A,231,20,4,CA23,EC,0.0170317408659138,Control,deserts
10,A,13,21,2,CA23,EC,1.188852749477375,Stress,beaches
28,A,31,21,2,CA23,EC,1.2808327089689229,Stress,deserts
43,A,46,21,2,CA23,EC,-0.4576275976469497,Stress,deserts
51,A,54,21,2,CA23,EC,-0.2906702072899585,Stress,beaches
59,A,62,21,2,CA23,EC,0.0276513121817281,Stress,beaches
75,A,78,21,2,CA23,EC,-0.1121897944648236,Stress,deserts
82,A,85,21,2,CA23,EC,-0.4657304748035009,Stress,marshes
93,A,96,21,2,CA23,EC,-0.060988473182112,Stress,marshes
99,A,102,21,2,CA23,EC,-0.2686505689496205,Stress,beaches
107,A,110,21,2,CA23,EC,0.6703558623245642,Stress,beaches
114,A,117,21,2,CA23,EC,-0.584177529500397,Stress,deserts
127,A,130,21,2,CA23,EC,0.041389141611202,Stress,beaches
136,A,139,21,2,CA23,EC,0.095847015399097,Stress,marshes
152,A,155,21,2,CA23,EC,0.0853231862852728,Stress,deserts
164,A,167,21,2,CA23,EC,0.008382202326305,Stress,deserts
190,A,193,21,2,CA23,EC,-0.8625640700872703,Stress,marshes
206,A,209,21,2,CA23,EC,0.1287688120635581,Stress,marshes
217,A,220,21,2,CA23,EC,-1.2736650524753983,Stress,marshes
227,A,230,21,2,CA23,EC,-3.4908915265906524,Stress,deserts
232,A,235,21,2,CA23,EC,-0.0460580301437425,Stress,marshes
238,A,241,21,2,CA23,EC,-0.049356398824635,Stress,beaches
10,A,13,21,3,CA23,EC,0.4389843062583266,Stress,deserts
16,A,19,21,3,CA23,EC,0.418104979579848,Stress,marshes
35,A,38,21,3,CA23,EC,0.0175112842901763,Stress,beaches
46,A,49,21,3,CA23,EC,2.838021340581764,Stress,deserts
51,A,54,21,3,CA23,EC,-1.1432352827512122,Stress,marshes
61,A,64,21,3,CA23,EC,0.1684140369652852,Stress,beaches
70,A,73,21,3,CA23,EC,1.2682367572310838,Stress,marshes
93,A,96,21,3,CA23,EC,-0.3080803794026204,Stress,marshes
102,A,105,21,3,CA23,EC,0.0691990774568169,Stress,deserts
124,A,127,21,3,CA23,EC,0.7180132721280471,Stress,beaches
134,A,137,21,3,CA23,EC,1.0846546626311069,Stress,beaches
143,A,146,21,3,CA23,EC,0.0342621390454676,Stress,beaches
149,A,152,21,3,CA23,EC,0.0543491268787528,Stress,beaches
155,A,158,21,3,CA23,EC,0.1164364457946429,Stress,deserts
166,A,169,21,3,CA23,EC,-0.6020529350020848,Stress,deserts
170,A,173,21,3,CA23,EC,0.3644342975397612,Stress,marshes
179,A,182,21,3,CA23,EC,-1.367258110570276,Stress,beaches
207,A,210,21,3,CA23,EC,0.1997986796485747,Stress,marshes
215,A,218,21,3,CA23,EC,0.1032866436054254,Stress,deserts
224,A,227,21,3,CA23,EC,-0.1252045734436087,Stress,marshes
229,A,232,21,3,CA23,EC,-1.425802682987917,Stress,deserts
18,A,21,21,4,CA23,EC,-0.1765916447809758,Stress,marshes
28,A,31,21,4,CA23,EC,1.0198320247151975,Stress,beaches
34,A,37,21,4,CA23,EC,-0.0334451594304052,Stress,marshes
43,A,46,21,4,CA23,EC,0.6298202435772311,Stress,beaches
48,A,51,21,4,CA23,EC,-2.7319973402273674,Stress,deserts
57,A,60,21,4,CA23,EC,0.653250785005995,Stress,marshes
68,A,71,21,4,CA23,EC,0.9992641825656006,Stress,deserts
82,A,85,21,4,CA23,EC,-0.3375605067853832,Stress,deserts
90,A,93,21,4,CA23,EC,-1.2773324188595938,Stress,beaches
99,A,102,21,4,CA23,EC,-0.4725135228451937,Stress,marshes
115,A,118,21,4,CA23,EC,-0.0914894363400761,Stress,beaches
120,A,123,21,4,CA23,EC,0.0096875237653977,Stress,marshes
133,A,136,21,4,CA23,EC,1.4156919107098866,Stress,deserts
154,A,157,21,4,CA23,EC,0.3215822541752608,Stress,marshes
164,A,167,21,4,CA23,EC,0.2130059971133451,Stress,deserts
174,A,177,21,4,CA23,EC,-0.1363884600825932,Stress,deserts
183,A,186,21,4,CA23,EC,0.8386106943653266,Stress,beaches
195,A,198,21,4,CA23,EC,-0.157318494205901,Stress,marshes
208,A,211,21,4,CA23,EC,3.376828406499876,Stress,beaches
229,A,232,21,4,CA23,EC,-0.3016045313153355,Stress,deserts
236,A,239,21,4,CA23,EC,0.3761561585730562,Stress,beaches
11,A,14,23,2,CA23,EC,-0.0423927789439026,Stress,parks
22,A,25,23,2,CA23,EC,-0.2770314978184787,Stress,lighthouses
34,A,37,23,2,CA23,EC,0.2457447385517262,Stress,parks
39,A,42,23,2,CA23,EC,0.0319030829514258,Stress,canyons
48,A,51,23,2,CA23,EC,0.6881262524027993,Stress,parks
58,A,61,23,2,CA23,EC,0.7420298982703755,Stress,canyons
74,A,77,23,2,CA23,EC,0.2172048383046175,Stress,parks
92,A,95,23,2,CA23,EC,-0.1320880163910452,Stress,canyons
101,A,104,23,2,CA23,EC,-0.1937183213290965,Stress,lighthouses
114,A,117,23,2,CA23,EC,0.1717943927330192,Stress,canyons
124,A,127,23,2,CA23,EC,0.1924757488556996,Stress,parks
132,A,135,23,2,CA23,EC,0.3214081871958859,Stress,lighthouses
141,A,144,23,2,CA23,EC,0.2721549351983615,Stress,lighthouses
169,A,172,23,2,CA23,EC,0.8315828707718793,Stress,canyons
175,A,178,23,2,CA23,EC,-0.918920550636812,Stress,lighthouses
185,A,188,23,2,CA23,EC,-1.502895997087944,Stress,lighthouses
195,A,198,23,2,CA23,EC,3.335496452690024,Stress,canyons
205,A,208,23,2,CA23,EC,0.0046134196031807,Stress,parks
211,A,214,23,2,CA23,EC,0.3217005535954969,Stress,canyons
224,A,227,23,2,CA23,EC,0.2421351497462447,Stress,lighthouses
232,A,235,23,2,CA23,EC,-0.4023022865300919,Stress,parks
5,A,8,23,3,CA23,EC,0.1892388017146319,Stress,lighthouses
22,A,25,23,3,CA23,EC,-0.0719968400501371,Stress,parks
36,A,39,23,3,CA23,EC,-0.179727607718429,Stress,canyons
45,A,48,23,3,CA23,EC,0.1051692975154733,Stress,parks
61,A,64,23,3,CA23,EC,0.3211921756562491,Stress,lighthouses
68,A,71,23,3,CA23,EC,0.0187008931817662,Stress,lighthouses
83,A,86,23,3,CA23,EC,-0.537655597101817,Stress,canyons
93,A,96,23,3,CA23,EC,0.3820643706515476,Stress,lighthouses
100,A,103,23,3,CA23,EC,-0.5037364315100034,Stress,parks
107,A,110,23,3,CA23,EC,-1.1568838309264646,Stress,canyons
129,A,132,23,3,CA23,EC,3.001518109506708,Stress,lighthouses
139,A,142,23,3,CA23,EC,0.4219738406439212,Stress,parks
144,A,147,23,3,CA23,EC,-0.0595371028915544,Stress,canyons
149,A,152,23,3,CA23,EC,1.1357119766005046,Stress,parks
164,A,167,23,3,CA23,EC,0.139673553694958,Stress,parks
171,A,174,23,3,CA23,EC,0.0763677118774361,Stress,canyons
195,A,198,23,3,CA23,EC,-1.3885204673464593,Stress,lighthouses
211,A,214,23,3,CA23,EC,0.0045936179164968,Stress,canyons
219,A,222,23,3,CA23,EC,0.0034293523036269,Stress,lighthouses
226,A,229,23,3,CA23,EC,1.806314584045157,Stress,canyons
230,A,233,23,3,CA23,EC,2.782609724490491,Stress,parks
10,A,13,23,4,CA23,EC,-0.0243959884008034,Stress,lighthouses
20,A,23,23,4,CA23,EC,0.3873469078743677,Stress,parks
32,A,35,23,4,CA23,EC,0.5233318009244312,Stress,lighthouses
40,A,43,23,4,CA23,EC,1.7990858810725554,Stress,parks
52,A,55,23,4,CA23,EC,-0.0230977036048002,Stress,canyons
70,A,73,23,4,CA23,EC,-0.007384590268175,Stress,canyons
77,A,80,23,4,CA23,EC,0.6402979728571025,Stress,canyons
89,A,92,23,4,CA23,EC,-1.4664465307295882,Stress,lighthouses
94,A,97,23,4,CA23,EC,0.00599201761982,Stress,parks
99,A,102,23,4,CA23,EC,0.0044503543324141,Stress,canyons
107,A,110,23,4,CA23,EC,-2.0212594150376253,Stress,lighthouses
113,A,116,23,4,CA23,EC,-0.0001830968497537,Stress,canyons
119,A,122,23,4,CA23,EC,0.6783395163570415,Stress,lighthouses
127,A,130,23,4,CA23,EC,1.06084294162292,Stress,lighthouses
171,A,174,23,4,CA23,EC,-0.374683924713552,Stress,canyons
186,A,189,23,4,CA23,EC,0.1022274975527383,Stress,lighthouses
192,A,195,23,4,CA23,EC,0.5605547381434415,Stress,parks
210,A,213,23,4,CA23,EC,0.0454023186958462,Stress,canyons
216,A,219,23,4,CA23,EC,0.0142790010950132,Stress,parks
223,A,226,23,4,CA23,EC,0.0761758710490484,Stress,parks
232,A,235,23,4,CA23,EC,-0.4565639310158335,Stress,parks
5,A,8,24,2,CA23,EC,0.2099902137034092,Stress,waterfalls
33,A,36,24,2,CA23,EC,-0.3484843959534534,Stress,waterfalls
39,A,42,24,2,CA23,EC,0.0010995962513688,Stress,lakes
69,A,72,24,2,CA23,EC,-0.3873297345631666,Stress,waterfalls
75,A,78,24,2,CA23,EC,-0.4367126527084444,Stress,lakes
81,A,84,24,2,CA23,EC,-0.9889195390598662,Stress,beaches
88,A,91,24,2,CA23,EC,1.5618750180074168,Stress,lakes
97,A,100,24,2,CA23,EC,-0.034689929677239,Stress,beaches
114,A,117,24,2,CA23,EC,0.0145053588517911,Stress,lakes
128,A,131,24,2,CA23,EC,0.0475896374009906,Stress,waterfalls
146,A,149,24,2,CA23,EC,0.0478623289669027,Stress,beaches
152,A,155,24,2,CA23,EC,-0.0052979471033983,Stress,lakes
165,A,168,24,2,CA23,EC,0.4041130848213343,Stress,beaches
169,A,172,24,2,CA23,EC,1.4259990387617922,Stress,waterfalls
180,A,183,24,2,CA23,EC,0.2625083231678153,Stress,beaches
191,A,194,24,2,CA23,EC,-2.129937083556458,Stress,beaches
200,A,203,24,2,CA23,EC,1.2495604551876849,Stress,waterfalls
213,A,216,24,2,CA23,EC,-0.1036157795636466,Stress,lakes
220,A,223,24,2,CA23,EC,-0.0666512240346709,Stress,beaches
228,A,231,24,2,CA23,EC,2.581238524002091,Stress,lakes
234,A,237,24,2,CA23,EC,-0.2231264564487625,Stress,waterfalls
5,A,8,24,3,CA23,EC,1.378535633172037,Stress,waterfalls
47,A,50,24,3,CA23,EC,-1.161065492092623,Stress,beaches
52,A,55,24,3,CA23,EC,-0.5699216065908095,Stress,waterfalls
61,A,64,24,3,CA23,EC,-0.150666596445826,Stress,lakes
66,A,69,24,3,CA23,EC,2.02152780373083,Stress,waterfalls
81,A,84,24,3,CA23,EC,-0.0479262432727117,Stress,beaches
101,A,104,24,3,CA23,EC,0.5435922677493971,Stress,beaches
114,A,117,24,3,CA23,EC,-1.3125175097704147,Stress,lakes
124,A,127,24,3,CA23,EC,-0.0805324479401628,Stress,beaches
134,A,137,24,3,CA23,EC,0.2005123817848589,Stress,lakes
141,A,144,24,3,CA23,EC,0.0089144987263437,Stress,waterfalls
148,A,151,24,3,CA23,EC,-0.6037172836964413,Stress,lakes
156,A,159,24,3,CA23,EC,0.9646357775246066,Stress,waterfalls
164,A,167,24,3,CA23,EC,0.0069412191658568,Stress,beaches
177,A,180,24,3,CA23,EC,-1.0829759695812546,Stress,lakes
185,A,188,24,3,CA23,EC,-0.0962364471400614,Stress,waterfalls
191,A,194,24,3,CA23,EC,-0.2796829029491724,Stress,lakes
203,A,206,24,3,CA23,EC,0.0113292061988675,Stress,beaches
212,A,215,24,3,CA23,EC,0.0535644701107849,Stress,lakes
220,A,223,24,3,CA23,EC,-0.1991466634184277,Stress,waterfalls
234,A,237,24,3,CA23,EC,1.1447763308599854,Stress,beaches
5,A,8,24,4,CA23,EC,-0.0774128144857655,Stress,waterfalls
15,A,18,24,4,CA23,EC,0.0158364063458831,Stress,lakes
21,A,24,24,4,CA23,EC,0.2209612661924997,Stress,waterfalls
33,A,36,24,4,CA23,EC,1.101368840743283,Stress,lakes
47,A,50,24,4,CA23,EC,0.7877140019054131,Stress,beaches
55,A,58,24,4,CA23,EC,0.0443933693640701,Stress,beaches
73,A,76,24,4,CA23,EC,-0.543793565211567,Stress,beaches
80,A,83,24,4,CA23,EC,0.6811100314069767,Stress,beaches
101,A,104,24,4,CA23,EC,0.8517534766860164,Stress,waterfalls
118,A,121,24,4,CA23,EC,0.6270239519912788,Stress,lakes
132,A,135,24,4,CA23,EC,-0.1404364755171011,Stress,waterfalls
143,A,146,24,4,CA23,EC,0.9464391986259844,Stress,waterfalls
156,A,159,24,4,CA23,EC,0.0002677851082433,Stress,lakes
169,A,172,24,4,CA23,EC,1.2886360059415427e-05,Stress,beaches
177,A,180,24,4,CA23,EC,-0.1287642242328815,Stress,lakes
188,A,191,24,4,CA23,EC,0.7003101303200242,Stress,lakes
196,A,199,24,4,CA23,EC,0.0837806808506479,Stress,waterfalls
207,A,210,24,4,CA23,EC,1.1366660882065105,Stress,beaches
214,A,217,24,4,CA23,EC,0.6482109684726698,Stress,lakes
219,A,222,24,4,CA23,EC,1.658433824727655,Stress,beaches
223,A,226,24,4,CA23,EC,-0.0963261074688261,Stress,waterfalls
10,A,13,28,2,CA23,EC,1.819879704430393,Stress,mountains
18,A,21,28,2,CA23,EC,1.7287730906072127,Stress,canyons
27,A,30,28,2,CA23,EC,1.255999159263684,Stress,canyons
35,A,38,28,2,CA23,EC,-0.2855240801059429,Stress,mountains
54,A,57,28,2,CA23,EC,0.0003514419463209,Stress,canyons
65,A,68,28,2,CA23,EC,-1.553275889444426,Stress,lighthouses
80,A,83,28,2,CA23,EC,2.012685510423992,Stress,lighthouses
85,A,88,28,2,CA23,EC,-0.1338534862315376,Stress,canyons
93,A,96,28,2,CA23,EC,0.209576091756983,Stress,lighthouses
106,A,109,28,2,CA23,EC,0.1704422124954764,Stress,canyons
111,A,114,28,2,CA23,EC,-0.2790815345474015,Stress,mountains
121,A,124,28,2,CA23,EC,0.3507657429122814,Stress,canyons
135,A,138,28,2,CA23,EC,-0.5522608007564946,Stress,lighthouses
141,A,144,28,2,CA23,EC,-0.4214973192630273,Stress,canyons
146,A,149,28,2,CA23,EC,0.6257965344218025,Stress,mountains
175,A,178,28,2,CA23,EC,1.0769635848355716,Stress,lighthouses
193,A,196,28,2,CA23,EC,-1.938262472902599,Stress,lighthouses
203,A,206,28,2,CA23,EC,-0.0541405006446861,Stress,mountains
217,A,220,28,2,CA23,EC,0.0288111377117645,Stress,mountains
224,A,227,28,2,CA23,EC,0.387632559036646,Stress,lighthouses
233,A,236,28,2,CA23,EC,0.0075742085389442,Stress,mountains
7,A,10,28,3,CA23,EC,-0.0835675057520371,Stress,canyons
15,A,18,28,3,CA23,EC,1.397961648844939,Stress,canyons
22,A,25,28,3,CA23,EC,3.290019736067922,Stress,lighthouses
27,A,30,28,3,CA23,EC,-0.0290635861475471,Stress,canyons
54,A,57,28,3,CA23,EC,0.523256826046793,Stress,lighthouses
75,A,78,28,3,CA23,EC,-0.8176622405729022,Stress,mountains
88,A,91,28,3,CA23,EC,-0.359326751221658,Stress,canyons
92,A,95,28,3,CA23,EC,1.1195064624946434,Stress,mountains
104,A,107,28,3,CA23,EC,0.2609919651595834,Stress,canyons
126,A,129,28,3,CA23,EC,1.9813613487566613,Stress,lighthouses
137,A,140,28,3,CA23,EC,0.0059836733738231,Stress,mountains
149,A,152,28,3,CA23,EC,0.0064342548306157,Stress,lighthouses
154,A,157,28,3,CA23,EC,0.2593029226337958,Stress,mountains
164,A,167,28,3,CA23,EC,0.0172366639759483,Stress,lighthouses
169,A,172,28,3,CA23,EC,-0.143459630072122,Stress,canyons
183,A,186,28,3,CA23,EC,-0.0111037132788622,Stress,canyons
192,A,195,28,3,CA23,EC,0.0749807024060916,Stress,mountains
199,A,202,28,3,CA23,EC,0.1956111461735484,Stress,lighthouses
219,A,222,28,3,CA23,EC,1.6777012510243932,Stress,mountains
233,A,236,28,3,CA23,EC,-0.7014693544933226,Stress,mountains
238,A,241,28,3,CA23,EC,-0.8721130181267268,Stress,lighthouses
5,A,8,28,4,CA23,EC,-0.0027108030981471,Stress,mountains
17,A,20,28,4,CA23,EC,2.123936188526988,Stress,mountains
26,A,29,28,4,CA23,EC,0.4824678733058763,Stress,lighthouses
41,A,44,28,4,CA23,EC,0.1010847947017979,Stress,canyons
47,A,50,28,4,CA23,EC,0.9017150618458176,Stress,lighthouses
72,A,75,28,4,CA23,EC,-0.0013131369683226,Stress,canyons
78,A,81,28,4,CA23,EC,0.0048368215005096,Stress,mountains
100,A,103,28,4,CA23,EC,-0.4821519363371381,Stress,canyons
117,A,120,28,4,CA23,EC,-0.4739629471739094,Stress,canyons
138,A,141,28,4,CA23,EC,-0.4506479466629345,Stress,lighthouses
145,A,148,28,4,CA23,EC,1.2057830958031008,Stress,canyons
154,A,157,28,4,CA23,EC,-0.3042445802626612,Stress,mountains
165,A,168,28,4,CA23,EC,0.90303344870276,Stress,lighthouses
170,A,173,28,4,CA23,EC,-0.1712744234116247,Stress,canyons
176,A,179,28,4,CA23,EC,-1.1792636965669816,Stress,mountains
185,A,188,28,4,CA23,EC,2.131370455471996,Stress,mountains
201,A,204,28,4,CA23,EC,0.1771712687572532,Stress,lighthouses
206,A,209,28,4,CA23,EC,0.0171106869598681,Stress,canyons
211,A,214,28,4,CA23,EC,0.0805401865512628,Stress,lighthouses
224,A,227,28,4,CA23,EC,-1.1336565598461348,Stress,lighthouses
236,A,239,28,4,CA23,EC,-0.2674816815847802,Stress,mountains
5,A,8,29,2,CA23,EC,0.4143719084882363,Control,parks
17,A,20,29,2,CA23,EC,0.3140386188028987,Control,parks
47,A,50,29,2,CA23,EC,2.8031020442000862,Control,mountains
54,A,57,29,2,CA23,EC,0.8612620422495189,Control,deserts
80,A,83,29,2,CA23,EC,-0.3545083086867487,Control,parks
94,A,97,29,2,CA23,EC,-0.4400720169994572,Control,deserts
99,A,102,29,2,CA23,EC,0.22669859605923,Control,parks
104,A,107,29,2,CA23,EC,0.5290655032346668,Control,mountains
110,A,113,29,2,CA23,EC,0.507547841883944,Control,deserts
124,A,127,29,2,CA23,EC,0.1550792373970325,Control,parks
131,A,134,29,2,CA23,EC,-1.3173593254339269,Control,deserts
137,A,140,29,2,CA23,EC,0.5205253980582436,Control,parks
156,A,159,29,2,CA23,EC,-0.0700755318695651,Control,mountains
165,A,168,29,2,CA23,EC,0.4474038636872441,Control,mountains
185,A,188,29,2,CA23,EC,-0.0046238376098251,Control,deserts
194,A,197,29,2,CA23,EC,0.8879267818868004,Control,parks
200,A,203,29,2,CA23,EC,0.8312528801115442,Control,mountains
208,A,211,29,2,CA23,EC,0.0288103424832841,Control,mountains
213,A,216,29,2,CA23,EC,-1.1198079702097268,Control,deserts
223,A,226,29,2,CA23,EC,-1.1259805199851836,Control,deserts
228,A,231,29,2,CA23,EC,1.7249249079594475,Control,mountains
8,A,11,29,3,CA23,EC,0.0811467406172114,Control,mountains
14,A,17,29,3,CA23,EC,-1.5714404618522555,Control,parks
20,A,23,29,3,CA23,EC,1.538271782896536,Control,mountains
39,A,42,29,3,CA23,EC,0.0907437390168292,Control,mountains
50,A,53,29,3,CA23,EC,0.506313055218782,Control,parks
71,A,74,29,3,CA23,EC,-0.0283408182583203,Control,mountains
82,A,85,29,3,CA23,EC,-0.0568928808706821,Control,mountains
91,A,94,29,3,CA23,EC,0.0097266629950373,Control,parks
96,A,99,29,3,CA23,EC,0.0039170072817244,Control,mountains
101,A,104,29,3,CA23,EC,0.4176927214646191,Control,deserts
111,A,114,29,3,CA23,EC,-0.2494452498987178,Control,deserts
116,A,119,29,3,CA23,EC,-0.372028305706409,Control,mountains
121,A,124,29,3,CA23,EC,0.9516214393021836,Control,deserts
125,A,128,29,3,CA23,EC,0.0032996811438324,Control,parks
130,A,133,29,3,CA23,EC,-0.0314886882360301,Control,deserts
143,A,146,29,3,CA23,EC,0.2551922360751388,Control,deserts
153,A,156,29,3,CA23,EC,-0.8024458409611854,Control,parks
168,A,171,29,3,CA23,EC,-1.0371411906305166,Control,parks
197,A,200,29,3,CA23,EC,-0.3520937776155554,Control,deserts
203,A,206,29,3,CA23,EC,-2.145166224733583,Control,parks
219,A,222,29,3,CA23,EC,-0.0751541952501399,Control,deserts
5,A,8,29,4,CA23,EC,-0.0031485740132032,Control,deserts
11,A,14,29,4,CA23,EC,-1.756036453375046,Control,parks
22,A,25,29,4,CA23,EC,2.547356871321029,Control,parks
28,A,31,29,4,CA23,EC,-1.7763639661618604,Control,mountains
39,A,42,29,4,CA23,EC,-0.3328509056287695,Control,mountains
46,A,49,29,4,CA23,EC,0.0113232099742681,Control,mountains
50,A,53,29,4,CA23,EC,-0.5444204617813913,Control,deserts
72,A,75,29,4,CA23,EC,-0.95982734839036,Control,deserts
83,A,86,29,4,CA23,EC,0.7252759276194385,Control,mountains
88,A,91,29,4,CA23,EC,-1.9974776026002328,Control,parks
96,A,99,29,4,CA23,EC,-2.087329545030816,Control,mountains
110,A,113,29,4,CA23,EC,0.0069898634004359,Control,deserts
114,A,117,29,4,CA23,EC,2.397772204518944,Control,parks
120,A,123,29,4,CA23,EC,0.6378788836051609,Control,deserts
173,A,176,29,4,CA23,EC,-0.989611066012822,Control,mountains
186,A,189,29,4,CA23,EC,0.2098789899126326,Control,deserts
192,A,195,29,4,CA23,EC,0.5846340285833281,Control,deserts
201,A,204,29,4,CA23,EC,0.0402359650579034,Control,parks
208,A,211,29,4,CA23,EC,1.4210505938185083,Control,mountains
213,A,216,29,4,CA23,EC,0.0010502996405654,Control,parks
230,A,233,29,4,CA23,EC,-0.8851528210671952,Control,parks
16,A,19,30,2,CA23,EC,0.0053458973038003,Stress,lighthouses
33,A,36,30,2,CA23,EC,-1.535743492341635,Stress,parks
48,A,51,30,2,CA23,EC,0.1560036413569182,Stress,parks
61,A,64,30,2,CA23,EC,-0.1970299232781289,Stress,lighthouses
65,A,68,30,2,CA23,EC,0.0878517715377305,Stress,deserts
84,A,87,30,2,CA23,EC,-0.0479168614659679,Stress,parks
89,A,92,30,2,CA23,EC,-0.6866932656380215,Stress,deserts
96,A,99,30,2,CA23,EC,-0.1021324418760413,Stress,lighthouses
101,A,104,30,2,CA23,EC,0.078560289126283,Stress,deserts
125,A,128,30,2,CA23,EC,-0.6175313069539683,Stress,deserts
142,A,145,30,2,CA23,EC,0.0162746804967806,Stress,deserts
154,A,157,30,2,CA23,EC,-0.320742763518965,Stress,lighthouses
170,A,173,30,2,CA23,EC,0.8147201600153671,Stress,parks
178,A,181,30,2,CA23,EC,2.849990435369146,Stress,parks
183,A,186,30,2,CA23,EC,-0.030015593756605,Stress,lighthouses
194,A,197,30,2,CA23,EC,-0.3544944357732219,Stress,parks
204,A,207,30,2,CA23,EC,-0.1913165173002347,Stress,lighthouses
213,A,216,30,2,CA23,EC,-0.0731508305501573,Stress,deserts
219,A,222,30,2,CA23,EC,-1.6321422420858551,Stress,deserts
227,A,230,30,2,CA23,EC,-0.5082410503570417,Stress,lighthouses
24,A,27,30,3,CA23,EC,-0.7325859239298065,Stress,parks
39,A,42,30,3,CA23,EC,-0.1932881315600996,Stress,deserts
45,A,48,30,3,CA23,EC,0.6423202440726419,Stress,lighthouses
56,A,59,30,3,CA23,EC,-2.509139236763062,Stress,lighthouses
60,A,63,30,3,CA23,EC,-0.008855354125375,Stress,deserts
71,A,74,30,3,CA23,EC,0.0041372541029765,Stress,parks
88,A,91,30,3,CA23,EC,0.92148434272978,Stress,deserts
95,A,98,30,3,CA23,EC,-0.5834621870758849,Stress,parks
108,A,111,30,3,CA23,EC,0.6774888095424692,Stress,lighthouses
118,A,121,30,3,CA23,EC,0.0019956876288985,Stress,parks
128,A,131,30,3,CA23,EC,-0.2074879466494303,Stress,deserts
155,A,158,30,3,CA23,EC,-0.3361026727447407,Stress,parks
163,A,166,30,3,CA23,EC,-0.0025715872352813,Stress,lighthouses
167,A,170,30,3,CA23,EC,-0.4690088294501317,Stress,deserts
176,A,179,30,3,CA23,EC,-0.3478955345612713,Stress,lighthouses
202,A,205,30,3,CA23,EC,1.935785690153052,Stress,lighthouses
208,A,211,30,3,CA23,EC,-0.9149015976342508,Stress,deserts
225,A,228,30,3,CA23,EC,1.041915645299887,Stress,parks
230,A,233,30,3,CA23,EC,-4.767776007090917,Stress,lighthouses
237,A,240,30,3,CA23,EC,0.0200993959877696,Stress,parks
5,A,8,30,4,CA23,EC,5.245026765379078,Stress,deserts
13,A,16,30,4,CA23,EC,0.3732704903296662,Stress,lighthouses
23,A,26,30,4,CA23,EC,-0.1133762602434936,Stress,deserts
30,A,33,30,4,CA23,EC,0.687842403786137,Stress,lighthouses
34,A,37,30,4,CA23,EC,0.0635178093814801,Stress,deserts
70,A,73,30,4,CA23,EC,0.5886392052254532,Stress,deserts
85,A,88,30,4,CA23,EC,0.0472403141045196,Stress,deserts
103,A,106,30,4,CA23,EC,0.951217795299817,Stress,deserts
112,A,115,30,4,CA23,EC,0.5228601367487961,Stress,parks
142,A,145,30,4,CA23,EC,1.4256431882207738,Stress,lighthouses
192,A,195,30,4,CA23,EC,0.158885876242315,Stress,lighthouses
196,A,199,30,4,CA23,EC,-0.0046631347548758,Stress,parks
210,A,213,30,4,CA23,EC,-0.6830982958610005,Stress,parks
216,A,219,30,4,CA23,EC,-0.0121102170256199,Stress,deserts
228,A,231,30,4,CA23,EC,0.0591476237052973,Stress,parks
237,A,240,30,4,CA23,EC,-0.1972825413983489,Stress,lighthouses
5,A,8,31,2,CA23,EC,0.3764841841934744,Control,marshes
19,A,22,31,2,CA23,EC,0.1441825621715589,Control,lakes
25,A,28,31,2,CA23,EC,-0.0008260525279789,Control,waterfalls
30,A,33,31,2,CA23,EC,0.0053007649889802,Control,marshes
43,A,46,31,2,CA23,EC,-1.1328079040043946,Control,waterfalls
50,A,53,31,2,CA23,EC,0.2337480841884701,Control,lakes
56,A,59,31,2,CA23,EC,0.1996962377244632,Control,marshes
67,A,70,31,2,CA23,EC,-0.584633694362604,Control,waterfalls
74,A,77,31,2,CA23,EC,1.8440133466805928,Control,lakes
96,A,99,31,2,CA23,EC,0.5424778271521554,Control,marshes
115,A,118,31,2,CA23,EC,0.193441802605569,Control,waterfalls
126,A,129,31,2,CA23,EC,-0.0008238346557732,Control,waterfalls
138,A,141,31,2,CA23,EC,-0.0301197751971023,Control,lakes
159,A,162,31,2,CA23,EC,-0.5699078284632331,Control,lakes
167,A,170,31,2,CA23,EC,-8.36423849020268e-05,Control,waterfalls
183,A,186,31,2,CA23,EC,3.0055960349869,Control,lakes
188,A,191,31,2,CA23,EC,0.3336492711412521,Control,waterfalls
199,A,202,31,2,CA23,EC,-0.3030194800819685,Control,lakes
209,A,212,31,2,CA23,EC,0.2765880710391192,Control,marshes
224,A,227,31,2,CA23,EC,-0.1529962227525972,Control,marshes
17,A,20,31,3,CA23,EC,2.110119650105838,Control,lakes
27,A,30,31,3,CA23,EC,2.766482975341147,Control,waterfalls
38,A,41,31,3,CA23,EC,0.6295409963365599,Control,marshes
58,A,61,31,3,CA23,EC,-1.264100574068194,Control,marshes
69,A,72,31,3,CA23,EC,-1.2370637877490611,Control,lakes
75,A,78,31,3,CA23,EC,-0.3075262176841624,Control,marshes
87,A,90,31,3,CA23,EC,2.6624722552411946,Control,waterfalls
95,A,98,31,3,CA23,EC,-0.2204054183805414,Control,waterfalls
104,A,107,31,3,CA23,EC,0.709208695278049,Control,lakes
118,A,121,31,3,CA23,EC,-0.1265130355447321,Control,waterfalls
136,A,139,31,3,CA23,EC,-0.9861729103282326,Control,waterfalls
153,A,156,31,3,CA23,EC,-0.1232952160229083,Control,waterfalls
169,A,172,31,3,CA23,EC,0.0132807060117403,Control,lakes
175,A,178,31,3,CA23,EC,-2.319544607682773,Control,waterfalls
195,A,198,31,3,CA23,EC,0.1664072074467368,Control,lakes
205,A,208,31,3,CA23,EC,0.1740368131041677,Control,marshes
209,A,212,31,3,CA23,EC,-0.1855507406211379,Control,lakes
218,A,221,31,3,CA23,EC,-0.0047281535590703,Control,marshes
234,A,237,31,3,CA23,EC,1.2830380208638623e-05,Control,marshes
23,A,26,31,4,CA23,EC,0.0171793902659356,Control,marshes
31,A,34,31,4,CA23,EC,0.6971532149054364,Control,waterfalls
50,A,53,31,4,CA23,EC,0.0020813389994649,Control,lakes
56,A,59,31,4,CA23,EC,-2.849095619022953,Control,marshes
67,A,70,31,4,CA23,EC,0.0461834228108908,Control,lakes
73,A,76,31,4,CA23,EC,-0.1816273637325098,Control,marshes
85,A,88,31,4,CA23,EC,0.00081122636427,Control,waterfalls
91,A,94,31,4,CA23,EC,0.069901864221165,Control,lakes
100,A,103,31,4,CA23,EC,0.4604495756471723,Control,waterfalls
105,A,108,31,4,CA23,EC,6.296321924001648e-05,Control,lakes
113,A,116,31,4,CA23,EC,0.2870594100494055,Control,marshes
119,A,122,31,4,CA23,EC,5.6511584235209326e-05,Control,waterfalls
156,A,159,31,4,CA23,EC,0.124497615854262,Control,marshes
169,A,172,31,4,CA23,EC,0.0113088607029887,Control,waterfalls
175,A,178,31,4,CA23,EC,0.0032103595033667,Control,lakes
182,A,185,31,4,CA23,EC,-1.1119001797768686,Control,waterfalls
212,A,215,31,4,CA23,EC,1.201548687746372,Control,marshes
220,A,223,31,4,CA23,EC,0.8653722599927219,Control,lakes
226,A,229,31,4,CA23,EC,-0.0045395539579613,Control,marshes
233,A,236,31,4,CA23,EC,-0.9545106413122368,Control,lakes
14,A,17,32,2,CA23,EC,1.59715458872381,Stress,beaches
25,A,28,32,2,CA23,EC,-0.6464431060535054,Stress,deserts
36,A,39,32,2,CA23,EC,-2.082833632338328,Stress,fields
46,A,49,32,2,CA23,EC,0.0212125008277729,Stress,deserts
53,A,56,32,2,CA23,EC,-0.7643931983283796,Stress,beaches
58,A,61,32,2,CA23,EC,-0.3366022706762344,Stress,deserts
76,A,79,32,2,CA23,EC,0.1190377100502021,Stress,fields
82,A,85,32,2,CA23,EC,0.269318679903904,Stress,deserts
92,A,95,32,2,CA23,EC,-1.936928191786459,Stress,fields
98,A,101,32,2,CA23,EC,0.1612197343154036,Stress,deserts
105,A,108,32,2,CA23,EC,-0.9561246465854902,Stress,deserts
114,A,117,32,2,CA23,EC,0.0277759323916742,Stress,beaches
123,A,126,32,2,CA23,EC,-0.6582640486517828,Stress,beaches
130,A,133,32,2,CA23,EC,-0.6030620467435995,Stress,fields
136,A,139,32,2,CA23,EC,2.459668965043585,Stress,beaches
146,A,149,32,2,CA23,EC,-0.4390029198318269,Stress,deserts
159,A,162,32,2,CA23,EC,-0.2063179041281456,Stress,fields
168,A,171,32,2,CA23,EC,0.7668515140925067,Stress,beaches
180,A,183,32,2,CA23,EC,0.1849860921387829,Stress,beaches
190,A,193,32,2,CA23,EC,-0.0424914142835489,Stress,fields
202,A,205,32,2,CA23,EC,0.9868903928219934,Stress,fields
18,A,21,32,3,CA23,EC,-0.0030592548849866,Stress,beaches
28,A,31,32,3,CA23,EC,-1.3289991359229034,Stress,deserts
39,A,42,32,3,CA23,EC,0.8579496286007203,Stress,deserts
56,A,59,32,3,CA23,EC,-0.1639421536410736,Stress,fields
62,A,65,32,3,CA23,EC,0.1007137757209821,Stress,beaches
69,A,72,32,3,CA23,EC,0.1560283733901926,Stress,deserts
74,A,77,32,3,CA23,EC,-0.0552371591801561,Stress,beaches
99,A,102,32,3,CA23,EC,0.1323607327097168,Stress,deserts
110,A,113,32,3,CA23,EC,0.9224454329214342,Stress,beaches
128,A,131,32,3,CA23,EC,-1.2124761330501677,Stress,deserts
138,A,141,32,3,CA23,EC,-0.0484319602962302,Stress,fields
146,A,149,32,3,CA23,EC,-0.902630393354303,Stress,fields
156,A,159,32,3,CA23,EC,-0.0011242417615028,Stress,deserts
162,A,165,32,3,CA23,EC,0.2255022457733889,Stress,beaches
166,A,169,32,3,CA23,EC,-0.0138132789941715,Stress,deserts
179,A,182,32,3,CA23,EC,0.2148183587893144,Stress,beaches
189,A,192,32,3,CA23,EC,0.097651872399495,Stress,beaches
207,A,210,32,3,CA23,EC,-0.5747357252410055,Stress,fields
216,A,219,32,3,CA23,EC,1.6519906500971653,Stress,fields
235,A,238,32,3,CA23,EC,0.3804878092599086,Stress,fields
5,A,8,32,4,CA23,EC,0.1911240669760846,Stress,fields
18,A,21,32,4,CA23,EC,-0.2092164043453116,Stress,fields
29,A,32,32,4,CA23,EC,-0.6142713509322464,Stress,deserts
34,A,37,32,4,CA23,EC,1.5008545517557907,Stress,beaches
45,A,48,32,4,CA23,EC,-0.4401211743295266,Stress,beaches
50,A,53,32,4,CA23,EC,-0.1688325794570848,Stress,deserts
62,A,65,32,4,CA23,EC,-0.0060636592900944,Stress,deserts
70,A,73,32,4,CA23,EC,0.0584604975927026,Stress,beaches
79,A,82,32,4,CA23,EC,-0.0103242790329478,Stress,fields
90,A,93,32,4,CA23,EC,-0.0954235141362531,Stress,deserts
96,A,99,32,4,CA23,EC,0.1620586271899015,Stress,fields
111,A,114,32,4,CA23,EC,-0.8252425229020398,Stress,beaches
129,A,132,32,4,CA23,EC,1.155888783146766,Stress,deserts
169,A,172,32,4,CA23,EC,1.7550414085798136,Stress,beaches
177,A,180,32,4,CA23,EC,2.71879010014538,Stress,fields
186,A,189,32,4,CA23,EC,0.748656861732965,Stress,fields
197,A,200,32,4,CA23,EC,1.297964794748124,Stress,beaches
209,A,212,32,4,CA23,EC,-2.6881485039235504,Stress,deserts
214,A,217,32,4,CA23,EC,0.0540930319872467,Stress,beaches
228,A,231,32,4,CA23,EC,-0.3914290948191419,Stress,deserts
234,A,237,32,4,CA23,EC,0.4982876686231081,Stress,fields
5,A,8,33,2,CA23,EC,0.1862986625394031,Stress,canyons
22,A,25,33,2,CA23,EC,0.1336256410153159,Stress,beaches
33,A,36,33,2,CA23,EC,1.5974580222023351,Stress,waterfalls
42,A,45,33,2,CA23,EC,-0.8463980764135636,Stress,canyons
55,A,58,33,2,CA23,EC,0.0239538875648333,Stress,waterfalls
59,A,62,33,2,CA23,EC,-0.6304444005414613,Stress,beaches
67,A,70,33,2,CA23,EC,0.5762023851170844,Stress,waterfalls
75,A,78,33,2,CA23,EC,-0.3484110437250263,Stress,waterfalls
83,A,86,33,2,CA23,EC,0.0488068884248812,Stress,canyons
114,A,117,33,2,CA23,EC,-0.2417255418995672,Stress,canyons
132,A,135,33,2,CA23,EC,-0.4991566461670507,Stress,beaches
139,A,142,33,2,CA23,EC,0.0924910196196155,Stress,canyons
155,A,158,33,2,CA23,EC,0.8672712145686856,Stress,waterfalls
175,A,178,33,2,CA23,EC,-1.1216995120439266,Stress,beaches
193,A,196,33,2,CA23,EC,-0.9178530716595228,Stress,beaches
201,A,204,33,2,CA23,EC,1.7440036989300003,Stress,canyons
213,A,216,33,2,CA23,EC,0.0963815498525097,Stress,beaches
217,A,220,33,2,CA23,EC,-0.1643387946027802,Stress,canyons
222,A,225,33,2,CA23,EC,0.1193767597429344,Stress,beaches
228,A,231,33,2,CA23,EC,-1.538244634997128,Stress,waterfalls
5,A,8,33,3,CA23,EC,0.2200117373428504,Stress,beaches
22,A,25,33,3,CA23,EC,1.2837561679237035,Stress,canyons
31,A,34,33,3,CA23,EC,0.500746769662973,Stress,beaches
53,A,56,33,3,CA23,EC,0.129823720207074,Stress,beaches
61,A,64,33,3,CA23,EC,1.0207300665783683,Stress,canyons
70,A,73,33,3,CA23,EC,0.5526746197644163,Stress,canyons
85,A,88,33,3,CA23,EC,0.0115899903176879,Stress,beaches
94,A,97,33,3,CA23,EC,-0.2892068284119201,Stress,canyons
99,A,102,33,3,CA23,EC,-1.2278253730527608,Stress,beaches
108,A,111,33,3,CA23,EC,0.3826403293298153,Stress,beaches
113,A,116,33,3,CA23,EC,-0.6623260272934159,Stress,waterfalls
125,A,128,33,3,CA23,EC,1.762321343049416,Stress,canyons
138,A,141,33,3,CA23,EC,-0.3825119003204728,Stress,waterfalls
154,A,157,33,3,CA23,EC,-2.376564474104313,Stress,waterfalls
158,A,161,33,3,CA23,EC,0.037790655674187,Stress,canyons
162,A,165,33,3,CA23,EC,-1.4498965900791512,Stress,waterfalls
178,A,181,33,3,CA23,EC,1.2083970077996018,Stress,canyons
186,A,189,33,3,CA23,EC,-0.2264793414701485,Stress,waterfalls
203,A,206,33,3,CA23,EC,0.9058167119669416,Stress,waterfalls
212,A,215,33,3,CA23,EC,-0.2488311745585709,Stress,beaches
219,A,222,33,3,CA23,EC,0.5987425906349683,Stress,waterfalls
7,A,10,33,4,CA23,EC,0.6752703915022233,Stress,canyons
21,A,24,33,4,CA23,EC,-0.0786352424211399,Stress,waterfalls
29,A,32,33,4,CA23,EC,1.27067022384718,Stress,beaches
39,A,42,33,4,CA23,EC,4.2065964614629126,Stress,waterfalls
49,A,52,33,4,CA23,EC,-0.9733594541622697,Stress,canyons
56,A,59,33,4,CA23,EC,-0.1278832442505421,Stress,waterfalls
67,A,70,33,4,CA23,EC,0.0733572371896916,Stress,waterfalls
88,A,91,33,4,CA23,EC,0.3709943970790714,Stress,canyons
95,A,98,33,4,CA23,EC,-1.2155981488273355,Stress,beaches
107,A,110,33,4,CA23,EC,-1.072177747451983,Stress,canyons
116,A,119,33,4,CA23,EC,-0.7891255449760022,Stress,waterfalls
130,A,133,33,4,CA23,EC,-0.3603722568635307,Stress,canyons
140,A,143,33,4,CA23,EC,0.6092077170242035,Stress,beaches
150,A,153,33,4,CA23,EC,-0.8501813749733933,Stress,beaches
162,A,165,33,4,CA23,EC,-0.8829303628625824,Stress,canyons
180,A,183,33,4,CA23,EC,-0.284161332832675,Stress,waterfalls
189,A,192,33,4,CA23,EC,-0.8916207634195097,Stress,beaches
199,A,202,33,4,CA23,EC,-0.2762744872831286,Stress,waterfalls
211,A,214,33,4,CA23,EC,-0.886707173885768,Stress,beaches
220,A,223,33,4,CA23,EC,-0.0150391932511294,Stress,beaches
236,A,239,33,4,CA23,EC,-0.533477611462213,Stress,canyons
9,A,12,34,2,CA23,EC,-0.0021753190771975,Control,bridges
20,A,23,34,2,CA23,EC,8.649534703774467,Control,lakes
27,A,30,34,2,CA23,EC,0.005508809067279,Control,fields
39,A,42,34,2,CA23,EC,-0.0013581381159069,Control,lakes
49,A,52,34,2,CA23,EC,0.1671295953176045,Control,lakes
63,A,66,34,2,CA23,EC,0.1737783236755331,Control,bridges
68,A,71,34,2,CA23,EC,0.0894149500306197,Control,fields
91,A,94,34,2,CA23,EC,-0.4305090614896785,Control,bridges
97,A,100,34,2,CA23,EC,0.018198259586544,Control,lakes
109,A,112,34,2,CA23,EC,-0.4270039314816318,Control,bridges
131,A,134,34,2,CA23,EC,0.3952416578202669,Control,lakes
142,A,145,34,2,CA23,EC,0.0491651861167439,Control,bridges
146,A,149,34,2,CA23,EC,0.2162734188702552,Control,lakes
156,A,159,34,2,CA23,EC,2.458724090510794,Control,bridges
161,A,164,34,2,CA23,EC,-0.5338008020680465,Control,fields
174,A,177,34,2,CA23,EC,-0.0710715452343574,Control,fields
190,A,193,34,2,CA23,EC,0.1594530240760273,Control,fields
213,A,216,34,2,CA23,EC,0.2671337442805973,Control,bridges
221,A,224,34,2,CA23,EC,-0.2320103299326412,Control,lakes
226,A,229,34,2,CA23,EC,0.2554939528197231,Control,fields
234,A,237,34,2,CA23,EC,0.3307891884477422,Control,fields
18,A,21,34,3,CA23,EC,0.2443543378383142,Control,fields
31,A,34,34,3,CA23,EC,0.2837923352778747,Control,bridges
41,A,44,34,3,CA23,EC,0.0044938137033754,Control,bridges
50,A,53,34,3,CA23,EC,-1.124439208501441,Control,bridges
62,A,65,34,3,CA23,EC,0.0022609716777475,Control,fields
67,A,70,34,3,CA23,EC,0.6718578081716069,Control,lakes
81,A,84,34,3,CA23,EC,-0.2013540059763193,Control,lakes
93,A,96,34,3,CA23,EC,0.3926060212358209,Control,bridges
101,A,104,34,3,CA23,EC,0.0009465751169939,Control,fields
114,A,117,34,3,CA23,EC,1.4321184257593416,Control,bridges
122,A,125,34,3,CA23,EC,-0.1086376153828072,Control,lakes
130,A,133,34,3,CA23,EC,1.102803185527619,Control,bridges
135,A,138,34,3,CA23,EC,1.0712969136195791,Control,lakes
141,A,144,34,3,CA23,EC,-1.09575275517246,Control,fields
153,A,156,34,3,CA23,EC,-0.3243845992121271,Control,fields
163,A,166,34,3,CA23,EC,-0.2555532739835197,Control,bridges
170,A,173,34,3,CA23,EC,0.934320852847311,Control,fields
187,A,190,34,3,CA23,EC,0.6631824440597106,Control,fields
193,A,196,34,3,CA23,EC,-0.0085025891349527,Control,lakes
222,A,225,34,3,CA23,EC,0.2667284445465943,Control,lakes
232,A,235,34,3,CA23,EC,-0.0970815189176747,Control,lakes
5,A,8,34,4,CA23,EC,0.2080078609890859,Control,lakes
21,A,24,34,4,CA23,EC,1.3848914258097138,Control,bridges
27,A,30,34,4,CA23,EC,0.001248659621805,Control,lakes
32,A,35,34,4,CA23,EC,-2.071548020734568,Control,fields
44,A,47,34,4,CA23,EC,-0.0762353305040058,Control,bridges
51,A,54,34,4,CA23,EC,-0.6595524399468861,Control,fields
80,A,83,34,4,CA23,EC,0.009035014143134,Control,fields
90,A,93,34,4,CA23,EC,0.1789119767561236,Control,bridges
97,A,100,34,4,CA23,EC,-0.3552918729931807,Control,lakes
106,A,109,34,4,CA23,EC,0.1691833497072499,Control,fields
118,A,121,34,4,CA23,EC,0.4345026735388346,Control,bridges
122,A,125,34,4,CA23,EC,-0.0109056879503072,Control,lakes
128,A,131,34,4,CA23,EC,0.2733656284514039,Control,fields
135,A,138,34,4,CA23,EC,8.030042476550417,Control,bridges
159,A,162,34,4,CA23,EC,0.7399774978127027,Control,lakes
172,A,175,34,4,CA23,EC,-0.0272544159774892,Control,fields
181,A,184,34,4,CA23,EC,0.2739591461237904,Control,lakes
190,A,193,34,4,CA23,EC,0.5430021498472634,Control,fields
203,A,206,34,4,CA23,EC,0.0090063623362132,Control,bridges
211,A,214,34,4,CA23,EC,0.7692870653047487,Control,lakes
236,A,239,34,4,CA23,EC,-0.3344534690585145,Control,bridges
5,A,8,36,2,CA23,EC,1.33881714087611,Control,forests
14,A,17,36,2,CA23,EC,-0.2619088643900544,Control,forests
23,A,26,36,2,CA23,EC,0.1120228419484153,Control,fields
31,A,34,36,2,CA23,EC,-0.7031293395741517,Control,forests
39,A,42,36,2,CA23,EC,0.110388253859541,Control,lighthouses
43,A,46,36,2,CA23,EC,0.1432092814250516,Control,fields
53,A,56,36,2,CA23,EC,-1.9835409898738128,Control,lighthouses
74,A,77,36,2,CA23,EC,-0.4947439478500664,Control,fields
87,A,90,36,2,CA23,EC,0.9710050666267678,Control,lighthouses
94,A,97,36,2,CA23,EC,-0.2812902800896036,Control,lighthouses
109,A,112,36,2,CA23,EC,-3.1257756633501548,Control,fields
127,A,130,36,2,CA23,EC,2.7132103081435512,Control,forests
132,A,135,36,2,CA23,EC,0.8146232927138207,Control,lighthouses
138,A,141,36,2,CA23,EC,-0.0341937386619881,Control,forests
173,A,176,36,2,CA23,EC,-0.9660004525489648,Control,forests
178,A,181,36,2,CA23,EC,-0.2096793387515567,Control,lighthouses
195,A,198,36,2,CA23,EC,0.8837244699041087,Control,fields
208,A,211,36,2,CA23,EC,0.2733117235371221,Control,lighthouses
223,A,226,36,2,CA23,EC,-0.5282491605294878,Control,fields
228,A,231,36,2,CA23,EC,0.4657498286205,Control,forests
235,A,238,36,2,CA23,EC,0.1506395299463767,Control,fields
13,A,16,36,3,CA23,EC,0.0455099953986627,Control,forests
21,A,24,36,3,CA23,EC,-0.363714678486473,Control,forests
42,A,45,36,3,CA23,EC,0.1251900194709642,Control,lighthouses
48,A,51,36,3,CA23,EC,-0.0892940846518988,Control,forests
71,A,74,36,3,CA23,EC,1.1153638822653835,Control,fields
83,A,86,36,3,CA23,EC,-0.0140353396162851,Control,fields
90,A,93,36,3,CA23,EC,-0.7253677194917121,Control,lighthouses
100,A,103,36,3,CA23,EC,-0.0494332935028321,Control,lighthouses
110,A,113,36,3,CA23,EC,-0.9354276023205744,Control,forests
120,A,123,36,3,CA23,EC,-0.0392449503530151,Control,fields
127,A,130,36,3,CA23,EC,0.2685742816131379,Control,forests
131,A,134,36,3,CA23,EC,-0.4890164431928041,Control,lighthouses
137,A,140,36,3,CA23,EC,2.3183665096633,Control,fields
158,A,161,36,3,CA23,EC,1.270547681396522,Control,fields
167,A,170,36,3,CA23,EC,-0.431316945607561,Control,forests
175,A,178,36,3,CA23,EC,1.2151599103396664,Control,fields
179,A,182,36,3,CA23,EC,-0.221195319783752,Control,forests
184,A,187,36,3,CA23,EC,-1.353647029849847,Control,lighthouses
212,A,215,36,3,CA23,EC,0.1478222746225735,Control,lighthouses
217,A,220,36,3,CA23,EC,-1.4664410392787597,Control,fields
235,A,238,36,3,CA23,EC,0.0031001994528062,Control,lighthouses
8,A,11,36,4,CA23,EC,-0.2773778518026059,Control,lighthouses
43,A,46,36,4,CA23,EC,0.4200378028779036,Control,lighthouses
59,A,62,36,4,CA23,EC,-1.3799195951827623,Control,fields
67,A,70,36,4,CA23,EC,-0.7486543664344986,Control,forests
71,A,74,36,4,CA23,EC,-0.4641825650343337,Control,lighthouses
79,A,82,36,4,CA23,EC,-1.6406197270414344,Control,forests
84,A,87,36,4,CA23,EC,-0.2529239396228601,Control,fields
99,A,102,36,4,CA23,EC,2.0615169905087543,Control,forests
109,A,112,36,4,CA23,EC,0.0795231275371513,Control,forests
114,A,117,36,4,CA23,EC,-0.3061442513502198,Control,lighthouses
136,A,139,36,4,CA23,EC,0.1427514302701027,Control,fields
152,A,155,36,4,CA23,EC,0.0778293642696391,Control,fields
156,A,159,36,4,CA23,EC,0.1696062640428503,Control,lighthouses
167,A,170,36,4,CA23,EC,0.3520189650571202,Control,forests
175,A,178,36,4,CA23,EC,1.436747831250134,Control,lighthouses
183,A,186,36,4,CA23,EC,-0.9121043872212944,Control,forests
189,A,192,36,4,CA23,EC,1.4047375918523437,Control,fields
208,A,211,36,4,CA23,EC,1.2081629867347918,Control,fields
216,A,219,36,4,CA23,EC,-0.5192799735255187,Control,lighthouses
226,A,229,36,4,CA23,EC,5.186576146031703e-05,Control,forests
237,A,240,36,4,CA23,EC,0.0043002299021502,Control,fields
11,A,14,37,2,CA23,EC,0.0113586820934582,Stress,deserts
21,A,24,37,2,CA23,EC,-1.0414130277953595,Stress,waterfalls
30,A,33,37,2,CA23,EC,-0.3556798390958081,Stress,marshes
41,A,44,37,2,CA23,EC,0.3152992136311677,Stress,waterfalls
48,A,51,37,2,CA23,EC,0.1132249678606651,Stress,marshes
63,A,66,37,2,CA23,EC,-0.0511132258876288,Stress,marshes
69,A,72,37,2,CA23,EC,-0.533869638990944,Stress,deserts
78,A,81,37,2,CA23,EC,0.5187313153428991,Stress,waterfalls
85,A,88,37,2,CA23,EC,0.5355274962302801,Stress,waterfalls
96,A,99,37,2,CA23,EC,1.1761880179783737,Stress,deserts
103,A,106,37,2,CA23,EC,2.202021111883362,Stress,marshes
115,A,118,37,2,CA23,EC,0.3111846670560691,Stress,waterfalls
130,A,133,37,2,CA23,EC,-0.5127400734173776,Stress,deserts
135,A,138,37,2,CA23,EC,-1.0306663567928027,Stress,waterfalls
144,A,147,37,2,CA23,EC,-0.1417845730625598,Stress,deserts
155,A,158,37,2,CA23,EC,0.0085608511983025,Stress,marshes
173,A,176,37,2,CA23,EC,-0.0008060587549038,Stress,deserts
186,A,189,37,2,CA23,EC,0.9503286329612572,Stress,marshes
198,A,201,37,2,CA23,EC,1.8246323441685208,Stress,deserts
215,A,218,37,2,CA23,EC,-0.0703496621696929,Stress,marshes
234,A,237,37,2,CA23,EC,0.0248172819066619,Stress,waterfalls
18,A,21,37,3,CA23,EC,-1.1163231979070387,Stress,waterfalls
29,A,32,37,3,CA23,EC,-0.931098663065922,Stress,deserts
39,A,42,37,3,CA23,EC,0.1259281891559422,Stress,deserts
44,A,47,37,3,CA23,EC,-0.0136340168979611,Stress,marshes
50,A,53,37,3,CA23,EC,0.278589404215785,Stress,deserts
61,A,64,37,3,CA23,EC,0.2028986380991486,Stress,waterfalls
69,A,72,37,3,CA23,EC,1.2157824693840755,Stress,waterfalls
85,A,88,37,3,CA23,EC,-0.3966816138079387,Stress,waterfalls
94,A,97,37,3,CA23,EC,-0.3200559022153449,Stress,deserts
98,A,101,37,3,CA23,EC,0.1987218290429785,Stress,marshes
106,A,109,37,3,CA23,EC,-0.083410477857996,Stress,marshes
123,A,126,37,3,CA23,EC,0.7457574684121955,Stress,waterfalls
136,A,139,37,3,CA23,EC,-0.4066262982462549,Stress,deserts
141,A,144,37,3,CA23,EC,2.6159568745817565,Stress,marshes
159,A,162,37,3,CA23,EC,-0.655456533222962,Stress,deserts
164,A,167,37,3,CA23,EC,1.2768525427854502,Stress,marshes
170,A,173,37,3,CA23,EC,0.0157286267551491,Stress,waterfalls
181,A,184,37,3,CA23,EC,-1.2665037392772094,Stress,marshes
210,A,213,37,3,CA23,EC,0.0602299276585476,Stress,marshes
224,A,227,37,3,CA23,EC,-1.12886691411838,Stress,waterfalls
237,A,240,37,3,CA23,EC,0.052471062843157,Stress,deserts
23,A,26,37,4,CA23,EC,0.1398348789490467,Stress,marshes
34,A,37,37,4,CA23,EC,-0.2700212450348316,Stress,deserts
41,A,44,37,4,CA23,EC,0.2279257411301857,Stress,marshes
52,A,55,37,4,CA23,EC,2.248146033666417,Stress,deserts
68,A,71,37,4,CA23,EC,0.0487552846900923,Stress,deserts
81,A,84,37,4,CA23,EC,-0.0666031242677198,Stress,waterfalls
96,A,99,37,4,CA23,EC,0.009199982177793,Stress,marshes
102,A,105,37,4,CA23,EC,0.1736699109621639,Stress,waterfalls
110,A,113,37,4,CA23,EC,-0.0177705640371271,Stress,waterfalls
115,A,118,37,4,CA23,EC,2.4082176818340995,Stress,deserts
119,A,122,37,4,CA23,EC,0.62018836389655,Stress,marshes
134,A,137,37,4,CA23,EC,-0.0687203087420488,Stress,marshes
139,A,142,37,4,CA23,EC,0.2778295440423453,Stress,deserts
144,A,147,37,4,CA23,EC,-0.4936530527564562,Stress,waterfalls
151,A,154,37,4,CA23,EC,0.0728283464493863,Stress,marshes
166,A,169,37,4,CA23,EC,-0.6973003002334524,Stress,deserts
172,A,175,37,4,CA23,EC,0.0982714844739013,Stress,marshes
187,A,190,37,4,CA23,EC,0.0128382350445028,Stress,waterfalls
202,A,205,37,4,CA23,EC,0.0570418699273961,Stress,waterfalls
214,A,217,37,4,CA23,EC,-0.3880057376533742,Stress,waterfalls
229,A,232,37,4,CA23,EC,-0.9167709805321674,Stress,deserts
5,A,8,38,2,CA23,EC,0.4529332528321793,Stress,lighthouses
11,A,14,38,2,CA23,EC,-0.08888260395727,Stress,lighthouses
16,A,19,38,2,CA23,EC,0.6571613995734963,Stress,bridges
24,A,27,38,2,CA23,EC,0.6815594709916396,Stress,lighthouses
31,A,34,38,2,CA23,EC,-0.5504044085906856,Stress,bridges
39,A,42,38,2,CA23,EC,1.3773579671485443,Stress,marshes
44,A,47,38,2,CA23,EC,1.1270114748479505,Stress,bridges
65,A,68,38,2,CA23,EC,-0.9294768717315172,Stress,lighthouses
96,A,99,38,2,CA23,EC,0.5020302022423876,Stress,bridges
106,A,109,38,2,CA23,EC,1.2982787163190523,Stress,marshes
118,A,121,38,2,CA23,EC,-1.719753614233495,Stress,lighthouses
139,A,142,38,2,CA23,EC,-0.1651745247900257,Stress,bridges
150,A,153,38,2,CA23,EC,1.2622875570340455,Stress,marshes
158,A,161,38,2,CA23,EC,-0.0058478494117478,Stress,marshes
164,A,167,38,2,CA23,EC,0.7814659095176902,Stress,lighthouses
177,A,180,38,2,CA23,EC,0.0401219415697868,Stress,lighthouses
184,A,187,38,2,CA23,EC,-0.321780587253064,Stress,marshes
191,A,194,38,2,CA23,EC,0.4749590932799108,Stress,bridges
203,A,206,38,2,CA23,EC,0.0044456873453305,Stress,marshes
211,A,214,38,2,CA23,EC,-0.0832835662737683,Stress,marshes
225,A,228,38,2,CA23,EC,0.0072094548151884,Stress,bridges
5,A,8,38,3,CA23,EC,-0.1041492346126596,Stress,lighthouses
12,A,15,38,3,CA23,EC,-0.3750178794047651,Stress,marshes
24,A,27,38,3,CA23,EC,0.620651903294843,Stress,marshes
35,A,38,38,3,CA23,EC,-0.0991706004306943,Stress,bridges
43,A,46,38,3,CA23,EC,-0.0049296166061787,Stress,marshes
55,A,58,38,3,CA23,EC,-1.076163188148526,Stress,bridges
72,A,75,38,3,CA23,EC,-0.8209827478650887,Stress,lighthouses
77,A,80,38,3,CA23,EC,1.095362835108366,Stress,marshes
86,A,89,38,3,CA23,EC,0.3973856326070051,Stress,lighthouses
104,A,107,38,3,CA23,EC,-0.274624383080355,Stress,marshes
110,A,113,38,3,CA23,EC,0.2773443992261466,Stress,bridges
135,A,138,38,3,CA23,EC,-0.3276577511273028,Stress,bridges
147,A,150,38,3,CA23,EC,-0.1145103184223508,Stress,bridges
151,A,154,38,3,CA23,EC,0.3299425091592551,Stress,marshes
163,A,166,38,3,CA23,EC,0.138253453595341,Stress,lighthouses
175,A,178,38,3,CA23,EC,-0.5557249944417031,Stress,marshes
180,A,183,38,3,CA23,EC,0.2294912960330107,Stress,bridges
186,A,189,38,3,CA23,EC,1.1942335210750024,Stress,lighthouses
203,A,206,38,3,CA23,EC,0.4537637096052798,Stress,lighthouses
210,A,213,38,3,CA23,EC,-0.4356781523731142,Stress,bridges
226,A,229,38,3,CA23,EC,2.536401183300764,Stress,lighthouses
5,A,8,38,4,CA23,EC,0.4676422853031136,Stress,lighthouses
10,A,13,38,4,CA23,EC,-0.6712883510268949,Stress,marshes
16,A,19,38,4,CA23,EC,-0.0480464145892874,Stress,lighthouses
27,A,30,38,4,CA23,EC,1.3892926486856758,Stress,lighthouses
44,A,47,38,4,CA23,EC,-0.223284742594562,Stress,marshes
51,A,54,38,4,CA23,EC,-0.0851232907643847,Stress,marshes
58,A,61,38,4,CA23,EC,-0.0312037079554252,Stress,bridges
69,A,72,38,4,CA23,EC,0.8446596925027827,Stress,lighthouses
75,A,78,38,4,CA23,EC,-0.0600527015450125,Stress,marshes
81,A,84,38,4,CA23,EC,-0.5568028825526694,Stress,lighthouses
102,A,105,38,4,CA23,EC,-1.3606642606706032,Stress,bridges
128,A,131,38,4,CA23,EC,-0.0249827850944101,Stress,bridges
135,A,138,38,4,CA23,EC,-0.2259789325227498,Stress,marshes
153,A,156,38,4,CA23,EC,0.0194609404969574,Stress,marshes
158,A,161,38,4,CA23,EC,0.7468994145639105,Stress,bridges
187,A,190,38,4,CA23,EC,-0.7981844453855147,Stress,bridges
194,A,197,38,4,CA23,EC,-0.0254738210025141,Stress,lighthouses
201,A,204,38,4,CA23,EC,-0.017689088716665,Stress,bridges
214,A,217,38,4,CA23,EC,0.0646811171922611,Stress,marshes
226,A,229,38,4,CA23,EC,-0.50218909480496,Stress,bridges
237,A,240,38,4,CA23,EC,-0.6748431373538706,Stress,lighthouses
22,A,25,39,2,CA23,EC,0.1278912595627866,Control,lighthouses
47,A,50,39,2,CA23,EC,0.7754578994454855,Control,waterfalls
62,A,65,39,2,CA23,EC,0.6390691753478361,Control,marshes
70,A,73,39,2,CA23,EC,0.9508288609298056,Control,lighthouses
75,A,78,39,2,CA23,EC,-0.811882868660529,Control,marshes
79,A,82,39,2,CA23,EC,-0.4932495823640658,Control,waterfalls
85,A,88,39,2,CA23,EC,-0.7977760653717924,Control,lighthouses
104,A,107,39,2,CA23,EC,1.8628889841421392,Control,marshes
116,A,119,39,2,CA23,EC,0.8309071397497817,Control,waterfalls
124,A,127,39,2,CA23,EC,0.0469693382277461,Control,lighthouses
142,A,145,39,2,CA23,EC,1.2644779998449611,Control,marshes
151,A,154,39,2,CA23,EC,-0.1274891617186359,Control,lighthouses
165,A,168,39,2,CA23,EC,0.3636032542708119,Control,lighthouses
176,A,179,39,2,CA23,EC,1.1262702889225586,Control,marshes
180,A,183,39,2,CA23,EC,-0.2103688220247737,Control,waterfalls
188,A,191,39,2,CA23,EC,0.1407795635033173,Control,marshes
200,A,203,39,2,CA23,EC,0.0858041268879192,Control,waterfalls
216,A,219,39,2,CA23,EC,0.0017195928108547,Control,lighthouses
226,A,229,39,2,CA23,EC,0.1767071482411464,Control,waterfalls
233,A,236,39,2,CA23,EC,-0.0444246744627468,Control,marshes
238,A,241,39,2,CA23,EC,0.6304129615376665,Control,waterfalls
19,A,22,39,3,CA23,EC,-0.8790445628072887,Control,marshes
30,A,33,39,3,CA23,EC,3.2458769694376977,Control,marshes
37,A,40,39,3,CA23,EC,0.0097381256400828,Control,waterfalls
47,A,50,39,3,CA23,EC,-2.5541447162488824,Control,marshes
53,A,56,39,3,CA23,EC,-0.0432287643675401,Control,waterfalls
62,A,65,39,3,CA23,EC,-1.7152353464986263,Control,lighthouses
70,A,73,39,3,CA23,EC,0.0002805053343363,Control,lighthouses
86,A,89,39,3,CA23,EC,2.80267928795691,Control,waterfalls
98,A,101,39,3,CA23,EC,1.8414101660092383,Control,lighthouses
102,A,105,39,3,CA23,EC,0.0612395685288351,Control,waterfalls
116,A,119,39,3,CA23,EC,0.0387375390156854,Control,marshes
138,A,141,39,3,CA23,EC,-1.8688710599075429,Control,marshes
146,A,149,39,3,CA23,EC,0.2460392742662548,Control,lighthouses
162,A,165,39,3,CA23,EC,-0.0022902694998204,Control,waterfalls
171,A,174,39,3,CA23,EC,1.100394776166099,Control,waterfalls
180,A,183,39,3,CA23,EC,-0.4845283156748143,Control,lighthouses
186,A,189,39,3,CA23,EC,-0.19704937268345,Control,marshes
194,A,197,39,3,CA23,EC,-0.025079161206423,Control,lighthouses
201,A,204,39,3,CA23,EC,-0.5981629224980534,Control,waterfalls
206,A,209,39,3,CA23,EC,1.3883763911345857,Control,lighthouses
220,A,223,39,3,CA23,EC,0.2366177724267791,Control,marshes
7,A,10,39,4,CA23,EC,1.3626938186447728,Control,waterfalls
12,A,15,39,4,CA23,EC,3.05831556837566,Control,lighthouses
18,A,21,39,4,CA23,EC,0.3195057909649027,Control,marshes
23,A,26,39,4,CA23,EC,-0.0179948998013118,Control,waterfalls
30,A,33,39,4,CA23,EC,-0.618654348595882,Control,marshes
38,A,41,39,4,CA23,EC,1.3264736561776016,Control,lighthouses
45,A,48,39,4,CA23,EC,-0.0951174190143778,Control,lighthouses
58,A,61,39,4,CA23,EC,0.5473439542217511,Control,lighthouses
77,A,80,39,4,CA23,EC,-2.4541611516801938,Control,marshes
83,A,86,39,4,CA23,EC,-0.4827854116972569,Control,waterfalls
91,A,94,39,4,CA23,EC,-0.1233304905835106,Control,marshes
103,A,106,39,4,CA23,EC,0.7295637100483863,Control,waterfalls
109,A,112,39,4,CA23,EC,1.092577828542331,Control,lighthouses
113,A,116,39,4,CA23,EC,1.2868114813088467,Control,marshes
119,A,122,39,4,CA23,EC,-1.6139429031713524,Control,waterfalls
158,A,161,39,4,CA23,EC,-0.6795300138946209,Control,waterfalls
177,A,180,39,4,CA23,EC,-0.0039980500412012,Control,lighthouses
203,A,206,39,4,CA23,EC,0.844944496634697,Control,marshes
208,A,211,39,4,CA23,EC,0.2296650769818286,Control,lighthouses
217,A,220,39,4,CA23,EC,-0.0010830694156789,Control,waterfalls
222,A,225,39,4,CA23,EC,0.2667893431567642,Control,marshes
8,A,11,40,2,CA23,EC,0.6265885008403761,Stress,beaches
14,A,17,40,2,CA23,EC,-0.0096681294102159,Stress,fields
41,A,44,40,2,CA23,EC,-0.5811647690063784,Stress,beaches
59,A,62,40,2,CA23,EC,-0.0034410503030725,Stress,fields
82,A,85,40,2,CA23,EC,-0.5110810799067181,Stress,parks
87,A,90,40,2,CA23,EC,-0.3735307715507946,Stress,beaches
98,A,101,40,2,CA23,EC,0.1848641230102343,Stress,beaches
107,A,110,40,2,CA23,EC,-0.2649255240510483,Stress,parks
112,A,115,40,2,CA23,EC,0.3744804468816012,Stress,fields
116,A,119,40,2,CA23,EC,-0.5780602879963734,Stress,beaches
122,A,125,40,2,CA23,EC,0.2933797078294406,Stress,parks
128,A,131,40,2,CA23,EC,0.4908696587929156,Stress,parks
139,A,142,40,2,CA23,EC,0.661892020945491,Stress,parks
144,A,147,40,2,CA23,EC,0.3169071558482612,Stress,fields
157,A,160,40,2,CA23,EC,-0.6557692031551482,Stress,fields
171,A,174,40,2,CA23,EC,0.1971271705426086,Stress,parks
175,A,178,40,2,CA23,EC,-1.6699468383752682,Stress,beaches
186,A,189,40,2,CA23,EC,-0.8043784393335656,Stress,parks
191,A,194,40,2,CA23,EC,7.137645275704057,Stress,fields
209,A,212,40,2,CA23,EC,3.753959859717252,Stress,fields
220,A,223,40,2,CA23,EC,-1.2065472529764276,Stress,beaches
13,A,16,40,3,CA23,EC,-0.0068984986467878,Stress,parks
21,A,24,40,3,CA23,EC,0.4812383760228071,Stress,fields
31,A,34,40,3,CA23,EC,-1.471837401061591,Stress,fields
49,A,52,40,3,CA23,EC,-1.2488343582531067,Stress,beaches
58,A,61,40,3,CA23,EC,-0.1729321143526079,Stress,beaches
62,A,65,40,3,CA23,EC,0.0050610077634025,Stress,fields
68,A,71,40,3,CA23,EC,-0.3898084258211928,Stress,beaches
77,A,80,40,3,CA23,EC,-2.6051464498813144,Stress,beaches
90,A,93,40,3,CA23,EC,3.622380240478405,Stress,beaches
98,A,101,40,3,CA23,EC,0.0986041394324084,Stress,beaches
103,A,106,40,3,CA23,EC,0.3890151679383378,Stress,parks
119,A,122,40,3,CA23,EC,0.2699986611014536,Stress,parks
129,A,132,40,3,CA23,EC,0.2187214707402206,Stress,fields
144,A,147,40,3,CA23,EC,0.106367452540899,Stress,fields
154,A,157,40,3,CA23,EC,2.29219112113952,Stress,parks
172,A,175,40,3,CA23,EC,0.7600432070352661,Stress,parks
180,A,183,40,3,CA23,EC,0.001732374746014,Stress,parks
190,A,193,40,3,CA23,EC,0.1631648180987989,Stress,fields
209,A,212,40,3,CA23,EC,-1.2076967871458628,Stress,fields
227,A,230,40,3,CA23,EC,-1.4532034664023208,Stress,parks
232,A,235,40,3,CA23,EC,-0.1935781688219035,Stress,beaches
7,A,10,40,4,CA23,EC,0.4247696223569896,Stress,beaches
14,A,17,40,4,CA23,EC,0.6814696498140291,Stress,parks
22,A,25,40,4,CA23,EC,0.9732325140252264,Stress,fields
38,A,41,40,4,CA23,EC,0.3346939038222274,Stress,fields
46,A,49,40,4,CA23,EC,-0.1894203429540639,Stress,beaches
59,A,62,40,4,CA23,EC,-0.026224146713995,Stress,fields
80,A,83,40,4,CA23,EC,-0.9675729115645992,Stress,parks
89,A,92,40,4,CA23,EC,0.0007810510137431,Stress,parks
105,A,108,40,4,CA23,EC,0.6999063561794275,Stress,fields
117,A,120,40,4,CA23,EC,-0.40508224562695,Stress,beaches
125,A,128,40,4,CA23,EC,-0.4274791050045952,Stress,beaches
132,A,135,40,4,CA23,EC,-0.3595334973606792,Stress,parks
152,A,155,40,4,CA23,EC,-0.0065536212709483,Stress,fields
165,A,168,40,4,CA23,EC,0.0163317868739348,Stress,parks
170,A,173,40,4,CA23,EC,-0.7425449218720216,Stress,fields
179,A,182,40,4,CA23,EC,1.5809841922440508,Stress,fields
196,A,199,40,4,CA23,EC,0.0801815032227149,Stress,beaches
211,A,214,40,4,CA23,EC,-0.0133057296350994,Stress,beaches
227,A,230,40,4,CA23,EC,0.0085746450010263,Stress,parks
231,A,234,40,4,CA23,EC,2.2494560909666403,Stress,beaches
27,A,30,41,2,CA23,EC,-0.2044180133273926,Control,lakes
45,A,48,41,2,CA23,EC,2.390773192191245,Control,lakes
50,A,53,41,2,CA23,EC,-0.1308850503053586,Control,beaches
54,A,57,41,2,CA23,EC,-0.0035387015621495,Control,lakes
76,A,79,41,2,CA23,EC,0.4646843979745996,Control,lakes
92,A,95,41,2,CA23,EC,0.1610459528611605,Control,beaches
100,A,103,41,2,CA23,EC,0.3158924577975043,Control,mountains
106,A,109,41,2,CA23,EC,-0.2949420622960806,Control,lakes
114,A,117,41,2,CA23,EC,1.2253042014564008,Control,beaches
130,A,133,41,2,CA23,EC,-0.377871402067686,Control,mountains
138,A,141,41,2,CA23,EC,0.3423345620739673,Control,beaches
152,A,155,41,2,CA23,EC,1.1233282590971452,Control,mountains
165,A,168,41,2,CA23,EC,-0.0015118433115261,Control,beaches
172,A,175,41,2,CA23,EC,-1.7341927385287983,Control,lakes
188,A,191,41,2,CA23,EC,0.0001526059980587,Control,beaches
197,A,200,41,2,CA23,EC,-1.819293259399877,Control,mountains
205,A,208,41,2,CA23,EC,-1.4602183328301457,Control,beaches
211,A,214,41,2,CA23,EC,-0.6384024955046667,Control,mountains
217,A,220,41,2,CA23,EC,-0.4876151671497691,Control,mountains
232,A,235,41,2,CA23,EC,0.7085405562980936,Control,mountains
236,A,239,41,2,CA23,EC,-1.4831692354806283,Control,lakes
12,A,15,41,3,CA23,EC,0.3943568135186303,Control,lakes
28,A,31,41,3,CA23,EC,0.2350824581952986,Control,mountains
38,A,41,41,3,CA23,EC,1.3317249493162646,Control,lakes
45,A,48,41,3,CA23,EC,0.008390960666446,Control,beaches
50,A,53,41,3,CA23,EC,-1.3374026937634105,Control,mountains
72,A,75,41,3,CA23,EC,-0.3659678972444143,Control,beaches
88,A,91,41,3,CA23,EC,-1.42140537694709,Control,beaches
94,A,97,41,3,CA23,EC,-0.7875695632600603,Control,mountains
108,A,111,41,3,CA23,EC,-0.4467147624090715,Control,mountains
117,A,120,41,3,CA23,EC,0.0008464093801212,Control,lakes
128,A,131,41,3,CA23,EC,-0.0341129778648595,Control,lakes
152,A,155,41,3,CA23,EC,4.4735191766628,Control,beaches
161,A,164,41,3,CA23,EC,0.6316077888171009,Control,lakes
168,A,171,41,3,CA23,EC,-2.714874829841309,Control,mountains
193,A,196,41,3,CA23,EC,-0.2706790309265505,Control,beaches
197,A,200,41,3,CA23,EC,0.4225002052568793,Control,mountains
204,A,207,41,3,CA23,EC,-0.6712532916338475,Control,lakes
211,A,214,41,3,CA23,EC,0.8707179130791873,Control,mountains
220,A,223,41,3,CA23,EC,0.0009387981758912,Control,lakes
225,A,228,41,3,CA23,EC,0.6782679816306217,Control,beaches
235,A,238,41,3,CA23,EC,0.1410729869990474,Control,beaches
7,A,10,41,4,CA23,EC,-0.3481997725291904,Control,beaches
26,A,29,41,4,CA23,EC,-0.928549308524981,Control,mountains
38,A,41,41,4,CA23,EC,0.548669988122976,Control,lakes
46,A,49,41,4,CA23,EC,-0.6627971707905569,Control,beaches
61,A,64,41,4,CA23,EC,-1.156994726418562,Control,lakes
73,A,76,41,4,CA23,EC,0.1647825575606958,Control,lakes
81,A,84,41,4,CA23,EC,3.6233838219492767,Control,beaches
94,A,97,41,4,CA23,EC,-0.5648869924166839,Control,beaches
101,A,104,41,4,CA23,EC,0.5029763089694422,Control,mountains
117,A,120,41,4,CA23,EC,-0.010550587023649,Control,lakes
123,A,126,41,4,CA23,EC,0.1839215588964587,Control,mountains
162,A,165,41,4,CA23,EC,0.4131933503140598,Control,lakes
170,A,173,41,4,CA23,EC,1.3093207989360072,Control,beaches
183,A,186,41,4,CA23,EC,-0.0933667758660527,Control,mountains
190,A,193,41,4,CA23,EC,-0.197425812082826,Control,beaches
197,A,200,41,4,CA23,EC,-0.5110979541826823,Control,mountains
202,A,205,41,4,CA23,EC,-0.166171054798543,Control,lakes
218,A,221,41,4,CA23,EC,-0.0193366768207488,Control,lakes
224,A,227,41,4,CA23,EC,-0.2122995493451064,Control,mountains
229,A,232,41,4,CA23,EC,0.0013372753883247,Control,beaches
237,A,240,41,4,CA23,EC,2.125235825346648,Control,mountains
9,A,12,42,2,CA23,EC,-2.9783810088417084,Stress,canyons
15,A,18,42,2,CA23,EC,0.3036315705496768,Stress,parks
31,A,34,42,2,CA23,EC,0.7812420215855412,Stress,canyons
42,A,45,42,2,CA23,EC,-0.33620383377626,Stress,parks
56,A,59,42,2,CA23,EC,-0.3459169027635739,Stress,parks
61,A,64,42,2,CA23,EC,-0.7023523378524174,Stress,canyons
71,A,74,42,2,CA23,EC,-0.1370186305732633,Stress,parks
88,A,91,42,2,CA23,EC,0.133595486194242,Stress,parks
97,A,100,42,2,CA23,EC,0.6796369974719048,Stress,canyons
110,A,113,42,2,CA23,EC,1.1260412168654552,Stress,waterfalls
128,A,131,42,2,CA23,EC,0.0003397579733161,Stress,canyons
140,A,143,42,2,CA23,EC,0.0025477185013832,Stress,parks
146,A,149,42,2,CA23,EC,-0.0381237236394811,Stress,waterfalls
158,A,161,42,2,CA23,EC,-0.0566616351461322,Stress,waterfalls
166,A,169,42,2,CA23,EC,-0.5811686850127433,Stress,waterfalls
177,A,180,42,2,CA23,EC,0.4651063102796678,Stress,canyons
200,A,203,42,2,CA23,EC,0.2646614175689117,Stress,parks
211,A,214,42,2,CA23,EC,0.3938099742462781,Stress,waterfalls
220,A,223,42,2,CA23,EC,-0.2315550609239411,Stress,canyons
225,A,228,42,2,CA23,EC,0.0019806831411952,Stress,waterfalls
236,A,239,42,2,CA23,EC,-0.1821871695958563,Stress,waterfalls
8,A,11,42,3,CA23,EC,-0.057092413521532,Stress,waterfalls
24,A,27,42,3,CA23,EC,0.3248021134629005,Stress,waterfalls
37,A,40,42,3,CA23,EC,0.0408682868215061,Stress,canyons
52,A,55,42,3,CA23,EC,-0.1271042147451802,Stress,canyons
62,A,65,42,3,CA23,EC,0.5244730952667087,Stress,parks
68,A,71,42,3,CA23,EC,1.4578624126683488,Stress,canyons
77,A,80,42,3,CA23,EC,0.3896108041379345,Stress,canyons
93,A,96,42,3,CA23,EC,0.1020625174890445,Stress,canyons
98,A,101,42,3,CA23,EC,-0.3184826423158097,Stress,waterfalls
105,A,108,42,3,CA23,EC,0.0204522310247527,Stress,parks
112,A,115,42,3,CA23,EC,-0.2071844145900661,Stress,waterfalls
119,A,122,42,3,CA23,EC,-0.361717144257259,Stress,parks
138,A,141,42,3,CA23,EC,-0.0229330441192832,Stress,parks
144,A,147,42,3,CA23,EC,1.3148663601529986,Stress,parks
165,A,168,42,3,CA23,EC,-0.0494779374986029,Stress,parks
177,A,180,42,3,CA23,EC,-0.5187348994594114,Stress,canyons
200,A,203,42,3,CA23,EC,-4.494964835330195,Stress,canyons
210,A,213,42,3,CA23,EC,0.2405496577043863,Stress,waterfalls
230,A,233,42,3,CA23,EC,0.89321206119054,Stress,parks
236,A,239,42,3,CA23,EC,-0.0957975676046756,Stress,waterfalls
5,A,8,42,4,CA23,EC,-0.0161600909740935,Stress,canyons
13,A,16,42,4,CA23,EC,-0.7894498891652353,Stress,canyons
29,A,32,42,4,CA23,EC,0.8237476673122812,Stress,canyons
41,A,44,42,4,CA23,EC,0.0918773309275103,Stress,parks
54,A,57,42,4,CA23,EC,-2.442664900156941,Stress,waterfalls
61,A,64,42,4,CA23,EC,0.6487222580400529,Stress,parks
69,A,72,42,4,CA23,EC,-0.5860865038657738,Stress,parks
73,A,76,42,4,CA23,EC,-0.1796014278787149,Stress,canyons
110,A,113,42,4,CA23,EC,0.0644952805034886,Stress,canyons
121,A,124,42,4,CA23,EC,-2.718013664043747,Stress,canyons
141,A,144,42,4,CA23,EC,-0.1602420502882195,Stress,canyons
146,A,149,42,4,CA23,EC,0.3039671208065847,Stress,waterfalls
151,A,154,42,4,CA23,EC,1.1443285812606052,Stress,parks
165,A,168,42,4,CA23,EC,-0.0526591375543403,Stress,waterfalls
176,A,179,42,4,CA23,EC,0.4331684349091557,Stress,parks
183,A,186,42,4,CA23,EC,0.1064079008351302,Stress,waterfalls
198,A,201,42,4,CA23,EC,0.3995208738249732,Stress,parks
211,A,214,42,4,CA23,EC,-1.860704874910072,Stress,waterfalls
228,A,231,42,4,CA23,EC,0.0016123088927522,Stress,waterfalls
5,A,8,43,2,CA23,EC,0.0074190895432732,Stress,lakes
14,A,17,43,2,CA23,EC,-0.8274785468453939,Stress,lakes
22,A,25,43,2,CA23,EC,0.8972354617555555,Stress,lighthouses
30,A,33,43,2,CA23,EC,-0.3703495817586421,Stress,lighthouses
35,A,38,43,2,CA23,EC,0.2875279934373393,Stress,deserts
45,A,48,43,2,CA23,EC,0.812523927706099,Stress,deserts
67,A,70,43,2,CA23,EC,0.1858768998586858,Stress,deserts
84,A,87,43,2,CA23,EC,1.5444940000696157,Stress,deserts
92,A,95,43,2,CA23,EC,-0.1574915446140452,Stress,deserts
101,A,104,43,2,CA23,EC,-0.1436546807531525,Stress,deserts
106,A,109,43,2,CA23,EC,0.008175519422025,Stress,lighthouses
113,A,116,43,2,CA23,EC,-0.0174221689142491,Stress,lakes
131,A,134,43,2,CA23,EC,0.2216749834249922,Stress,lighthouses
140,A,143,43,2,CA23,EC,-0.733934387268513,Stress,lighthouses
149,A,152,43,2,CA23,EC,1.4402566773620664,Stress,lakes
157,A,160,43,2,CA23,EC,-1.0556832091380672,Stress,deserts
177,A,180,43,2,CA23,EC,-0.0958471073955599,Stress,lighthouses
189,A,192,43,2,CA23,EC,-0.9766649945198296,Stress,lakes
200,A,203,43,2,CA23,EC,-0.6375302746148199,Stress,lakes
220,A,223,43,2,CA23,EC,0.2677893122428571,Stress,lighthouses
237,A,240,43,2,CA23,EC,-0.910116316146478,Stress,lakes
5,A,8,43,3,CA23,EC,-0.7872802955194496,Stress,deserts
21,A,24,43,3,CA23,EC,2.402800783965712,Stress,deserts
40,A,43,43,3,CA23,EC,-0.2474298721086414,Stress,lakes
46,A,49,43,3,CA23,EC,-1.0142088498256692,Stress,lakes
58,A,61,43,3,CA23,EC,-0.0781212634246278,Stress,deserts
75,A,78,43,3,CA23,EC,-0.3656791382140827,Stress,lakes
87,A,90,43,3,CA23,EC,-0.4344114588807173,Stress,lighthouses
92,A,95,43,3,CA23,EC,0.003607696212329,Stress,lakes
97,A,100,43,3,CA23,EC,1.0395597532828085,Stress,lighthouses
107,A,110,43,3,CA23,EC,-1.1157398224227195,Stress,lighthouses
113,A,116,43,3,CA23,EC,0.2648182920713851,Stress,lakes
118,A,121,43,3,CA23,EC,0.0005373821268922,Stress,lighthouses
148,A,151,43,3,CA23,EC,-0.4152512962683308,Stress,lighthouses
163,A,166,43,3,CA23,EC,0.2524992069495652,Stress,lighthouses
172,A,175,43,3,CA23,EC,0.5759131624769128,Stress,deserts
192,A,195,43,3,CA23,EC,-0.1565449266439837,Stress,deserts
201,A,204,43,3,CA23,EC,0.0008174313849213,Stress,lighthouses
214,A,217,43,3,CA23,EC,-0.0747647941646107,Stress,lakes
220,A,223,43,3,CA23,EC,-0.1081478726739952,Stress,deserts
227,A,230,43,3,CA23,EC,0.0375463356165101,Stress,lakes
235,A,238,43,3,CA23,EC,-0.2598044389312317,Stress,deserts
14,A,17,43,4,CA23,EC,-0.0144007706975119,Stress,lakes
18,A,21,43,4,CA23,EC,0.6228272595297184,Stress,deserts
32,A,35,43,4,CA23,EC,2.519632260595565,Stress,lakes
37,A,40,43,4,CA23,EC,-1.2448473451599322,Stress,lighthouses
46,A,49,43,4,CA23,EC,0.6164611628168603,Stress,deserts
67,A,70,43,4,CA23,EC,0.1395865842154257,Stress,lakes
76,A,79,43,4,CA23,EC,-2.3355606081448763,Stress,lakes
101,A,104,43,4,CA23,EC,0.3488362492155072,Stress,lakes
112,A,115,43,4,CA23,EC,0.0230656085280235,Stress,deserts
117,A,120,43,4,CA23,EC,-1.156065510298815,Stress,lighthouses
124,A,127,43,4,CA23,EC,-0.0031708676457572,Stress,deserts
141,A,144,43,4,CA23,EC,3.847711065073233,Stress,lighthouses
147,A,150,43,4,CA23,EC,0.3114215132383771,Stress,deserts
153,A,156,43,4,CA23,EC,-0.0028712496996996,Stress,lighthouses
158,A,161,43,4,CA23,EC,2.0168411385492573,Stress,deserts
172,A,175,43,4,CA23,EC,-0.2875387223416792,Stress,lakes
179,A,182,43,4,CA23,EC,-0.3402071500159481,Stress,lighthouses
206,A,209,43,4,CA23,EC,-0.2959244645170978,Stress,lighthouses
212,A,215,43,4,CA23,EC,-0.7670736997353153,Stress,lakes
223,A,226,43,4,CA23,EC,-0.0626368824236469,Stress,lighthouses
8,A,11,44,2,CA23,EC,-0.6289127769941549,Control,canyons
31,A,34,44,2,CA23,EC,-0.0094942711306705,Control,lakes
42,A,45,44,2,CA23,EC,0.2519543274471076,Control,bridges
47,A,50,44,2,CA23,EC,-0.0799138718710794,Control,canyons
54,A,57,44,2,CA23,EC,2.290137956387976,Control,bridges
74,A,77,44,2,CA23,EC,-0.1088140010104291,Control,canyons
79,A,82,44,2,CA23,EC,-0.0866073723629073,Control,bridges
98,A,101,44,2,CA23,EC,0.7958184883267216,Control,canyons
104,A,107,44,2,CA23,EC,-0.2253822994039844,Control,lakes
117,A,120,44,2,CA23,EC,0.2952767351410701,Control,bridges
122,A,125,44,2,CA23,EC,1.870020645816072,Control,lakes
132,A,135,44,2,CA23,EC,-0.1288367909291022,Control,bridges
144,A,147,44,2,CA23,EC,-0.0333845236279301,Control,lakes
152,A,155,44,2,CA23,EC,-0.2006414553498667,Control,lakes
166,A,169,44,2,CA23,EC,-0.1932542525293944,Control,lakes
178,A,181,44,2,CA23,EC,0.7337288222753604,Control,bridges
185,A,188,44,2,CA23,EC,-0.2274025867160271,Control,canyons
197,A,200,44,2,CA23,EC,-0.001979221382261,Control,bridges
204,A,207,44,2,CA23,EC,0.0629968584673713,Control,canyons
209,A,212,44,2,CA23,EC,-0.3974202699322729,Control,lakes
222,A,225,44,2,CA23,EC,1.6092050304725345,Control,canyons
5,A,8,44,3,CA23,EC,0.1094108890678672,Control,canyons
17,A,20,44,3,CA23,EC,0.0273342088867937,Control,bridges
43,A,46,44,3,CA23,EC,1.987607090390257,Control,canyons
51,A,54,44,3,CA23,EC,-0.4194215904744268,Control,bridges
57,A,60,44,3,CA23,EC,-0.4154855634085276,Control,canyons
85,A,88,44,3,CA23,EC,-0.0317055236348206,Control,lakes
95,A,98,44,3,CA23,EC,0.5633987640415014,Control,canyons
102,A,105,44,3,CA23,EC,0.1313556014140968,Control,lakes
111,A,114,44,3,CA23,EC,-1.4482158170419008,Control,lakes
118,A,121,44,3,CA23,EC,0.5212956212769395,Control,lakes
124,A,127,44,3,CA23,EC,-0.0574960954810472,Control,bridges
131,A,134,44,3,CA23,EC,-0.2135533412893439,Control,canyons
139,A,142,44,3,CA23,EC,0.0438904976912032,Control,lakes
145,A,148,44,3,CA23,EC,-0.2469330851468751,Control,canyons
168,A,171,44,3,CA23,EC,0.2263513993965664,Control,bridges
177,A,180,44,3,CA23,EC,-0.0068792556201066,Control,lakes
184,A,187,44,3,CA23,EC,1.055021038288502,Control,canyons
188,A,191,44,3,CA23,EC,-0.1808060279645081,Control,lakes
197,A,200,44,3,CA23,EC,-0.1215204778094005,Control,bridges
205,A,208,44,3,CA23,EC,0.7259110812798095,Control,bridges
234,A,237,44,3,CA23,EC,-0.0199149148723013,Control,bridges
5,A,8,44,4,CA23,EC,0.9120193197056844,Control,canyons
23,A,26,44,4,CA23,EC,-0.6503038412736197,Control,lakes
52,A,55,44,4,CA23,EC,0.0081054341324296,Control,bridges
66,A,69,44,4,CA23,EC,-0.2812697632488918,Control,lakes
70,A,73,44,4,CA23,EC,-1.148026133666195,Control,canyons
81,A,84,44,4,CA23,EC,0.4516670129055344,Control,lakes
91,A,94,44,4,CA23,EC,0.4380420832033999,Control,canyons
117,A,120,44,4,CA23,EC,2.0301679158300887,Control,canyons
126,A,129,44,4,CA23,EC,-0.1055769644452791,Control,lakes
133,A,136,44,4,CA23,EC,-0.1367188231565071,Control,lakes
150,A,153,44,4,CA23,EC,0.3777731814135232,Control,canyons
157,A,160,44,4,CA23,EC,-0.0052887980068315,Control,bridges
165,A,168,44,4,CA23,EC,0.6102704722467395,Control,lakes
175,A,178,44,4,CA23,EC,-0.4718323479757798,Control,bridges
185,A,188,44,4,CA23,EC,-0.8134164128144618,Control,bridges
190,A,193,44,4,CA23,EC,0.0669120649619503,Control,canyons
199,A,202,44,4,CA23,EC,0.0148327981575759,Control,bridges
209,A,212,44,4,CA23,EC,0.3555734315944352,Control,canyons
216,A,219,44,4,CA23,EC,0.1828391606176662,Control,bridges
227,A,230,44,4,CA23,EC,0.1338774680185668,Control,lakes
233,A,236,44,4,CA23,EC,0.5849849483817507,Control,bridges
11,A,14,45,2,CA23,EC,0.6662273748530237,Control,beaches
16,A,19,45,2,CA23,EC,-0.5578107651811243,Control,fields
30,A,33,45,2,CA23,EC,0.0560874383597225,Control,deserts
43,A,46,45,2,CA23,EC,1.3814222074990383,Control,beaches
51,A,54,45,2,CA23,EC,1.3731849789406672,Control,fields
69,A,72,45,2,CA23,EC,0.5505500399484025,Control,beaches
75,A,78,45,2,CA23,EC,0.5588799916823076,Control,fields
81,A,84,45,2,CA23,EC,0.8209157634381564,Control,deserts
88,A,91,45,2,CA23,EC,-0.0337594024728153,Control,deserts
99,A,102,45,2,CA23,EC,-1.2512909806586316,Control,beaches
119,A,122,45,2,CA23,EC,0.0006139837190847,Control,beaches
133,A,136,45,2,CA23,EC,-0.5670152191841824,Control,beaches
141,A,144,45,2,CA23,EC,-0.9074327947554502,Control,deserts
150,A,153,45,2,CA23,EC,0.3068730167346474,Control,fields
164,A,167,45,2,CA23,EC,0.4980867273366012,Control,fields
180,A,183,45,2,CA23,EC,-0.4000534531142156,Control,deserts
187,A,190,45,2,CA23,EC,-0.0822197054138366,Control,deserts
196,A,199,45,2,CA23,EC,-0.0375223512368427,Control,deserts
202,A,205,45,2,CA23,EC,0.0188454276366993,Control,beaches
212,A,215,45,2,CA23,EC,-0.0038661664276509,Control,fields
236,A,239,45,2,CA23,EC,-0.5106080168728726,Control,fields
5,A,8,45,3,CA23,EC,-1.1085559761781885,Control,deserts
10,A,13,45,3,CA23,EC,0.2286652760622837,Control,fields
18,A,21,45,3,CA23,EC,1.8930579526873867,Control,deserts
31,A,34,45,3,CA23,EC,-0.4342459251174714,Control,deserts
46,A,49,45,3,CA23,EC,0.1411575560885441,Control,deserts
61,A,64,45,3,CA23,EC,-0.1561692891349829,Control,fields
67,A,70,45,3,CA23,EC,0.0516926018234273,Control,beaches
75,A,78,45,3,CA23,EC,0.470010381267456,Control,deserts
93,A,96,45,3,CA23,EC,-2.611724400928797,Control,deserts
109,A,112,45,3,CA23,EC,-0.1062317078839679,Control,beaches
115,A,118,45,3,CA23,EC,-0.916781618222386,Control,fields
131,A,134,45,3,CA23,EC,-0.9004702750851001,Control,fields
139,A,142,45,3,CA23,EC,0.0851179859385041,Control,beaches
147,A,150,45,3,CA23,EC,-0.1998182892100765,Control,beaches
161,A,164,45,3,CA23,EC,2.410079240147692,Control,deserts
172,A,175,45,3,CA23,EC,0.6221334554354165,Control,beaches
179,A,182,45,3,CA23,EC,0.4044859532902495,Control,fields
221,A,224,45,3,CA23,EC,-0.0488929097510909,Control,beaches
227,A,230,45,3,CA23,EC,-1.2159054961632707,Control,fields
232,A,235,45,3,CA23,EC,0.8086456628309119,Control,beaches
238,A,241,45,3,CA23,EC,1.1458183513558369,Control,fields
7,A,10,45,4,CA23,EC,-1.7577910180959069,Control,fields
11,A,14,45,4,CA23,EC,0.125633945607811,Control,deserts
28,A,31,45,4,CA23,EC,3.9947931103861993,Control,fields
46,A,49,45,4,CA23,EC,0.9921873695128428,Control,fields
54,A,57,45,4,CA23,EC,-0.0681870541544137,Control,beaches
65,A,68,45,4,CA23,EC,-1.083447041084775,Control,deserts
70,A,73,45,4,CA23,EC,2.0001143174993903,Control,beaches
82,A,85,45,4,CA23,EC,1.0543175005175869,Control,beaches
93,A,96,45,4,CA23,EC,0.8867110966492041,Control,beaches
106,A,109,45,4,CA23,EC,1.2345202349729427,Control,deserts
113,A,116,45,4,CA23,EC,-0.8913627510282538,Control,fields
123,A,126,45,4,CA23,EC,0.1497609840385264,Control,deserts
134,A,137,45,4,CA23,EC,-0.0385408277679659,Control,fields
140,A,143,45,4,CA23,EC,-0.3135350837168362,Control,deserts
146,A,149,45,4,CA23,EC,0.0803451827355612,Control,beaches
174,A,177,45,4,CA23,EC,1.5823752602810013,Control,beaches
178,A,181,45,4,CA23,EC,-0.0134431133643505,Control,fields
187,A,190,45,4,CA23,EC,-0.0326533917269653,Control,deserts
200,A,203,45,4,CA23,EC,1.4837762503647494,Control,beaches
216,A,219,45,4,CA23,EC,0.0041915573817591,Control,fields
232,A,235,45,4,CA23,EC,-0.2826908853254097,Control,deserts
5,A,8,46,2,CA23,EC,0.0110428365590135,Stress,forests
13,A,16,46,2,CA23,EC,-0.5789285140835623,Stress,parks
20,A,23,46,2,CA23,EC,1.842070853993276,Stress,mountains
36,A,39,46,2,CA23,EC,-0.1629671049657821,Stress,forests
50,A,53,46,2,CA23,EC,1.4782857337001067,Stress,forests
59,A,62,46,2,CA23,EC,-0.4676059184380994,Stress,mountains
64,A,67,46,2,CA23,EC,0.1498143938425357,Stress,parks
82,A,85,46,2,CA23,EC,-0.5260516175581843,Stress,mountains
88,A,91,46,2,CA23,EC,-0.7510112087424868,Stress,parks
101,A,104,46,2,CA23,EC,-0.0958450195336018,Stress,mountains
111,A,114,46,2,CA23,EC,-0.2453496568576252,Stress,mountains
119,A,122,46,2,CA23,EC,-0.7482053223047218,Stress,parks
128,A,131,46,2,CA23,EC,-0.001713210130721,Stress,forests
147,A,150,46,2,CA23,EC,-4.5555195838743,Stress,mountains
157,A,160,46,2,CA23,EC,2.312979428675649,Stress,parks
170,A,173,46,2,CA23,EC,-0.1738232515088684,Stress,mountains
189,A,192,46,2,CA23,EC,-0.0235341536976353,Stress,parks
195,A,198,46,2,CA23,EC,-0.9082013147468864,Stress,forests
209,A,212,46,2,CA23,EC,-0.2425497190042743,Stress,forests
233,A,236,46,2,CA23,EC,-0.1253175484780697,Stress,parks
237,A,240,46,2,CA23,EC,2.2104839681934942,Stress,forests
10,A,13,46,3,CA23,EC,-0.1353581387415634,Stress,parks
18,A,21,46,3,CA23,EC,-0.020326170318668,Stress,mountains
27,A,30,46,3,CA23,EC,0.9939705412199852,Stress,forests
44,A,47,46,3,CA23,EC,0.5413970732692931,Stress,mountains
57,A,60,46,3,CA23,EC,1.876626133040881,Stress,mountains
64,A,67,46,3,CA23,EC,0.0764462750924337,Stress,forests
73,A,76,46,3,CA23,EC,1.877320624130241,Stress,parks
85,A,88,46,3,CA23,EC,0.6741281924422998,Stress,parks
92,A,95,46,3,CA23,EC,0.0034402740256373,Stress,forests
98,A,101,46,3,CA23,EC,-0.0151848547761166,Stress,mountains
117,A,120,46,3,CA23,EC,-0.616178854952382,Stress,forests
124,A,127,46,3,CA23,EC,0.0514001034125723,Stress,parks
132,A,135,46,3,CA23,EC,1.461509589015923,Stress,parks
136,A,139,46,3,CA23,EC,0.3860657780587217,Stress,mountains
152,A,155,46,3,CA23,EC,-0.4118437490412594,Stress,parks
160,A,163,46,3,CA23,EC,3.1965354609378123,Stress,forests
180,A,183,46,3,CA23,EC,2.320402321482124,Stress,mountains
187,A,190,46,3,CA23,EC,0.0290299639907097,Stress,forests
191,A,194,46,3,CA23,EC,3.239391154201432,Stress,parks
198,A,201,46,3,CA23,EC,0.543166674399047,Stress,forests
237,A,240,46,3,CA23,EC,0.4364183727830894,Stress,mountains
16,A,19,46,4,CA23,EC,-0.8829934009070399,Stress,mountains
22,A,25,46,4,CA23,EC,1.0268111511007487,Stress,parks
34,A,37,46,4,CA23,EC,0.5224246164082649,Stress,forests
49,A,52,46,4,CA23,EC,-1.2892709791967727,Stress,parks
60,A,63,46,4,CA23,EC,-0.0408206327415923,Stress,forests
74,A,77,46,4,CA23,EC,-0.4212138773509346,Stress,mountains
97,A,100,46,4,CA23,EC,-0.0535486773333893,Stress,parks
111,A,114,46,4,CA23,EC,0.1240308290538345,Stress,parks
119,A,122,46,4,CA23,EC,0.0979576565175603,Stress,parks
127,A,130,46,4,CA23,EC,-0.0752167194798748,Stress,forests
132,A,135,46,4,CA23,EC,1.3174952761245644,Stress,mountains
142,A,145,46,4,CA23,EC,-0.0432718443935384,Stress,forests
156,A,159,46,4,CA23,EC,-0.2741606325784216,Stress,parks
162,A,165,46,4,CA23,EC,0.4467015243846322,Stress,mountains
175,A,178,46,4,CA23,EC,0.0104864320547651,Stress,mountains
185,A,188,46,4,CA23,EC,0.0900339288679084,Stress,mountains
196,A,199,46,4,CA23,EC,-0.4284587519910742,Stress,forests
200,A,203,46,4,CA23,EC,0.6371523469311579,Stress,mountains
210,A,213,46,4,CA23,EC,-0.0068266034821577,Stress,forests
221,A,224,46,4,CA23,EC,-0.9521074052460176,Stress,parks
228,A,231,46,4,CA23,EC,0.3278007114180293,Stress,forests
27,A,30,47,2,CA23,EC,-0.0745681015750049,Stress,forests
37,A,40,47,2,CA23,EC,0.5181967072651307,Stress,fields
46,A,49,47,2,CA23,EC,0.7760020632914059,Stress,forests
55,A,58,47,2,CA23,EC,1.8773454952238,Stress,forests
64,A,67,47,2,CA23,EC,0.3591299513505901,Stress,fields
71,A,74,47,2,CA23,EC,0.8617848737199508,Stress,mountains
81,A,84,47,2,CA23,EC,2.1223475504744367,Stress,fields
87,A,90,47,2,CA23,EC,0.0677403685002981,Stress,mountains
94,A,97,47,2,CA23,EC,0.4402861043413557,Stress,fields
103,A,106,47,2,CA23,EC,-0.0413716578581836,Stress,fields
110,A,113,47,2,CA23,EC,-1.102359994900154,Stress,mountains
120,A,123,47,2,CA23,EC,-0.0214679461638845,Stress,mountains
131,A,134,47,2,CA23,EC,0.3903769768952334,Stress,forests
138,A,141,47,2,CA23,EC,-0.0494278439586405,Stress,mountains
161,A,164,47,2,CA23,EC,-0.5839842400656025,Stress,fields
168,A,171,47,2,CA23,EC,0.3088062420016705,Stress,forests
175,A,178,47,2,CA23,EC,0.0004158711981584,Stress,mountains
186,A,189,47,2,CA23,EC,-0.0141025733706973,Stress,fields
196,A,199,47,2,CA23,EC,0.0152037099614844,Stress,forests
219,A,222,47,2,CA23,EC,-0.4384970565833778,Stress,forests
235,A,238,47,2,CA23,EC,0.3817906432473789,Stress,mountains
5,A,8,47,3,CA23,EC,-0.3871669635779006,Stress,fields
11,A,14,47,3,CA23,EC,0.2170604085647028,Stress,forests
49,A,52,47,3,CA23,EC,0.0981298520681754,Stress,fields
63,A,66,47,3,CA23,EC,0.006104835427949,Stress,forests
67,A,70,47,3,CA23,EC,-0.0213359250909794,Stress,mountains
72,A,75,47,3,CA23,EC,-0.6116735351371653,Stress,fields
77,A,80,47,3,CA23,EC,-0.7418442032132785,Stress,mountains
86,A,89,47,3,CA23,EC,-0.0780771912244176,Stress,mountains
94,A,97,47,3,CA23,EC,0.006014749566294,Stress,fields
106,A,109,47,3,CA23,EC,0.4798825569252056,Stress,mountains
117,A,120,47,3,CA23,EC,-0.1451109628524539,Stress,forests
134,A,137,47,3,CA23,EC,1.858411309688902,Stress,mountains
147,A,150,47,3,CA23,EC,-0.4651632579048665,Stress,fields
179,A,182,47,3,CA23,EC,-0.0694336258261763,Stress,mountains
186,A,189,47,3,CA23,EC,-0.1548325682535617,Stress,fields
192,A,195,47,3,CA23,EC,-1.0734081172556231,Stress,forests
203,A,206,47,3,CA23,EC,3.542607358016491,Stress,forests
213,A,216,47,3,CA23,EC,-0.2271424566112333,Stress,mountains
217,A,220,47,3,CA23,EC,1.060685718162066,Stress,forests
222,A,225,47,3,CA23,EC,2.6741572995309943,Stress,fields
230,A,233,47,3,CA23,EC,-0.0395787232898516,Stress,forests
8,A,11,47,4,CA23,EC,-0.0153581687620062,Stress,mountains
31,A,34,47,4,CA23,EC,2.967498615136008,Stress,mountains
38,A,41,47,4,CA23,EC,-0.2160179772578567,Stress,fields
46,A,49,47,4,CA23,EC,-0.2674518309662773,Stress,mountains
65,A,68,47,4,CA23,EC,0.7238830661951742,Stress,fields
74,A,77,47,4,CA23,EC,0.1500598393220532,Stress,forests
82,A,85,47,4,CA23,EC,-1.4113858818089122,Stress,fields
87,A,90,47,4,CA23,EC,0.1021051763706746,Stress,forests
92,A,95,47,4,CA23,EC,-0.0992863194325724,Stress,fields
109,A,112,47,4,CA23,EC,0.1264350992996285,Stress,mountains
117,A,120,47,4,CA23,EC,-0.0979923618245935,Stress,forests
133,A,136,47,4,CA23,EC,0.4611753546321756,Stress,fields
138,A,141,47,4,CA23,EC,0.2553996641857291,Stress,mountains
151,A,154,47,4,CA23,EC,-0.0310696260855003,Stress,fields
166,A,169,47,4,CA23,EC,-0.2892373486785326,Stress,mountains
188,A,191,47,4,CA23,EC,0.2098167761141631,Stress,mountains
198,A,201,47,4,CA23,EC,0.0721958750030977,Stress,forests
204,A,207,47,4,CA23,EC,0.263341813034033,Stress,forests
224,A,227,47,4,CA23,EC,1.081562809092815,Stress,fields
231,A,234,47,4,CA23,EC,-0.6288371488774501,Stress,forests
8,A,11,48,2,CA23,EC,-0.0042329574793224,Control,bridges
16,A,19,48,2,CA23,EC,-0.6918354555462422,Control,forests
21,A,24,48,2,CA23,EC,-0.3197250472853984,Control,canyons
36,A,39,48,2,CA23,EC,0.3690075506090456,Control,forests
46,A,49,48,2,CA23,EC,-0.0175173599877903,Control,forests
52,A,55,48,2,CA23,EC,-0.1430495224030326,Control,canyons
59,A,62,48,2,CA23,EC,0.2868411227478704,Control,forests
69,A,72,48,2,CA23,EC,-0.1713919005863623,Control,canyons
75,A,78,48,2,CA23,EC,0.0009043206628017,Control,bridges
84,A,87,48,2,CA23,EC,1.0278173594582976,Control,bridges
104,A,107,48,2,CA23,EC,0.0654917973957716,Control,forests
110,A,113,48,2,CA23,EC,0.1331910447473233,Control,canyons
121,A,124,48,2,CA23,EC,0.1662799120607823,Control,bridges
134,A,137,48,2,CA23,EC,0.2059771436638833,Control,canyons
147,A,150,48,2,CA23,EC,-0.1408560726159969,Control,canyons
152,A,155,48,2,CA23,EC,1.4505868514084252,Control,bridges
159,A,162,48,2,CA23,EC,-0.1578641267236215,Control,forests
164,A,167,48,2,CA23,EC,0.1836414244004777,Control,bridges
187,A,190,48,2,CA23,EC,-0.1496117689401533,Control,bridges
198,A,201,48,2,CA23,EC,-0.2479019640887124,Control,forests
234,A,237,48,2,CA23,EC,-0.0665791291158722,Control,canyons
13,A,16,48,3,CA23,EC,0.2043100603769598,Control,canyons
30,A,33,48,3,CA23,EC,-0.056766151996284,Control,forests
35,A,38,48,3,CA23,EC,0.2069436206680417,Control,canyons
45,A,48,48,3,CA23,EC,-0.5201599575426824,Control,forests
51,A,54,48,3,CA23,EC,0.0824810043961687,Control,bridges
58,A,61,48,3,CA23,EC,-0.985163037201874,Control,forests
78,A,81,48,3,CA23,EC,-0.249616985115784,Control,canyons
82,A,85,48,3,CA23,EC,0.0509280903561196,Control,bridges
112,A,115,48,3,CA23,EC,0.2875122020951002,Control,canyons
116,A,119,48,3,CA23,EC,-0.344068131776123,Control,bridges
120,A,123,48,3,CA23,EC,1.5807542188116277,Control,forests
129,A,132,48,3,CA23,EC,0.0442456969000711,Control,bridges
145,A,148,48,3,CA23,EC,0.8620649409132677,Control,bridges
150,A,153,48,3,CA23,EC,0.0001623913635065,Control,canyons
155,A,158,48,3,CA23,EC,0.7822696772443595,Control,forests
174,A,177,48,3,CA23,EC,-0.1857594623700331,Control,bridges
179,A,182,48,3,CA23,EC,0.4759100003144921,Control,forests
188,A,191,48,3,CA23,EC,0.9500852429502168,Control,canyons
203,A,206,48,3,CA23,EC,2.2443161155067544,Control,bridges
211,A,214,48,3,CA23,EC,0.4272408363677859,Control,canyons
222,A,225,48,3,CA23,EC,-0.0166654514887065,Control,forests
5,A,8,48,4,CA23,EC,-0.0134883701877529,Control,canyons
12,A,15,48,4,CA23,EC,-0.0323830310479478,Control,bridges
21,A,24,48,4,CA23,EC,0.7484351985366662,Control,forests
35,A,38,48,4,CA23,EC,0.778976178435103,Control,forests
42,A,45,48,4,CA23,EC,0.1148795314166964,Control,bridges
61,A,64,48,4,CA23,EC,0.1757062502641947,Control,canyons
80,A,83,48,4,CA23,EC,-0.3700551978026984,Control,canyons
88,A,91,48,4,CA23,EC,0.2937361770727822,Control,bridges
101,A,104,48,4,CA23,EC,1.572414451507597,Control,bridges
112,A,115,48,4,CA23,EC,-0.4490857254396521,Control,bridges
129,A,132,48,4,CA23,EC,-0.9912589460265888,Control,forests
135,A,138,48,4,CA23,EC,1.0038877727450204,Control,bridges
147,A,150,48,4,CA23,EC,-0.0547034842497354,Control,forests
159,A,162,48,4,CA23,EC,0.5207670684989973,Control,forests
169,A,172,48,4,CA23,EC,-0.8833085023280463,Control,canyons
180,A,183,48,4,CA23,EC,0.4440212262307822,Control,forests
186,A,189,48,4,CA23,EC,-0.0513152512462289,Control,bridges
207,A,210,48,4,CA23,EC,0.0812260617257508,Control,canyons
219,A,222,48,4,CA23,EC,0.8837004778581734,Control,canyons
230,A,233,48,4,CA23,EC,-0.4017323494892811,Control,canyons
235,A,238,48,4,CA23,EC,0.4272433370952988,Control,forests
8,A,11,49,2,CA23,EC,2.0981378001050004,Control,beaches
32,A,35,49,2,CA23,EC,-0.1089900945714581,Control,fields
38,A,41,49,2,CA23,EC,2.697776793173744,Control,fields
59,A,62,49,2,CA23,EC,-0.667531937551433,Control,waterfalls
65,A,68,49,2,CA23,EC,1.013929707400888,Control,fields
70,A,73,49,2,CA23,EC,-0.0016044836824538,Control,waterfalls
93,A,96,49,2,CA23,EC,-0.3825095936700912,Control,beaches
106,A,109,49,2,CA23,EC,0.8573120305897144,Control,waterfalls
111,A,114,49,2,CA23,EC,-2.4418007043164875,Control,beaches
116,A,119,49,2,CA23,EC,0.6603269228023426,Control,waterfalls
134,A,137,49,2,CA23,EC,1.5181536063322094,Control,beaches
146,A,149,49,2,CA23,EC,0.0276361112297756,Control,beaches
158,A,161,49,2,CA23,EC,0.5412289726040708,Control,fields
170,A,173,49,2,CA23,EC,-0.0408011749890191,Control,fields
180,A,183,49,2,CA23,EC,0.9395625009854024,Control,beaches
191,A,194,49,2,CA23,EC,0.4266227541143745,Control,waterfalls
197,A,200,49,2,CA23,EC,0.2122227896297347,Control,fields
202,A,205,49,2,CA23,EC,-0.502951981645891,Control,beaches
218,A,221,49,2,CA23,EC,-0.686519860076431,Control,fields
228,A,231,49,2,CA23,EC,2.136905105044767,Control,waterfalls
235,A,238,49,2,CA23,EC,0.0168183285147709,Control,waterfalls
9,A,12,49,3,CA23,EC,-0.9049642796853512,Control,beaches
15,A,18,49,3,CA23,EC,-0.0187824505953514,Control,waterfalls
26,A,29,49,3,CA23,EC,0.2305648684050893,Control,fields
36,A,39,49,3,CA23,EC,0.0343090946627394,Control,fields
45,A,48,49,3,CA23,EC,0.9498709739309472,Control,waterfalls
70,A,73,49,3,CA23,EC,0.2922736949449926,Control,beaches
76,A,79,49,3,CA23,EC,0.0009235877826782,Control,waterfalls
86,A,89,49,3,CA23,EC,0.8106094673776751,Control,beaches
99,A,102,49,3,CA23,EC,1.1476639530050698,Control,beaches
107,A,110,49,3,CA23,EC,1.2529639329369435,Control,fields
118,A,121,49,3,CA23,EC,-0.0611692376342917,Control,waterfalls
128,A,131,49,3,CA23,EC,-0.3753708639666649,Control,beaches
137,A,140,49,3,CA23,EC,-2.077054087740283,Control,beaches
154,A,157,49,3,CA23,EC,1.3908021080857436,Control,waterfalls
163,A,166,49,3,CA23,EC,0.0389974231161883,Control,fields
178,A,181,49,3,CA23,EC,-0.4044934606058269,Control,waterfalls
186,A,189,49,3,CA23,EC,-2.8026230516995785,Control,beaches
192,A,195,49,3,CA23,EC,-1.0654353999412465,Control,fields
200,A,203,49,3,CA23,EC,-0.1431795981388043,Control,waterfalls
208,A,211,49,3,CA23,EC,0.2523911115902378,Control,fields
217,A,220,49,3,CA23,EC,-1.1005244876092664,Control,fields
22,A,25,49,4,CA23,EC,-0.003387692344118,Control,beaches
31,A,34,49,4,CA23,EC,1.5534153283350245,Control,waterfalls
45,A,48,49,4,CA23,EC,-0.2153508475351621,Control,waterfalls
54,A,57,49,4,CA23,EC,-0.1748185682017929,Control,beaches
67,A,70,49,4,CA23,EC,0.4949918331693895,Control,waterfalls
73,A,76,49,4,CA23,EC,1.0714766689279671,Control,fields
85,A,88,49,4,CA23,EC,0.4646063495304675,Control,fields
95,A,98,49,4,CA23,EC,2.8917306045013147,Control,fields
106,A,109,49,4,CA23,EC,0.5209914141978842,Control,waterfalls
143,A,146,49,4,CA23,EC,-3.2385216844382345,Control,waterfalls
150,A,153,49,4,CA23,EC,-0.0201094183928234,Control,waterfalls
158,A,161,49,4,CA23,EC,0.1808786223306615,Control,beaches
170,A,173,49,4,CA23,EC,1.8076133400997427,Control,fields
174,A,177,49,4,CA23,EC,-0.1542109176513578,Control,beaches
182,A,185,49,4,CA23,EC,-0.0062418932257774,Control,fields
194,A,197,49,4,CA23,EC,0.0081980455609243,Control,beaches
202,A,205,49,4,CA23,EC,-0.5497525563038416,Control,beaches
214,A,217,49,4,CA23,EC,-1.1153879092656578,Control,fields
223,A,226,49,4,CA23,EC,-0.1685854403504059,Control,fields
229,A,232,49,4,CA23,EC,1.453883584254109,Control,beaches
12,A,15,50,2,CA23,EC,1.2277071752230728,Stress,waterfalls
34,A,37,50,2,CA23,EC,-0.2164299872656847,Stress,waterfalls
39,A,42,50,2,CA23,EC,-0.1919524466956531,Stress,lighthouses
48,A,51,50,2,CA23,EC,0.1294126810978063,Stress,canyons
53,A,56,50,2,CA23,EC,0.0029694586186522,Stress,waterfalls
62,A,65,50,2,CA23,EC,-0.127641647403377,Stress,waterfalls
70,A,73,50,2,CA23,EC,-0.2006248170828258,Stress,lighthouses
90,A,93,50,2,CA23,EC,-0.3347323518580174,Stress,canyons
105,A,108,50,2,CA23,EC,-1.2341992530558477,Stress,canyons
114,A,117,50,2,CA23,EC,0.2948525742835324,Stress,canyons
128,A,131,50,2,CA23,EC,0.0504512913048694,Stress,waterfalls
136,A,139,50,2,CA23,EC,0.3620031596455176,Stress,lighthouses
146,A,149,50,2,CA23,EC,4.428304490440628,Stress,waterfalls
165,A,168,50,2,CA23,EC,-0.5139358538355726,Stress,lighthouses
173,A,176,50,2,CA23,EC,-0.0885509197063842,Stress,lighthouses
195,A,198,50,2,CA23,EC,-0.4586703536355191,Stress,waterfalls
200,A,203,50,2,CA23,EC,0.7487704580261545,Stress,canyons
206,A,209,50,2,CA23,EC,1.039664113755831,Stress,lighthouses
214,A,217,50,2,CA23,EC,0.3173779125962112,Stress,canyons
221,A,224,50,2,CA23,EC,0.5841081591329275,Stress,canyons
231,A,234,50,2,CA23,EC,0.1079066673636967,Stress,lighthouses
16,A,19,50,3,CA23,EC,0.5552709508092406,Stress,waterfalls
32,A,35,50,3,CA23,EC,-0.559028255106283,Stress,waterfalls
49,A,52,50,3,CA23,EC,0.8804203358329118,Stress,lighthouses
59,A,62,50,3,CA23,EC,0.1510228142263041,Stress,canyons
68,A,71,50,3,CA23,EC,2.000201338715057,Stress,canyons
75,A,78,50,3,CA23,EC,-0.0242507102583118,Stress,lighthouses
105,A,108,50,3,CA23,EC,-0.0101026473722444,Stress,lighthouses
113,A,116,50,3,CA23,EC,0.1910251634641342,Stress,waterfalls
131,A,134,50,3,CA23,EC,-2.9942883763680586,Stress,canyons
155,A,158,50,3,CA23,EC,0.0871023668669038,Stress,lighthouses
160,A,163,50,3,CA23,EC,-0.8080865015439584,Stress,canyons
165,A,168,50,3,CA23,EC,0.3060738908801594,Stress,waterfalls
175,A,178,50,3,CA23,EC,0.2084233116194135,Stress,waterfalls
181,A,184,50,3,CA23,EC,0.8956127750820898,Stress,lighthouses
193,A,196,50,3,CA23,EC,3.09676141924463,Stress,canyons
197,A,200,50,3,CA23,EC,-0.8730641420860576,Stress,waterfalls
209,A,212,50,3,CA23,EC,0.0057529031609004,Stress,waterfalls
215,A,218,50,3,CA23,EC,1.505233592803342,Stress,canyons
220,A,223,50,3,CA23,EC,0.3361595460790691,Stress,lighthouses
229,A,232,50,3,CA23,EC,-0.0616982495230413,Stress,lighthouses
234,A,237,50,3,CA23,EC,1.0651429577902942,Stress,canyons
5,A,8,50,4,CA23,EC,-0.0501147830154692,Stress,lighthouses
15,A,18,50,4,CA23,EC,0.0033070884855138,Stress,canyons
29,A,32,50,4,CA23,EC,1.0292114308012263,Stress,lighthouses
50,A,53,50,4,CA23,EC,-0.4042723749935684,Stress,waterfalls
57,A,60,50,4,CA23,EC,-0.4367786956701665,Stress,canyons
62,A,65,50,4,CA23,EC,-1.0893032250852963,Stress,waterfalls
68,A,71,50,4,CA23,EC,0.0544866937762637,Stress,lighthouses
81,A,84,50,4,CA23,EC,-0.0447478687523382,Stress,lighthouses
93,A,96,50,4,CA23,EC,0.2625799111018953,Stress,waterfalls
104,A,107,50,4,CA23,EC,1.260914475059436,Stress,canyons
109,A,112,50,4,CA23,EC,-0.2716890121683243,Stress,lighthouses
117,A,120,50,4,CA23,EC,-0.3565775360360042,Stress,canyons
123,A,126,50,4,CA23,EC,0.2386623240142058,Stress,waterfalls
129,A,132,50,4,CA23,EC,0.1339031700484478,Stress,canyons
136,A,139,50,4,CA23,EC,0.1990685940094707,Stress,waterfalls
146,A,149,50,4,CA23,EC,0.0058168817219027,Stress,lighthouses
151,A,154,50,4,CA23,EC,0.942356660903752,Stress,waterfalls
157,A,160,50,4,CA23,EC,-0.5347724567225167,Stress,canyons
169,A,172,50,4,CA23,EC,-0.0153611167272547,Stress,waterfalls
182,A,185,50,4,CA23,EC,0.1367443105459582,Stress,canyons
194,A,197,50,4,CA23,EC,1.9012668551243816,Stress,lighthouses
21,A,24,52,2,CA23,EC,0.2179062834332144,Control,lakes
28,A,31,52,2,CA23,EC,-0.5242933682636348,Control,mountains
38,A,41,52,2,CA23,EC,-0.8593434403078664,Control,deserts
45,A,48,52,2,CA23,EC,0.6163463162433153,Control,lakes
52,A,55,52,2,CA23,EC,-0.6714313507015055,Control,mountains
64,A,67,52,2,CA23,EC,0.9166034603043796,Control,deserts
81,A,84,52,2,CA23,EC,-0.2514204470029058,Control,mountains
98,A,101,52,2,CA23,EC,-0.0028837289103096,Control,deserts
110,A,113,52,2,CA23,EC,0.0254662133458534,Control,deserts
126,A,129,52,2,CA23,EC,2.5836060302294226,Control,lakes
135,A,138,52,2,CA23,EC,-0.0003687147165437,Control,lakes
149,A,152,52,2,CA23,EC,-0.9468439212626868,Control,deserts
153,A,156,52,2,CA23,EC,-0.1123123916175074,Control,mountains
167,A,170,52,2,CA23,EC,0.0995873817233004,Control,deserts
178,A,181,52,2,CA23,EC,-0.0177934121953488,Control,mountains
201,A,204,52,2,CA23,EC,1.5845834251612163,Control,lakes
210,A,213,52,2,CA23,EC,0.0481642688347401,Control,mountains
223,A,226,52,2,CA23,EC,-0.8280681193597247,Control,deserts
232,A,235,52,2,CA23,EC,-0.6857796307665294,Control,mountains
10,A,13,52,3,CA23,EC,-0.2008942171111286,Control,mountains
18,A,21,52,3,CA23,EC,-0.154603221017831,Control,deserts
23,A,26,52,3,CA23,EC,0.5965787971957072,Control,lakes
50,A,53,52,3,CA23,EC,0.7655655836183561,Control,mountains
55,A,58,52,3,CA23,EC,2.713957552249272,Control,lakes
67,A,70,52,3,CA23,EC,1.4661363582425455,Control,mountains
72,A,75,52,3,CA23,EC,0.004005115988535,Control,deserts
82,A,85,52,3,CA23,EC,-0.5782648104725443,Control,mountains
88,A,91,52,3,CA23,EC,0.004150140027359,Control,lakes
95,A,98,52,3,CA23,EC,-0.0574590950819869,Control,mountains
111,A,114,52,3,CA23,EC,-0.3474974141995115,Control,deserts
122,A,125,52,3,CA23,EC,-1.029011401100551,Control,mountains
142,A,145,52,3,CA23,EC,-0.1555404258821869,Control,lakes
150,A,153,52,3,CA23,EC,0.0072989655829173,Control,deserts
157,A,160,52,3,CA23,EC,-0.7651778340801618,Control,lakes
168,A,171,52,3,CA23,EC,-1.265320354758097,Control,mountains
180,A,183,52,3,CA23,EC,2.168532971942441,Control,deserts
191,A,194,52,3,CA23,EC,-0.3151676042583565,Control,lakes
200,A,203,52,3,CA23,EC,0.5761542481711911,Control,deserts
211,A,214,52,3,CA23,EC,0.4561200023283375,Control,deserts
231,A,234,52,3,CA23,EC,0.0786800871142791,Control,lakes
7,A,10,52,4,CA23,EC,-0.3478562930983154,Control,deserts
25,A,28,52,4,CA23,EC,0.0262337262687824,Control,deserts
35,A,38,52,4,CA23,EC,0.9948850698844977,Control,deserts
48,A,51,52,4,CA23,EC,0.3099974614090802,Control,lakes
56,A,59,52,4,CA23,EC,1.1944175436992317,Control,deserts
63,A,66,52,4,CA23,EC,0.8113029606900777,Control,mountains
73,A,76,52,4,CA23,EC,-3.5008687877082725,Control,lakes
81,A,84,52,4,CA23,EC,0.0280968844454066,Control,lakes
100,A,103,52,4,CA23,EC,0.0028730197668624,Control,lakes
110,A,113,52,4,CA23,EC,-1.148069549837487,Control,deserts
120,A,123,52,4,CA23,EC,-0.179238256798852,Control,mountains
126,A,129,52,4,CA23,EC,-0.4431323984341061,Control,lakes
133,A,136,52,4,CA23,EC,-0.2352777995549863,Control,mountains
142,A,145,52,4,CA23,EC,0.7255288530198224,Control,deserts
149,A,152,52,4,CA23,EC,2.596096069248846,Control,deserts
160,A,163,52,4,CA23,EC,-0.3379642558323698,Control,lakes
185,A,188,52,4,CA23,EC,1.9921839015813796,Control,mountains
206,A,209,52,4,CA23,EC,-0.1430531983727894,Control,lakes
211,A,214,52,4,CA23,EC,-0.1578582559707808,Control,mountains
224,A,227,52,4,CA23,EC,2.1477881154316014,Control,mountains
237,A,240,52,4,CA23,EC,-0.5773770714149665,Control,mountains
5,A,8,53,2,CA23,EC,-0.4603952741688007,Control,lakes
12,A,15,53,2,CA23,EC,-0.9764794392918468,Control,fields
20,A,23,53,2,CA23,EC,2.4343602909704534,Control,parks
37,A,40,53,2,CA23,EC,0.0464271987933908,Control,parks
48,A,51,53,2,CA23,EC,0.0199541138100294,Control,lakes
55,A,58,53,2,CA23,EC,-2.8843523158633984,Control,parks
65,A,68,53,2,CA23,EC,-1.4441567317925474,Control,lakes
75,A,78,53,2,CA23,EC,0.1031272462959594,Control,fields
82,A,85,53,2,CA23,EC,0.8955747250002271,Control,lakes
91,A,94,53,2,CA23,EC,1.3767748494341991,Control,parks
107,A,110,53,2,CA23,EC,-0.0473562636189951,Control,fields
124,A,127,53,2,CA23,EC,-0.0768695143785765,Control,fields
129,A,132,53,2,CA23,EC,0.4407191105141815,Control,parks
134,A,137,53,2,CA23,EC,0.5107163969781958,Control,fields
144,A,147,53,2,CA23,EC,-1.6274922600598445,Control,fields
163,A,166,53,2,CA23,EC,0.1184396415260064,Control,lakes
167,A,170,53,2,CA23,EC,0.0057659444818052,Control,parks
199,A,202,53,2,CA23,EC,-0.5900141144667377,Control,fields
204,A,207,53,2,CA23,EC,-0.0118386023932037,Control,parks
219,A,222,53,2,CA23,EC,0.6948493276779544,Control,lakes
234,A,237,53,2,CA23,EC,0.0665126578846111,Control,lakes
11,A,14,53,3,CA23,EC,0.0647818815609263,Control,parks
21,A,24,53,3,CA23,EC,-0.2940321415468673,Control,fields
28,A,31,53,3,CA23,EC,3.8934855112151134,Control,fields
53,A,56,53,3,CA23,EC,0.0158696238369392,Control,parks
72,A,75,53,3,CA23,EC,-0.0967941092417272,Control,parks
77,A,80,53,3,CA23,EC,-1.835038564054234,Control,lakes
84,A,87,53,3,CA23,EC,-1.2804984842789435,Control,lakes
98,A,101,53,3,CA23,EC,-0.0656849420573261,Control,parks
111,A,114,53,3,CA23,EC,-3.887039005304586e-05,Control,parks
123,A,126,53,3,CA23,EC,-1.06377885625095,Control,parks
129,A,132,53,3,CA23,EC,-0.0031821733097273,Control,lakes
140,A,143,53,3,CA23,EC,0.937347525508662,Control,lakes
148,A,151,53,3,CA23,EC,0.3266303184827246,Control,fields
153,A,156,53,3,CA23,EC,0.2163027987599731,Control,lakes
166,A,169,53,3,CA23,EC,-0.0324583943058429,Control,fields
172,A,175,53,3,CA23,EC,-0.2151233657094538,Control,lakes
186,A,189,53,3,CA23,EC,-0.711258695358721,Control,fields
195,A,198,53,3,CA23,EC,0.0160762891738737,Control,parks
202,A,205,53,3,CA23,EC,-0.6046198556224481,Control,fields
216,A,219,53,3,CA23,EC,0.0918011971613111,Control,fields
231,A,234,53,3,CA23,EC,-1.162884395675181,Control,lakes
5,A,8,53,4,CA23,EC,0.9959093338065528,Control,parks
15,A,18,53,4,CA23,EC,2.0542960821862595,Control,fields
21,A,24,53,4,CA23,EC,-1.7737290241678922,Control,lakes
33,A,36,53,4,CA23,EC,0.1560341607978875,Control,lakes
51,A,54,53,4,CA23,EC,-0.2645061256341072,Control,fields
57,A,60,53,4,CA23,EC,0.1049462021749921,Control,lakes
72,A,75,53,4,CA23,EC,1.086412169974177,Control,parks
77,A,80,53,4,CA23,EC,8.408516680955341e-05,Control,lakes
90,A,93,53,4,CA23,EC,-0.0731830474306852,Control,parks
101,A,104,53,4,CA23,EC,-0.4171095593573589,Control,fields
106,A,109,53,4,CA23,EC,-0.376357434777288,Control,lakes
116,A,119,53,4,CA23,EC,-0.3814435939098639,Control,parks
136,A,139,53,4,CA23,EC,0.0035631142561172,Control,parks
143,A,146,53,4,CA23,EC,0.3851323225407865,Control,fields
158,A,161,53,4,CA23,EC,0.2063928313751996,Control,lakes
166,A,169,53,4,CA23,EC,-0.0341952830874037,Control,fields
182,A,185,53,4,CA23,EC,0.1118619366009657,Control,fields
188,A,191,53,4,CA23,EC,0.040648672567958,Control,parks
208,A,211,53,4,CA23,EC,0.3415672281754815,Control,fields
215,A,218,53,4,CA23,EC,0.5066926460515742,Control,lakes
232,A,235,53,4,CA23,EC,-0.8624937859158245,Control,parks
19,A,22,54,2,CA23,EC,-1.2019524808365727,Stress,deserts
32,A,35,54,2,CA23,EC,-1.0189843869858732,Stress,bridges
39,A,42,54,2,CA23,EC,-0.1257376441514937,Stress,bridges
56,A,59,54,2,CA23,EC,-0.1757993497116671,Stress,lakes
63,A,66,54,2,CA23,EC,-0.2124217862421085,Stress,bridges
77,A,80,54,2,CA23,EC,-0.5744288680814762,Stress,deserts
84,A,87,54,2,CA23,EC,0.1174736231974546,Stress,bridges
97,A,100,54,2,CA23,EC,-0.4533853726474965,Stress,lakes
105,A,108,54,2,CA23,EC,-0.1778555866725819,Stress,deserts
120,A,123,54,2,CA23,EC,0.7705765647510959,Stress,deserts
125,A,128,54,2,CA23,EC,-0.2457451245772026,Stress,lakes
132,A,135,54,2,CA23,EC,-0.0033373734556214,Stress,lakes
137,A,140,54,2,CA23,EC,-0.9474223120862624,Stress,bridges
153,A,156,54,2,CA23,EC,1.3562681021025982,Stress,deserts
159,A,162,54,2,CA23,EC,-0.1588841857870133,Stress,lakes
184,A,187,54,2,CA23,EC,-0.0136511229724295,Stress,deserts
189,A,192,54,2,CA23,EC,-0.001396985523114,Stress,bridges
198,A,201,54,2,CA23,EC,-0.0043522183754741,Stress,lakes
204,A,207,54,2,CA23,EC,1.3574270153366628,Stress,bridges
214,A,217,54,2,CA23,EC,-0.0149574998057665,Stress,lakes
225,A,228,54,2,CA23,EC,-0.0978540115296028,Stress,deserts
7,A,10,54,3,CA23,EC,-1.361323533327904,Stress,deserts
15,A,18,54,3,CA23,EC,0.0974710276224996,Stress,bridges
30,A,33,54,3,CA23,EC,1.1177243939794188,Stress,deserts
40,A,43,54,3,CA23,EC,0.358687187181347,Stress,lakes
74,A,77,54,3,CA23,EC,0.1767615254515224,Stress,deserts
83,A,86,54,3,CA23,EC,0.5335489347143383,Stress,lakes
89,A,92,54,3,CA23,EC,0.069733485611283,Stress,lakes
99,A,102,54,3,CA23,EC,0.2412297766136155,Stress,bridges
106,A,109,54,3,CA23,EC,0.0022111076679366,Stress,bridges
116,A,119,54,3,CA23,EC,1.0118377207622482,Stress,bridges
126,A,129,54,3,CA23,EC,0.9494656133278528,Stress,deserts
131,A,134,54,3,CA23,EC,-0.6319623078722311,Stress,lakes
151,A,154,54,3,CA23,EC,0.1509621377032148,Stress,deserts
164,A,167,54,3,CA23,EC,1.275817306273247,Stress,lakes
176,A,179,54,3,CA23,EC,1.5749122845920682,Stress,lakes
182,A,185,54,3,CA23,EC,0.0003386122944912,Stress,bridges
189,A,192,54,3,CA23,EC,0.0064856827549044,Stress,deserts
199,A,202,54,3,CA23,EC,0.1128730990459238,Stress,deserts
211,A,214,54,3,CA23,EC,0.7085922660613583,Stress,lakes
220,A,223,54,3,CA23,EC,4.887661950044326,Stress,bridges
228,A,231,54,3,CA23,EC,-0.1526062535424676,Stress,bridges
5,A,8,54,4,CA23,EC,0.0455413240019729,Stress,deserts
12,A,15,54,4,CA23,EC,-0.0583995166517365,Stress,lakes
20,A,23,54,4,CA23,EC,-0.0019464097599569,Stress,deserts
28,A,31,54,4,CA23,EC,-0.5309566699018917,Stress,deserts
36,A,39,54,4,CA23,EC,-0.3909199303010387,Stress,bridges
73,A,76,54,4,CA23,EC,-0.1314416404941965,Stress,lakes
78,A,81,54,4,CA23,EC,0.3500126935932111,Stress,bridges
96,A,99,54,4,CA23,EC,0.4956915682911011,Stress,lakes
105,A,108,54,4,CA23,EC,0.0107110893654689,Stress,deserts
122,A,125,54,4,CA23,EC,0.0770408752665,Stress,bridges
128,A,131,54,4,CA23,EC,0.4940019572676336,Stress,deserts
134,A,137,54,4,CA23,EC,0.0709725367308348,Stress,bridges
149,A,152,54,4,CA23,EC,-0.3560952170252546,Stress,bridges
167,A,170,54,4,CA23,EC,0.0011096710223896,Stress,bridges
181,A,184,54,4,CA23,EC,-0.3377896410938217,Stress,lakes
185,A,188,54,4,CA23,EC,0.5566229339015347,Stress,deserts
196,A,199,54,4,CA23,EC,1.3995060776408526,Stress,bridges
205,A,208,54,4,CA23,EC,-0.3726861054074078,Stress,lakes
217,A,220,54,4,CA23,EC,0.0451123873371533,Stress,lakes
231,A,234,54,4,CA23,EC,0.2673447300110674,Stress,deserts
238,A,241,54,4,CA23,EC,0.7173948022249347,Stress,lakes
8,A,11,55,2,CA23,EC,-0.4287096726329328,Stress,canyons
19,A,22,55,2,CA23,EC,-0.8936839578426223,Stress,canyons
30,A,33,55,2,CA23,EC,-0.1339639118672367,Stress,marshes
54,A,57,55,2,CA23,EC,-0.2493442809537564,Stress,parks
63,A,66,55,2,CA23,EC,-0.6053996438185694,Stress,parks
70,A,73,55,2,CA23,EC,-0.0923122668195992,Stress,canyons
78,A,81,55,2,CA23,EC,0.4563891922398572,Stress,parks
94,A,97,55,2,CA23,EC,-0.1393887044095937,Stress,parks
101,A,104,55,2,CA23,EC,0.049907322226582,Stress,canyons
111,A,114,55,2,CA23,EC,-0.0840727886517755,Stress,marshes
118,A,121,55,2,CA23,EC,0.2328704897036556,Stress,canyons
127,A,130,55,2,CA23,EC,-1.714022434492878,Stress,parks
136,A,139,55,2,CA23,EC,-0.2466299686377995,Stress,marshes
161,A,164,55,2,CA23,EC,-0.2098132986699088,Stress,canyons
166,A,169,55,2,CA23,EC,-0.2154734913523305,Stress,marshes
175,A,178,55,2,CA23,EC,0.9358130084269544,Stress,canyons
180,A,183,55,2,CA23,EC,-0.1866974713579856,Stress,parks
194,A,197,55,2,CA23,EC,-0.0028726008204806,Stress,marshes
208,A,211,55,2,CA23,EC,-1.6401551977666031,Stress,marshes
219,A,222,55,2,CA23,EC,0.7290470533760655,Stress,parks
224,A,227,55,2,CA23,EC,0.0006186204822521,Stress,marshes
5,A,8,55,3,CA23,EC,1.103756629622563,Stress,marshes
10,A,13,55,3,CA23,EC,-1.9840334282147545,Stress,parks
17,A,20,55,3,CA23,EC,0.7093666744873818,Stress,canyons
29,A,32,55,3,CA23,EC,0.0185801213032916,Stress,marshes
34,A,37,55,3,CA23,EC,0.9076456564000676,Stress,canyons
42,A,45,55,3,CA23,EC,1.4984022506301773,Stress,marshes
46,A,49,55,3,CA23,EC,0.0277362501757751,Stress,parks
65,A,68,55,3,CA23,EC,1.0489194391321033,Stress,marshes
77,A,80,55,3,CA23,EC,1.1866708307607745,Stress,canyons
83,A,86,55,3,CA23,EC,2.7786328140475174,Stress,parks
90,A,93,55,3,CA23,EC,-1.6331282094367947,Stress,parks
95,A,98,55,3,CA23,EC,-0.1883416984397776,Stress,canyons
107,A,110,55,3,CA23,EC,0.0296845962819854,Stress,canyons
116,A,119,55,3,CA23,EC,0.5854206699550051,Stress,marshes
127,A,130,55,3,CA23,EC,0.1338483023911655,Stress,canyons
155,A,158,55,3,CA23,EC,-0.6587942805264955,Stress,marshes
179,A,182,55,3,CA23,EC,0.6588552489900857,Stress,canyons
195,A,198,55,3,CA23,EC,0.0084366158668023,Stress,parks
209,A,212,55,3,CA23,EC,-0.0001316027779558,Stress,parks
227,A,230,55,3,CA23,EC,-0.050592401167007,Stress,parks
235,A,238,55,3,CA23,EC,0.1986232696791859,Stress,marshes
15,A,18,55,4,CA23,EC,-0.1292100792527914,Stress,marshes
22,A,25,55,4,CA23,EC,-0.3317956558925414,Stress,canyons
31,A,34,55,4,CA23,EC,-0.0264284790674609,Stress,marshes
53,A,56,55,4,CA23,EC,-0.2310095390298715,Stress,parks
68,A,71,55,4,CA23,EC,1.2594387286980422,Stress,canyons
75,A,78,55,4,CA23,EC,0.0503416840931146,Stress,marshes
92,A,95,55,4,CA23,EC,0.4393750085313064,Stress,canyons
105,A,108,55,4,CA23,EC,1.2828667802415654,Stress,marshes
120,A,123,55,4,CA23,EC,0.6538089861591194,Stress,canyons
133,A,136,55,4,CA23,EC,-0.4232735104355229,Stress,marshes
139,A,142,55,4,CA23,EC,-1.3550012214874078e-05,Stress,canyons
148,A,151,55,4,CA23,EC,0.3834670954107325,Stress,marshes
152,A,155,55,4,CA23,EC,1.8641352969028375,Stress,parks
163,A,166,55,4,CA23,EC,0.0269436739895056,Stress,canyons
183,A,186,55,4,CA23,EC,1.072875251776953,Stress,parks
190,A,193,55,4,CA23,EC,2.920595432732691,Stress,parks
199,A,202,55,4,CA23,EC,0.031860851716371,Stress,parks
203,A,206,55,4,CA23,EC,1.16075675104257,Stress,marshes
222,A,225,55,4,CA23,EC,0.1179980917474352,Stress,parks
227,A,230,55,4,CA23,EC,-0.588944781546485,Stress,canyons
234,A,237,55,4,CA23,EC,0.4704014054833157,Stress,parks
5,A,8,56,2,CA23,EC,-0.6709625143492416,Control,forests
11,A,14,56,2,CA23,EC,1.6820361445855188,Control,marshes
26,A,29,56,2,CA23,EC,-1.0493706119805053,Control,bridges
34,A,37,56,2,CA23,EC,0.5084373172412179,Control,bridges
42,A,45,56,2,CA23,EC,-0.8488789922690774,Control,forests
55,A,58,56,2,CA23,EC,0.2161287721253632,Control,bridges
68,A,71,56,2,CA23,EC,-0.3200905259976814,Control,forests
75,A,78,56,2,CA23,EC,0.016164775778787,Control,marshes
90,A,93,56,2,CA23,EC,0.5497752408158896,Control,bridges
110,A,113,56,2,CA23,EC,0.4707954751139085,Control,bridges
121,A,124,56,2,CA23,EC,-0.1815171465833832,Control,marshes
135,A,138,56,2,CA23,EC,-0.5637324983011178,Control,marshes
139,A,142,56,2,CA23,EC,0.1090518418420348,Control,forests
148,A,151,56,2,CA23,EC,0.0777580675299985,Control,bridges
154,A,157,56,2,CA23,EC,0.2237579421010879,Control,marshes
172,A,175,56,2,CA23,EC,-0.3449954654136497,Control,forests
183,A,186,56,2,CA23,EC,-0.1334796282447441,Control,marshes
200,A,203,56,2,CA23,EC,0.2623512148682271,Control,forests
210,A,213,56,2,CA23,EC,-0.002032971583679,Control,bridges
226,A,229,56,2,CA23,EC,1.5455323538302048,Control,forests
236,A,239,56,2,CA23,EC,-0.2999623259904647,Control,marshes
11,A,14,56,3,CA23,EC,0.4325616571153733,Control,bridges
22,A,25,56,3,CA23,EC,0.2923747254878568,Control,forests
40,A,43,56,3,CA23,EC,-0.0578970643605903,Control,bridges
46,A,49,56,3,CA23,EC,-0.2988182292981616,Control,marshes
72,A,75,56,3,CA23,EC,0.0679341738722796,Control,marshes
81,A,84,56,3,CA23,EC,0.6491185217602911,Control,forests
86,A,89,56,3,CA23,EC,0.0966791527039869,Control,bridges
93,A,96,56,3,CA23,EC,-1.130056011656333,Control,marshes
115,A,118,56,3,CA23,EC,-0.8499378013735738,Control,forests
121,A,124,56,3,CA23,EC,0.0311234547310548,Control,bridges
135,A,138,56,3,CA23,EC,-1.1279543342266831,Control,bridges
140,A,143,56,3,CA23,EC,0.0477546207947981,Control,marshes
154,A,157,56,3,CA23,EC,-0.0491805423918811,Control,marshes
164,A,167,56,3,CA23,EC,-0.5179964864108337,Control,bridges
170,A,173,56,3,CA23,EC,-0.2551405710632237,Control,forests
176,A,179,56,3,CA23,EC,-0.381616784718308,Control,bridges
181,A,184,56,3,CA23,EC,-3.0306166086520627,Control,marshes
191,A,194,56,3,CA23,EC,0.4313683387617003,Control,marshes
199,A,202,56,3,CA23,EC,0.3771893753240957,Control,forests
218,A,221,56,3,CA23,EC,1.454002485633216,Control,forests
231,A,234,56,3,CA23,EC,-0.6878472233096631,Control,forests
13,A,16,56,4,CA23,EC,0.122158166868064,Control,marshes
23,A,26,56,4,CA23,EC,0.3199085273164654,Control,bridges
30,A,33,56,4,CA23,EC,-0.0676440400721118,Control,forests
46,A,49,56,4,CA23,EC,0.3504934833611654,Control,forests
54,A,57,56,4,CA23,EC,0.7508628736540455,Control,bridges
59,A,62,56,4,CA23,EC,0.6296458455316489,Control,forests
85,A,88,56,4,CA23,EC,-0.1087977234419178,Control,bridges
91,A,94,56,4,CA23,EC,-0.1520179953295721,Control,bridges
100,A,103,56,4,CA23,EC,2.6853781587121595,Control,marshes
105,A,108,56,4,CA23,EC,0.173972071351449,Control,forests
118,A,121,56,4,CA23,EC,-0.0306759572134661,Control,bridges
125,A,128,56,4,CA23,EC,0.1539098979425759,Control,marshes
133,A,136,56,4,CA23,EC,0.0407499173269168,Control,forests
144,A,147,56,4,CA23,EC,-0.5771209835259065,Control,marshes
155,A,158,56,4,CA23,EC,-0.084323565065656,Control,forests
172,A,175,56,4,CA23,EC,1.0539609324148118,Control,bridges
180,A,183,56,4,CA23,EC,-2.2732275285241204,Control,marshes
196,A,199,56,4,CA23,EC,-1.997028680792116,Control,forests
204,A,207,56,4,CA23,EC,-1.8658086784969776,Control,marshes
217,A,220,56,4,CA23,EC,1.971990200485292,Control,marshes
231,A,234,56,4,CA23,EC,-0.1200260041722544,Control,bridges
10,A,13,57,2,CA23,EC,0.131293525251957,Control,forests
22,A,25,57,2,CA23,EC,0.2262638798630325,Control,forests
29,A,32,57,2,CA23,EC,-0.1933076835692506,Control,parks
38,A,41,57,2,CA23,EC,0.2350591522212191,Control,forests
48,A,51,57,2,CA23,EC,-0.1171962030687154,Control,parks
75,A,78,57,2,CA23,EC,0.379497492526988,Control,parks
87,A,90,57,2,CA23,EC,-0.038210739452799,Control,parks
92,A,95,57,2,CA23,EC,0.4325343418112912,Control,canyons
98,A,101,57,2,CA23,EC,0.0112075981143954,Control,forests
117,A,120,57,2,CA23,EC,-1.0103216199216114,Control,parks
123,A,126,57,2,CA23,EC,3.9327460060451256,Control,canyons
131,A,134,57,2,CA23,EC,-0.0061509338233553,Control,forests
144,A,147,57,2,CA23,EC,1.6499023156036017,Control,canyons
159,A,162,57,2,CA23,EC,-1.98312445372826,Control,parks
164,A,167,57,2,CA23,EC,1.767447220855646,Control,canyons
173,A,176,57,2,CA23,EC,1.8357217383511013,Control,forests
193,A,196,57,2,CA23,EC,2.3713022636916024,Control,canyons
207,A,210,57,2,CA23,EC,0.0124881342477232,Control,parks
213,A,216,57,2,CA23,EC,0.0161427429775976,Control,canyons
222,A,225,57,2,CA23,EC,0.0005469663743594,Control,forests
235,A,238,57,2,CA23,EC,-0.6188944956070805,Control,canyons
5,A,8,57,3,CA23,EC,-0.5651798244656293,Control,canyons
12,A,15,57,3,CA23,EC,0.5822560396111263,Control,parks
26,A,29,57,3,CA23,EC,-0.6716908134459697,Control,canyons
31,A,34,57,3,CA23,EC,0.4918015115811028,Control,forests
38,A,41,57,3,CA23,EC,-0.2041015274638256,Control,forests
51,A,54,57,3,CA23,EC,0.0087301942269918,Control,parks
56,A,59,57,3,CA23,EC,3.371708147298587,Control,canyons
67,A,70,57,3,CA23,EC,-0.1678597826861919,Control,parks
73,A,76,57,3,CA23,EC,-0.753630520742612,Control,forests
84,A,87,57,3,CA23,EC,-0.32621056113464,Control,forests
108,A,111,57,3,CA23,EC,0.4364163854709627,Control,parks
118,A,121,57,3,CA23,EC,-0.3407478760814021,Control,forests
136,A,139,57,3,CA23,EC,-1.0374323462500443,Control,parks
147,A,150,57,3,CA23,EC,-0.3007176614160411,Control,canyons
154,A,157,57,3,CA23,EC,0.1731100515678605,Control,parks
168,A,171,57,3,CA23,EC,4.04317904961965,Control,forests
180,A,183,57,3,CA23,EC,-0.3726872552673375,Control,forests
186,A,189,57,3,CA23,EC,0.0917869242688409,Control,parks
203,A,206,57,3,CA23,EC,1.6135071366022735,Control,canyons
226,A,229,57,3,CA23,EC,0.0050249260735362,Control,canyons
235,A,238,57,3,CA23,EC,0.0844518233253969,Control,canyons
8,A,11,57,4,CA23,EC,-0.338370674005217,Control,forests
18,A,21,57,4,CA23,EC,0.2133027299246684,Control,forests
24,A,27,57,4,CA23,EC,0.0606205554931134,Control,parks
35,A,38,57,4,CA23,EC,0.7186907146350614,Control,forests
51,A,54,57,4,CA23,EC,0.0978486344901525,Control,parks
63,A,66,57,4,CA23,EC,-0.2209560206483245,Control,canyons
68,A,71,57,4,CA23,EC,0.119619056592578,Control,parks
82,A,85,57,4,CA23,EC,-0.0508690957400358,Control,canyons
91,A,94,57,4,CA23,EC,0.0001756116735752,Control,canyons
104,A,107,57,4,CA23,EC,-0.0370577636361784,Control,forests
109,A,112,57,4,CA23,EC,-0.6920799833870325,Control,canyons
129,A,132,57,4,CA23,EC,-0.3631746945285528,Control,parks
134,A,137,57,4,CA23,EC,-1.025155506017075,Control,canyons
144,A,147,57,4,CA23,EC,0.58992073959022,Control,parks
148,A,151,57,4,CA23,EC,-0.0130460340778139,Control,forests
169,A,172,57,4,CA23,EC,-1.4858013499661424,Control,canyons
176,A,179,57,4,CA23,EC,2.533553318408851,Control,parks
186,A,189,57,4,CA23,EC,-0.399813031839646,Control,forests
194,A,197,57,4,CA23,EC,2.036755806865944,Control,canyons
220,A,223,57,4,CA23,EC,-0.6256732130208303,Control,forests
228,A,231,57,4,CA23,EC,-0.0165157131528001,Control,parks
11,A,14,58,2,CA23,EC,0.0207086305728013,Stress,lighthouses
25,A,28,58,2,CA23,EC,0.0005775203190667,Stress,lighthouses
33,A,36,58,2,CA23,EC,2.1096811525682178,Stress,beaches
53,A,56,58,2,CA23,EC,0.3667124367147498,Stress,lighthouses
73,A,76,58,2,CA23,EC,0.501551524182704,Stress,forests
78,A,81,58,2,CA23,EC,2.2706797365026627,Stress,lighthouses
90,A,93,58,2,CA23,EC,0.0378783116167372,Stress,beaches
95,A,98,58,2,CA23,EC,-2.775689846714502,Stress,forests
119,A,122,58,2,CA23,EC,0.4087066594850909,Stress,lighthouses
129,A,132,58,2,CA23,EC,-1.1433315658911032,Stress,beaches
134,A,137,58,2,CA23,EC,1.5508187740936328,Stress,forests
139,A,142,58,2,CA23,EC,-0.0002188674404029,Stress,beaches
148,A,151,58,2,CA23,EC,-0.0342659277258018,Stress,forests
179,A,182,58,2,CA23,EC,-1.9616586227598176,Stress,forests
188,A,191,58,2,CA23,EC,-0.2888983415659072,Stress,beaches
195,A,198,58,2,CA23,EC,-0.3128136667764856,Stress,beaches
201,A,204,58,2,CA23,EC,1.08037364895285,Stress,forests
208,A,211,58,2,CA23,EC,-1.635559337670774,Stress,lighthouses
214,A,217,58,2,CA23,EC,2.7321579228299133,Stress,beaches
223,A,226,58,2,CA23,EC,0.5881187989192362,Stress,forests
229,A,232,58,2,CA23,EC,-0.0014618574511828,Stress,lighthouses
11,A,14,58,3,CA23,EC,-0.0013077320510813,Stress,forests
22,A,25,58,3,CA23,EC,-0.0374719493310598,Stress,lighthouses
31,A,34,58,3,CA23,EC,-0.3253684815455763,Stress,forests
38,A,41,58,3,CA23,EC,0.5915498451271725,Stress,lighthouses
49,A,52,58,3,CA23,EC,-0.3286583578669851,Stress,forests
59,A,62,58,3,CA23,EC,0.4845652836523019,Stress,beaches
66,A,69,58,3,CA23,EC,0.1553551519763445,Stress,forests
71,A,74,58,3,CA23,EC,-0.2706766661798482,Stress,lighthouses
77,A,80,58,3,CA23,EC,3.635294624663975,Stress,beaches
100,A,103,58,3,CA23,EC,-0.7197447102170179,Stress,lighthouses
108,A,111,58,3,CA23,EC,-1.4875040662180423,Stress,beaches
130,A,133,58,3,CA23,EC,0.366159960457891,Stress,lighthouses
141,A,144,58,3,CA23,EC,1.81866412635562,Stress,beaches
150,A,153,58,3,CA23,EC,-0.1954246392318666,Stress,beaches
158,A,161,58,3,CA23,EC,1.1330509436072278,Stress,forests
168,A,171,58,3,CA23,EC,-0.5851985191689822,Stress,lighthouses
188,A,191,58,3,CA23,EC,0.0303195949855951,Stress,forests
193,A,196,58,3,CA23,EC,0.2532765896980357,Stress,lighthouses
198,A,201,58,3,CA23,EC,0.9389342076466112,Stress,forests
218,A,221,58,3,CA23,EC,0.3240214442746524,Stress,beaches
235,A,238,58,3,CA23,EC,0.0574719123566452,Stress,beaches
13,A,16,58,4,CA23,EC,-1.8291622940190424,Stress,forests
19,A,22,58,4,CA23,EC,0.2496551884194732,Stress,beaches
30,A,33,58,4,CA23,EC,2.546726433384076,Stress,forests
45,A,48,58,4,CA23,EC,0.0222179292903601,Stress,lighthouses
49,A,52,58,4,CA23,EC,0.911707328902868,Stress,beaches
55,A,58,58,4,CA23,EC,3.618997826824956,Stress,lighthouses
67,A,70,58,4,CA23,EC,-0.0009160262598113,Stress,lighthouses
71,A,74,58,4,CA23,EC,0.4106021858854303,Stress,forests
82,A,85,58,4,CA23,EC,1.5925695031084577,Stress,lighthouses
89,A,92,58,4,CA23,EC,-0.8721275704724879,Stress,forests
103,A,106,58,4,CA23,EC,0.044358221068266,Stress,lighthouses
114,A,117,58,4,CA23,EC,0.0404281211055932,Stress,beaches
121,A,124,58,4,CA23,EC,-0.2570808823265144,Stress,lighthouses
140,A,143,58,4,CA23,EC,-2.5391739302343104,Stress,beaches
152,A,155,58,4,CA23,EC,0.1206036517595983,Stress,beaches
159,A,162,58,4,CA23,EC,-1.4354574694892164,Stress,forests
176,A,179,58,4,CA23,EC,-0.6671516263403312,Stress,beaches
182,A,185,58,4,CA23,EC,-0.133072643915573,Stress,forests
194,A,197,58,4,CA23,EC,2.5585959294991065,Stress,beaches
221,A,224,58,4,CA23,EC,0.0733717959392373,Stress,forests
229,A,232,58,4,CA23,EC,-0.0923603962274689,Stress,lighthouses
8,A,11,59,2,CA23,EC,0.9401577510763212,Stress,lighthouses
19,A,22,59,2,CA23,EC,1.261757766461159,Stress,mountains
28,A,31,59,2,CA23,EC,-0.1506553161324114,Stress,mountains
40,A,43,59,2,CA23,EC,-0.1093754188962329,Stress,mountains
48,A,51,59,2,CA23,EC,-2.1429306483380843,Stress,lighthouses
56,A,59,59,2,CA23,EC,1.639304149668552,Stress,beaches
92,A,95,59,2,CA23,EC,-3.3443542313156254,Stress,beaches
98,A,101,59,2,CA23,EC,-0.0080342636436715,Stress,lighthouses
106,A,109,59,2,CA23,EC,1.3817812993593053,Stress,lighthouses
118,A,121,59,2,CA23,EC,-0.4990320044988839,Stress,mountains
124,A,127,59,2,CA23,EC,0.0991358502861908,Stress,beaches
130,A,133,59,2,CA23,EC,-0.5216945643487687,Stress,mountains
141,A,144,59,2,CA23,EC,0.3660955145104083,Stress,beaches
152,A,155,59,2,CA23,EC,0.2009281093969198,Stress,lighthouses
162,A,165,59,2,CA23,EC,-0.1869951662254296,Stress,beaches
175,A,178,59,2,CA23,EC,0.0767031588028748,Stress,mountains
187,A,190,59,2,CA23,EC,-1.8395136529842764,Stress,beaches
205,A,208,59,2,CA23,EC,-0.8601189981238935,Stress,mountains
212,A,215,59,2,CA23,EC,-0.0005722366153804,Stress,lighthouses
217,A,220,59,2,CA23,EC,0.0107975586622092,Stress,beaches
230,A,233,59,2,CA23,EC,-0.3669337059911257,Stress,lighthouses
11,A,14,59,3,CA23,EC,0.0879384250999748,Stress,lighthouses
19,A,22,59,3,CA23,EC,2.0003232200544736,Stress,beaches
27,A,30,59,3,CA23,EC,0.0080648449923925,Stress,lighthouses
48,A,51,59,3,CA23,EC,-1.6544985436646308e-05,Stress,mountains
62,A,65,59,3,CA23,EC,0.7426414795998364,Stress,lighthouses
68,A,71,59,3,CA23,EC,-1.071143314606271,Stress,mountains
83,A,86,59,3,CA23,EC,-0.0864443040389646,Stress,lighthouses
93,A,96,59,3,CA23,EC,-1.0785347004189716,Stress,mountains
115,A,118,59,3,CA23,EC,0.5867266435902015,Stress,beaches
120,A,123,59,3,CA23,EC,-0.0722250844878585,Stress,mountains
133,A,136,59,3,CA23,EC,-0.8119362881481148,Stress,beaches
143,A,146,59,3,CA23,EC,-0.7663070002262578,Stress,mountains
154,A,157,59,3,CA23,EC,-1.4524796981745614,Stress,lighthouses
163,A,166,59,3,CA23,EC,-2.564012229312519,Stress,beaches
186,A,189,59,3,CA23,EC,-0.6789807861604515,Stress,beaches
197,A,200,59,3,CA23,EC,-0.6347885419004456,Stress,mountains
202,A,205,59,3,CA23,EC,-0.1039860159907063,Stress,lighthouses
210,A,213,59,3,CA23,EC,-1.0934064735416995,Stress,mountains
222,A,225,59,3,CA23,EC,-0.1338590855399572,Stress,beaches
227,A,230,59,3,CA23,EC,-0.0231426452323249,Stress,lighthouses
237,A,240,59,3,CA23,EC,0.3574514562794786,Stress,beaches
7,A,10,59,4,CA23,EC,-0.4396319816744983,Stress,lighthouses
13,A,16,59,4,CA23,EC,-0.5728542813481944,Stress,mountains
22,A,25,59,4,CA23,EC,-0.4729062825474395,Stress,mountains
30,A,33,59,4,CA23,EC,-2.328510084771611,Stress,lighthouses
40,A,43,59,4,CA23,EC,5.198799445273616,Stress,beaches
48,A,51,59,4,CA23,EC,0.1428726889476513,Stress,mountains
53,A,56,59,4,CA23,EC,0.2170829664021961,Stress,beaches
59,A,62,59,4,CA23,EC,-1.4711361289879488,Stress,lighthouses
72,A,75,59,4,CA23,EC,-0.0383026973549598,Stress,beaches
93,A,96,59,4,CA23,EC,0.0099695561616875,Stress,mountains
105,A,108,59,4,CA23,EC,0.5537293591861028,Stress,beaches
112,A,115,59,4,CA23,EC,-0.0522570754601654,Stress,lighthouses
128,A,131,59,4,CA23,EC,-0.7976589761510368,Stress,beaches
145,A,148,59,4,CA23,EC,0.7954323992657073,Stress,beaches
156,A,159,59,4,CA23,EC,0.9909013712694904,Stress,lighthouses
161,A,164,59,4,CA23,EC,0.1586650638470596,Stress,mountains
165,A,168,59,4,CA23,EC,-0.026422316627519,Stress,beaches
172,A,175,59,4,CA23,EC,-0.1982232964757168,Stress,lighthouses
192,A,195,59,4,CA23,EC,-0.0814354943502133,Stress,mountains
212,A,215,59,4,CA23,EC,-3.254329349662106,Stress,lighthouses
227,A,230,59,4,CA23,EC,0.0968186415654703,Stress,mountains
12,A,15,60,2,CA23,EC,0.8446744015682929,Stress,deserts
29,A,32,60,2,CA23,EC,-0.0562339962601327,Stress,mountains
33,A,36,60,2,CA23,EC,4.018307368740888,Stress,bridges
41,A,44,60,2,CA23,EC,0.0547024115446236,Stress,mountains
58,A,61,60,2,CA23,EC,0.2695409610893233,Stress,mountains
75,A,78,60,2,CA23,EC,0.1107126956485528,Stress,deserts
83,A,86,60,2,CA23,EC,1.0521582441330586,Stress,mountains
93,A,96,60,2,CA23,EC,0.4446145298719633,Stress,bridges
108,A,111,60,2,CA23,EC,-0.0352776887000077,Stress,deserts
115,A,118,60,2,CA23,EC,1.0750900348449968,Stress,bridges
125,A,128,60,2,CA23,EC,0.6828834396963378,Stress,deserts
136,A,139,60,2,CA23,EC,-0.0039335784464816,Stress,mountains
144,A,147,60,2,CA23,EC,0.2739110129502149,Stress,deserts
157,A,160,60,2,CA23,EC,-0.8482040908143677,Stress,bridges
162,A,165,60,2,CA23,EC,1.2854728113293323,Stress,mountains
170,A,173,60,2,CA23,EC,0.2893796334530145,Stress,bridges
175,A,178,60,2,CA23,EC,0.1604440108798301,Stress,deserts
185,A,188,60,2,CA23,EC,0.5790605570591785,Stress,deserts
200,A,203,60,2,CA23,EC,0.0076820420377646,Stress,bridges
220,A,223,60,2,CA23,EC,1.214268992765112,Stress,mountains
233,A,236,60,2,CA23,EC,0.1186151781363326,Stress,bridges
7,A,10,60,3,CA23,EC,1.462977107234913,Stress,deserts
16,A,19,60,3,CA23,EC,-0.7596035087327717,Stress,mountains
28,A,31,60,3,CA23,EC,1.1059755538939389,Stress,bridges
53,A,56,60,3,CA23,EC,-0.1618097148408912,Stress,mountains
64,A,67,60,3,CA23,EC,0.2767689660746183,Stress,mountains
88,A,91,60,3,CA23,EC,-0.6258706078063865,Stress,bridges
99,A,102,60,3,CA23,EC,0.3243183195347759,Stress,bridges
105,A,108,60,3,CA23,EC,-0.9021314701311484,Stress,mountains
111,A,114,60,3,CA23,EC,0.4193243795436707,Stress,bridges
137,A,140,60,3,CA23,EC,0.4423466303285714,Stress,deserts
155,A,158,60,3,CA23,EC,0.6785228787320433,Stress,bridges
161,A,164,60,3,CA23,EC,-0.3876370377602356,Stress,deserts
165,A,168,60,3,CA23,EC,2.13426591153898,Stress,mountains
178,A,181,60,3,CA23,EC,0.2846416258433237,Stress,bridges
184,A,187,60,3,CA23,EC,0.7290538365733871,Stress,deserts
191,A,194,60,3,CA23,EC,0.7863336149686714,Stress,mountains
198,A,201,60,3,CA23,EC,-0.2232650645389584,Stress,deserts
209,A,212,60,3,CA23,EC,-0.433130596692962,Stress,mountains
217,A,220,60,3,CA23,EC,2.041421827913846,Stress,bridges
221,A,224,60,3,CA23,EC,-0.297966527243364,Stress,deserts
229,A,232,60,3,CA23,EC,1.2960521496757458,Stress,deserts
5,A,8,60,4,CA23,EC,-0.7465087284641481,Stress,bridges
14,A,17,60,4,CA23,EC,-0.5573120527738024,Stress,mountains
22,A,25,60,4,CA23,EC,0.956805554889876,Stress,deserts
33,A,36,60,4,CA23,EC,-0.374220404546232,Stress,mountains
41,A,44,60,4,CA23,EC,0.0325743631608849,Stress,bridges
49,A,52,60,4,CA23,EC,-1.9435762175739448,Stress,deserts
57,A,60,60,4,CA23,EC,-0.2845513996940025,Stress,bridges
66,A,69,60,4,CA23,EC,1.3013596360848585,Stress,deserts
79,A,82,60,4,CA23,EC,0.2053936395997698,Stress,deserts
94,A,97,60,4,CA23,EC,-2.149375426306817,Stress,mountains
103,A,106,60,4,CA23,EC,0.0159613623293601,Stress,bridges
127,A,130,60,4,CA23,EC,0.3621273529623296,Stress,mountains
138,A,141,60,4,CA23,EC,0.0368537135718002,Stress,mountains
146,A,149,60,4,CA23,EC,0.1982104506999756,Stress,mountains
157,A,160,60,4,CA23,EC,1.234219934116273,Stress,bridges
162,A,165,60,4,CA23,EC,2.4176659957892928,Stress,deserts
176,A,179,60,4,CA23,EC,-0.2407617612321575,Stress,bridges
197,A,200,60,4,CA23,EC,0.1447903754069893,Stress,mountains
217,A,220,60,4,CA23,EC,-0.0740123833423628,Stress,deserts
223,A,226,60,4,CA23,EC,0.0103225924131235,Stress,bridges
230,A,233,60,4,CA23,EC,0.154355528365903,Stress,deserts
5,A,8,61,2,CA23,EC,-0.3942921423289641,Stress,canyons
10,A,13,61,2,CA23,EC,0.2616161015181659,Stress,lighthouses
15,A,18,61,2,CA23,EC,-3.053452943717701,Stress,parks
23,A,26,61,2,CA23,EC,-4.149396712694121,Stress,canyons
36,A,39,61,2,CA23,EC,-0.0989047359151148,Stress,parks
50,A,53,61,2,CA23,EC,1.090246356908646,Stress,lighthouses
63,A,66,61,2,CA23,EC,0.3962399148635314,Stress,lighthouses
73,A,76,61,2,CA23,EC,0.5148912923533414,Stress,parks
81,A,84,61,2,CA23,EC,1.4565808918523644,Stress,parks
91,A,94,61,2,CA23,EC,0.0581640682638546,Stress,canyons
118,A,121,61,2,CA23,EC,1.5017903472198408,Stress,canyons
132,A,135,61,2,CA23,EC,-0.2189519125428571,Stress,parks
138,A,141,61,2,CA23,EC,0.0649683654694332,Stress,lighthouses
149,A,152,61,2,CA23,EC,-1.7267947566454478,Stress,parks
157,A,160,61,2,CA23,EC,-0.006611158969053,Stress,lighthouses
171,A,174,61,2,CA23,EC,-0.7937911357681772,Stress,canyons
179,A,182,61,2,CA23,EC,1.5791534679326502,Stress,lighthouses
189,A,192,61,2,CA23,EC,-0.7786218339727248,Stress,parks
205,A,208,61,2,CA23,EC,0.0009495965384285,Stress,lighthouses
217,A,220,61,2,CA23,EC,4.126007464774204,Stress,canyons
226,A,229,61,2,CA23,EC,-0.2919543161961817,Stress,canyons
10,A,13,61,3,CA23,EC,-0.0017474587878895,Stress,canyons
16,A,19,61,3,CA23,EC,4.631308576107095,Stress,lighthouses
22,A,25,61,3,CA23,EC,-0.4532240058994957,Stress,canyons
43,A,46,61,3,CA23,EC,0.3222433667081233,Stress,canyons
48,A,51,61,3,CA23,EC,0.0210034552408102,Stress,parks
56,A,59,61,3,CA23,EC,-0.5931245803996219,Stress,lighthouses
66,A,69,61,3,CA23,EC,-0.0872207409340876,Stress,parks
77,A,80,61,3,CA23,EC,-0.0197299833708961,Stress,parks
81,A,84,61,3,CA23,EC,0.32971917113128,Stress,lighthouses
100,A,103,61,3,CA23,EC,-0.0205181962295739,Stress,parks
113,A,116,61,3,CA23,EC,0.0029901070433328,Stress,lighthouses
130,A,133,61,3,CA23,EC,-0.2486065111606176,Stress,lighthouses
138,A,141,61,3,CA23,EC,-0.1633659895863667,Stress,canyons
171,A,174,61,3,CA23,EC,1.7270857258952914,Stress,parks
178,A,181,61,3,CA23,EC,0.2602732244812062,Stress,parks
187,A,190,61,3,CA23,EC,0.1044210084358226,Stress,canyons
193,A,196,61,3,CA23,EC,0.0030281009176548,Stress,parks
200,A,203,61,3,CA23,EC,1.491304432598711,Stress,lighthouses
214,A,217,61,3,CA23,EC,0.7086973008600966,Stress,canyons
219,A,222,61,3,CA23,EC,-0.106389876594934,Stress,lighthouses
233,A,236,61,3,CA23,EC,0.0126118024872524,Stress,canyons
5,A,8,61,4,CA23,EC,0.5623963061638516,Stress,canyons
15,A,18,61,4,CA23,EC,0.6742003987806016,Stress,parks
24,A,27,61,4,CA23,EC,-0.6824067967510912,Stress,lighthouses
46,A,49,61,4,CA23,EC,0.3419883794443599,Stress,lighthouses
52,A,55,61,4,CA23,EC,0.5544062664574728,Stress,parks
67,A,70,61,4,CA23,EC,2.76439071518844,Stress,canyons
75,A,78,61,4,CA23,EC,-0.4983262726692968,Stress,parks
83,A,86,61,4,CA23,EC,-0.669654522167179,Stress,parks
93,A,96,61,4,CA23,EC,-1.6062969125512854,Stress,parks
103,A,106,61,4,CA23,EC,0.4856263407528582,Stress,canyons
107,A,110,61,4,CA23,EC,0.4182537492184169,Stress,lighthouses
122,A,125,61,4,CA23,EC,-0.4407858138340373,Stress,lighthouses
144,A,147,61,4,CA23,EC,0.0374637549792531,Stress,canyons
154,A,157,61,4,CA23,EC,-0.6068128588319013,Stress,lighthouses
164,A,167,61,4,CA23,EC,0.0630886934555177,Stress,canyons
177,A,180,61,4,CA23,EC,-0.1254988117477837,Stress,canyons
186,A,189,61,4,CA23,EC,1.5637879910290524,Stress,lighthouses
199,A,202,61,4,CA23,EC,1.3337174999848247,Stress,lighthouses
219,A,222,61,4,CA23,EC,-0.7230886247924695,Stress,canyons
224,A,227,61,4,CA23,EC,-0.0104226722160425,Stress,parks
232,A,235,61,4,CA23,EC,0.0576361701952983,Stress,parks
23,A,26,62,2,CA23,EC,0.2042986364024894,Control,lighthouses
29,A,32,62,2,CA23,EC,-0.0079794704246164,Control,fields
49,A,52,62,2,CA23,EC,0.6747514885703085,Control,fields
60,A,63,62,2,CA23,EC,-3.6625978561226864e-05,Control,mountains
65,A,68,62,2,CA23,EC,0.185511526584608,Control,lighthouses
74,A,77,62,2,CA23,EC,2.9891693707414286,Control,lighthouses
88,A,91,62,2,CA23,EC,-0.0006210895268837,Control,mountains
93,A,96,62,2,CA23,EC,-0.1119575807680696,Control,lighthouses
100,A,103,62,2,CA23,EC,0.2926415294216482,Control,fields
108,A,111,62,2,CA23,EC,0.3782088090982323,Control,lighthouses
126,A,129,62,2,CA23,EC,0.0010820107433006,Control,fields
140,A,143,62,2,CA23,EC,-0.0005846275128101,Control,mountains
148,A,151,62,2,CA23,EC,0.0752616189848788,Control,fields
152,A,155,62,2,CA23,EC,-0.0422170186913394,Control,mountains
169,A,172,62,2,CA23,EC,-1.06256452843194,Control,lighthouses
178,A,181,62,2,CA23,EC,0.0870870696355762,Control,fields
184,A,187,62,2,CA23,EC,-0.3039546677195499,Control,mountains
203,A,206,62,2,CA23,EC,0.0338732482896684,Control,mountains
209,A,212,62,2,CA23,EC,0.1042996289314455,Control,fields
215,A,218,62,2,CA23,EC,-0.6773940482094114,Control,lighthouses
230,A,233,62,2,CA23,EC,0.2587339429374813,Control,mountains
5,A,8,62,3,CA23,EC,5.154688243887109,Control,mountains
10,A,13,62,3,CA23,EC,1.4003357435917272,Control,lighthouses
24,A,27,62,3,CA23,EC,-0.2057884779717875,Control,lighthouses
47,A,50,62,3,CA23,EC,0.2847503357081126,Control,lighthouses
53,A,56,62,3,CA23,EC,0.3745154453287224,Control,mountains
60,A,63,62,3,CA23,EC,-0.8860321902751677,Control,lighthouses
72,A,75,62,3,CA23,EC,-0.2008291407035277,Control,fields
102,A,105,62,3,CA23,EC,0.0006758081202637,Control,lighthouses
112,A,115,62,3,CA23,EC,0.02788549507994,Control,mountains
122,A,125,62,3,CA23,EC,0.0043637236246329,Control,lighthouses
126,A,129,62,3,CA23,EC,0.2618907791633594,Control,mountains
132,A,135,62,3,CA23,EC,0.0079830436510534,Control,mountains
140,A,143,62,3,CA23,EC,0.383539661459588,Control,fields
147,A,150,62,3,CA23,EC,0.0637278213108695,Control,mountains
157,A,160,62,3,CA23,EC,-1.2681955148302675,Control,fields
171,A,174,62,3,CA23,EC,-4.776215145750883,Control,lighthouses
180,A,183,62,3,CA23,EC,-0.3861553969395885,Control,mountains
193,A,196,62,3,CA23,EC,-0.0976574266569944,Control,fields
200,A,203,62,3,CA23,EC,-1.6404144615266176,Control,fields
215,A,218,62,3,CA23,EC,-0.1485016218776371,Control,fields
236,A,239,62,3,CA23,EC,0.0101264832597373,Control,fields
5,A,8,62,4,CA23,EC,1.2265887912151603,Control,mountains
12,A,15,62,4,CA23,EC,-0.5187388580348185,Control,fields
27,A,30,62,4,CA23,EC,0.3299757905916,Control,lighthouses
46,A,49,62,4,CA23,EC,0.1809045942973112,Control,fields
59,A,62,62,4,CA23,EC,0.1115764739650948,Control,fields
76,A,79,62,4,CA23,EC,1.255741343847586,Control,mountains
81,A,84,62,4,CA23,EC,0.5800436864506832,Control,lighthouses
97,A,100,62,4,CA23,EC,0.0231853945108538,Control,lighthouses
112,A,115,62,4,CA23,EC,0.1910999590725255,Control,fields
129,A,132,62,4,CA23,EC,-0.094619208828771,Control,mountains
139,A,142,62,4,CA23,EC,-0.2782183370755837,Control,fields
145,A,148,62,4,CA23,EC,0.4875917926750933,Control,lighthouses
154,A,157,62,4,CA23,EC,0.1610576032711876,Control,lighthouses
163,A,166,62,4,CA23,EC,-0.6137822052999481,Control,lighthouses
187,A,190,62,4,CA23,EC,0.0047752662122622,Control,fields
192,A,195,62,4,CA23,EC,-0.129840325154465,Control,mountains
200,A,203,62,4,CA23,EC,-0.1827154330410841,Control,mountains
209,A,212,62,4,CA23,EC,1.5072965322115783,Control,fields
222,A,225,62,4,CA23,EC,0.5287030187977907,Control,mountains
229,A,232,62,4,CA23,EC,3.7614527651814593,Control,mountains
235,A,238,62,4,CA23,EC,1.9817667802698136,Control,lighthouses
5,A,8,63,2,CA23,EC,2.9207007922618837,Stress,bridges
17,A,20,63,2,CA23,EC,-0.6703028888077004,Stress,parks
22,A,25,63,2,CA23,EC,-0.1672645888586131,Stress,forests
31,A,34,63,2,CA23,EC,0.4528472427579476,Stress,parks
45,A,48,63,2,CA23,EC,0.0293090424791376,Stress,forests
60,A,63,63,2,CA23,EC,2.3380406043909296,Stress,bridges
65,A,68,63,2,CA23,EC,0.6608123313110268,Stress,forests
74,A,77,63,2,CA23,EC,0.009351339733729,Stress,bridges
86,A,89,63,2,CA23,EC,0.3267108280625024,Stress,forests
103,A,106,63,2,CA23,EC,-0.1177669941219021,Stress,bridges
112,A,115,63,2,CA23,EC,1.0885573269169426,Stress,forests
124,A,127,63,2,CA23,EC,-2.1736089618593177,Stress,parks
136,A,139,63,2,CA23,EC,1.2954467140401618,Stress,bridges
144,A,147,63,2,CA23,EC,0.3782329321421477,Stress,parks
149,A,152,63,2,CA23,EC,-0.8080465704405787,Stress,bridges
155,A,158,63,2,CA23,EC,1.5516439902292214,Stress,parks
182,A,185,63,2,CA23,EC,1.195723706890637,Stress,parks
202,A,205,63,2,CA23,EC,0.1731888077770797,Stress,bridges
209,A,212,63,2,CA23,EC,0.7610312639656547,Stress,parks
222,A,225,63,2,CA23,EC,0.6629945757866946,Stress,forests
233,A,236,63,2,CA23,EC,-0.3006724453450488,Stress,forests
14,A,17,63,3,CA23,EC,-0.7607768476654747,Stress,bridges
27,A,30,63,3,CA23,EC,-1.0458628190677446,Stress,parks
36,A,39,63,3,CA23,EC,-0.0353771690197878,Stress,bridges
63,A,66,63,3,CA23,EC,-0.7974215649623931,Stress,parks
73,A,76,63,3,CA23,EC,0.7867127626643177,Stress,bridges
78,A,81,63,3,CA23,EC,-1.7920304766832609,Stress,forests
85,A,88,63,3,CA23,EC,0.1344474461575116,Stress,bridges
92,A,95,63,3,CA23,EC,-0.0130787289213609,Stress,forests
96,A,99,63,3,CA23,EC,2.308503206800749,Stress,bridges
100,A,103,63,3,CA23,EC,0.7599988099902123,Stress,forests
116,A,119,63,3,CA23,EC,0.0092841246123081,Stress,forests
123,A,126,63,3,CA23,EC,0.5381137255269249,Stress,parks
143,A,146,63,3,CA23,EC,-0.8355134370659808,Stress,parks
154,A,157,63,3,CA23,EC,-0.0363985863528318,Stress,forests
163,A,166,63,3,CA23,EC,0.0063951055089476,Stress,parks
170,A,173,63,3,CA23,EC,1.257370864678347,Stress,bridges
188,A,191,63,3,CA23,EC,0.0008355555611593,Stress,bridges
202,A,205,63,3,CA23,EC,0.4914403964749617,Stress,parks
207,A,210,63,3,CA23,EC,-0.2544358581970514,Stress,forests
219,A,222,63,3,CA23,EC,0.5000710721764758,Stress,forests
232,A,235,63,3,CA23,EC,-1.1617493457964063,Stress,parks
13,A,16,63,4,CA23,EC,-0.0973206136929089,Stress,forests
19,A,22,63,4,CA23,EC,-1.2396216480980862,Stress,parks
28,A,31,63,4,CA23,EC,-1.0526997726631993,Stress,parks
35,A,38,63,4,CA23,EC,-0.203375110673104,Stress,parks
51,A,54,63,4,CA23,EC,0.1211611989646589,Stress,bridges
58,A,61,63,4,CA23,EC,3.075074611529994,Stress,forests
72,A,75,63,4,CA23,EC,-0.3769444630645878,Stress,bridges
89,A,92,63,4,CA23,EC,1.2271960530636736,Stress,bridges
101,A,104,63,4,CA23,EC,-0.0398197734821937,Stress,parks
107,A,110,63,4,CA23,EC,-0.1970158201778866,Stress,forests
121,A,124,63,4,CA23,EC,0.0419202847758018,Stress,bridges
127,A,130,63,4,CA23,EC,7.492769201869462e-05,Stress,parks
135,A,138,63,4,CA23,EC,-0.674936395715923,Stress,parks
141,A,144,63,4,CA23,EC,-0.0378902155329039,Stress,forests
150,A,153,63,4,CA23,EC,-0.4374946119098663,Stress,bridges
161,A,164,63,4,CA23,EC,-0.067940435156888,Stress,forests
176,A,179,63,4,CA23,EC,-0.188022552017711,Stress,forests
195,A,198,63,4,CA23,EC,-0.7155761127063393,Stress,bridges
209,A,212,63,4,CA23,EC,-0.0043580122879332,Stress,forests
221,A,224,63,4,CA23,EC,-0.7288260576641913,Stress,parks
232,A,235,63,4,CA23,EC,0.2774061691672622,Stress,bridges
12,A,15,64,2,CA23,EC,1.284960342073338,Control,fields
25,A,28,64,2,CA23,EC,-0.1688721367439341,Control,fields
50,A,53,64,2,CA23,EC,-0.9584737733531749,Control,parks
58,A,61,64,2,CA23,EC,1.5569914924272394,Control,fields
69,A,72,64,2,CA23,EC,2.576318354656465,Control,mountains
91,A,94,64,2,CA23,EC,1.0255300716389355,Control,parks
103,A,106,64,2,CA23,EC,0.2908048665009568,Control,mountains
112,A,115,64,2,CA23,EC,-0.1275931426383351,Control,fields
119,A,122,64,2,CA23,EC,0.4111256794273623,Control,parks
133,A,136,64,2,CA23,EC,-0.0240411191721563,Control,mountains
140,A,143,64,2,CA23,EC,-0.0810687389265103,Control,fields
163,A,166,64,2,CA23,EC,-0.1159504264825085,Control,mountains
174,A,177,64,2,CA23,EC,-0.3154842777890388,Control,parks
186,A,189,64,2,CA23,EC,-0.1766279183829475,Control,parks
192,A,195,64,2,CA23,EC,0.0061863341895976,Control,fields
200,A,203,64,2,CA23,EC,-0.498995043520723,Control,parks
205,A,208,64,2,CA23,EC,-0.362373633075262,Control,mountains
212,A,215,64,2,CA23,EC,-0.7707464638377108,Control,fields
222,A,225,64,2,CA23,EC,-0.5798619153477855,Control,mountains
229,A,232,64,2,CA23,EC,3.694539656669064,Control,mountains
233,A,236,64,2,CA23,EC,-1.956046412536157,Control,parks
20,A,23,64,3,CA23,EC,-0.0075091681293079,Control,mountains
28,A,31,64,3,CA23,EC,0.8312113402670555,Control,parks
40,A,43,64,3,CA23,EC,1.95001082430093,Control,parks
45,A,48,64,3,CA23,EC,1.2974389563419506,Control,fields
51,A,54,64,3,CA23,EC,0.3084140121590719,Control,fields
68,A,71,64,3,CA23,EC,1.263622613246349,Control,mountains
80,A,83,64,3,CA23,EC,-0.581604311578073,Control,mountains
92,A,95,64,3,CA23,EC,0.5072471168775005,Control,parks
118,A,121,64,3,CA23,EC,2.7432420637077284,Control,parks
127,A,130,64,3,CA23,EC,0.0092847860909576,Control,fields
137,A,140,64,3,CA23,EC,-0.7935154308800351,Control,mountains
146,A,149,64,3,CA23,EC,0.1702437769728196,Control,mountains
151,A,154,64,3,CA23,EC,1.7563177586787424,Control,fields
158,A,161,64,3,CA23,EC,0.5674149895873983,Control,mountains
165,A,168,64,3,CA23,EC,0.5815534804283311,Control,fields
173,A,176,64,3,CA23,EC,1.5134294712843612,Control,parks
187,A,190,64,3,CA23,EC,0.867797860237514,Control,fields
199,A,202,64,3,CA23,EC,1.7269463111576266,Control,fields
206,A,209,64,3,CA23,EC,0.3376934104830172,Control,parks
219,A,222,64,3,CA23,EC,0.732387267467418,Control,mountains
235,A,238,64,3,CA23,EC,-0.3439508094655142,Control,parks
7,A,10,64,4,CA23,EC,1.0693422425129466,Control,mountains
26,A,29,64,4,CA23,EC,0.2064402492010422,Control,fields
32,A,35,64,4,CA23,EC,-0.1069841689412249,Control,parks
46,A,49,64,4,CA23,EC,0.1760855144199607,Control,fields
53,A,56,64,4,CA23,EC,-0.4352479974322158,Control,mountains
67,A,70,64,4,CA23,EC,0.0401961473281048,Control,parks
74,A,77,64,4,CA23,EC,0.6385087094712826,Control,fields
88,A,91,64,4,CA23,EC,1.8706038450593616,Control,fields
96,A,99,64,4,CA23,EC,-1.11877920674534,Control,parks
102,A,105,64,4,CA23,EC,-1.083490684235151,Control,mountains
119,A,122,64,4,CA23,EC,-0.8419213261841741,Control,mountains
131,A,134,64,4,CA23,EC,0.5409212848589608,Control,mountains
139,A,142,64,4,CA23,EC,0.1722605785018597,Control,fields
154,A,157,64,4,CA23,EC,1.0901640036708502,Control,fields
160,A,163,64,4,CA23,EC,-0.1188446841463928,Control,parks
183,A,186,64,4,CA23,EC,-1.224581058661825,Control,parks
196,A,199,64,4,CA23,EC,0.110708555126896,Control,mountains
202,A,205,64,4,CA23,EC,-0.1080257817294221,Control,parks
211,A,214,64,4,CA23,EC,-0.7924378380583759,Control,mountains
221,A,224,64,4,CA23,EC,1.4138907681655586,Control,parks
230,A,233,64,4,CA23,EC,1.1058125628716016,Control,fields
5,A,8,65,2,CA23,EC,2.044713775010329,Stress,canyons
12,A,15,65,2,CA23,EC,-0.8271429927226059,Stress,bridges
17,A,20,65,2,CA23,EC,-1.1113874722246213,Stress,deserts
30,A,33,65,2,CA23,EC,-0.0012695206668299,Stress,canyons
35,A,38,65,2,CA23,EC,-0.1413874129657715,Stress,deserts
43,A,46,65,2,CA23,EC,-0.2215507246559674,Stress,bridges
61,A,64,65,2,CA23,EC,0.460633333937285,Stress,bridges
80,A,83,65,2,CA23,EC,-0.2204982051733626,Stress,bridges
89,A,92,65,2,CA23,EC,0.0559576227907197,Stress,canyons
100,A,103,65,2,CA23,EC,0.7633679891524756,Stress,bridges
110,A,113,65,2,CA23,EC,0.7078603163352238,Stress,canyons
120,A,123,65,2,CA23,EC,-0.7064951777343078,Stress,deserts
134,A,137,65,2,CA23,EC,-0.031366146874245,Stress,bridges
144,A,147,65,2,CA23,EC,0.6025939143679475,Stress,deserts
149,A,152,65,2,CA23,EC,0.0867887726565136,Stress,bridges
169,A,172,65,2,CA23,EC,0.6751293745001727,Stress,canyons
179,A,182,65,2,CA23,EC,0.0008231948202251,Stress,deserts
191,A,194,65,2,CA23,EC,-0.3634940279289809,Stress,deserts
211,A,214,65,2,CA23,EC,0.6614849195393518,Stress,canyons
225,A,228,65,2,CA23,EC,0.0193311400251937,Stress,deserts
230,A,233,65,2,CA23,EC,0.1275738673167376,Stress,canyons
10,A,13,65,3,CA23,EC,0.4348687278871634,Stress,bridges
20,A,23,65,3,CA23,EC,0.0148516435950669,Stress,bridges
30,A,33,65,3,CA23,EC,0.2888709576930801,Stress,canyons
36,A,39,65,3,CA23,EC,0.7503718174738662,Stress,deserts
41,A,44,65,3,CA23,EC,-5.058345523478797,Stress,canyons
49,A,52,65,3,CA23,EC,0.4143467397540734,Stress,deserts
54,A,57,65,3,CA23,EC,-0.0403051640330231,Stress,canyons
62,A,65,65,3,CA23,EC,-0.1194627525950319,Stress,canyons
67,A,70,65,3,CA23,EC,1.1559600065839746,Stress,deserts
73,A,76,65,3,CA23,EC,-1.7988147793087803,Stress,bridges
81,A,84,65,3,CA23,EC,-0.1583484526935454,Stress,deserts
105,A,108,65,3,CA23,EC,-0.2197418467769916,Stress,canyons
118,A,121,65,3,CA23,EC,-0.3131283257194319,Stress,canyons
131,A,134,65,3,CA23,EC,0.0045009264960335,Stress,canyons
139,A,142,65,3,CA23,EC,4.76833219038417,Stress,deserts
147,A,150,65,3,CA23,EC,-0.1138942870133448,Stress,bridges
162,A,165,65,3,CA23,EC,-0.0115565045155374,Stress,bridges
171,A,174,65,3,CA23,EC,-0.8323889962720559,Stress,bridges
181,A,184,65,3,CA23,EC,-0.6932341685612574,Stress,deserts
216,A,219,65,3,CA23,EC,-0.4555514555179519,Stress,bridges
225,A,228,65,3,CA23,EC,-0.1960591543859641,Stress,deserts
14,A,17,65,4,CA23,EC,-0.010816649532095,Stress,canyons
25,A,28,65,4,CA23,EC,1.7986229498764468,Stress,deserts
41,A,44,65,4,CA23,EC,-0.0052583818750549,Stress,bridges
55,A,58,65,4,CA23,EC,0.0052812555527865,Stress,deserts
66,A,69,65,4,CA23,EC,-0.3785415830939938,Stress,deserts
74,A,77,65,4,CA23,EC,-0.1338905097627219,Stress,bridges
81,A,84,65,4,CA23,EC,-0.1070428368269234,Stress,bridges
95,A,98,65,4,CA23,EC,-0.0028630966721622,Stress,canyons
99,A,102,65,4,CA23,EC,0.300548015890801,Stress,deserts
110,A,113,65,4,CA23,EC,-0.1335153025696187,Stress,bridges
116,A,119,65,4,CA23,EC,2.675507115396241,Stress,deserts
129,A,132,65,4,CA23,EC,1.0228312685533512,Stress,deserts
139,A,142,65,4,CA23,EC,0.1766425350131074,Stress,canyons
146,A,149,65,4,CA23,EC,-0.2943142943688832,Stress,canyons
182,A,185,65,4,CA23,EC,0.2775260966241525,Stress,canyons
194,A,197,65,4,CA23,EC,-0.0307971451664006,Stress,bridges
201,A,204,65,4,CA23,EC,-0.742527698747438,Stress,deserts
207,A,210,65,4,CA23,EC,0.3800734569342552,Stress,bridges
216,A,219,65,4,CA23,EC,-0.0008100591384473,Stress,canyons
221,A,224,65,4,CA23,EC,-0.219067485188226,Stress,bridges
232,A,235,65,4,CA23,EC,0.1125058961896337,Stress,canyons
17,A,20,66,2,CA23,EC,-0.8344618967956663,Stress,lakes
34,A,37,66,2,CA23,EC,0.0712202199133064,Stress,forests
43,A,46,66,2,CA23,EC,-0.1150914149569063,Stress,forests
49,A,52,66,2,CA23,EC,-0.7912055976741328,Stress,lakes
56,A,59,66,2,CA23,EC,0.3400418476503132,Stress,bridges
74,A,77,66,2,CA23,EC,-0.4598420203399579,Stress,forests
82,A,85,66,2,CA23,EC,0.8730964187543159,Stress,forests
90,A,93,66,2,CA23,EC,-0.7208291435662334,Stress,lakes
103,A,106,66,2,CA23,EC,0.9874090772521802,Stress,bridges
113,A,116,66,2,CA23,EC,0.2311387506519542,Stress,lakes
117,A,120,66,2,CA23,EC,-3.8590612240968767,Stress,bridges
124,A,127,66,2,CA23,EC,-0.6163846364714213,Stress,lakes
136,A,139,66,2,CA23,EC,-0.2022393319511045,Stress,bridges
148,A,151,66,2,CA23,EC,0.095954459558084,Stress,lakes
154,A,157,66,2,CA23,EC,0.8329208707149093,Stress,bridges
162,A,165,66,2,CA23,EC,0.2683348974256898,Stress,forests
176,A,179,66,2,CA23,EC,-0.4278253934484737,Stress,forests
189,A,192,66,2,CA23,EC,0.0390573173127866,Stress,bridges
199,A,202,66,2,CA23,EC,-2.193125760270539,Stress,bridges
210,A,213,66,2,CA23,EC,0.7239986929377614,Stress,forests
217,A,220,66,2,CA23,EC,0.9645079405780602,Stress,lakes
9,A,12,66,3,CA23,EC,-0.3798201468798186,Stress,forests
16,A,19,66,3,CA23,EC,1.6306549018063905,Stress,lakes
28,A,31,66,3,CA23,EC,-0.1488085483498384,Stress,forests
43,A,46,66,3,CA23,EC,-1.913517881293283,Stress,bridges
52,A,55,66,3,CA23,EC,-0.0377573543445586,Stress,lakes
64,A,67,66,3,CA23,EC,0.0013477063747655,Stress,lakes
69,A,72,66,3,CA23,EC,-0.4750181122130485,Stress,bridges
93,A,96,66,3,CA23,EC,0.1430305013521283,Stress,lakes
99,A,102,66,3,CA23,EC,-0.1471715562230636,Stress,bridges
105,A,108,66,3,CA23,EC,0.0561556422107537,Stress,forests
113,A,116,66,3,CA23,EC,1.2773602979285688,Stress,bridges
129,A,132,66,3,CA23,EC,-0.1382194822574588,Stress,forests
137,A,140,66,3,CA23,EC,-0.4252089219867891,Stress,bridges
144,A,147,66,3,CA23,EC,0.5928291017401476,Stress,lakes
150,A,153,66,3,CA23,EC,-3.6506626103767914,Stress,forests
176,A,179,66,3,CA23,EC,0.0375302026947135,Stress,lakes
189,A,192,66,3,CA23,EC,1.8251383937603205,Stress,forests
196,A,199,66,3,CA23,EC,0.4788391775011767,Stress,forests
203,A,206,66,3,CA23,EC,0.1974550683220474,Stress,lakes
225,A,228,66,3,CA23,EC,0.0167899023086618,Stress,bridges
233,A,236,66,3,CA23,EC,-0.1834356470909287,Stress,bridges
5,A,8,66,4,CA23,EC,1.4535858240552764,Stress,lakes
40,A,43,66,4,CA23,EC,-0.5112464402676523,Stress,lakes
47,A,50,66,4,CA23,EC,0.1642408679817635,Stress,bridges
58,A,61,66,4,CA23,EC,0.8758795469487887,Stress,lakes
64,A,67,66,4,CA23,EC,-0.5447634060712794,Stress,forests
69,A,72,66,4,CA23,EC,-0.2885800690040768,Stress,lakes
74,A,77,66,4,CA23,EC,-1.480323444351322,Stress,bridges
103,A,106,66,4,CA23,EC,1.2267654170110776,Stress,bridges
118,A,121,66,4,CA23,EC,0.0174768135670565,Stress,bridges
131,A,134,66,4,CA23,EC,-0.0031548448588314,Stress,bridges
138,A,141,66,4,CA23,EC,-1.7289756584010452,Stress,forests
154,A,157,66,4,CA23,EC,1.410545825045463,Stress,bridges
162,A,165,66,4,CA23,EC,-0.0738287278967932,Stress,lakes
168,A,171,66,4,CA23,EC,-0.5247452754704939,Stress,forests
181,A,184,66,4,CA23,EC,-0.9314481490621758,Stress,lakes
191,A,194,66,4,CA23,EC,-0.0843341036192973,Stress,forests
198,A,201,66,4,CA23,EC,-0.8014604487098012,Stress,bridges
203,A,206,66,4,CA23,EC,1.95765278177948,Stress,forests
214,A,217,66,4,CA23,EC,-0.1421863464352674,Stress,forests
218,A,221,66,4,CA23,EC,0.4832006462563191,Stress,lakes
230,A,233,66,4,CA23,EC,-0.1228369386120435,Stress,forests
5,A,8,68,2,CA23,EC,-0.3411267323103522,Stress,lighthouses
10,A,13,68,2,CA23,EC,0.0060929494115256,Stress,marshes
30,A,33,68,2,CA23,EC,-0.0661808348893238,Stress,lighthouses
38,A,41,68,2,CA23,EC,-0.0249568189283609,Stress,waterfalls
55,A,58,68,2,CA23,EC,-0.5126063475757421,Stress,marshes
60,A,63,68,2,CA23,EC,-0.2064789497599202,Stress,waterfalls
72,A,75,68,2,CA23,EC,0.1110680972779243,Stress,lighthouses
78,A,81,68,2,CA23,EC,2.2716953711616705,Stress,waterfalls
92,A,95,68,2,CA23,EC,0.3435602837470842,Stress,lighthouses
98,A,101,68,2,CA23,EC,0.7638112299238347,Stress,waterfalls
114,A,117,68,2,CA23,EC,-0.0455982091187115,Stress,marshes
122,A,125,68,2,CA23,EC,-1.2307560332468388,Stress,waterfalls
128,A,131,68,2,CA23,EC,0.4998017942455809,Stress,lighthouses
151,A,154,68,2,CA23,EC,-0.5884873019475855,Stress,lighthouses
167,A,170,68,2,CA23,EC,0.0185255113835217,Stress,marshes
176,A,179,68,2,CA23,EC,-0.000660041322781,Stress,marshes
192,A,195,68,2,CA23,EC,1.3947729744316697,Stress,waterfalls
206,A,209,68,2,CA23,EC,-0.0020881729129807,Stress,marshes
212,A,215,68,2,CA23,EC,-0.0740540081877455,Stress,waterfalls
225,A,228,68,2,CA23,EC,-0.0320564354333754,Stress,marshes
235,A,238,68,2,CA23,EC,-0.0838888936247344,Stress,lighthouses
9,A,12,68,3,CA23,EC,-0.3674167244751838,Stress,lighthouses
21,A,24,68,3,CA23,EC,-0.07057643761825,Stress,lighthouses
30,A,33,68,3,CA23,EC,0.5636315525628768,Stress,waterfalls
45,A,48,68,3,CA23,EC,0.2455460853411347,Stress,marshes
64,A,67,68,3,CA23,EC,-2.384915150163934,Stress,lighthouses
86,A,89,68,3,CA23,EC,0.0110150897295803,Stress,waterfalls
96,A,99,68,3,CA23,EC,0.2912532776261691,Stress,marshes
106,A,109,68,3,CA23,EC,1.7665455204997624,Stress,marshes
130,A,133,68,3,CA23,EC,0.2999107124837323,Stress,marshes
149,A,152,68,3,CA23,EC,-0.462971574848744,Stress,waterfalls
165,A,168,68,3,CA23,EC,2.1906836762848623,Stress,waterfalls
174,A,177,68,3,CA23,EC,0.2874541649318782,Stress,marshes
182,A,185,68,3,CA23,EC,-1.968822749883551,Stress,lighthouses
187,A,190,68,3,CA23,EC,4.138053052431282,Stress,marshes
193,A,196,68,3,CA23,EC,0.0573311183119115,Stress,waterfalls
199,A,202,68,3,CA23,EC,0.4349980489416308,Stress,lighthouses
204,A,207,68,3,CA23,EC,0.7644776409793181,Stress,waterfalls
210,A,213,68,3,CA23,EC,-1.9272174781962172,Stress,lighthouses
223,A,226,68,3,CA23,EC,0.3710094920752342,Stress,lighthouses
234,A,237,68,3,CA23,EC,-2.4341804961335773,Stress,waterfalls
16,A,19,68,4,CA23,EC,-0.4219139033006619,Stress,waterfalls
31,A,34,68,4,CA23,EC,0.8121641930093495,Stress,lighthouses
41,A,44,68,4,CA23,EC,-0.1010361156675962,Stress,waterfalls
53,A,56,68,4,CA23,EC,4.914154650060484,Stress,waterfalls
60,A,63,68,4,CA23,EC,1.307288855916196,Stress,marshes
68,A,71,68,4,CA23,EC,0.00194606110243,Stress,lighthouses
78,A,81,68,4,CA23,EC,0.0871866202574229,Stress,waterfalls
88,A,91,68,4,CA23,EC,0.5075485258728761,Stress,lighthouses
97,A,100,68,4,CA23,EC,1.3008681237684476,Stress,lighthouses
103,A,106,68,4,CA23,EC,0.1531234341079783,Stress,waterfalls
109,A,112,68,4,CA23,EC,0.2080182585345451,Stress,marshes
118,A,121,68,4,CA23,EC,-0.3741282240034055,Stress,marshes
131,A,134,68,4,CA23,EC,0.9421606467380956,Stress,marshes
138,A,141,68,4,CA23,EC,0.0017348975796462,Stress,lighthouses
153,A,156,68,4,CA23,EC,0.008814329817867,Stress,marshes
161,A,164,68,4,CA23,EC,0.569915753792953,Stress,marshes
196,A,199,68,4,CA23,EC,0.4768975710571497,Stress,waterfalls
227,A,230,68,4,CA23,EC,0.8963231610465286,Stress,marshes
234,A,237,68,4,CA23,EC,1.093704487237022,Stress,waterfalls
8,A,11,69,2,CA23,EC,0.0016527053863349,Control,fields
15,A,18,69,2,CA23,EC,-0.8744196366991838,Control,waterfalls
37,A,40,69,2,CA23,EC,-0.0694114992437071,Control,waterfalls
43,A,46,69,2,CA23,EC,-0.1837738398079644,Control,lakes
52,A,55,69,2,CA23,EC,-1.3000102377551517,Control,fields
60,A,63,69,2,CA23,EC,0.1445223626175712,Control,fields
66,A,69,69,2,CA23,EC,0.0580705271269423,Control,lakes
83,A,86,69,2,CA23,EC,0.6408803219574822,Control,lakes
90,A,93,69,2,CA23,EC,0.2457578932793003,Control,fields
96,A,99,69,2,CA23,EC,0.5258563583482628,Control,waterfalls
109,A,112,69,2,CA23,EC,0.0142962286190892,Control,waterfalls
114,A,117,69,2,CA23,EC,-0.8609749963592979,Control,fields
130,A,133,69,2,CA23,EC,0.3672433585583492,Control,lakes
139,A,142,69,2,CA23,EC,0.0106604636910106,Control,lakes
145,A,148,69,2,CA23,EC,0.3283917504151076,Control,waterfalls
174,A,177,69,2,CA23,EC,0.1838110491758509,Control,fields
186,A,189,69,2,CA23,EC,-0.3606597083470176,Control,waterfalls
194,A,197,69,2,CA23,EC,0.4422034750923199,Control,waterfalls
207,A,210,69,2,CA23,EC,-0.1577847040182939,Control,lakes
223,A,226,69,2,CA23,EC,-0.212201438564281,Control,lakes
234,A,237,69,2,CA23,EC,-0.4671780276237789,Control,fields
8,A,11,69,3,CA23,EC,0.4009020277715368,Control,waterfalls
17,A,20,69,3,CA23,EC,-1.202322354942958,Control,waterfalls
27,A,30,69,3,CA23,EC,0.0608866121471155,Control,waterfalls
37,A,40,69,3,CA23,EC,0.291938588862932,Control,fields
47,A,50,69,3,CA23,EC,0.0577644613437013,Control,waterfalls
54,A,57,69,3,CA23,EC,-0.4397778686137955,Control,lakes
62,A,65,69,3,CA23,EC,-0.1041154858806941,Control,waterfalls
80,A,83,69,3,CA23,EC,-0.1526667423887076,Control,lakes
90,A,93,69,3,CA23,EC,2.072124223774328,Control,fields
100,A,103,69,3,CA23,EC,0.6003413737551333,Control,fields
129,A,132,69,3,CA23,EC,-0.0028475823958912,Control,lakes
141,A,144,69,3,CA23,EC,-0.6011214966197579,Control,fields
148,A,151,69,3,CA23,EC,0.3043068561036487,Control,lakes
156,A,159,69,3,CA23,EC,-0.785003018111382,Control,fields
169,A,172,69,3,CA23,EC,0.2334918165894137,Control,lakes
177,A,180,69,3,CA23,EC,-0.4763875581391328,Control,waterfalls
186,A,189,69,3,CA23,EC,2.0123913213526725,Control,fields
192,A,195,69,3,CA23,EC,0.61714312392381,Control,waterfalls
201,A,204,69,3,CA23,EC,-0.1915300939823242,Control,lakes
219,A,222,69,3,CA23,EC,-0.3565758065009226,Control,lakes
234,A,237,69,3,CA23,EC,0.6274526428738308,Control,fields
18,A,21,69,4,CA23,EC,-0.0099415201571209,Control,fields
29,A,32,69,4,CA23,EC,0.0343513494620278,Control,waterfalls
35,A,38,69,4,CA23,EC,0.3867745987166425,Control,lakes
44,A,47,69,4,CA23,EC,1.7833224987803205,Control,waterfalls
51,A,54,69,4,CA23,EC,0.3171591260219887,Control,lakes
57,A,60,69,4,CA23,EC,-0.0398300090853495,Control,waterfalls
63,A,66,69,4,CA23,EC,0.5480955876634915,Control,fields
69,A,72,69,4,CA23,EC,-1.7655585677290762,Control,lakes
86,A,89,69,4,CA23,EC,-2.272760394635222,Control,waterfalls
99,A,102,69,4,CA23,EC,-0.3016511598500394,Control,waterfalls
106,A,109,69,4,CA23,EC,2.442128009994349,Control,fields
111,A,114,69,4,CA23,EC,-0.6295703025890704,Control,waterfalls
126,A,129,69,4,CA23,EC,1.0714292226350195,Control,lakes
135,A,138,69,4,CA23,EC,-0.3672841387464944,Control,lakes
149,A,152,69,4,CA23,EC,-2.1777204597941884,Control,lakes
155,A,158,69,4,CA23,EC,0.0563080912100096,Control,fields
180,A,183,69,4,CA23,EC,0.2371103409542743,Control,lakes
200,A,203,69,4,CA23,EC,0.2334559442728627,Control,fields
205,A,208,69,4,CA23,EC,0.5009641563637129,Control,waterfalls
224,A,227,69,4,CA23,EC,-0.4285629202719877,Control,fields
232,A,235,69,4,CA23,EC,-1.0092784572812226,Control,fields
5,A,8,71,2,CA23,EC,5.130448902544708,Control,marshes
35,A,38,71,2,CA23,EC,-0.0079056818729215,Control,deserts
46,A,49,71,2,CA23,EC,0.1757653342608291,Control,deserts
51,A,54,71,2,CA23,EC,0.9527741480256608,Control,beaches
58,A,61,71,2,CA23,EC,-0.5939476236584368,Control,marshes
69,A,72,71,2,CA23,EC,1.7086826602831382,Control,deserts
77,A,80,71,2,CA23,EC,0.0232737067634603,Control,marshes
86,A,89,71,2,CA23,EC,-0.7708044714815613,Control,marshes
98,A,101,71,2,CA23,EC,0.0394436555249828,Control,deserts
106,A,109,71,2,CA23,EC,-0.0372857190684544,Control,beaches
122,A,125,71,2,CA23,EC,0.0201878547611191,Control,marshes
126,A,129,71,2,CA23,EC,1.853519848926732,Control,deserts
144,A,147,71,2,CA23,EC,-0.4481397045087563,Control,marshes
152,A,155,71,2,CA23,EC,2.295881695718491,Control,beaches
167,A,170,71,2,CA23,EC,-0.2102337416885187,Control,deserts
179,A,182,71,2,CA23,EC,0.7326522381988353,Control,beaches
190,A,193,71,2,CA23,EC,0.8154484781584237,Control,marshes
197,A,200,71,2,CA23,EC,-0.000583745809276,Control,beaches
206,A,209,71,2,CA23,EC,-0.2402466895081863,Control,deserts
223,A,226,71,2,CA23,EC,-0.0864708681325986,Control,beaches
233,A,236,71,2,CA23,EC,-0.508137984613164,Control,beaches
39,A,42,71,3,CA23,EC,0.1768536056197717,Control,beaches
45,A,48,71,3,CA23,EC,-0.0315287554032626,Control,marshes
52,A,55,71,3,CA23,EC,-0.0083131747540485,Control,deserts
61,A,64,71,3,CA23,EC,2.6464989886677834,Control,deserts
65,A,68,71,3,CA23,EC,0.7655075944354254,Control,marshes
69,A,72,71,3,CA23,EC,0.0225869046406243,Control,deserts
83,A,86,71,3,CA23,EC,0.0004760486387038,Control,deserts
110,A,113,71,3,CA23,EC,1.5691894277392326,Control,beaches
125,A,128,71,3,CA23,EC,0.5613222857970999,Control,beaches
136,A,139,71,3,CA23,EC,1.950677564437847,Control,marshes
151,A,154,71,3,CA23,EC,-0.8726269415732882,Control,beaches
162,A,165,71,3,CA23,EC,-1.4661032229352708,Control,beaches
166,A,169,71,3,CA23,EC,1.0853205042093963,Control,deserts
172,A,175,71,3,CA23,EC,4.712255866259908,Control,marshes
180,A,183,71,3,CA23,EC,0.003899347062975,Control,beaches
189,A,192,71,3,CA23,EC,0.4591161287155999,Control,deserts
197,A,200,71,3,CA23,EC,0.0032307740663276,Control,marshes
209,A,212,71,3,CA23,EC,0.9308946836609512,Control,deserts
214,A,217,71,3,CA23,EC,0.4418769605962899,Control,marshes
221,A,224,71,3,CA23,EC,0.5670227664638673,Control,beaches
237,A,240,71,3,CA23,EC,-1.330641593939405,Control,marshes
9,A,12,71,4,CA23,EC,-0.0011860153877703,Control,marshes
27,A,30,71,4,CA23,EC,-0.0426692295755165,Control,beaches
33,A,36,71,4,CA23,EC,0.0994848135390462,Control,marshes
45,A,48,71,4,CA23,EC,0.3921511766748395,Control,beaches
52,A,55,71,4,CA23,EC,-0.2558241752057614,Control,beaches
56,A,59,71,4,CA23,EC,1.3575727410387075,Control,marshes
85,A,88,71,4,CA23,EC,-1.1521895331428256,Control,marshes
96,A,99,71,4,CA23,EC,0.8968837190709908,Control,beaches
102,A,105,71,4,CA23,EC,-4.159928414822395,Control,deserts
114,A,117,71,4,CA23,EC,-0.3093334337811508,Control,beaches
132,A,135,71,4,CA23,EC,-0.0015833090798252,Control,beaches
145,A,148,71,4,CA23,EC,0.3689816253381847,Control,marshes
151,A,154,71,4,CA23,EC,0.8806410140183687,Control,marshes
158,A,161,71,4,CA23,EC,0.4272691126614182,Control,deserts
167,A,170,71,4,CA23,EC,-0.5215230092067,Control,deserts
179,A,182,71,4,CA23,EC,-0.0015018315186486,Control,deserts
194,A,197,71,4,CA23,EC,0.0033142336654408,Control,deserts
199,A,202,71,4,CA23,EC,-2.612088647842694,Control,beaches
206,A,209,71,4,CA23,EC,0.122681695441594,Control,marshes
215,A,218,71,4,CA23,EC,0.8211736334323261,Control,deserts
222,A,225,71,4,CA23,EC,1.3767520268197373,Control,deserts
5,A,8,72,2,CA23,EC,0.2358542945084959,Stress,waterfalls
12,A,15,72,2,CA23,EC,-0.0450016030051976,Stress,waterfalls
52,A,55,72,2,CA23,EC,-0.0483484169544926,Stress,waterfalls
58,A,61,72,2,CA23,EC,0.7062518252648983,Stress,beaches
89,A,92,72,2,CA23,EC,1.2014067057847235,Stress,forests
94,A,97,72,2,CA23,EC,-0.1727718996549575,Stress,beaches
103,A,106,72,2,CA23,EC,0.0120144807677547,Stress,forests
115,A,118,72,2,CA23,EC,0.572366467385115,Stress,forests
125,A,128,72,2,CA23,EC,0.4363544118692646,Stress,forests
134,A,137,72,2,CA23,EC,0.5835595931323,Stress,forests
143,A,146,72,2,CA23,EC,0.3051052190765332,Stress,beaches
150,A,153,72,2,CA23,EC,-0.0641318591368092,Stress,beaches
155,A,158,72,2,CA23,EC,-0.1657355874758054,Stress,waterfalls
162,A,165,72,2,CA23,EC,-1.426077528677676,Stress,beaches
184,A,187,72,2,CA23,EC,0.0215004681615513,Stress,forests
188,A,191,72,2,CA23,EC,-0.2942751706406203,Stress,waterfalls
202,A,205,72,2,CA23,EC,0.1201838863073853,Stress,waterfalls
206,A,209,72,2,CA23,EC,0.405375810320417,Stress,forests
217,A,220,72,2,CA23,EC,0.1012977097553083,Stress,waterfalls
224,A,227,72,2,CA23,EC,-0.2214935479495231,Stress,beaches
231,A,234,72,2,CA23,EC,0.045284617767745,Stress,beaches
13,A,16,72,3,CA23,EC,0.0404030790645743,Stress,forests
23,A,26,72,3,CA23,EC,1.0613391026473742,Stress,forests
35,A,38,72,3,CA23,EC,-0.412322036827193,Stress,forests
43,A,46,72,3,CA23,EC,0.14953025992631,Stress,waterfalls
48,A,51,72,3,CA23,EC,1.263253065383941,Stress,beaches
57,A,60,72,3,CA23,EC,2.6988380983529523,Stress,waterfalls
63,A,66,72,3,CA23,EC,3.1060234438276235,Stress,beaches
68,A,71,72,3,CA23,EC,3.063293209681518,Stress,forests
83,A,86,72,3,CA23,EC,0.5290607144291313,Stress,waterfalls
92,A,95,72,3,CA23,EC,0.0539633861305661,Stress,beaches
98,A,101,72,3,CA23,EC,-0.6791955897842553,Stress,waterfalls
106,A,109,72,3,CA23,EC,0.8833839879794116,Stress,waterfalls
126,A,129,72,3,CA23,EC,-0.979636749937103,Stress,forests
133,A,136,72,3,CA23,EC,-0.0020345263088113,Stress,beaches
171,A,174,72,3,CA23,EC,0.0304813080924412,Stress,forests
181,A,184,72,3,CA23,EC,0.0537053026883773,Stress,beaches
199,A,202,72,3,CA23,EC,0.1567215102118803,Stress,beaches
205,A,208,72,3,CA23,EC,0.1960039741577531,Stress,beaches
221,A,224,72,3,CA23,EC,-0.8649345617329611,Stress,forests
227,A,230,72,3,CA23,EC,1.8303905238402227,Stress,waterfalls
238,A,241,72,3,CA23,EC,-0.2990328789682409,Stress,waterfalls
19,A,22,72,4,CA23,EC,0.2655952764564522,Stress,beaches
26,A,29,72,4,CA23,EC,0.8833881460255437,Stress,waterfalls
36,A,39,72,4,CA23,EC,0.0552186344631561,Stress,waterfalls
48,A,51,72,4,CA23,EC,-0.2194592451543741,Stress,waterfalls
53,A,56,72,4,CA23,EC,3.9631382697262345,Stress,beaches
60,A,63,72,4,CA23,EC,-0.2621928533701672,Stress,beaches
67,A,70,72,4,CA23,EC,-1.0819829470986957,Stress,forests
77,A,80,72,4,CA23,EC,-0.1317361647644152,Stress,forests
88,A,91,72,4,CA23,EC,-0.6710084514632088,Stress,waterfalls
94,A,97,72,4,CA23,EC,-0.1670885234325584,Stress,forests
108,A,111,72,4,CA23,EC,-0.4736256226495609,Stress,beaches
119,A,122,72,4,CA23,EC,0.4935943601779648,Stress,forests
146,A,149,72,4,CA23,EC,0.0255791444758026,Stress,forests
155,A,158,72,4,CA23,EC,-0.9757707388831136,Stress,beaches
168,A,171,72,4,CA23,EC,0.4497128392397467,Stress,waterfalls
186,A,189,72,4,CA23,EC,0.012349037138607,Stress,beaches
192,A,195,72,4,CA23,EC,1.0457057078610434,Stress,waterfalls
204,A,207,72,4,CA23,EC,2.305256056880999,Stress,waterfalls
211,A,214,72,4,CA23,EC,1.1164925612510253,Stress,forests
233,A,236,72,4,CA23,EC,-0.2874988265507786,Stress,forests
5,A,8,73,2,CA23,EC,-0.2038672710534047,Control,canyons
9,A,12,73,2,CA23,EC,0.8376553732465303,Control,marshes
15,A,18,73,2,CA23,EC,0.5472321338394462,Control,canyons
22,A,25,73,2,CA23,EC,0.0905481867528595,Control,parks
42,A,45,73,2,CA23,EC,0.3865576803158818,Control,parks
49,A,52,73,2,CA23,EC,-0.8910167298762004,Control,parks
58,A,61,73,2,CA23,EC,-0.3520572513376132,Control,marshes
69,A,72,73,2,CA23,EC,-0.903983389483752,Control,marshes
80,A,83,73,2,CA23,EC,-0.3616328815059164,Control,parks
89,A,92,73,2,CA23,EC,-0.386713938853641,Control,canyons
109,A,112,73,2,CA23,EC,-0.0580645931552686,Control,marshes
123,A,126,73,2,CA23,EC,-0.9526470934580908,Control,canyons
131,A,134,73,2,CA23,EC,-1.3311684028810873,Control,marshes
136,A,139,73,2,CA23,EC,0.1958549375777142,Control,canyons
159,A,162,73,2,CA23,EC,0.0025845837979327,Control,parks
170,A,173,73,2,CA23,EC,-0.2813414435980521,Control,canyons
191,A,194,73,2,CA23,EC,-0.248579536186168,Control,marshes
203,A,206,73,2,CA23,EC,-0.0148721151153425,Control,parks
222,A,225,73,2,CA23,EC,0.1011124531483382,Control,marshes
228,A,231,73,2,CA23,EC,-1.6390229640175076,Control,canyons
235,A,238,73,2,CA23,EC,-0.1149001859296843,Control,parks
11,A,14,73,3,CA23,EC,0.5834964411733842,Control,marshes
21,A,24,73,3,CA23,EC,-0.7410408769304643,Control,parks
33,A,36,73,3,CA23,EC,0.360663863383443,Control,marshes
43,A,46,73,3,CA23,EC,0.2725879393906799,Control,marshes
47,A,50,73,3,CA23,EC,3.137530608881602,Control,canyons
54,A,57,73,3,CA23,EC,-0.5759939069426054,Control,marshes
61,A,64,73,3,CA23,EC,0.2883391369307214,Control,parks
79,A,82,73,3,CA23,EC,0.888485192327124,Control,canyons
86,A,89,73,3,CA23,EC,0.2606472620679133,Control,parks
90,A,93,73,3,CA23,EC,-0.2424836087459715,Control,canyons
106,A,109,73,3,CA23,EC,0.0183095290156506,Control,canyons
113,A,116,73,3,CA23,EC,0.1659625902073275,Control,marshes
126,A,129,73,3,CA23,EC,0.5943417209390542,Control,parks
137,A,140,73,3,CA23,EC,2.334391844123469,Control,parks
158,A,161,73,3,CA23,EC,-0.179950385343219,Control,canyons
172,A,175,73,3,CA23,EC,-0.9071884184971266,Control,canyons
180,A,183,73,3,CA23,EC,0.2848410410547454,Control,marshes
192,A,195,73,3,CA23,EC,0.1005478589967315,Control,canyons
216,A,219,73,3,CA23,EC,0.3550841017225081,Control,parks
222,A,225,73,3,CA23,EC,-0.0387492804182688,Control,marshes
230,A,233,73,3,CA23,EC,3.4846394765727187,Control,parks
5,A,8,73,4,CA23,EC,0.3415772537482127,Control,marshes
21,A,24,73,4,CA23,EC,0.1077564352060413,Control,marshes
26,A,29,73,4,CA23,EC,-0.3244627186418637,Control,parks
45,A,48,73,4,CA23,EC,-0.6334404407435621,Control,marshes
50,A,53,73,4,CA23,EC,2.0824718084215523,Control,parks
69,A,72,73,4,CA23,EC,-0.3379811037041925,Control,canyons
76,A,79,73,4,CA23,EC,0.6456489629244984,Control,marshes
83,A,86,73,4,CA23,EC,-2.019868395665806,Control,canyons
96,A,99,73,4,CA23,EC,-1.6719287200190447,Control,parks
108,A,111,73,4,CA23,EC,0.0061186237288503,Control,parks
114,A,117,73,4,CA23,EC,0.0092310770530404,Control,canyons
123,A,126,73,4,CA23,EC,0.0187556275515714,Control,canyons
132,A,135,73,4,CA23,EC,-0.0368741602651571,Control,canyons
153,A,156,73,4,CA23,EC,-1.6006352707256124,Control,marshes
160,A,163,73,4,CA23,EC,-0.4285022320232571,Control,parks
177,A,180,73,4,CA23,EC,0.0144106259330454,Control,marshes
183,A,186,73,4,CA23,EC,-0.5409214168654697,Control,canyons
206,A,209,73,4,CA23,EC,-0.7497667562218178,Control,parks
221,A,224,73,4,CA23,EC,0.5025861574104034,Control,marshes
237,A,240,73,4,CA23,EC,0.9643505883557368,Control,canyons
10,A,13,74,2,CA23,EC,-0.706200366745848,Control,bridges
21,A,24,74,2,CA23,EC,3.848561895515201,Control,parks
28,A,31,74,2,CA23,EC,1.2744335105838691,Control,lakes
40,A,43,74,2,CA23,EC,-0.2563951605693704,Control,parks
49,A,52,74,2,CA23,EC,-0.1308101385784103,Control,bridges
61,A,64,74,2,CA23,EC,1.6253598106073803,Control,parks
74,A,77,74,2,CA23,EC,-7.936569013496247e-05,Control,lakes
90,A,93,74,2,CA23,EC,0.2455940713252131,Control,lakes
98,A,101,74,2,CA23,EC,3.948274000466777,Control,bridges
107,A,110,74,2,CA23,EC,0.7108720825118717,Control,lakes
118,A,121,74,2,CA23,EC,-0.2931109622164916,Control,lakes
131,A,134,74,2,CA23,EC,0.2128575943846153,Control,bridges
145,A,148,74,2,CA23,EC,0.2246565867577621,Control,parks
157,A,160,74,2,CA23,EC,0.6232643701057726,Control,parks
171,A,174,74,2,CA23,EC,1.2103729759161024,Control,parks
192,A,195,74,2,CA23,EC,-0.2072272151191712,Control,lakes
201,A,204,74,2,CA23,EC,0.1792183260321565,Control,bridges
210,A,213,74,2,CA23,EC,1.6901693382911445,Control,parks
217,A,220,74,2,CA23,EC,0.0259719913003279,Control,bridges
230,A,233,74,2,CA23,EC,0.2579022989604197,Control,lakes
237,A,240,74,2,CA23,EC,-0.251353059774738,Control,bridges
9,A,12,74,3,CA23,EC,0.2919743258222105,Control,lakes
14,A,17,74,3,CA23,EC,-0.387571804989079,Control,bridges
25,A,28,74,3,CA23,EC,-1.9372220723045703,Control,parks
38,A,41,74,3,CA23,EC,1.1208975077529255,Control,parks
42,A,45,74,3,CA23,EC,0.8895649775388682,Control,lakes
55,A,58,74,3,CA23,EC,0.0858293707993953,Control,parks
66,A,69,74,3,CA23,EC,0.1450689719652292,Control,parks
78,A,81,74,3,CA23,EC,-0.3075343046166471,Control,bridges
86,A,89,74,3,CA23,EC,-0.7069050860918185,Control,bridges
94,A,97,74,3,CA23,EC,-0.8036363839927739,Control,bridges
120,A,123,74,3,CA23,EC,0.3754138199010412,Control,parks
130,A,133,74,3,CA23,EC,0.1671146734508278,Control,lakes
155,A,158,74,3,CA23,EC,0.2424480534842447,Control,lakes
164,A,167,74,3,CA23,EC,0.2752480811879563,Control,lakes
170,A,173,74,3,CA23,EC,-0.0061742825017675,Control,bridges
181,A,184,74,3,CA23,EC,0.8305759486303661,Control,bridges
192,A,195,74,3,CA23,EC,0.2426923864618294,Control,lakes
198,A,201,74,3,CA23,EC,0.2751832898424432,Control,bridges
211,A,214,74,3,CA23,EC,-0.022260505814892,Control,parks
226,A,229,74,3,CA23,EC,-1.0412345520030415,Control,parks
7,A,10,74,4,CA23,EC,-0.5053283557710045,Control,bridges
12,A,15,74,4,CA23,EC,-0.7634534107333684,Control,lakes
21,A,24,74,4,CA23,EC,-0.0934066369408517,Control,lakes
38,A,41,74,4,CA23,EC,-0.2106062399442829,Control,bridges
43,A,46,74,4,CA23,EC,0.8629093282341629,Control,lakes
56,A,59,74,4,CA23,EC,1.5642542626036589,Control,bridges
66,A,69,74,4,CA23,EC,-0.1163250958861425,Control,bridges
72,A,75,74,4,CA23,EC,-0.0806615359268098,Control,parks
76,A,79,74,4,CA23,EC,1.0139173983247545,Control,bridges
98,A,101,74,4,CA23,EC,0.0530174695730152,Control,parks
111,A,114,74,4,CA23,EC,0.0104469067508605,Control,lakes
136,A,139,74,4,CA23,EC,-1.489499080094472,Control,parks
186,A,189,74,4,CA23,EC,0.077111352195335,Control,parks
193,A,196,74,4,CA23,EC,0.39474009473452,Control,lakes
212,A,215,74,4,CA23,EC,1.263295104257095,Control,parks
220,A,223,74,4,CA23,EC,0.073659850848946,Control,lakes
230,A,233,74,4,CA23,EC,2.223512641031816,Control,parks
14,A,17,75,2,CA23,EC,-0.6204089412849727,Stress,lighthouses
27,A,30,75,2,CA23,EC,-0.2815091104891994,Stress,forests
37,A,40,75,2,CA23,EC,0.0494167060508598,Stress,fields
42,A,45,75,2,CA23,EC,-0.2182352328278361,Stress,forests
50,A,53,75,2,CA23,EC,0.7405054839455572,Stress,lighthouses
59,A,62,75,2,CA23,EC,-0.0127077178164892,Stress,lighthouses
70,A,73,75,2,CA23,EC,-0.0007275448560589,Stress,lighthouses
75,A,78,75,2,CA23,EC,0.0564790390002723,Stress,forests
83,A,86,75,2,CA23,EC,1.8824857270511417,Stress,forests
107,A,110,75,2,CA23,EC,-1.7335280537742035,Stress,forests
115,A,118,75,2,CA23,EC,-0.0829592166349201,Stress,fields
124,A,127,75,2,CA23,EC,0.0418814428557577,Stress,lighthouses
139,A,142,75,2,CA23,EC,0.468047532012107,Stress,fields
146,A,149,75,2,CA23,EC,1.259506267556882,Stress,forests
150,A,153,75,2,CA23,EC,1.0145084900803785,Stress,fields
178,A,181,75,2,CA23,EC,3.567529441306036,Stress,fields
190,A,193,75,2,CA23,EC,-3.253042901696221,Stress,forests
195,A,198,75,2,CA23,EC,0.0007467185680126,Stress,lighthouses
207,A,210,75,2,CA23,EC,-0.012484497830542,Stress,fields
217,A,220,75,2,CA23,EC,0.3128762457911647,Stress,fields
236,A,239,75,2,CA23,EC,-0.023665554144706,Stress,lighthouses
5,A,8,75,3,CA23,EC,0.1449559613598117,Stress,fields
9,A,12,75,3,CA23,EC,0.5166613452414021,Stress,forests
19,A,22,75,3,CA23,EC,-0.1858543096273921,Stress,lighthouses
28,A,31,75,3,CA23,EC,0.0600220143018421,Stress,lighthouses
34,A,37,75,3,CA23,EC,3.7071804366695487,Stress,forests
45,A,48,75,3,CA23,EC,0.4859315663403977,Stress,lighthouses
52,A,55,75,3,CA23,EC,-1.3229068003663451,Stress,forests
62,A,65,75,3,CA23,EC,-0.2665969392792335,Stress,forests
75,A,78,75,3,CA23,EC,0.2983179386731077,Stress,fields
99,A,102,75,3,CA23,EC,-0.0009222004599856,Stress,forests
117,A,120,75,3,CA23,EC,-2.273413305665868,Stress,fields
130,A,133,75,3,CA23,EC,0.086822601854899,Stress,fields
137,A,140,75,3,CA23,EC,1.7628063630822093,Stress,fields
143,A,146,75,3,CA23,EC,-0.5768869219979903,Stress,forests
147,A,150,75,3,CA23,EC,0.332179810417333,Stress,lighthouses
162,A,165,75,3,CA23,EC,-0.0003967742125967,Stress,lighthouses
179,A,182,75,3,CA23,EC,0.2521331312799198,Stress,fields
193,A,196,75,3,CA23,EC,0.0473875948486114,Stress,lighthouses
202,A,205,75,3,CA23,EC,-0.4441021809381201,Stress,fields
228,A,231,75,3,CA23,EC,0.6173027681105195,Stress,lighthouses
234,A,237,75,3,CA23,EC,0.0260103173718895,Stress,forests
11,A,14,75,4,CA23,EC,0.4599169376768409,Stress,forests
21,A,24,75,4,CA23,EC,-1.9540526278288184,Stress,lighthouses
29,A,32,75,4,CA23,EC,0.0563409496825116,Stress,fields
43,A,46,75,4,CA23,EC,-0.323426809076921,Stress,fields
52,A,55,75,4,CA23,EC,0.8755275682281913,Stress,lighthouses
57,A,60,75,4,CA23,EC,-0.1173206270475787,Stress,fields
77,A,80,75,4,CA23,EC,-1.8234730288149172,Stress,fields
98,A,101,75,4,CA23,EC,-1.7464867974325209,Stress,fields
103,A,106,75,4,CA23,EC,0.0069564073357985,Stress,lighthouses
111,A,114,75,4,CA23,EC,0.0025120364092796,Stress,forests
121,A,124,75,4,CA23,EC,1.0884018246678009,Stress,fields
126,A,129,75,4,CA23,EC,-0.0366792820607883,Stress,forests
131,A,134,75,4,CA23,EC,0.6893768389405488,Stress,lighthouses
151,A,154,75,4,CA23,EC,0.0068893345217597,Stress,forests
159,A,162,75,4,CA23,EC,-0.0130007072658531,Stress,fields
172,A,175,75,4,CA23,EC,0.990038205444227,Stress,lighthouses
179,A,182,75,4,CA23,EC,0.2695394675816389,Stress,forests
191,A,194,75,4,CA23,EC,0.1586285917354644,Stress,forests
196,A,199,75,4,CA23,EC,-2.5681090098979733,Stress,lighthouses
202,A,205,75,4,CA23,EC,-0.6790647592093566,Stress,lighthouses
8,A,11,76,2,CA23,EC,0.0273646479224946,Control,beaches
12,A,15,76,2,CA23,EC,-0.0803141107056294,Control,lakes
26,A,29,76,2,CA23,EC,-0.1806847875751363,Control,lakes
40,A,43,76,2,CA23,EC,-0.0851573088486844,Control,beaches
56,A,59,76,2,CA23,EC,0.0156783559711062,Control,beaches
61,A,64,76,2,CA23,EC,-0.2035824121519505,Control,lakes
67,A,70,76,2,CA23,EC,-0.501783457265548,Control,lighthouses
88,A,91,76,2,CA23,EC,-0.063302678644812,Control,lighthouses
92,A,95,76,2,CA23,EC,-0.1240489219370021,Control,beaches
97,A,100,76,2,CA23,EC,0.7613920694179178,Control,lighthouses
107,A,110,76,2,CA23,EC,0.00423952912394,Control,lighthouses
113,A,116,76,2,CA23,EC,0.3029738148731845,Control,lakes
121,A,124,76,2,CA23,EC,0.7805828059308301,Control,lighthouses
132,A,135,76,2,CA23,EC,-0.3994279632989364,Control,lakes
142,A,145,76,2,CA23,EC,-0.0058666965377511,Control,beaches
152,A,155,76,2,CA23,EC,0.092068249073422,Control,lakes
160,A,163,76,2,CA23,EC,-1.683397718468394,Control,lakes
171,A,174,76,2,CA23,EC,-0.9861735917642944,Control,beaches
212,A,215,76,2,CA23,EC,-1.3648862073265733,Control,lighthouses
218,A,221,76,2,CA23,EC,-0.5512770703177327,Control,beaches
234,A,237,76,2,CA23,EC,1.064842003800983,Control,lighthouses
10,A,13,76,3,CA23,EC,0.1080072653941065,Control,beaches
31,A,34,76,3,CA23,EC,1.8542721693574984,Control,lakes
39,A,42,76,3,CA23,EC,-0.7691798900877058,Control,lighthouses
44,A,47,76,3,CA23,EC,0.5654341271768306,Control,lakes
48,A,51,76,3,CA23,EC,0.1980046218126205,Control,lighthouses
58,A,61,76,3,CA23,EC,2.731345242208768,Control,lakes
62,A,65,76,3,CA23,EC,0.0012312482225501,Control,beaches
72,A,75,76,3,CA23,EC,0.6736257977461381,Control,lakes
77,A,80,76,3,CA23,EC,0.2903942244041949,Control,lighthouses
94,A,97,76,3,CA23,EC,-1.3289481793644784,Control,lighthouses
109,A,112,76,3,CA23,EC,0.908688701569398,Control,lighthouses
131,A,134,76,3,CA23,EC,0.2277557998223461,Control,lakes
137,A,140,76,3,CA23,EC,-0.0001690238856589,Control,lighthouses
148,A,151,76,3,CA23,EC,2.5460107894171427,Control,beaches
158,A,161,76,3,CA23,EC,0.1700707482380824,Control,lighthouses
165,A,168,76,3,CA23,EC,-0.6412527934932482,Control,lakes
178,A,181,76,3,CA23,EC,-1.136465601158486,Control,beaches
201,A,204,76,3,CA23,EC,0.3362022337646682,Control,beaches
219,A,222,76,3,CA23,EC,0.1705292366733928,Control,lakes
223,A,226,76,3,CA23,EC,0.0306701748078466,Control,beaches
230,A,233,76,3,CA23,EC,0.4333940167835191,Control,beaches
5,A,8,76,4,CA23,EC,-8.205592178664018e-05,Control,lakes
10,A,13,76,4,CA23,EC,0.8683698600315974,Control,lighthouses
19,A,22,76,4,CA23,EC,-0.1868646296424527,Control,lighthouses
33,A,36,76,4,CA23,EC,0.0454047872216718,Control,lighthouses
39,A,42,76,4,CA23,EC,0.5687097111032609,Control,beaches
53,A,56,76,4,CA23,EC,-0.1785019118696277,Control,lighthouses
66,A,69,76,4,CA23,EC,0.0061743413208283,Control,lakes
76,A,79,76,4,CA23,EC,-0.8712834292876893,Control,lakes
86,A,89,76,4,CA23,EC,1.1787642591939334,Control,beaches
92,A,95,76,4,CA23,EC,0.040892292299261,Control,lighthouses
107,A,110,76,4,CA23,EC,0.4401134269451666,Control,beaches
124,A,127,76,4,CA23,EC,0.1310539412233038,Control,lakes
131,A,134,76,4,CA23,EC,-0.1667578762402918,Control,beaches
147,A,150,76,4,CA23,EC,-0.0026970158875229,Control,beaches
152,A,155,76,4,CA23,EC,0.049849887809121,Control,lakes
166,A,169,76,4,CA23,EC,0.0042252118407945,Control,beaches
172,A,175,76,4,CA23,EC,-0.1049177082683024,Control,lakes
181,A,184,76,4,CA23,EC,0.3303069352063002,Control,lighthouses
194,A,197,76,4,CA23,EC,-0.0602057313304797,Control,lighthouses
209,A,212,76,4,CA23,EC,0.0363210002860985,Control,lakes
231,A,234,76,4,CA23,EC,3.504972364283649,Control,beaches
7,A,10,77,2,CA23,EC,0.2504784189952345,Stress,marshes
16,A,19,77,2,CA23,EC,0.3462814824857319,Stress,marshes
35,A,38,77,2,CA23,EC,-0.698958023582087,Stress,lighthouses
46,A,49,77,2,CA23,EC,-0.3540588203290855,Stress,mountains
54,A,57,77,2,CA23,EC,2.6502782467549406,Stress,marshes
70,A,73,77,2,CA23,EC,-2.171571339196044e-05,Stress,lighthouses
74,A,77,77,2,CA23,EC,-0.7236795287972912,Stress,mountains
81,A,84,77,2,CA23,EC,0.3860776797339026,Stress,marshes
96,A,99,77,2,CA23,EC,-0.0426937727578703,Stress,marshes
117,A,120,77,2,CA23,EC,-0.0526416379825024,Stress,lighthouses
123,A,126,77,2,CA23,EC,-0.0395300013044969,Stress,mountains
132,A,135,77,2,CA23,EC,-0.424263875843016,Stress,lighthouses
142,A,145,77,2,CA23,EC,0.7634157010435579,Stress,mountains
154,A,157,77,2,CA23,EC,-1.6059538511760634,Stress,mountains
168,A,171,77,2,CA23,EC,1.8274665660460991,Stress,marshes
177,A,180,77,2,CA23,EC,0.4972845433178989,Stress,lighthouses
188,A,191,77,2,CA23,EC,0.0027849382870892,Stress,mountains
205,A,208,77,2,CA23,EC,0.1599563395827745,Stress,mountains
222,A,225,77,2,CA23,EC,-0.3085957054727469,Stress,lighthouses
233,A,236,77,2,CA23,EC,-1.7335947840436252,Stress,lighthouses
11,A,14,77,3,CA23,EC,-0.0589978201823247,Stress,lighthouses
46,A,49,77,3,CA23,EC,1.0526843130281949,Stress,lighthouses
60,A,63,77,3,CA23,EC,0.0008076582266722,Stress,marshes
71,A,74,77,3,CA23,EC,-0.901180823809706,Stress,mountains
84,A,87,77,3,CA23,EC,-2.3534990964587865,Stress,lighthouses
88,A,91,77,3,CA23,EC,-0.3265989824089189,Stress,mountains
93,A,96,77,3,CA23,EC,-0.2234503950828256,Stress,marshes
100,A,103,77,3,CA23,EC,-0.2848552615109399,Stress,lighthouses
131,A,134,77,3,CA23,EC,0.0009808965971945,Stress,lighthouses
145,A,148,77,3,CA23,EC,0.7457469103905308,Stress,mountains
159,A,162,77,3,CA23,EC,0.0989802155031916,Stress,mountains
166,A,169,77,3,CA23,EC,-0.0011137587058162,Stress,mountains
172,A,175,77,3,CA23,EC,-0.4029380177013643,Stress,marshes
182,A,185,77,3,CA23,EC,0.0931637820389044,Stress,marshes
192,A,195,77,3,CA23,EC,0.3480669534984857,Stress,lighthouses
196,A,199,77,3,CA23,EC,0.3709571367485786,Stress,marshes
208,A,211,77,3,CA23,EC,0.0284441054054593,Stress,marshes
221,A,224,77,3,CA23,EC,0.0109032317954564,Stress,mountains
229,A,232,77,3,CA23,EC,1.7309535521143276,Stress,marshes
238,A,241,77,3,CA23,EC,-0.1373331418018949,Stress,mountains
5,A,8,77,4,CA23,EC,0.0636491504172065,Stress,marshes
30,A,33,77,4,CA23,EC,-0.146552128650202,Stress,marshes
51,A,54,77,4,CA23,EC,-1.586789699197032,Stress,mountains
60,A,63,77,4,CA23,EC,2.1993933371139938,Stress,lighthouses
65,A,68,77,4,CA23,EC,0.1176877380382407,Stress,marshes
95,A,98,77,4,CA23,EC,0.0878175638707342,Stress,lighthouses
101,A,104,77,4,CA23,EC,-0.3346858442578459,Stress,mountains
106,A,109,77,4,CA23,EC,-0.1345100272362398,Stress,lighthouses
136,A,139,77,4,CA23,EC,1.402160446229275,Stress,lighthouses
146,A,149,77,4,CA23,EC,-0.1390478112638974,Stress,lighthouses
152,A,155,77,4,CA23,EC,-0.0008040447344173,Stress,marshes
166,A,169,77,4,CA23,EC,-0.3430184355192944,Stress,lighthouses
182,A,185,77,4,CA23,EC,3.162957376893952,Stress,mountains
193,A,196,77,4,CA23,EC,0.4549300754047809,Stress,mountains
208,A,211,77,4,CA23,EC,0.0713384842940417,Stress,marshes
220,A,223,77,4,CA23,EC,-0.0725251012418826,Stress,lighthouses
10,A,13,78,2,CA23,EC,4.057436817147339,Stress,lakes
18,A,21,78,2,CA23,EC,0.1238134288795938,Stress,mountains
34,A,37,78,2,CA23,EC,-0.1342521150915814,Stress,lakes
49,A,52,78,2,CA23,EC,0.3799035222496221,Stress,mountains
62,A,65,78,2,CA23,EC,-0.9868700328990956,Stress,lakes
82,A,85,78,2,CA23,EC,0.4954788434405251,Stress,lakes
104,A,107,78,2,CA23,EC,0.1325463413018241,Stress,mountains
109,A,112,78,2,CA23,EC,-0.0104982998817771,Stress,waterfalls
119,A,122,78,2,CA23,EC,-0.2974091869801989,Stress,waterfalls
131,A,134,78,2,CA23,EC,1.2419616173194243,Stress,lakes
139,A,142,78,2,CA23,EC,0.3423016086518163,Stress,waterfalls
144,A,147,78,2,CA23,EC,1.286598107119041,Stress,mountains
155,A,158,78,2,CA23,EC,3.5804137245593144,Stress,mountains
160,A,163,78,2,CA23,EC,0.2918291757707281,Stress,waterfalls
172,A,175,78,2,CA23,EC,-3.168803429646175,Stress,lakes
184,A,187,78,2,CA23,EC,0.152719581084163,Stress,mountains
193,A,196,78,2,CA23,EC,0.3559132501905547,Stress,lakes
200,A,203,78,2,CA23,EC,-0.691528512468174,Stress,mountains
206,A,209,78,2,CA23,EC,0.1605336435601773,Stress,waterfalls
233,A,236,78,2,CA23,EC,0.4781493987306613,Stress,waterfalls
17,A,20,78,3,CA23,EC,0.3446408235267302,Stress,waterfalls
22,A,25,78,3,CA23,EC,-0.1750815058721567,Stress,mountains
34,A,37,78,3,CA23,EC,0.3758624808314896,Stress,mountains
44,A,47,78,3,CA23,EC,-0.9941100383733906,Stress,mountains
51,A,54,78,3,CA23,EC,-0.4730653648341323,Stress,lakes
68,A,71,78,3,CA23,EC,0.5026645197476096,Stress,waterfalls
78,A,81,78,3,CA23,EC,-0.1958344344816722,Stress,mountains
89,A,92,78,3,CA23,EC,0.4738498957022565,Stress,mountains
96,A,99,78,3,CA23,EC,-1.5477390337048718,Stress,lakes
120,A,123,78,3,CA23,EC,1.012560802980931,Stress,waterfalls
128,A,131,78,3,CA23,EC,-0.6822619376975104,Stress,lakes
135,A,138,78,3,CA23,EC,0.6127134011698384,Stress,mountains
145,A,148,78,3,CA23,EC,-0.2511266271237239,Stress,waterfalls
157,A,160,78,3,CA23,EC,0.0233984146787583,Stress,waterfalls
164,A,167,78,3,CA23,EC,-0.4847630475793173,Stress,lakes
169,A,172,78,3,CA23,EC,0.7483263371475444,Stress,waterfalls
174,A,177,78,3,CA23,EC,-2.045552150170168,Stress,lakes
187,A,190,78,3,CA23,EC,-0.1100829637660409,Stress,waterfalls
195,A,198,78,3,CA23,EC,-0.0057994447856529,Stress,mountains
200,A,203,78,3,CA23,EC,0.0277521316238524,Stress,lakes
231,A,234,78,3,CA23,EC,-0.4163577132649849,Stress,lakes
12,A,15,78,4,CA23,EC,0.100947372377845,Stress,lakes
20,A,23,78,4,CA23,EC,-0.1168778479127195,Stress,waterfalls
26,A,29,78,4,CA23,EC,0.0007196362298091,Stress,mountains
37,A,40,78,4,CA23,EC,-0.7555130121078323,Stress,waterfalls
44,A,47,78,4,CA23,EC,0.02854128401333,Stress,lakes
77,A,80,78,4,CA23,EC,0.6959300847606731,Stress,lakes
83,A,86,78,4,CA23,EC,-0.0004442080966664,Stress,mountains
110,A,113,78,4,CA23,EC,-2.0147931311819134,Stress,mountains
118,A,121,78,4,CA23,EC,0.152483858981594,Stress,waterfalls
138,A,141,78,4,CA23,EC,-1.865093771528041,Stress,mountains
144,A,147,78,4,CA23,EC,-0.4765138529293711,Stress,lakes
149,A,152,78,4,CA23,EC,-1.0221774468599003,Stress,waterfalls
159,A,162,78,4,CA23,EC,2.407128002376633,Stress,mountains
166,A,169,78,4,CA23,EC,0.3310127284012633,Stress,lakes
181,A,184,78,4,CA23,EC,-0.6142094516270041,Stress,mountains
186,A,189,78,4,CA23,EC,-3.499576788103285,Stress,waterfalls
195,A,198,78,4,CA23,EC,0.0127860451096152,Stress,lakes
203,A,206,78,4,CA23,EC,-0.1006837422099782,Stress,lakes
209,A,212,78,4,CA23,EC,0.1601506488897791,Stress,waterfalls
221,A,224,78,4,CA23,EC,1.805664557496757,Stress,mountains
229,A,232,78,4,CA23,EC,-0.3984211987508766,Stress,waterfalls
5,A,8,79,2,CA23,EC,0.4351215173838311,Control,parks
12,A,15,79,2,CA23,EC,-0.0391182845981734,Control,parks
25,A,28,79,2,CA23,EC,0.3510226641738392,Control,marshes
33,A,36,79,2,CA23,EC,-1.7236143946119868,Control,parks
43,A,46,79,2,CA23,EC,0.0918208689521317,Control,parks
49,A,52,79,2,CA23,EC,0.5854632811198068,Control,fields
56,A,59,79,2,CA23,EC,0.0557043897265242,Control,marshes
69,A,72,79,2,CA23,EC,-0.6739243485047259,Control,marshes
77,A,80,79,2,CA23,EC,0.2023697119430219,Control,marshes
82,A,85,79,2,CA23,EC,2.5638354890841804,Control,parks
98,A,101,79,2,CA23,EC,1.315664023135567,Control,fields
103,A,106,79,2,CA23,EC,0.0654038072539418,Control,marshes
110,A,113,79,2,CA23,EC,1.037596816380865,Control,fields
117,A,120,79,2,CA23,EC,0.2539628346925866,Control,fields
150,A,153,79,2,CA23,EC,-0.0156890846128836,Control,marshes
177,A,180,79,2,CA23,EC,-0.1433689734563946,Control,parks
185,A,188,79,2,CA23,EC,0.0008848166574972,Control,fields
195,A,198,79,2,CA23,EC,0.3444916311691106,Control,marshes
200,A,203,79,2,CA23,EC,0.0316623207412538,Control,fields
211,A,214,79,2,CA23,EC,0.1350196609533598,Control,parks
222,A,225,79,2,CA23,EC,0.1720705609876509,Control,fields
5,A,8,79,3,CA23,EC,0.2450243917293003,Control,parks
11,A,14,79,3,CA23,EC,0.3408064881710086,Control,fields
22,A,25,79,3,CA23,EC,3.1373182028852518,Control,parks
35,A,38,79,3,CA23,EC,0.2536725761986552,Control,marshes
50,A,53,79,3,CA23,EC,0.0023809507580685,Control,marshes
57,A,60,79,3,CA23,EC,0.1680537834467972,Control,parks
68,A,71,79,3,CA23,EC,0.0256687683984857,Control,marshes
79,A,82,79,3,CA23,EC,2.1911755787350504,Control,parks
86,A,89,79,3,CA23,EC,-5.279674882908406,Control,marshes
91,A,94,79,3,CA23,EC,-0.953964848142524,Control,fields
103,A,106,79,3,CA23,EC,0.1443533150281833,Control,fields
109,A,112,79,3,CA23,EC,0.0027254874861995,Control,parks
113,A,116,79,3,CA23,EC,0.0917780772504871,Control,marshes
127,A,130,79,3,CA23,EC,-0.2499145880691106,Control,marshes
138,A,141,79,3,CA23,EC,-0.0505916935940387,Control,fields
149,A,152,79,3,CA23,EC,2.79033497412933,Control,parks
174,A,177,79,3,CA23,EC,-0.9257278378349106,Control,marshes
183,A,186,79,3,CA23,EC,0.011360517708913,Control,fields
194,A,197,79,3,CA23,EC,-0.0022708627804335,Control,parks
208,A,211,79,3,CA23,EC,-0.453368477637385,Control,fields
219,A,222,79,3,CA23,EC,-0.2206490277968192,Control,fields
11,A,14,79,4,CA23,EC,2.415949185219355,Control,marshes
42,A,45,79,4,CA23,EC,-0.8196903211084696,Control,parks
52,A,55,79,4,CA23,EC,0.418187007359683,Control,parks
63,A,66,79,4,CA23,EC,-1.0861748615748896,Control,fields
74,A,77,79,4,CA23,EC,1.185195348975688,Control,fields
81,A,84,79,4,CA23,EC,0.6328894691166544,Control,marshes
92,A,95,79,4,CA23,EC,1.1193675292567842,Control,marshes
101,A,104,79,4,CA23,EC,0.1891484103283219,Control,marshes
111,A,114,79,4,CA23,EC,0.5357004887394142,Control,parks
118,A,121,79,4,CA23,EC,0.0523367294552966,Control,fields
132,A,135,79,4,CA23,EC,-2.695327333665219,Control,parks
136,A,139,79,4,CA23,EC,0.8549570529574204,Control,marshes
147,A,150,79,4,CA23,EC,2.043854506016745,Control,fields
156,A,159,79,4,CA23,EC,-1.229880235107833,Control,marshes
162,A,165,79,4,CA23,EC,-0.1316418067918724,Control,fields
170,A,173,79,4,CA23,EC,-0.0458333549698416,Control,parks
178,A,181,79,4,CA23,EC,-0.2363436032178529,Control,marshes
189,A,192,79,4,CA23,EC,1.4530814813969637,Control,parks
199,A,202,79,4,CA23,EC,0.0422217080102256,Control,fields
209,A,212,79,4,CA23,EC,-0.0149243985732439,Control,parks
217,A,220,79,4,CA23,EC,-0.0075840634395475,Control,fields
5,A,8,80,2,CA23,EC,1.4298560490185903,Stress,canyons
18,A,21,80,2,CA23,EC,-0.0922274061586921,Stress,fields
26,A,29,80,2,CA23,EC,0.8012505469108798,Stress,beaches
39,A,42,80,2,CA23,EC,0.1396393017750858,Stress,fields
46,A,49,80,2,CA23,EC,0.3488405315805226,Stress,beaches
56,A,59,80,2,CA23,EC,-0.0741192547313705,Stress,fields
65,A,68,80,2,CA23,EC,0.761435618475596,Stress,canyons
75,A,78,80,2,CA23,EC,0.7758933153361748,Stress,fields
81,A,84,80,2,CA23,EC,-0.2816755397179162,Stress,beaches
108,A,111,80,2,CA23,EC,2.927391686112023,Stress,fields
115,A,118,80,2,CA23,EC,0.9363897910537904,Stress,canyons
135,A,138,80,2,CA23,EC,0.9194033578038626,Stress,fields
149,A,152,80,2,CA23,EC,0.3704187188824595,Stress,canyons
154,A,157,80,2,CA23,EC,1.83813948706556,Stress,beaches
171,A,174,80,2,CA23,EC,-0.8313564074076691,Stress,beaches
185,A,188,80,2,CA23,EC,-2.106821661976824,Stress,canyons
192,A,195,80,2,CA23,EC,-0.0419688891557508,Stress,canyons
205,A,208,80,2,CA23,EC,0.6194224699971189,Stress,beaches
216,A,219,80,2,CA23,EC,0.2021082789775211,Stress,fields
229,A,232,80,2,CA23,EC,4.027398203444426,Stress,beaches
236,A,239,80,2,CA23,EC,-0.194922715994792,Stress,canyons
11,A,14,80,3,CA23,EC,-0.3016876586454534,Stress,fields
38,A,41,80,3,CA23,EC,-0.7029970662035281,Stress,canyons
50,A,53,80,3,CA23,EC,-0.1923563771671483,Stress,beaches
59,A,62,80,3,CA23,EC,-0.0959670475718833,Stress,canyons
64,A,67,80,3,CA23,EC,-0.280062839608206,Stress,beaches
73,A,76,80,3,CA23,EC,0.5185393774641623,Stress,canyons
81,A,84,80,3,CA23,EC,0.477893680199829,Stress,beaches
87,A,90,80,3,CA23,EC,-0.980539851309804,Stress,fields
99,A,102,80,3,CA23,EC,-0.0189625206705861,Stress,beaches
106,A,109,80,3,CA23,EC,-0.3914317265518331,Stress,fields
113,A,116,80,3,CA23,EC,-0.4675004584459989,Stress,fields
141,A,144,80,3,CA23,EC,-0.6405574826981714,Stress,beaches
160,A,163,80,3,CA23,EC,-0.0889825932960962,Stress,beaches
168,A,171,80,3,CA23,EC,-0.2165771473761101,Stress,canyons
176,A,179,80,3,CA23,EC,0.5364278357817407,Stress,fields
181,A,184,80,3,CA23,EC,0.1243056257405327,Stress,canyons
194,A,197,80,3,CA23,EC,1.16680796475194,Stress,canyons
219,A,222,80,3,CA23,EC,-0.6175853678652878,Stress,beaches
5,A,8,80,4,CA23,EC,0.0149357118757176,Stress,canyons
10,A,13,80,4,CA23,EC,0.5441882071075106,Stress,fields
24,A,27,80,4,CA23,EC,6.418762217672309,Stress,canyons
40,A,43,80,4,CA23,EC,2.241465831148,Stress,canyons
51,A,54,80,4,CA23,EC,0.2765289961461737,Stress,fields
66,A,69,80,4,CA23,EC,0.1515438281829658,Stress,canyons
76,A,79,80,4,CA23,EC,-0.2785760312805228,Stress,fields
84,A,87,80,4,CA23,EC,-0.8821041576840969,Stress,fields
98,A,101,80,4,CA23,EC,0.4536243542068341,Stress,beaches
104,A,107,80,4,CA23,EC,0.7880800045282861,Stress,canyons
110,A,113,80,4,CA23,EC,0.5607349714979614,Stress,fields
132,A,135,80,4,CA23,EC,1.3458855918532742,Stress,beaches
158,A,161,80,4,CA23,EC,-0.002297157785287,Stress,beaches
188,A,191,80,4,CA23,EC,0.0343869639616288,Stress,beaches
196,A,199,80,4,CA23,EC,-0.2491143999904866,Stress,canyons
16,A,19,81,2,CA23,EC,-2.6981189774269594,Control,waterfalls
22,A,25,81,2,CA23,EC,1.8677554001382632,Control,forests
27,A,30,81,2,CA23,EC,0.0237401421759415,Control,deserts
47,A,50,81,2,CA23,EC,-1.479737420673458,Control,deserts
57,A,60,81,2,CA23,EC,0.7393362183360341,Control,waterfalls
68,A,71,81,2,CA23,EC,-0.3199474402976225,Control,waterfalls
79,A,82,81,2,CA23,EC,0.1782736706838902,Control,waterfalls
85,A,88,81,2,CA23,EC,0.3737140665384558,Control,forests
97,A,100,81,2,CA23,EC,0.0019378772307912,Control,forests
110,A,113,81,2,CA23,EC,-0.5967703754679152,Control,forests
120,A,123,81,2,CA23,EC,0.6007442470057716,Control,forests
125,A,128,81,2,CA23,EC,-0.4255858370095197,Control,deserts
134,A,137,81,2,CA23,EC,0.765919916304133,Control,forests
153,A,156,81,2,CA23,EC,-0.2964557099755622,Control,deserts
166,A,169,81,2,CA23,EC,-0.1285030252749724,Control,forests
182,A,185,81,2,CA23,EC,-0.1921659820521836,Control,deserts
191,A,194,81,2,CA23,EC,0.2959991351714051,Control,waterfalls
200,A,203,81,2,CA23,EC,-0.0012388243276537,Control,waterfalls
206,A,209,81,2,CA23,EC,-1.3380564220603306,Control,deserts
218,A,221,81,2,CA23,EC,-0.2407236151221205,Control,waterfalls
233,A,236,81,2,CA23,EC,0.0051184438840895,Control,deserts
5,A,8,81,3,CA23,EC,0.0419819174983264,Control,waterfalls
16,A,19,81,3,CA23,EC,-0.6271978501582558,Control,forests
37,A,40,81,3,CA23,EC,1.201496947589477,Control,waterfalls
56,A,59,81,3,CA23,EC,-0.753283423817067,Control,waterfalls
68,A,71,81,3,CA23,EC,-0.0564514877439755,Control,deserts
83,A,86,81,3,CA23,EC,-1.1794794433690727,Control,forests
93,A,96,81,3,CA23,EC,0.3543373741316272,Control,waterfalls
101,A,104,81,3,CA23,EC,0.3115524136249336,Control,forests
108,A,111,81,3,CA23,EC,-0.07178912685199,Control,deserts
121,A,124,81,3,CA23,EC,-0.1097639875142167,Control,deserts
129,A,132,81,3,CA23,EC,0.6396898558515971,Control,forests
137,A,140,81,3,CA23,EC,1.4852680208605618,Control,forests
148,A,151,81,3,CA23,EC,-0.7963323012772072,Control,forests
156,A,159,81,3,CA23,EC,0.0274788335966855,Control,waterfalls
160,A,163,81,3,CA23,EC,-0.0135837616003522,Control,deserts
169,A,172,81,3,CA23,EC,-0.0792427397930127,Control,forests
194,A,197,81,3,CA23,EC,0.7078228136009013,Control,deserts
203,A,206,81,3,CA23,EC,0.2999906769394918,Control,deserts
218,A,221,81,3,CA23,EC,0.0865233275214259,Control,waterfalls
224,A,227,81,3,CA23,EC,0.7596275550172439,Control,deserts
235,A,238,81,3,CA23,EC,0.1730967583156944,Control,waterfalls
21,A,24,81,4,CA23,EC,0.2687472077713315,Control,deserts
26,A,29,81,4,CA23,EC,0.0069974736944669,Control,forests
45,A,48,81,4,CA23,EC,0.0814905429898472,Control,forests
58,A,61,81,4,CA23,EC,0.5035156505689288,Control,waterfalls
63,A,66,81,4,CA23,EC,0.2360941864595173,Control,deserts
81,A,84,81,4,CA23,EC,-0.4007397127365928,Control,forests
91,A,94,81,4,CA23,EC,-0.0047910289745293,Control,forests
123,A,126,81,4,CA23,EC,0.8113808551783607,Control,waterfalls
132,A,135,81,4,CA23,EC,3.66571991833295,Control,deserts
144,A,147,81,4,CA23,EC,-0.2480141148781614,Control,deserts
159,A,162,81,4,CA23,EC,0.4685545770446931,Control,forests
165,A,168,81,4,CA23,EC,0.1037878808058713,Control,deserts
178,A,181,81,4,CA23,EC,-2.8113725835006766,Control,deserts
184,A,187,81,4,CA23,EC,0.4961712809788056,Control,waterfalls
191,A,194,81,4,CA23,EC,0.1446188950428238,Control,waterfalls
196,A,199,81,4,CA23,EC,1.2411104906475303,Control,forests
206,A,209,81,4,CA23,EC,0.3087523095748689,Control,waterfalls
212,A,215,81,4,CA23,EC,-0.3040431923013713,Control,deserts
221,A,224,81,4,CA23,EC,0.2021948822100103,Control,waterfalls
230,A,233,81,4,CA23,EC,-0.2208604490776406,Control,waterfalls
235,A,238,81,4,CA23,EC,-0.8142718504150246,Control,forests
17,A,20,82,2,CA23,EC,0.6755573242505817,Control,canyons
32,A,35,82,2,CA23,EC,0.7975255178307548,Control,deserts
43,A,46,82,2,CA23,EC,0.0111210487461179,Control,beaches
58,A,61,82,2,CA23,EC,-2.572271191777656,Control,beaches
66,A,69,82,2,CA23,EC,1.4096189307060756,Control,deserts
72,A,75,82,2,CA23,EC,0.3464124836205431,Control,beaches
82,A,85,82,2,CA23,EC,0.3736204084909193,Control,canyons
100,A,103,82,2,CA23,EC,1.0151408797852846,Control,canyons
115,A,118,82,2,CA23,EC,-0.36445861254014,Control,canyons
123,A,126,82,2,CA23,EC,0.5775789425107491,Control,beaches
130,A,133,82,2,CA23,EC,-0.2974179998351016,Control,deserts
138,A,141,82,2,CA23,EC,0.0101957000552172,Control,canyons
150,A,153,82,2,CA23,EC,0.460181438336127,Control,deserts
177,A,180,82,2,CA23,EC,-0.0181330029798829,Control,canyons
187,A,190,82,2,CA23,EC,0.4755327875199903,Control,beaches
193,A,196,82,2,CA23,EC,2.0411140186066623,Control,deserts
197,A,200,82,2,CA23,EC,-2.0650064580512644,Control,beaches
203,A,206,82,2,CA23,EC,-0.9915641183093838,Control,beaches
210,A,213,82,2,CA23,EC,-0.6155412472700489,Control,deserts
216,A,219,82,2,CA23,EC,-0.0581890680657845,Control,canyons
236,A,239,82,2,CA23,EC,-0.6570020295948523,Control,deserts
8,A,11,82,3,CA23,EC,0.2722589045743989,Control,beaches
19,A,22,82,3,CA23,EC,3.141106331389017,Control,deserts
27,A,30,82,3,CA23,EC,0.1107263322342299,Control,beaches
36,A,39,82,3,CA23,EC,2.0314593297184342,Control,deserts
43,A,46,82,3,CA23,EC,-0.5827529788941868,Control,canyons
52,A,55,82,3,CA23,EC,-0.2249336757481166,Control,beaches
62,A,65,82,3,CA23,EC,0.824259532139233,Control,deserts
70,A,73,82,3,CA23,EC,1.2326850891213816,Control,deserts
78,A,81,82,3,CA23,EC,0.1296368587939577,Control,beaches
84,A,87,82,3,CA23,EC,-0.2558253564822786,Control,deserts
91,A,94,82,3,CA23,EC,-0.6340554632876344,Control,beaches
108,A,111,82,3,CA23,EC,-1.376339114099008,Control,deserts
122,A,125,82,3,CA23,EC,1.7295597942170755,Control,canyons
130,A,133,82,3,CA23,EC,0.2776172747918392,Control,canyons
135,A,138,82,3,CA23,EC,1.298033673736996,Control,beaches
160,A,163,82,3,CA23,EC,-0.8943200973919244,Control,canyons
169,A,172,82,3,CA23,EC,-0.9536613507555908,Control,canyons
187,A,190,82,3,CA23,EC,-0.6714503224760171,Control,deserts
198,A,201,82,3,CA23,EC,1.8114657821621447,Control,beaches
211,A,214,82,3,CA23,EC,-0.0010682576897129,Control,canyons
221,A,224,82,3,CA23,EC,-0.9243701711867864,Control,canyons
12,A,15,82,4,CA23,EC,3.1473444754922646,Control,canyons
28,A,31,82,4,CA23,EC,1.22400540958965,Control,beaches
42,A,45,82,4,CA23,EC,-1.1322616459164705,Control,deserts
56,A,59,82,4,CA23,EC,0.1086895040062707,Control,canyons
66,A,69,82,4,CA23,EC,-0.1045344520010536,Control,deserts
78,A,81,82,4,CA23,EC,0.0308729712636777,Control,deserts
91,A,94,82,4,CA23,EC,1.0627480867799883,Control,beaches
105,A,108,82,4,CA23,EC,1.07136648425814,Control,canyons
114,A,117,82,4,CA23,EC,0.0859197759532242,Control,deserts
132,A,135,82,4,CA23,EC,-0.0301929131900967,Control,canyons
139,A,142,82,4,CA23,EC,-0.9309784438598856,Control,canyons
155,A,158,82,4,CA23,EC,-0.9254525038475044,Control,beaches
166,A,169,82,4,CA23,EC,0.0109902627104777,Control,beaches
176,A,179,82,4,CA23,EC,0.037872587783385,Control,deserts
181,A,184,82,4,CA23,EC,-0.874099190726065,Control,beaches
185,A,188,82,4,CA23,EC,0.9305116004070744,Control,canyons
195,A,198,82,4,CA23,EC,0.0257940013578047,Control,canyons
202,A,205,82,4,CA23,EC,4.335277992180783,Control,beaches
215,A,218,82,4,CA23,EC,1.4730651343046803,Control,deserts
219,A,222,82,4,CA23,EC,-0.0861291270458178,Control,beaches
224,A,227,82,4,CA23,EC,-0.2326160364436337,Control,deserts
20,A,23,83,2,CA23,EC,0.1133418621855199,Control,bridges
29,A,32,83,2,CA23,EC,1.3268782347481214,Control,bridges
35,A,38,83,2,CA23,EC,0.0248392687281493,Control,waterfalls
46,A,49,83,2,CA23,EC,-0.0355358297196357,Control,bridges
54,A,57,83,2,CA23,EC,0.17520914635236,Control,waterfalls
74,A,77,83,2,CA23,EC,-0.3104996000931321,Control,bridges
85,A,88,83,2,CA23,EC,0.9084787554746334,Control,bridges
92,A,95,83,2,CA23,EC,2.305232706892838,Control,waterfalls
104,A,107,83,2,CA23,EC,0.0734954238957981,Control,waterfalls
117,A,120,83,2,CA23,EC,-0.0270519653337398,Control,mountains
140,A,143,83,2,CA23,EC,-0.2637081331092554,Control,mountains
145,A,148,83,2,CA23,EC,0.4144081974085866,Control,bridges
150,A,153,83,2,CA23,EC,-0.4124768444199445,Control,mountains
156,A,159,83,2,CA23,EC,0.2671935752683119,Control,waterfalls
178,A,181,83,2,CA23,EC,-0.0688238575953546,Control,mountains
188,A,191,83,2,CA23,EC,-0.2120275694048645,Control,mountains
193,A,196,83,2,CA23,EC,0.0245457782072158,Control,waterfalls
198,A,201,83,2,CA23,EC,-0.2802220189248531,Control,mountains
208,A,211,83,2,CA23,EC,0.3895640948952349,Control,mountains
225,A,228,83,2,CA23,EC,-0.0929637481660594,Control,waterfalls
235,A,238,83,2,CA23,EC,-0.0307390289999078,Control,bridges
8,A,11,83,3,CA23,EC,-0.013676349027935,Control,waterfalls
18,A,21,83,3,CA23,EC,-0.2315599579649048,Control,waterfalls
25,A,28,83,3,CA23,EC,-0.0161868088133738,Control,mountains
31,A,34,83,3,CA23,EC,0.9397238771052532,Control,bridges
55,A,58,83,3,CA23,EC,-0.9668855191143202,Control,bridges
62,A,65,83,3,CA23,EC,1.0694622763996866,Control,waterfalls
69,A,72,83,3,CA23,EC,-0.4653851035266098,Control,mountains
99,A,102,83,3,CA23,EC,0.6808171991169207,Control,bridges
110,A,113,83,3,CA23,EC,-0.624576008177313,Control,waterfalls
119,A,122,83,3,CA23,EC,1.7256370608684168,Control,bridges
123,A,126,83,3,CA23,EC,-0.0495609316793322,Control,waterfalls
131,A,134,83,3,CA23,EC,-0.2440433067506297,Control,bridges
135,A,138,83,3,CA23,EC,-0.3967094750389277,Control,waterfalls
143,A,146,83,3,CA23,EC,-0.2093304253203272,Control,mountains
147,A,150,83,3,CA23,EC,1.0851438452382811,Control,waterfalls
176,A,179,83,3,CA23,EC,-1.434839305890413,Control,bridges
185,A,188,83,3,CA23,EC,0.3436713421615783,Control,mountains
195,A,198,83,3,CA23,EC,-0.0285855256385189,Control,mountains
206,A,209,83,3,CA23,EC,1.7649453424846775,Control,mountains
215,A,218,83,3,CA23,EC,1.5514569328724963,Control,mountains
229,A,232,83,3,CA23,EC,-0.0706474079807692,Control,bridges
15,A,18,83,4,CA23,EC,0.6953677024951684,Control,bridges
23,A,26,83,4,CA23,EC,-0.4995486579673933,Control,bridges
39,A,42,83,4,CA23,EC,0.4988284827558352,Control,bridges
62,A,65,83,4,CA23,EC,0.3118834249727796,Control,waterfalls
70,A,73,83,4,CA23,EC,-0.2033980138480904,Control,waterfalls
77,A,80,83,4,CA23,EC,-0.6583935788647267,Control,mountains
89,A,92,83,4,CA23,EC,0.0498679417685472,Control,waterfalls
110,A,113,83,4,CA23,EC,-0.7912549833786834,Control,waterfalls
120,A,123,83,4,CA23,EC,0.2780236817283378,Control,bridges
129,A,132,83,4,CA23,EC,-0.934062346831389,Control,waterfalls
147,A,150,83,4,CA23,EC,-0.3483354137713954,Control,mountains
154,A,157,83,4,CA23,EC,-0.426618294334023,Control,bridges
158,A,161,83,4,CA23,EC,0.3261225489253017,Control,mountains
163,A,166,83,4,CA23,EC,1.0212897656315845,Control,waterfalls
172,A,175,83,4,CA23,EC,0.4597195478386772,Control,mountains
177,A,180,83,4,CA23,EC,-0.4038584339441737,Control,waterfalls
196,A,199,83,4,CA23,EC,0.2866886063744403,Control,mountains
214,A,217,83,4,CA23,EC,-0.6865145256115781,Control,bridges
221,A,224,83,4,CA23,EC,0.4847317935309511,Control,mountains
231,A,234,83,4,CA23,EC,-3.0177573886315634,Control,bridges
238,A,241,83,4,CA23,EC,-0.0152099245301928,Control,mountains
8,A,11,84,2,CA23,EC,-2.20496717545109,Stress,forests
23,A,26,84,2,CA23,EC,2.068000307835371,Stress,bridges
29,A,32,84,2,CA23,EC,0.2421646387931393,Stress,deserts
40,A,43,84,2,CA23,EC,0.6627558176515128,Stress,forests
48,A,51,84,2,CA23,EC,-0.3121859522094455,Stress,forests
55,A,58,84,2,CA23,EC,0.269695212861757,Stress,forests
64,A,67,84,2,CA23,EC,-0.2257383896584877,Stress,deserts
73,A,76,84,2,CA23,EC,0.1674248202078276,Stress,bridges
103,A,106,84,2,CA23,EC,-0.121677882333458,Stress,deserts
108,A,111,84,2,CA23,EC,-0.2463014267954263,Stress,bridges
115,A,118,84,2,CA23,EC,-0.0130915711845628,Stress,forests
127,A,130,84,2,CA23,EC,0.3074028309605888,Stress,forests
135,A,138,84,2,CA23,EC,1.1201976172206465,Stress,deserts
140,A,143,84,2,CA23,EC,-0.4589717917612639,Stress,bridges
152,A,155,84,2,CA23,EC,-1.3037917803418615,Stress,deserts
172,A,175,84,2,CA23,EC,0.0060934537115559,Stress,deserts
182,A,185,84,2,CA23,EC,0.4814176862312945,Stress,bridges
199,A,202,84,2,CA23,EC,-0.1041980254563312,Stress,bridges
213,A,216,84,2,CA23,EC,0.3260602866480285,Stress,bridges
223,A,226,84,2,CA23,EC,0.0558385025108888,Stress,forests
233,A,236,84,2,CA23,EC,0.8010675651683794,Stress,deserts
16,A,19,84,3,CA23,EC,-0.532041982711483,Stress,deserts
30,A,33,84,3,CA23,EC,0.0016077604339279,Stress,bridges
40,A,43,84,3,CA23,EC,1.0168959897145626,Stress,deserts
49,A,52,84,3,CA23,EC,1.0121502035925631,Stress,deserts
64,A,67,84,3,CA23,EC,0.0569670848965309,Stress,bridges
71,A,74,84,3,CA23,EC,0.0021611509232115,Stress,forests
86,A,89,84,3,CA23,EC,0.0216390547062469,Stress,bridges
92,A,95,84,3,CA23,EC,-0.0103335496314785,Stress,forests
102,A,105,84,3,CA23,EC,1.2635344658046428,Stress,bridges
106,A,109,84,3,CA23,EC,-1.317000013909205,Stress,deserts
116,A,119,84,3,CA23,EC,0.8302706937502673,Stress,deserts
123,A,126,84,3,CA23,EC,0.0462086761984846,Stress,bridges
127,A,130,84,3,CA23,EC,0.97992102487311,Stress,forests
149,A,152,84,3,CA23,EC,0.0762351367898917,Stress,deserts
161,A,164,84,3,CA23,EC,1.637335779115881,Stress,forests
166,A,169,84,3,CA23,EC,0.2524445824006038,Stress,deserts
192,A,195,84,3,CA23,EC,0.193446183176326,Stress,forests
209,A,212,84,3,CA23,EC,0.1967085255510452,Stress,forests
216,A,219,84,3,CA23,EC,-1.4097743932329814,Stress,forests
226,A,229,84,3,CA23,EC,2.801808654867882,Stress,bridges
235,A,238,84,3,CA23,EC,4.1598669139238025,Stress,bridges
5,A,8,84,4,CA23,EC,-0.0079811714362197,Stress,forests
18,A,21,84,4,CA23,EC,-1.6025365535282357,Stress,deserts
23,A,26,84,4,CA23,EC,-1.0118781834291624,Stress,forests
31,A,34,84,4,CA23,EC,-0.0321985816401049,Stress,deserts
43,A,46,84,4,CA23,EC,0.4099265474998248,Stress,deserts
60,A,63,84,4,CA23,EC,0.5546563333721763,Stress,forests
74,A,77,84,4,CA23,EC,0.932519591798346,Stress,bridges
83,A,86,84,4,CA23,EC,1.7115393220594413,Stress,bridges
89,A,92,84,4,CA23,EC,-0.928695830322302,Stress,deserts
93,A,96,84,4,CA23,EC,0.1727410866090925,Stress,bridges
125,A,128,84,4,CA23,EC,3.944668905867336,Stress,deserts
133,A,136,84,4,CA23,EC,0.8444437140478929,Stress,bridges
151,A,154,84,4,CA23,EC,0.291326961246482,Stress,deserts
163,A,166,84,4,CA23,EC,-0.0654257800742102,Stress,bridges
171,A,174,84,4,CA23,EC,-0.0287545884250818,Stress,forests
177,A,180,84,4,CA23,EC,0.0962585071166373,Stress,bridges
190,A,193,84,4,CA23,EC,-0.6834784134606834,Stress,forests
195,A,198,84,4,CA23,EC,-0.0008976404403115,Stress,bridges
203,A,206,84,4,CA23,EC,-2.891664358966314,Stress,forests
225,A,228,84,4,CA23,EC,0.0512890488070382,Stress,forests
234,A,237,84,4,CA23,EC,-2.287006067137803,Stress,deserts
28,A,31,85,2,CA23,EC,0.1800536823417208,Stress,lighthouses
42,A,45,85,2,CA23,EC,-0.5276581899460778,Stress,parks
47,A,50,85,2,CA23,EC,0.0465485352161053,Stress,lighthouses
57,A,60,85,2,CA23,EC,2.345270453869491,Stress,parks
70,A,73,85,2,CA23,EC,1.512050489003532,Stress,bridges
75,A,78,85,2,CA23,EC,0.0252173661160081,Stress,lighthouses
82,A,85,85,2,CA23,EC,1.0941823955444852,Stress,bridges
103,A,106,85,2,CA23,EC,-7.36736792333922e-05,Stress,bridges
111,A,114,85,2,CA23,EC,0.0072499283732447,Stress,lighthouses
117,A,120,85,2,CA23,EC,-0.1632396843146044,Stress,bridges
124,A,127,85,2,CA23,EC,-2.096185271059956,Stress,parks
132,A,135,85,2,CA23,EC,0.7062591552484603,Stress,lighthouses
150,A,153,85,2,CA23,EC,0.178333861873193,Stress,bridges
155,A,158,85,2,CA23,EC,2.449086133874901,Stress,lighthouses
161,A,164,85,2,CA23,EC,0.7441416888801988,Stress,parks
179,A,182,85,2,CA23,EC,0.8972919373474164,Stress,parks
185,A,188,85,2,CA23,EC,0.098671679038982,Stress,bridges
198,A,201,85,2,CA23,EC,-1.3392285617340929,Stress,bridges
209,A,212,85,2,CA23,EC,-0.2204336519336748,Stress,parks
216,A,219,85,2,CA23,EC,-0.0072673498931072,Stress,lighthouses
235,A,238,85,2,CA23,EC,2.314798398970201,Stress,parks
9,A,12,85,3,CA23,EC,0.0021295069101759,Stress,lighthouses
15,A,18,85,3,CA23,EC,-0.0597223995832933,Stress,bridges
20,A,23,85,3,CA23,EC,0.060434868100855,Stress,parks
49,A,52,85,3,CA23,EC,0.0803116706054274,Stress,lighthouses
54,A,57,85,3,CA23,EC,0.3958031567539061,Stress,parks
70,A,73,85,3,CA23,EC,-0.7424086249708381,Stress,bridges
81,A,84,85,3,CA23,EC,-1.4844516360778504,Stress,bridges
89,A,92,85,3,CA23,EC,-0.072593917873328,Stress,parks
95,A,98,85,3,CA23,EC,-0.5601516849525171,Stress,bridges
112,A,115,85,3,CA23,EC,-0.0900301734796017,Stress,parks
117,A,120,85,3,CA23,EC,-2.178324046479517,Stress,lighthouses
135,A,138,85,3,CA23,EC,-0.7153355492462876,Stress,bridges
140,A,143,85,3,CA23,EC,-0.128027163814864,Stress,lighthouses
149,A,152,85,3,CA23,EC,1.6379152132452506,Stress,lighthouses
153,A,156,85,3,CA23,EC,0.1153863274726901,Stress,bridges
157,A,160,85,3,CA23,EC,0.0108610045978628,Stress,parks
166,A,169,85,3,CA23,EC,-0.2533602390420176,Stress,bridges
172,A,175,85,3,CA23,EC,0.7683861825835264,Stress,lighthouses
186,A,189,85,3,CA23,EC,-2.300003238921611,Stress,parks
198,A,201,85,3,CA23,EC,0.2644582655896811,Stress,parks
229,A,232,85,3,CA23,EC,-0.0931670175320382,Stress,lighthouses
7,A,10,85,4,CA23,EC,-0.0761737899185262,Stress,bridges
18,A,21,85,4,CA23,EC,-0.0049781310202358,Stress,lighthouses
27,A,30,85,4,CA23,EC,-0.3365303420194444,Stress,parks
33,A,36,85,4,CA23,EC,-0.3232185808462511,Stress,lighthouses
50,A,53,85,4,CA23,EC,0.1830907325822473,Stress,lighthouses
55,A,58,85,4,CA23,EC,-0.08426609111619,Stress,bridges
60,A,63,85,4,CA23,EC,-0.6384340365997347,Stress,lighthouses
72,A,75,85,4,CA23,EC,-0.088510189745596,Stress,parks
95,A,98,85,4,CA23,EC,-0.4700430382951393,Stress,parks
103,A,106,85,4,CA23,EC,-0.0026178539869498,Stress,parks
107,A,110,85,4,CA23,EC,-0.4740064255134377,Stress,bridges
117,A,120,85,4,CA23,EC,0.1135106643062413,Stress,bridges
140,A,143,85,4,CA23,EC,-0.0020507758576233,Stress,lighthouses
156,A,159,85,4,CA23,EC,2.712935895448947,Stress,lighthouses
165,A,168,85,4,CA23,EC,-0.2346357696697701,Stress,parks
174,A,177,85,4,CA23,EC,0.3721911026143389,Stress,bridges
185,A,188,85,4,CA23,EC,-0.4720129039499045,Stress,parks
200,A,203,85,4,CA23,EC,0.052730350447154,Stress,bridges
209,A,212,85,4,CA23,EC,-0.3157573307777663,Stress,bridges
222,A,225,85,4,CA23,EC,0.0041208063211311,Stress,lighthouses
229,A,232,85,4,CA23,EC,0.5348096765148769,Stress,parks
5,A,8,86,2,CA23,EC,0.3156705967367718,Control,mountains
12,A,15,86,2,CA23,EC,-0.195149467745706,Control,waterfalls
25,A,28,86,2,CA23,EC,-1.469141890801893,Control,waterfalls
29,A,32,86,2,CA23,EC,1.3148731966288776,Control,lakes
47,A,50,86,2,CA23,EC,0.2942912034142271,Control,mountains
56,A,59,86,2,CA23,EC,-0.4229280252630949,Control,mountains
67,A,70,86,2,CA23,EC,0.3797233614309277,Control,waterfalls
73,A,76,86,2,CA23,EC,-0.2706167485581601,Control,lakes
88,A,91,86,2,CA23,EC,1.10289975825744,Control,lakes
111,A,114,86,2,CA23,EC,-0.0330733967362636,Control,mountains
124,A,127,86,2,CA23,EC,-1.167398918581266,Control,mountains
140,A,143,86,2,CA23,EC,1.9295356157091692,Control,lakes
146,A,149,86,2,CA23,EC,0.51845303535453,Control,waterfalls
157,A,160,86,2,CA23,EC,1.110148252351866,Control,lakes
168,A,171,86,2,CA23,EC,-0.5915606368853847,Control,mountains
176,A,179,86,2,CA23,EC,0.4333150088131572,Control,lakes
191,A,194,86,2,CA23,EC,3.861157777681115,Control,waterfalls
197,A,200,86,2,CA23,EC,8.229171385599016e-05,Control,mountains
210,A,213,86,2,CA23,EC,0.2459793230796479,Control,lakes
217,A,220,86,2,CA23,EC,-0.0532713622376744,Control,waterfalls
227,A,230,86,2,CA23,EC,0.0098765887205343,Control,waterfalls
5,A,8,86,3,CA23,EC,-0.3961864869193134,Control,waterfalls
22,A,25,86,3,CA23,EC,0.2736233476402918,Control,waterfalls
33,A,36,86,3,CA23,EC,0.5676527494456381,Control,mountains
38,A,41,86,3,CA23,EC,-0.0216011349171755,Control,lakes
46,A,49,86,3,CA23,EC,-0.0457329344806864,Control,mountains
57,A,60,86,3,CA23,EC,-0.0007016877813681,Control,mountains
66,A,69,86,3,CA23,EC,8.409108005731847e-05,Control,lakes
81,A,84,86,3,CA23,EC,-0.3102606975319468,Control,waterfalls
87,A,90,86,3,CA23,EC,0.0879709711348846,Control,lakes
98,A,101,86,3,CA23,EC,0.275026106906338,Control,waterfalls
111,A,114,86,3,CA23,EC,-0.0041054559751765,Control,waterfalls
120,A,123,86,3,CA23,EC,-0.9566498423092008,Control,lakes
126,A,129,86,3,CA23,EC,0.3818898418876587,Control,mountains
138,A,141,86,3,CA23,EC,0.4143347433007682,Control,mountains
148,A,151,86,3,CA23,EC,-0.5350997926695263,Control,lakes
194,A,197,86,3,CA23,EC,0.4497782373352874,Control,mountains
202,A,205,86,3,CA23,EC,-0.0039903066103036,Control,waterfalls
209,A,212,86,3,CA23,EC,0.0637275903644218,Control,mountains
216,A,219,86,3,CA23,EC,-0.594505246510145,Control,lakes
226,A,229,86,3,CA23,EC,-0.0384155266138761,Control,waterfalls
236,A,239,86,3,CA23,EC,-0.2789793984362039,Control,lakes
11,A,14,86,4,CA23,EC,0.047958939897207,Control,mountains
25,A,28,86,4,CA23,EC,0.3068428866309447,Control,lakes
31,A,34,86,4,CA23,EC,-0.6782722588025468,Control,waterfalls
38,A,41,86,4,CA23,EC,-1.8005416567987702,Control,lakes
46,A,49,86,4,CA23,EC,0.2306089940801632,Control,waterfalls
63,A,66,86,4,CA23,EC,0.0078424795533594,Control,lakes
78,A,81,86,4,CA23,EC,0.0087490649669941,Control,waterfalls
83,A,86,86,4,CA23,EC,0.4652976873721225,Control,lakes
114,A,117,86,4,CA23,EC,0.0122496802971988,Control,mountains
128,A,131,86,4,CA23,EC,0.2489887212036875,Control,lakes
137,A,140,86,4,CA23,EC,0.0438580184667968,Control,waterfalls
145,A,148,86,4,CA23,EC,-1.170032920970798,Control,mountains
157,A,160,86,4,CA23,EC,-0.1240382688576314,Control,mountains
164,A,167,86,4,CA23,EC,0.5050309655334575,Control,waterfalls
176,A,179,86,4,CA23,EC,-0.4195106223297428,Control,waterfalls
198,A,201,86,4,CA23,EC,0.8791863706386881,Control,waterfalls
204,A,207,86,4,CA23,EC,0.0135584193581587,Control,lakes
208,A,211,86,4,CA23,EC,0.4038553781854809,Control,mountains
223,A,226,86,4,CA23,EC,0.0015998109763508,Control,mountains
229,A,232,86,4,CA23,EC,0.0266172079554148,Control,lakes
235,A,238,86,4,CA23,EC,4.210895284946697,Control,mountains
11,A,14,87,2,CA23,EC,0.6572474340957549,Control,mountains
19,A,22,87,2,CA23,EC,-0.0436105203531626,Control,canyons
25,A,28,87,2,CA23,EC,0.9900262848774516,Control,mountains
34,A,37,87,2,CA23,EC,-0.2971167276695498,Control,marshes
51,A,54,87,2,CA23,EC,-5.11457852205333,Control,marshes
68,A,71,87,2,CA23,EC,-1.2745212822685097,Control,mountains
75,A,78,87,2,CA23,EC,0.3081194910013661,Control,marshes
85,A,88,87,2,CA23,EC,0.1363093951044888,Control,mountains
94,A,97,87,2,CA23,EC,-0.2680733440435416,Control,canyons
108,A,111,87,2,CA23,EC,-0.1867050324416061,Control,mountains
119,A,122,87,2,CA23,EC,0.0500027311945095,Control,canyons
133,A,136,87,2,CA23,EC,-0.6364935294275874,Control,canyons
152,A,155,87,2,CA23,EC,-0.6971434775011471,Control,marshes
160,A,163,87,2,CA23,EC,-0.1581857656596169,Control,canyons
174,A,177,87,2,CA23,EC,-1.020567158488438,Control,canyons
192,A,195,87,2,CA23,EC,-0.6372476691826945,Control,mountains
197,A,200,87,2,CA23,EC,0.2211270001293063,Control,marshes
203,A,206,87,2,CA23,EC,-0.0829559832990127,Control,canyons
219,A,222,87,2,CA23,EC,3.84575454209758,Control,marshes
229,A,232,87,2,CA23,EC,0.0755633590929479,Control,mountains
236,A,239,87,2,CA23,EC,0.0120586805558075,Control,marshes
12,A,15,87,3,CA23,EC,0.3782105515287016,Control,mountains
22,A,25,87,3,CA23,EC,-0.006033595279197,Control,mountains
28,A,31,87,3,CA23,EC,1.0144854638769378,Control,canyons
35,A,38,87,3,CA23,EC,0.2074808417985975,Control,mountains
48,A,51,87,3,CA23,EC,0.5589249386851839,Control,canyons
57,A,60,87,3,CA23,EC,0.438788155538359,Control,mountains
63,A,66,87,3,CA23,EC,-0.0061603800725972,Control,canyons
85,A,88,87,3,CA23,EC,0.5174329272177858,Control,mountains
100,A,103,87,3,CA23,EC,-0.8151504038844429,Control,marshes
106,A,109,87,3,CA23,EC,-0.0096906043111997,Control,canyons
115,A,118,87,3,CA23,EC,-0.1667587038276006,Control,marshes
128,A,131,87,3,CA23,EC,0.0335981959174302,Control,marshes
134,A,137,87,3,CA23,EC,-0.1145477793492639,Control,canyons
141,A,144,87,3,CA23,EC,-0.1586996618384558,Control,mountains
167,A,170,87,3,CA23,EC,0.7394213055851008,Control,marshes
173,A,176,87,3,CA23,EC,-0.0068707409471272,Control,mountains
177,A,180,87,3,CA23,EC,-0.0266503831904834,Control,canyons
190,A,193,87,3,CA23,EC,0.1662776330949931,Control,canyons
200,A,203,87,3,CA23,EC,-0.1163502566525587,Control,marshes
214,A,217,87,3,CA23,EC,0.7447025955953722,Control,marshes
229,A,232,87,3,CA23,EC,-0.5368221122302074,Control,marshes
18,A,21,87,4,CA23,EC,1.1797024689460114,Control,mountains
29,A,32,87,4,CA23,EC,0.170848873443348,Control,marshes
43,A,46,87,4,CA23,EC,0.5657355037203142,Control,canyons
54,A,57,87,4,CA23,EC,0.0646713889379346,Control,mountains
63,A,66,87,4,CA23,EC,-0.1424900876561625,Control,marshes
71,A,74,87,4,CA23,EC,-1.3490993808791727,Control,canyons
76,A,79,87,4,CA23,EC,0.5371948217123024,Control,marshes
97,A,100,87,4,CA23,EC,-0.078131177590657,Control,mountains
101,A,104,87,4,CA23,EC,-0.1304734846321382,Control,canyons
109,A,112,87,4,CA23,EC,-0.727539744472133,Control,canyons
118,A,121,87,4,CA23,EC,0.1338533759697318,Control,marshes
124,A,127,87,4,CA23,EC,0.0083185500082693,Control,mountains
132,A,135,87,4,CA23,EC,-0.3710371687122707,Control,marshes
136,A,139,87,4,CA23,EC,0.0007138734846413,Control,canyons
153,A,156,87,4,CA23,EC,-1.6041177998489022,Control,marshes
172,A,175,87,4,CA23,EC,0.6521511877382753,Control,mountains
186,A,189,87,4,CA23,EC,-0.495732221424709,Control,marshes
193,A,196,87,4,CA23,EC,0.010124105006319,Control,canyons
207,A,210,87,4,CA23,EC,0.0774767613480002,Control,canyons
219,A,222,87,4,CA23,EC,-3.458833810524742,Control,mountains
237,A,240,87,4,CA23,EC,0.6447200749888529,Control,mountains
13,A,16,88,2,CA23,EC,-0.0039547357563844,Stress,parks
19,A,22,88,2,CA23,EC,-0.0539688356181519,Stress,canyons
32,A,35,88,2,CA23,EC,0.8819542456222341,Stress,fields
41,A,44,88,2,CA23,EC,0.0852911681755185,Stress,fields
48,A,51,88,2,CA23,EC,-0.6010167811456992,Stress,fields
56,A,59,88,2,CA23,EC,-2.1903654013425973,Stress,parks
71,A,74,88,2,CA23,EC,-0.585436385637257,Stress,fields
76,A,79,88,2,CA23,EC,1.2938966431471772,Stress,canyons
86,A,89,88,2,CA23,EC,0.0795228385985326,Stress,canyons
94,A,97,88,2,CA23,EC,-0.5227523249791918,Stress,fields
106,A,109,88,2,CA23,EC,-0.1873969381714037,Stress,parks
129,A,132,88,2,CA23,EC,1.7148680655081436,Stress,parks
136,A,139,88,2,CA23,EC,-0.0205116798332895,Stress,canyons
148,A,151,88,2,CA23,EC,0.167271086033475,Stress,canyons
154,A,157,88,2,CA23,EC,2.646667121151203,Stress,parks
189,A,192,88,2,CA23,EC,-1.496207855106949,Stress,parks
201,A,204,88,2,CA23,EC,-0.3605090868825491,Stress,canyons
208,A,211,88,2,CA23,EC,-2.13856187900241,Stress,fields
219,A,222,88,2,CA23,EC,0.6527323058522972,Stress,canyons
225,A,228,88,2,CA23,EC,0.6574997151077342,Stress,parks
230,A,233,88,2,CA23,EC,0.4338438481829296,Stress,fields
11,A,14,88,3,CA23,EC,-0.002238188154359,Stress,fields
20,A,23,88,3,CA23,EC,0.5020004125477106,Stress,canyons
44,A,47,88,3,CA23,EC,-1.1546075354469831,Stress,parks
51,A,54,88,3,CA23,EC,0.2167791315164631,Stress,fields
57,A,60,88,3,CA23,EC,-0.2108655188875885,Stress,canyons
69,A,72,88,3,CA23,EC,0.6359642868366244,Stress,canyons
79,A,82,88,3,CA23,EC,-0.161348863517771,Stress,parks
93,A,96,88,3,CA23,EC,0.4841472629077537,Stress,canyons
106,A,109,88,3,CA23,EC,0.0131562786215889,Stress,fields
114,A,117,88,3,CA23,EC,0.6118412216199124,Stress,parks
120,A,123,88,3,CA23,EC,0.0864792712596182,Stress,fields
124,A,127,88,3,CA23,EC,3.1820215533747387,Stress,canyons
131,A,134,88,3,CA23,EC,-0.0241586049227802,Stress,parks
153,A,156,88,3,CA23,EC,0.2966078038730348,Stress,fields
159,A,162,88,3,CA23,EC,0.2547580242770363,Stress,canyons
165,A,168,88,3,CA23,EC,0.6704761355105491,Stress,parks
183,A,186,88,3,CA23,EC,-0.2030687635555173,Stress,parks
194,A,197,88,3,CA23,EC,-0.7484005388700677,Stress,fields
209,A,212,88,3,CA23,EC,-3.750513983640564,Stress,canyons
230,A,233,88,3,CA23,EC,-0.6121575233185339,Stress,fields
234,A,237,88,3,CA23,EC,-1.0950450015428,Stress,parks
5,A,8,88,4,CA23,EC,-0.4130229125620617,Stress,parks
15,A,18,88,4,CA23,EC,-0.3435044893122365,Stress,canyons
19,A,22,88,4,CA23,EC,0.1446218246600215,Stress,fields
28,A,31,88,4,CA23,EC,0.0045076488975379,Stress,fields
41,A,44,88,4,CA23,EC,-0.8215449130960039,Stress,fields
46,A,49,88,4,CA23,EC,-1.6408109467048535,Stress,canyons
54,A,57,88,4,CA23,EC,-1.2382096774902678,Stress,canyons
62,A,65,88,4,CA23,EC,0.5969743811569592,Stress,parks
72,A,75,88,4,CA23,EC,0.002691112691224,Stress,canyons
89,A,92,88,4,CA23,EC,-2.263597336233312,Stress,parks
98,A,101,88,4,CA23,EC,-2.1190032311362548,Stress,parks
115,A,118,88,4,CA23,EC,-0.3380579446151594,Stress,parks
120,A,123,88,4,CA23,EC,0.8470366231466111,Stress,fields
126,A,129,88,4,CA23,EC,0.1005926648398367,Stress,parks
133,A,136,88,4,CA23,EC,-0.6791166335676542,Stress,canyons
147,A,150,88,4,CA23,EC,0.0412214196273097,Stress,canyons
174,A,177,88,4,CA23,EC,-0.0006197110566553,Stress,fields
181,A,184,88,4,CA23,EC,-1.670383127225088,Stress,fields
199,A,202,88,4,CA23,EC,-0.7850720146031703,Stress,parks
209,A,212,88,4,CA23,EC,4.017736060471857,Stress,canyons
231,A,234,88,4,CA23,EC,0.0093932252543175,Stress,fields
14,A,17,89,2,CA23,EC,-0.1486904052614692,Control,beaches
21,A,24,89,2,CA23,EC,0.0012059221369554,Control,deserts
29,A,32,89,2,CA23,EC,0.0286750973708393,Control,deserts
51,A,54,89,2,CA23,EC,0.1390601391504899,Control,beaches
58,A,61,89,2,CA23,EC,0.0019838296381986,Control,bridges
64,A,67,89,2,CA23,EC,1.1595814279623882,Control,deserts
73,A,76,89,2,CA23,EC,0.3289541608922356,Control,bridges
81,A,84,89,2,CA23,EC,-0.1401536154729825,Control,beaches
97,A,100,89,2,CA23,EC,0.895040728113844,Control,deserts
102,A,105,89,2,CA23,EC,0.3556617249902766,Control,beaches
114,A,117,89,2,CA23,EC,-1.8416279632958508,Control,beaches
127,A,130,89,2,CA23,EC,0.2550908037681487,Control,beaches
136,A,139,89,2,CA23,EC,-0.4560099623676473,Control,deserts
143,A,146,89,2,CA23,EC,1.1512445211371551,Control,deserts
151,A,154,89,2,CA23,EC,-0.1245286370191413,Control,bridges
181,A,184,89,2,CA23,EC,-0.2898351410646433,Control,bridges
189,A,192,89,2,CA23,EC,-0.0042081956250321,Control,deserts
198,A,201,89,2,CA23,EC,0.0862050100346583,Control,bridges
212,A,215,89,2,CA23,EC,0.7388799869042162,Control,beaches
219,A,222,89,2,CA23,EC,-1.79638063196381,Control,bridges
235,A,238,89,2,CA23,EC,-0.0226676046977725,Control,bridges
7,A,10,89,3,CA23,EC,0.0769558605597295,Control,beaches
28,A,31,89,3,CA23,EC,0.0628324514103143,Control,bridges
35,A,38,89,3,CA23,EC,0.0087750544037175,Control,bridges
45,A,48,89,3,CA23,EC,-0.1570898223863276,Control,beaches
53,A,56,89,3,CA23,EC,0.3059426638177659,Control,beaches
65,A,68,89,3,CA23,EC,-1.4721604145191325,Control,bridges
79,A,82,89,3,CA23,EC,0.169384991580936,Control,bridges
87,A,90,89,3,CA23,EC,1.5331230312623327,Control,deserts
111,A,114,89,3,CA23,EC,0.6617123644132002,Control,beaches
124,A,127,89,3,CA23,EC,0.7673788944330538,Control,bridges
128,A,131,89,3,CA23,EC,0.582125419474057,Control,deserts
139,A,142,89,3,CA23,EC,-0.10941769490128,Control,beaches
145,A,148,89,3,CA23,EC,-0.219278169308801,Control,deserts
159,A,162,89,3,CA23,EC,-0.4199817234353439,Control,deserts
167,A,170,89,3,CA23,EC,-0.604593602210242,Control,beaches
173,A,176,89,3,CA23,EC,-0.2946582180844105,Control,bridges
183,A,186,89,3,CA23,EC,-0.0752158912277923,Control,deserts
193,A,196,89,3,CA23,EC,-0.3367542465274766,Control,bridges
208,A,211,89,3,CA23,EC,0.5027929864643088,Control,beaches
220,A,223,89,3,CA23,EC,2.789310147246189,Control,deserts
229,A,232,89,3,CA23,EC,-0.8404877162831829,Control,deserts
8,A,11,89,4,CA23,EC,0.4047122451047807,Control,bridges
14,A,17,89,4,CA23,EC,-0.1564384042006058,Control,beaches
37,A,40,89,4,CA23,EC,0.0007948686821707,Control,bridges
42,A,45,89,4,CA23,EC,4.32226054115148,Control,deserts
62,A,65,89,4,CA23,EC,1.0973774870460222,Control,beaches
75,A,78,89,4,CA23,EC,0.0400385422046405,Control,bridges
81,A,84,89,4,CA23,EC,-0.1578933157329108,Control,deserts
90,A,93,89,4,CA23,EC,-0.8386113717093623,Control,beaches
94,A,97,89,4,CA23,EC,-0.2820592845946318,Control,bridges
107,A,110,89,4,CA23,EC,0.0902977234795933,Control,bridges
120,A,123,89,4,CA23,EC,-0.8284626688656429,Control,beaches
136,A,139,89,4,CA23,EC,0.9660525742029612,Control,deserts
145,A,148,89,4,CA23,EC,2.782897554764301,Control,deserts
164,A,167,89,4,CA23,EC,-0.3434464012041789,Control,deserts
183,A,186,89,4,CA23,EC,-1.3907169213081312,Control,beaches
190,A,193,89,4,CA23,EC,1.0063395205959005,Control,bridges
202,A,205,89,4,CA23,EC,3.1551278464734045,Control,deserts
209,A,212,89,4,CA23,EC,0.2610226315466674,Control,beaches
214,A,217,89,4,CA23,EC,-0.0087973832556651,Control,deserts
230,A,233,89,4,CA23,EC,-0.102702399260447,Control,beaches
237,A,240,89,4,CA23,EC,-0.0082465219688937,Control,bridges
5,A,8,90,2,CA23,EC,0.0056884806902009,Stress,mountains
35,A,38,90,2,CA23,EC,0.5395848892239621,Stress,beaches
47,A,50,90,2,CA23,EC,-0.4859402096393392,Stress,mountains
57,A,60,90,2,CA23,EC,0.747276507777631,Stress,beaches
64,A,67,90,2,CA23,EC,-1.2064489496740771,Stress,mountains
82,A,85,90,2,CA23,EC,-0.6593328969287665,Stress,beaches
90,A,93,90,2,CA23,EC,-0.5125400238688295,Stress,canyons
102,A,105,90,2,CA23,EC,0.4812926432036333,Stress,canyons
113,A,116,90,2,CA23,EC,-0.7703393747154715,Stress,beaches
120,A,123,90,2,CA23,EC,0.1597861882388132,Stress,beaches
130,A,133,90,2,CA23,EC,0.0513326592336805,Stress,canyons
149,A,152,90,2,CA23,EC,-0.2403779946112051,Stress,mountains
158,A,161,90,2,CA23,EC,0.5146046760547718,Stress,beaches
163,A,166,90,2,CA23,EC,-0.1694531747160169,Stress,canyons
174,A,177,90,2,CA23,EC,-0.4935333996973483,Stress,canyons
180,A,183,90,2,CA23,EC,0.1069894983594407,Stress,mountains
198,A,201,90,2,CA23,EC,0.2231827221870312,Stress,canyons
210,A,213,90,2,CA23,EC,1.386094432422182,Stress,mountains
226,A,229,90,2,CA23,EC,-0.0861343314540615,Stress,beaches
231,A,234,90,2,CA23,EC,0.0140922955340576,Stress,canyons
236,A,239,90,2,CA23,EC,0.0496861898849444,Stress,mountains
11,A,14,90,3,CA23,EC,-0.1211869016074361,Stress,canyons
22,A,25,90,3,CA23,EC,-3.073786104860761,Stress,mountains
29,A,32,90,3,CA23,EC,-0.3580680021367395,Stress,mountains
38,A,41,90,3,CA23,EC,1.552382941922807,Stress,canyons
48,A,51,90,3,CA23,EC,-0.7872776899809343,Stress,canyons
59,A,62,90,3,CA23,EC,-0.3269153123719317,Stress,beaches
64,A,67,90,3,CA23,EC,-0.1564372486313695,Stress,mountains
73,A,76,90,3,CA23,EC,0.0633290815005706,Stress,beaches
87,A,90,90,3,CA23,EC,-0.0845025057204565,Stress,canyons
105,A,108,90,3,CA23,EC,-1.3639978609050725,Stress,canyons
110,A,113,90,3,CA23,EC,-0.6136343467958393,Stress,beaches
129,A,132,90,3,CA23,EC,0.8384865435110685,Stress,mountains
146,A,149,90,3,CA23,EC,0.2859492126516839,Stress,canyons
156,A,159,90,3,CA23,EC,4.816871154144303,Stress,beaches
172,A,175,90,3,CA23,EC,-0.0070939907458457,Stress,mountains
198,A,201,90,3,CA23,EC,1.1256446138586351,Stress,beaches
209,A,212,90,3,CA23,EC,2.6136203930025688,Stress,beaches
215,A,218,90,3,CA23,EC,0.7622439460451833,Stress,mountains
223,A,226,90,3,CA23,EC,-0.1933311104303898,Stress,mountains
227,A,230,90,3,CA23,EC,4.769666525765958,Stress,canyons
234,A,237,90,3,CA23,EC,0.3975615001295463,Stress,beaches
11,A,14,90,4,CA23,EC,3.8179598511491752,Stress,mountains
53,A,56,90,4,CA23,EC,-0.0972287095826892,Stress,beaches
63,A,66,90,4,CA23,EC,0.7283018604953742,Stress,canyons
70,A,73,90,4,CA23,EC,-0.0480171945238552,Stress,canyons
79,A,82,90,4,CA23,EC,-0.6193643234006491,Stress,beaches
86,A,89,90,4,CA23,EC,0.301217653780973,Stress,mountains
91,A,94,90,4,CA23,EC,1.7340847674432447,Stress,beaches
96,A,99,90,4,CA23,EC,0.5629401701197597,Stress,canyons
108,A,111,90,4,CA23,EC,1.1207723494863011,Stress,canyons
114,A,117,90,4,CA23,EC,5.891937587274911,Stress,mountains
129,A,132,90,4,CA23,EC,-1.2426619558642975,Stress,beaches
140,A,143,90,4,CA23,EC,0.0036362619322123,Stress,mountains
151,A,154,90,4,CA23,EC,-0.1839685286501765,Stress,mountains
169,A,172,90,4,CA23,EC,0.1262653594930388,Stress,mountains
178,A,181,90,4,CA23,EC,-0.9710062226880029,Stress,beaches
195,A,198,90,4,CA23,EC,-0.7008457920616918,Stress,canyons
205,A,208,90,4,CA23,EC,0.0002216542959129,Stress,beaches
210,A,213,90,4,CA23,EC,0.0066411590760555,Stress,canyons
217,A,220,90,4,CA23,EC,-0.0005831987838421,Stress,canyons
226,A,229,90,4,CA23,EC,-1.9907491117302945,Stress,mountains
230,A,233,90,4,CA23,EC,-0.2962949839006616,Stress,beaches
12,A,15,91,2,CA23,EC,-0.0941227332891596,Control,lakes
21,A,24,91,2,CA23,EC,0.1309743742205022,Control,marshes
32,A,35,91,2,CA23,EC,0.3152291808483961,Control,marshes
52,A,55,91,2,CA23,EC,-1.6867935766303463,Control,bridges
65,A,68,91,2,CA23,EC,0.8077471559428567,Control,bridges
70,A,73,91,2,CA23,EC,0.612601883080404,Control,lakes
87,A,90,91,2,CA23,EC,-0.0002412006359971,Control,bridges
98,A,101,91,2,CA23,EC,0.2350637786851723,Control,lakes
106,A,109,91,2,CA23,EC,-0.1279931338672301,Control,bridges
121,A,124,91,2,CA23,EC,0.0001458418175963,Control,lakes
129,A,132,91,2,CA23,EC,1.3975950168386495,Control,bridges
144,A,147,91,2,CA23,EC,0.7038664876717604,Control,lakes
153,A,156,91,2,CA23,EC,-0.0899188533258467,Control,bridges
158,A,161,91,2,CA23,EC,-1.640811625081684,Control,marshes
171,A,174,91,2,CA23,EC,0.0041335586641781,Control,marshes
179,A,182,91,2,CA23,EC,-0.2499964006275827,Control,marshes
194,A,197,91,2,CA23,EC,-0.0005650990700432,Control,bridges
198,A,201,91,2,CA23,EC,-2.9053972236841963,Control,lakes
220,A,223,91,2,CA23,EC,-0.004547929509911,Control,lakes
225,A,228,91,2,CA23,EC,-0.2315740098867118,Control,marshes
233,A,236,91,2,CA23,EC,-1.0298972774001374,Control,marshes
5,A,8,91,3,CA23,EC,1.4967066011176038,Control,lakes
23,A,26,91,3,CA23,EC,-0.7781722134008029,Control,bridges
32,A,35,91,3,CA23,EC,-0.9158432467063377,Control,lakes
48,A,51,91,3,CA23,EC,-0.0305098213441202,Control,lakes
58,A,61,91,3,CA23,EC,-0.1033463918760704,Control,bridges
72,A,75,91,3,CA23,EC,0.0004297254117722,Control,lakes
96,A,99,91,3,CA23,EC,0.0080745432332703,Control,marshes
102,A,105,91,3,CA23,EC,-0.0670433159195989,Control,lakes
109,A,112,91,3,CA23,EC,-0.1640416562918999,Control,marshes
114,A,117,91,3,CA23,EC,0.2112702817086711,Control,bridges
128,A,131,91,3,CA23,EC,0.9171822013279936,Control,bridges
143,A,146,91,3,CA23,EC,1.0491764022303385,Control,lakes
160,A,163,91,3,CA23,EC,1.9676117988879045,Control,marshes
166,A,169,91,3,CA23,EC,-0.3705541606440872,Control,lakes
172,A,175,91,3,CA23,EC,1.2291581573957695,Control,marshes
181,A,184,91,3,CA23,EC,0.4840145707265545,Control,bridges
200,A,203,91,3,CA23,EC,0.3890557745557258,Control,bridges
207,A,210,91,3,CA23,EC,0.8751555351575434,Control,marshes
215,A,218,91,3,CA23,EC,-1.5876288598584871,Control,bridges
225,A,228,91,3,CA23,EC,-0.0046859851970406,Control,marshes
238,A,241,91,3,CA23,EC,0.1310806903511018,Control,marshes
5,A,8,91,4,CA23,EC,0.642150963347245,Control,bridges
13,A,16,91,4,CA23,EC,-0.2536661136870348,Control,bridges
25,A,28,91,4,CA23,EC,-0.3724678308425931,Control,lakes
32,A,35,91,4,CA23,EC,-0.865555160360579,Control,marshes
48,A,51,91,4,CA23,EC,0.7796350899332357,Control,bridges
54,A,57,91,4,CA23,EC,-0.001639882360619,Control,lakes
64,A,67,91,4,CA23,EC,-0.6760379914928437,Control,marshes
74,A,77,91,4,CA23,EC,-0.8970953976392737,Control,lakes
93,A,96,91,4,CA23,EC,1.3023905362748511,Control,marshes
106,A,109,91,4,CA23,EC,0.4606718664982749,Control,bridges
115,A,118,91,4,CA23,EC,-0.0637648197972494,Control,lakes
127,A,130,91,4,CA23,EC,-1.876454938408133,Control,bridges
133,A,136,91,4,CA23,EC,0.0022654974234924,Control,lakes
137,A,140,91,4,CA23,EC,-0.1071727134814242,Control,marshes
151,A,154,91,4,CA23,EC,0.0357726361527538,Control,bridges
156,A,159,91,4,CA23,EC,-0.2638591855577532,Control,marshes
163,A,166,91,4,CA23,EC,-0.0388431380528404,Control,lakes
189,A,192,91,4,CA23,EC,0.2714467010711551,Control,marshes
203,A,206,91,4,CA23,EC,0.0098543917505979,Control,lakes
226,A,229,91,4,CA23,EC,-1.1254324901498884,Control,marshes
233,A,236,91,4,CA23,EC,-0.7032158871020026,Control,bridges
24,A,27,92,2,CA23,EC,1.603403604555203,Stress,lakes
33,A,36,92,2,CA23,EC,-1.9033253933986023,Stress,beaches
49,A,52,92,2,CA23,EC,-0.0020787844787752,Stress,beaches
61,A,64,92,2,CA23,EC,-0.1337854524282558,Stress,fields
66,A,69,92,2,CA23,EC,0.0685052281950892,Stress,lakes
79,A,82,92,2,CA23,EC,0.0429110642098268,Stress,beaches
98,A,101,92,2,CA23,EC,0.5625101243508227,Stress,fields
109,A,112,92,2,CA23,EC,-2.5719260204357908,Stress,fields
118,A,121,92,2,CA23,EC,-1.3585266536783591,Stress,fields
129,A,132,92,2,CA23,EC,-0.6846105265762098,Stress,lakes
133,A,136,92,2,CA23,EC,-0.0463920473101569,Stress,beaches
140,A,143,92,2,CA23,EC,0.4194474658728879,Stress,fields
159,A,162,92,2,CA23,EC,-0.0298501307363701,Stress,beaches
170,A,173,92,2,CA23,EC,0.8091310926505728,Stress,lakes
178,A,181,92,2,CA23,EC,-0.5155224926672868,Stress,fields
186,A,189,92,2,CA23,EC,-0.3935908370426436,Stress,lakes
203,A,206,92,2,CA23,EC,-1.272425786974246,Stress,lakes
208,A,211,92,2,CA23,EC,0.003822616424272,Stress,fields
212,A,215,92,2,CA23,EC,0.0235168554868257,Stress,lakes
224,A,227,92,2,CA23,EC,-0.2493708955222317,Stress,beaches
5,A,8,92,3,CA23,EC,-0.9961928781026648,Stress,beaches
16,A,19,92,3,CA23,EC,3.0378497253006627,Stress,fields
25,A,28,92,3,CA23,EC,0.6360941380253136,Stress,lakes
32,A,35,92,3,CA23,EC,1.307042824213053,Stress,fields
41,A,44,92,3,CA23,EC,0.786430233256482,Stress,fields
59,A,62,92,3,CA23,EC,-0.2279007850626052,Stress,beaches
69,A,72,92,3,CA23,EC,0.1445742122046357,Stress,lakes
80,A,83,92,3,CA23,EC,-0.0012040985224511,Stress,beaches
97,A,100,92,3,CA23,EC,0.0098894642382977,Stress,fields
112,A,115,92,3,CA23,EC,0.5534527567549637,Stress,lakes
118,A,121,92,3,CA23,EC,-1.3031048202357438,Stress,fields
130,A,133,92,3,CA23,EC,0.0148640877116284,Stress,lakes
145,A,148,92,3,CA23,EC,-3.7952241718778335,Stress,lakes
150,A,153,92,3,CA23,EC,0.0104874696579781,Stress,beaches
165,A,168,92,3,CA23,EC,0.0041082442546934,Stress,fields
171,A,174,92,3,CA23,EC,0.2552803971454885,Stress,beaches
187,A,190,92,3,CA23,EC,-0.1062092643336335,Stress,lakes
209,A,212,92,3,CA23,EC,0.3982905609242383,Stress,beaches
222,A,225,92,3,CA23,EC,-0.1749532696168248,Stress,fields
236,A,239,92,3,CA23,EC,-0.4612200110297469,Stress,beaches
14,A,17,92,4,CA23,EC,-0.464234672923602,Stress,lakes
23,A,26,92,4,CA23,EC,0.7772492701933011,Stress,beaches
36,A,39,92,4,CA23,EC,-1.90092716949085,Stress,fields
46,A,49,92,4,CA23,EC,1.2868004943513038,Stress,fields
56,A,59,92,4,CA23,EC,-0.0078248497380612,Stress,fields
68,A,71,92,4,CA23,EC,0.407320634073689,Stress,lakes
78,A,81,92,4,CA23,EC,-0.0757798859227606,Stress,beaches
90,A,93,92,4,CA23,EC,0.0035066113260781,Stress,lakes
103,A,106,92,4,CA23,EC,0.5883618344712668,Stress,lakes
110,A,113,92,4,CA23,EC,0.7100722282644167,Stress,beaches
122,A,125,92,4,CA23,EC,0.4868400338953351,Stress,lakes
141,A,144,92,4,CA23,EC,0.0035954429302696,Stress,beaches
148,A,151,92,4,CA23,EC,-0.3195456236291809,Stress,lakes
182,A,185,92,4,CA23,EC,-0.8537307503123149,Stress,fields
207,A,210,92,4,CA23,EC,0.2538576576510134,Stress,fields
214,A,217,92,4,CA23,EC,1.3870038243851976,Stress,beaches
225,A,228,92,4,CA23,EC,-0.2978830398128785,Stress,fields
229,A,232,92,4,CA23,EC,-0.0673981150182888,Stress,beaches
236,A,239,92,4,CA23,EC,0.5060140018188529,Stress,fields
15,A,18,93,2,CA23,EC,0.5672128040034107,Control,lighthouses
23,A,26,93,2,CA23,EC,-0.1139517560924635,Control,waterfalls
31,A,34,93,2,CA23,EC,3.6651183133284495,Control,parks
37,A,40,93,2,CA23,EC,0.298425274684716,Control,lighthouses
48,A,51,93,2,CA23,EC,0.1893216693736065,Control,waterfalls
58,A,61,93,2,CA23,EC,0.6449224895944865,Control,lighthouses
69,A,72,93,2,CA23,EC,-0.7108668639454081,Control,lighthouses
77,A,80,93,2,CA23,EC,-3.0529847481951338,Control,parks
84,A,87,93,2,CA23,EC,-0.7222937212962474,Control,waterfalls
108,A,111,93,2,CA23,EC,-0.0063832516069594,Control,waterfalls
131,A,134,93,2,CA23,EC,0.1054058468367746,Control,parks
140,A,143,93,2,CA23,EC,1.5662212089159837,Control,parks
149,A,152,93,2,CA23,EC,-1.1740251975636915,Control,lighthouses
160,A,163,93,2,CA23,EC,0.468432243591588,Control,parks
166,A,169,93,2,CA23,EC,-0.0013858533259421,Control,lighthouses
180,A,183,93,2,CA23,EC,1.5294885818386388,Control,waterfalls
191,A,194,93,2,CA23,EC,-0.0914030225944837,Control,lighthouses
203,A,206,93,2,CA23,EC,-0.1325959240353553,Control,parks
223,A,226,93,2,CA23,EC,-0.8190002449224983,Control,waterfalls
230,A,233,93,2,CA23,EC,-0.1479614981414757,Control,parks
19,A,22,93,3,CA23,EC,-0.0188999244070479,Control,waterfalls
24,A,27,93,3,CA23,EC,0.0010464698470043,Control,parks
33,A,36,93,3,CA23,EC,1.396938340820875,Control,parks
41,A,44,93,3,CA23,EC,-0.5294985612435773,Control,waterfalls
49,A,52,93,3,CA23,EC,-0.0301893338246694,Control,parks
54,A,57,93,3,CA23,EC,0.2350472343364561,Control,lighthouses
76,A,79,93,3,CA23,EC,-0.2278502763305952,Control,waterfalls
84,A,87,93,3,CA23,EC,0.1011200446721782,Control,parks
92,A,95,93,3,CA23,EC,1.757221077338814,Control,waterfalls
99,A,102,93,3,CA23,EC,-4.430687999073217,Control,lighthouses
121,A,124,93,3,CA23,EC,0.9088397231923966,Control,waterfalls
135,A,138,93,3,CA23,EC,0.0011592743828166,Control,lighthouses
145,A,148,93,3,CA23,EC,1.1441698399426103,Control,lighthouses
150,A,153,93,3,CA23,EC,-0.7627237265438178,Control,parks
166,A,169,93,3,CA23,EC,1.6748335259417564,Control,lighthouses
174,A,177,93,3,CA23,EC,-1.3343891533772316,Control,lighthouses
185,A,188,93,3,CA23,EC,0.0008743846148912,Control,parks
191,A,194,93,3,CA23,EC,0.1800754154828351,Control,waterfalls
217,A,220,93,3,CA23,EC,-0.177548561630848,Control,parks
228,A,231,93,3,CA23,EC,0.5720878084146407,Control,lighthouses
236,A,239,93,3,CA23,EC,0.762898348467534,Control,waterfalls
8,A,11,93,4,CA23,EC,0.3659610228485014,Control,parks
27,A,30,93,4,CA23,EC,0.6762905727687896,Control,parks
66,A,69,93,4,CA23,EC,-1.8085441151088064,Control,lighthouses
74,A,77,93,4,CA23,EC,-0.2156435063915812,Control,lighthouses
79,A,82,93,4,CA23,EC,-0.0113810118070967,Control,parks
84,A,87,93,4,CA23,EC,-0.3803018912906414,Control,lighthouses
90,A,93,93,4,CA23,EC,-1.2670032653590029,Control,waterfalls
98,A,101,93,4,CA23,EC,-0.0680565172319158,Control,waterfalls
105,A,108,93,4,CA23,EC,-0.1827481341847927,Control,parks
122,A,125,93,4,CA23,EC,-0.1126236415358404,Control,parks
127,A,130,93,4,CA23,EC,0.1288601691485879,Control,waterfalls
139,A,142,93,4,CA23,EC,0.3002617562880019,Control,waterfalls
146,A,149,93,4,CA23,EC,0.2906330477380071,Control,waterfalls
158,A,161,93,4,CA23,EC,-0.1786449958475959,Control,waterfalls
164,A,167,93,4,CA23,EC,0.0004234213270285,Control,lighthouses
171,A,174,93,4,CA23,EC,-0.0204012080873145,Control,parks
177,A,180,93,4,CA23,EC,-0.2628539205193226,Control,waterfalls
186,A,189,93,4,CA23,EC,-0.8738548372446593,Control,parks
209,A,212,93,4,CA23,EC,1.705049422435659,Control,lighthouses
219,A,222,93,4,CA23,EC,0.0349532691317678,Control,lighthouses
231,A,234,93,4,CA23,EC,-1.1522315253753388,Control,lighthouses
20,A,23,94,2,CA23,EC,-0.2399136186000665,Control,marshes
27,A,30,94,2,CA23,EC,-0.3571213112642101,Control,forests
31,A,34,94,2,CA23,EC,-0.0436945237612019,Control,fields
58,A,61,94,2,CA23,EC,0.3734449339719699,Control,forests
66,A,69,94,2,CA23,EC,3.826301133875219,Control,forests
78,A,81,94,2,CA23,EC,-0.0032802946426333,Control,fields
91,A,94,94,2,CA23,EC,-0.0892915807536362,Control,marshes
98,A,101,94,2,CA23,EC,-0.0908120082408748,Control,forests
111,A,114,94,2,CA23,EC,0.1548860395941574,Control,marshes
115,A,118,94,2,CA23,EC,0.6531693471001139,Control,fields
121,A,124,94,2,CA23,EC,1.1953990631882827,Control,marshes
133,A,136,94,2,CA23,EC,-0.6402919726318381,Control,forests
139,A,142,94,2,CA23,EC,0.0138693965249542,Control,fields
150,A,153,94,2,CA23,EC,0.1524207719181813,Control,forests
158,A,161,94,2,CA23,EC,-0.2239928065051315,Control,fields
171,A,174,94,2,CA23,EC,0.1019744488546441,Control,fields
202,A,205,94,2,CA23,EC,0.9675870535976648,Control,marshes
208,A,211,94,2,CA23,EC,-0.2371534695771245,Control,fields
220,A,223,94,2,CA23,EC,0.354184004963457,Control,marshes
227,A,230,94,2,CA23,EC,-0.1922962697203223,Control,forests
5,A,8,94,3,CA23,EC,2.9695293010976465,Control,fields
10,A,13,94,3,CA23,EC,-0.2574915400828901,Control,marshes
21,A,24,94,3,CA23,EC,0.1292200494887465,Control,forests
40,A,43,94,3,CA23,EC,-0.1742217460267063,Control,forests
49,A,52,94,3,CA23,EC,-0.0014253045618221,Control,marshes
58,A,61,94,3,CA23,EC,0.9747711847301388,Control,forests
71,A,74,94,3,CA23,EC,1.3078626388634726,Control,fields
85,A,88,94,3,CA23,EC,0.3516982613575382,Control,fields
105,A,108,94,3,CA23,EC,1.1325187060912487,Control,marshes
111,A,114,94,3,CA23,EC,-1.489021799410705,Control,fields
125,A,128,94,3,CA23,EC,1.9868194452458567,Control,fields
157,A,160,94,3,CA23,EC,1.0681431596861086,Control,fields
166,A,169,94,3,CA23,EC,1.2724243049605082,Control,marshes
171,A,174,94,3,CA23,EC,-0.630467339794987,Control,forests
197,A,200,94,3,CA23,EC,0.289015731156507,Control,forests
208,A,211,94,3,CA23,EC,-0.635108359995,Control,marshes
215,A,218,94,3,CA23,EC,0.5185630240649116,Control,forests
220,A,223,94,3,CA23,EC,0.329620114142705,Control,fields
224,A,227,94,3,CA23,EC,-0.975312736195728,Control,forests
233,A,236,94,3,CA23,EC,0.1843491058579867,Control,marshes
5,A,8,94,4,CA23,EC,-1.2147821985863445,Control,forests
10,A,13,94,4,CA23,EC,-0.4776576893870924,Control,marshes
27,A,30,94,4,CA23,EC,0.1216217288760435,Control,forests
39,A,42,94,4,CA23,EC,0.21906422761997,Control,fields
49,A,52,94,4,CA23,EC,0.0577658324945068,Control,marshes
59,A,62,94,4,CA23,EC,-1.2303351775991598,Control,fields
77,A,80,94,4,CA23,EC,-0.2906242311124338,Control,fields
96,A,99,94,4,CA23,EC,-4.768676860423969,Control,marshes
107,A,110,94,4,CA23,EC,1.2460458911132708,Control,forests
113,A,116,94,4,CA23,EC,-0.462112232133648,Control,marshes
142,A,145,94,4,CA23,EC,0.194108316655165,Control,fields
148,A,151,94,4,CA23,EC,-0.0183890656648574,Control,forests
157,A,160,94,4,CA23,EC,0.6861329593421875,Control,fields
161,A,164,94,4,CA23,EC,-0.3065287580567365,Control,forests
178,A,181,94,4,CA23,EC,-0.1059508812578414,Control,marshes
185,A,188,94,4,CA23,EC,-1.8458293156774916,Control,fields
190,A,193,94,4,CA23,EC,0.7114822653976576,Control,marshes
195,A,198,94,4,CA23,EC,0.0718821705424522,Control,forests
203,A,206,94,4,CA23,EC,0.0008719855202631,Control,forests
229,A,232,94,4,CA23,EC,-0.2113100586500853,Control,marshes
235,A,238,94,4,CA23,EC,0.0045176504698312,Control,fields
7,A,10,95,2,CA23,EC,0.137344676473694,Control,waterfalls
16,A,19,95,2,CA23,EC,0.6388251827331416,Control,forests
32,A,35,95,2,CA23,EC,-0.4492066056085027,Control,waterfalls
37,A,40,95,2,CA23,EC,0.0403988481936756,Control,deserts
67,A,70,95,2,CA23,EC,1.3095807123481995,Control,deserts
72,A,75,95,2,CA23,EC,3.8249036533533576,Control,forests
78,A,81,95,2,CA23,EC,0.4908618395695883,Control,waterfalls
84,A,87,95,2,CA23,EC,0.931410385707808,Control,deserts
92,A,95,95,2,CA23,EC,-0.1947084818322375,Control,forests
97,A,100,95,2,CA23,EC,0.9196727754423948,Control,deserts
102,A,105,95,2,CA23,EC,-0.5721946906705201,Control,waterfalls
108,A,111,95,2,CA23,EC,-0.4155142970605608,Control,forests
118,A,121,95,2,CA23,EC,2.5400748458106217,Control,deserts
133,A,136,95,2,CA23,EC,1.6001871535190924,Control,waterfalls
144,A,147,95,2,CA23,EC,-0.2994451342566998,Control,deserts
157,A,160,95,2,CA23,EC,0.6195110564693561,Control,forests
180,A,183,95,2,CA23,EC,0.7840490902819648,Control,waterfalls
203,A,206,95,2,CA23,EC,-0.1247237685065793,Control,waterfalls
226,A,229,95,2,CA23,EC,0.0073737618588503,Control,forests
232,A,235,95,2,CA23,EC,0.1070344209067122,Control,deserts
236,A,239,95,2,CA23,EC,0.1484803276344505,Control,forests
5,A,8,95,3,CA23,EC,-0.037775790731857,Control,waterfalls
18,A,21,95,3,CA23,EC,0.1517676350840725,Control,forests
29,A,32,95,3,CA23,EC,-1.9479186243611708,Control,deserts
37,A,40,95,3,CA23,EC,-2.170521315979455,Control,forests
56,A,59,95,3,CA23,EC,-0.8561801343381045,Control,forests
64,A,67,95,3,CA23,EC,-1.0057746856003646,Control,waterfalls
69,A,72,95,3,CA23,EC,-0.0005750746193159,Control,deserts
75,A,78,95,3,CA23,EC,-0.1509263056545227,Control,forests
91,A,94,95,3,CA23,EC,-0.1559540859174678,Control,waterfalls
96,A,99,95,3,CA23,EC,0.7415935480817477,Control,deserts
109,A,112,95,3,CA23,EC,-0.0033613013206189,Control,waterfalls
123,A,126,95,3,CA23,EC,0.016018724766351,Control,deserts
144,A,147,95,3,CA23,EC,-0.9726787708213064,Control,forests
149,A,152,95,3,CA23,EC,0.1247906807102944,Control,waterfalls
163,A,166,95,3,CA23,EC,-0.0142527938894679,Control,waterfalls
168,A,171,95,3,CA23,EC,-0.2848565231848838,Control,forests
180,A,183,95,3,CA23,EC,0.3630057872228118,Control,forests
196,A,199,95,3,CA23,EC,0.5040894014067001,Control,deserts
203,A,206,95,3,CA23,EC,-1.6392644941271255,Control,waterfalls
213,A,216,95,3,CA23,EC,0.303902317174876,Control,deserts
237,A,240,95,3,CA23,EC,-0.0139319049209071,Control,deserts
10,A,13,95,4,CA23,EC,0.7011192838473426,Control,deserts
24,A,27,95,4,CA23,EC,-0.0172341873879356,Control,waterfalls
39,A,42,95,4,CA23,EC,-0.15076824307609,Control,deserts
45,A,48,95,4,CA23,EC,0.6030181049011911,Control,forests
50,A,53,95,4,CA23,EC,0.0709204395443765,Control,deserts
69,A,72,95,4,CA23,EC,-0.0208667736957472,Control,waterfalls
80,A,83,95,4,CA23,EC,0.6821166703796223,Control,waterfalls
89,A,92,95,4,CA23,EC,0.0108021060744772,Control,forests
105,A,108,95,4,CA23,EC,0.0042457568346317,Control,deserts
114,A,117,95,4,CA23,EC,0.671825912355894,Control,deserts
125,A,128,95,4,CA23,EC,1.6254586375983395,Control,waterfalls
129,A,132,95,4,CA23,EC,0.7819587507672455,Control,deserts
149,A,152,95,4,CA23,EC,0.0029801841009595,Control,waterfalls
157,A,160,95,4,CA23,EC,1.422135495515351,Control,waterfalls
164,A,167,95,4,CA23,EC,0.0028178600065847,Control,waterfalls
171,A,174,95,4,CA23,EC,3.203565951057654,Control,forests
181,A,184,95,4,CA23,EC,0.2652891476153534,Control,forests
191,A,194,95,4,CA23,EC,-0.1476723066538099,Control,forests
210,A,213,95,4,CA23,EC,0.7979675379492266,Control,forests
219,A,222,95,4,CA23,EC,-0.9824634560087432,Control,deserts
232,A,235,95,4,CA23,EC,0.0517730539536049,Control,forests
15,A,18,96,2,CA23,EC,0.0144629883378498,Stress,forests
28,A,31,96,2,CA23,EC,-2.8498196858088707,Stress,forests
37,A,40,96,2,CA23,EC,0.2482311713946011,Stress,deserts
54,A,57,96,2,CA23,EC,0.0661419717716815,Stress,forests
86,A,89,96,2,CA23,EC,-4.031871505052804,Stress,lighthouses
95,A,98,96,2,CA23,EC,-0.9589078858804764,Stress,forests
102,A,105,96,2,CA23,EC,2.7631816695447715,Stress,lighthouses
112,A,115,96,2,CA23,EC,-2.1482681420968075,Stress,deserts
125,A,128,96,2,CA23,EC,-0.0038064064262647,Stress,lighthouses
134,A,137,96,2,CA23,EC,-2.7323930679918256,Stress,deserts
138,A,141,96,2,CA23,EC,-0.3906735483952525,Stress,forests
142,A,145,96,2,CA23,EC,0.2055240830876423,Stress,lighthouses
147,A,150,96,2,CA23,EC,-0.1324889220720269,Stress,deserts
153,A,156,96,2,CA23,EC,-1.7443175222739664,Stress,forests
166,A,169,96,2,CA23,EC,4.593107132510538,Stress,lighthouses
179,A,182,96,2,CA23,EC,-0.1845710255955578,Stress,deserts
190,A,193,96,2,CA23,EC,0.6394899742598179,Stress,forests
198,A,201,96,2,CA23,EC,0.1092830711278552,Stress,deserts
208,A,211,96,2,CA23,EC,0.2086957890976039,Stress,lighthouses
213,A,216,96,2,CA23,EC,-1.329893033013121,Stress,deserts
236,A,239,96,2,CA23,EC,0.9496802284797772,Stress,lighthouses
18,A,21,96,3,CA23,EC,-0.5017740535417167,Stress,lighthouses
32,A,35,96,3,CA23,EC,0.5205507426018104,Stress,forests
47,A,50,96,3,CA23,EC,-0.2003065214769719,Stress,forests
52,A,55,96,3,CA23,EC,-0.0763950723161318,Stress,lighthouses
62,A,65,96,3,CA23,EC,-3.122369021400889,Stress,forests
71,A,74,96,3,CA23,EC,-0.3532473275822436,Stress,deserts
80,A,83,96,3,CA23,EC,-0.3390577562811245,Stress,deserts
88,A,91,96,3,CA23,EC,3.190307109088768,Stress,lighthouses
107,A,110,96,3,CA23,EC,0.819501777395057,Stress,lighthouses
115,A,118,96,3,CA23,EC,-2.5104477617929248e-05,Stress,deserts
126,A,129,96,3,CA23,EC,-0.0451665520906565,Stress,forests
136,A,139,96,3,CA23,EC,0.0011865949516221,Stress,lighthouses
155,A,158,96,3,CA23,EC,0.3459952160337524,Stress,forests
162,A,165,96,3,CA23,EC,-0.1155555240023679,Stress,deserts
177,A,180,96,3,CA23,EC,1.799168457182846,Stress,lighthouses
183,A,186,96,3,CA23,EC,-0.0223371977624233,Stress,forests
192,A,195,96,3,CA23,EC,0.2192238907900413,Stress,forests
198,A,201,96,3,CA23,EC,-0.0138994905550469,Stress,lighthouses
216,A,219,96,3,CA23,EC,0.2372966896110272,Stress,deserts
225,A,228,96,3,CA23,EC,-0.0399900872303917,Stress,deserts
234,A,237,96,3,CA23,EC,-0.5993372720639235,Stress,deserts
5,A,8,96,4,CA23,EC,-0.0112088617629812,Stress,forests
16,A,19,96,4,CA23,EC,0.8860922180931625,Stress,deserts
47,A,50,96,4,CA23,EC,-0.5715846796691981,Stress,forests
52,A,55,96,4,CA23,EC,1.4865337393475884,Stress,lighthouses
71,A,74,96,4,CA23,EC,-0.0420200431273688,Stress,lighthouses
82,A,85,96,4,CA23,EC,0.7799338650802605,Stress,deserts
96,A,99,96,4,CA23,EC,0.3358666479903658,Stress,forests
111,A,114,96,4,CA23,EC,0.3653811977771881,Stress,deserts
125,A,128,96,4,CA23,EC,1.0469781902250943,Stress,forests
138,A,141,96,4,CA23,EC,-0.1236914756253595,Stress,deserts
145,A,148,96,4,CA23,EC,-0.0366314634773884,Stress,lighthouses
154,A,157,96,4,CA23,EC,-0.6151151414402838,Stress,deserts
160,A,163,96,4,CA23,EC,-0.2666295497049084,Stress,forests
165,A,168,96,4,CA23,EC,-1.557383817379891,Stress,lighthouses
176,A,179,96,4,CA23,EC,1.1048848036158774,Stress,lighthouses
184,A,187,96,4,CA23,EC,-0.1468373602174298,Stress,lighthouses
196,A,199,96,4,CA23,EC,0.022609985831617,Stress,lighthouses
201,A,204,96,4,CA23,EC,2.4481846731733468,Stress,forests
216,A,219,96,4,CA23,EC,-0.3293266099954962,Stress,deserts
230,A,233,96,4,CA23,EC,-0.1795588452786642,Stress,forests
236,A,239,96,4,CA23,EC,1.0978071603797734,Stress,deserts
9,A,12,98,2,CA23,EC,0.04684663720698,Stress,lakes
19,A,22,98,2,CA23,EC,-0.4585560222291318,Stress,marshes
49,A,52,98,2,CA23,EC,-0.2300286974299539,Stress,lakes
56,A,59,98,2,CA23,EC,-0.5362159278162625,Stress,marshes
68,A,71,98,2,CA23,EC,0.0037602425233114,Stress,lakes
77,A,80,98,2,CA23,EC,-0.0515041370098754,Stress,marshes
88,A,91,98,2,CA23,EC,-0.5372823724218614,Stress,canyons
106,A,109,98,2,CA23,EC,-0.0015749805785395,Stress,lakes
112,A,115,98,2,CA23,EC,-0.3156701110133463,Stress,canyons
116,A,119,98,2,CA23,EC,0.0956024902867963,Stress,marshes
122,A,125,98,2,CA23,EC,-0.0320485388892092,Stress,canyons
129,A,132,98,2,CA23,EC,0.5520839363759076,Stress,lakes
142,A,145,98,2,CA23,EC,-0.5833057919132885,Stress,canyons
150,A,153,98,2,CA23,EC,0.0047830307829486,Stress,lakes
157,A,160,98,2,CA23,EC,0.4314461193161301,Stress,marshes
164,A,167,98,2,CA23,EC,0.0008075418744832,Stress,canyons
175,A,178,98,2,CA23,EC,-0.1325551362383847,Stress,canyons
183,A,186,98,2,CA23,EC,-1.806733873805572,Stress,marshes
190,A,193,98,2,CA23,EC,-0.5949770515897432,Stress,lakes
207,A,210,98,2,CA23,EC,0.0283971917191775,Stress,canyons
231,A,234,98,2,CA23,EC,-0.0040864796286067,Stress,marshes
11,A,14,98,3,CA23,EC,-0.7750631560004574,Stress,lakes
20,A,23,98,3,CA23,EC,0.3081966769384908,Stress,marshes
26,A,29,98,3,CA23,EC,0.6994513380061631,Stress,lakes
35,A,38,98,3,CA23,EC,-0.099102859603812,Stress,lakes
49,A,52,98,3,CA23,EC,0.0552883836582862,Stress,lakes
54,A,57,98,3,CA23,EC,0.2067651082265663,Stress,marshes
58,A,61,98,3,CA23,EC,-2.145816991767888,Stress,lakes
92,A,95,98,3,CA23,EC,-0.4073167899156044,Stress,marshes
102,A,105,98,3,CA23,EC,-0.3889093581318197,Stress,lakes
109,A,112,98,3,CA23,EC,-2.66733358979407,Stress,marshes
116,A,119,98,3,CA23,EC,0.295427195897292,Stress,canyons
137,A,140,98,3,CA23,EC,-0.2016247980984585,Stress,canyons
147,A,150,98,3,CA23,EC,-0.00408937563471,Stress,canyons
161,A,164,98,3,CA23,EC,-2.0879016915465667,Stress,marshes
169,A,172,98,3,CA23,EC,-0.8826819638910752,Stress,canyons
173,A,176,98,3,CA23,EC,1.017837898801507,Stress,marshes
183,A,186,98,3,CA23,EC,-0.0613729742923245,Stress,marshes
191,A,194,98,3,CA23,EC,1.1642244847287777,Stress,lakes
202,A,205,98,3,CA23,EC,0.1120238890875409,Stress,canyons
221,A,224,98,3,CA23,EC,-0.5692211137244476,Stress,canyons
9,A,12,98,4,CA23,EC,-0.0418615884202124,Stress,lakes
18,A,21,98,4,CA23,EC,-0.7530303705354442,Stress,lakes
27,A,30,98,4,CA23,EC,0.1237575060836365,Stress,marshes
34,A,37,98,4,CA23,EC,-0.0061439848995107,Stress,lakes
60,A,63,98,4,CA23,EC,0.1534885448532984,Stress,lakes
68,A,71,98,4,CA23,EC,-1.035787260114074,Stress,lakes
85,A,88,98,4,CA23,EC,0.0530493660813189,Stress,lakes
93,A,96,98,4,CA23,EC,-1.0101564469662454,Stress,canyons
106,A,109,98,4,CA23,EC,2.578196668885896,Stress,canyons
124,A,127,98,4,CA23,EC,0.7012805682107742,Stress,marshes
128,A,131,98,4,CA23,EC,0.1446404163306885,Stress,canyons
137,A,140,98,4,CA23,EC,0.2428580224124639,Stress,marshes
149,A,152,98,4,CA23,EC,-0.0026009911955198,Stress,marshes
158,A,161,98,4,CA23,EC,0.6387979190836294,Stress,canyons
168,A,171,98,4,CA23,EC,0.0274548644615989,Stress,canyons
202,A,205,98,4,CA23,EC,0.0438556502833323,Stress,lakes
209,A,212,98,4,CA23,EC,-0.463687454539731,Stress,marshes
224,A,227,98,4,CA23,EC,0.6883524521798317,Stress,marshes
233,A,236,98,4,CA23,EC,-0.0304945525236535,Stress,marshes
237,A,240,98,4,CA23,EC,-0.0237671323552944,Stress,canyons
13,A,16,100,2,CA23,EC,0.2048893287325821,Control,fields
27,A,30,100,2,CA23,EC,0.0030400251543798,Control,fields
44,A,47,100,2,CA23,EC,-0.0212298777360925,Control,parks
58,A,61,100,2,CA23,EC,0.4943005703292664,Control,forests
66,A,69,100,2,CA23,EC,4.755453323406408,Control,fields
73,A,76,100,2,CA23,EC,-1.1716642207922825,Control,forests
87,A,90,100,2,CA23,EC,-0.045133016696312,Control,fields
93,A,96,100,2,CA23,EC,0.0225249343260512,Control,parks
107,A,110,100,2,CA23,EC,-0.1367615377462803,Control,forests
125,A,128,100,2,CA23,EC,-0.0041260257308316,Control,fields
136,A,139,100,2,CA23,EC,1.0075707626603174,Control,parks
146,A,149,100,2,CA23,EC,0.727189069537431,Control,parks
151,A,154,100,2,CA23,EC,-0.1291957841721211,Control,forests
161,A,164,100,2,CA23,EC,-0.1591605971848793,Control,forests
167,A,170,100,2,CA23,EC,-1.5430630256154485,Control,fields
173,A,176,100,2,CA23,EC,0.0016043256929067,Control,parks
181,A,184,100,2,CA23,EC,1.0885582603541577,Control,fields
187,A,190,100,2,CA23,EC,-1.245914316701339,Control,parks
202,A,205,100,2,CA23,EC,1.0412301597828295,Control,parks
222,A,225,100,2,CA23,EC,0.632038265990812,Control,forests
235,A,238,100,2,CA23,EC,-0.736552866908448,Control,forests
5,A,8,100,3,CA23,EC,0.3960904266083938,Control,forests
9,A,12,100,3,CA23,EC,0.3991972921762354,Control,parks
18,A,21,100,3,CA23,EC,-0.1138887458711061,Control,forests
34,A,37,100,3,CA23,EC,-0.0026030390823317,Control,fields
38,A,41,100,3,CA23,EC,-0.7384239063530719,Control,parks
51,A,54,100,3,CA23,EC,0.0545895995282995,Control,parks
62,A,65,100,3,CA23,EC,-0.0008749730500428,Control,forests
72,A,75,100,3,CA23,EC,0.7939575659710351,Control,fields
82,A,85,100,3,CA23,EC,0.6276886865335386,Control,forests
96,A,99,100,3,CA23,EC,-1.914551212596622,Control,parks
111,A,114,100,3,CA23,EC,-0.0586641922656403,Control,forests
116,A,119,100,3,CA23,EC,0.0588688050288776,Control,fields
140,A,143,100,3,CA23,EC,-0.5123135551472431,Control,parks
150,A,153,100,3,CA23,EC,0.1786910319759728,Control,fields
156,A,159,100,3,CA23,EC,-0.0172543806286212,Control,forests
170,A,173,100,3,CA23,EC,0.0041909827354251,Control,forests
175,A,178,100,3,CA23,EC,0.2062181335493957,Control,parks
185,A,188,100,3,CA23,EC,-0.1778971063338005,Control,parks
200,A,203,100,3,CA23,EC,-0.0683355098560898,Control,fields
217,A,220,100,3,CA23,EC,0.000696732995982,Control,fields
235,A,238,100,3,CA23,EC,0.5764909942702914,Control,fields
8,A,11,100,4,CA23,EC,0.0315388145247438,Control,parks
16,A,19,100,4,CA23,EC,0.4651004112397923,Control,parks
29,A,32,100,4,CA23,EC,1.6143642040540114,Control,forests
39,A,42,100,4,CA23,EC,-0.1759562570232611,Control,fields
45,A,48,100,4,CA23,EC,0.002476893733575,Control,parks
61,A,64,100,4,CA23,EC,0.9393594824462996,Control,forests
79,A,82,100,4,CA23,EC,-0.0016212575297541,Control,parks
91,A,94,100,4,CA23,EC,3.327680698833089,Control,forests
106,A,109,100,4,CA23,EC,0.000344937043352,Control,forests
114,A,117,100,4,CA23,EC,-0.6722813164962477,Control,fields
121,A,124,100,4,CA23,EC,0.0391460813416669,Control,forests
135,A,138,100,4,CA23,EC,0.0431971774470104,Control,fields
154,A,157,100,4,CA23,EC,1.2771471170615185,Control,forests
165,A,168,100,4,CA23,EC,0.0005190065726487,Control,forests
172,A,175,100,4,CA23,EC,-0.1394022654887347,Control,parks
176,A,179,100,4,CA23,EC,0.0015210912113054,Control,fields
183,A,186,100,4,CA23,EC,-0.0331538386918585,Control,parks
188,A,191,100,4,CA23,EC,0.2465459836432282,Control,fields
198,A,201,100,4,CA23,EC,-0.1866511538477449,Control,fields
204,A,207,100,4,CA23,EC,-0.2339898138225366,Control,parks
216,A,219,100,4,CA23,EC,0.0003142987772931,Control,fields
8,A,11,101,2,CA23,EC,-0.1066899795703644,Stress,parks
19,A,22,101,2,CA23,EC,0.0839274519688249,Stress,forests
25,A,28,101,2,CA23,EC,0.2487798681600739,Stress,beaches
41,A,44,101,2,CA23,EC,-0.1282964574112131,Stress,forests
48,A,51,101,2,CA23,EC,0.6645689611218829,Stress,beaches
56,A,59,101,2,CA23,EC,0.3773121196806904,Stress,forests
64,A,67,101,2,CA23,EC,0.1199086273900189,Stress,beaches
77,A,80,101,2,CA23,EC,0.2849739528901397,Stress,forests
97,A,100,101,2,CA23,EC,-0.0095042113236118,Stress,beaches
118,A,121,101,2,CA23,EC,0.1852173504140986,Stress,parks
129,A,132,101,2,CA23,EC,-0.0556247921638084,Stress,parks
134,A,137,101,2,CA23,EC,0.0050562386110059,Stress,beaches
154,A,157,101,2,CA23,EC,0.2475099676524084,Stress,parks
164,A,167,101,2,CA23,EC,0.0028385131533735,Stress,parks
179,A,182,101,2,CA23,EC,-0.0288756739776687,Stress,forests
190,A,193,101,2,CA23,EC,0.3214514432269885,Stress,forests
197,A,200,101,2,CA23,EC,0.4445000570953482,Stress,parks
205,A,208,101,2,CA23,EC,-0.4254131414817135,Stress,beaches
211,A,214,101,2,CA23,EC,0.9249650486826012,Stress,beaches
220,A,223,101,2,CA23,EC,4.7560583805625045,Stress,forests
225,A,228,101,2,CA23,EC,-0.4521798601452398,Stress,parks
17,A,20,101,3,CA23,EC,-1.6034853191438414,Stress,beaches
29,A,32,101,3,CA23,EC,-0.8260186255137064,Stress,forests
40,A,43,101,3,CA23,EC,0.2777024157330581,Stress,beaches
55,A,58,101,3,CA23,EC,-0.1642961318835034,Stress,forests
60,A,63,101,3,CA23,EC,-0.0811353861008808,Stress,beaches
65,A,68,101,3,CA23,EC,-0.5324815770026561,Stress,parks
85,A,88,101,3,CA23,EC,-0.2360733678856174,Stress,parks
91,A,94,101,3,CA23,EC,-0.4186569316111208,Stress,beaches
95,A,98,101,3,CA23,EC,-0.2231457389306862,Stress,forests
104,A,107,101,3,CA23,EC,0.0562205543724577,Stress,parks
114,A,117,101,3,CA23,EC,-0.7891847241356669,Stress,parks
127,A,130,101,3,CA23,EC,0.4072549978155801,Stress,forests
133,A,136,101,3,CA23,EC,2.302263220718596,Stress,beaches
140,A,143,101,3,CA23,EC,0.1303924682940341,Stress,beaches
145,A,148,101,3,CA23,EC,0.0046451546869032,Stress,forests
153,A,156,101,3,CA23,EC,0.2670131623083561,Stress,beaches
182,A,185,101,3,CA23,EC,0.6954684148684086,Stress,forests
205,A,208,101,3,CA23,EC,-1.2106999594197665,Stress,forests
223,A,226,101,3,CA23,EC,0.5388384572942431,Stress,parks
236,A,239,101,3,CA23,EC,-0.1434913100813551,Stress,parks
5,A,8,101,4,CA23,EC,-0.4215676303328764,Stress,forests
21,A,24,101,4,CA23,EC,0.641900696551967,Stress,parks
38,A,41,101,4,CA23,EC,1.417093803321584,Stress,beaches
42,A,45,101,4,CA23,EC,0.6500201508234416,Stress,parks
51,A,54,101,4,CA23,EC,0.0020081922626141,Stress,beaches
55,A,58,101,4,CA23,EC,0.0596850772967724,Stress,parks
62,A,65,101,4,CA23,EC,1.5433840273479045,Stress,forests
71,A,74,101,4,CA23,EC,0.0707623347921116,Stress,parks
75,A,78,101,4,CA23,EC,0.5906858053098925,Stress,forests
93,A,96,101,4,CA23,EC,-1.0536467432452368,Stress,parks
106,A,109,101,4,CA23,EC,-0.1040270544097898,Stress,beaches
118,A,121,101,4,CA23,EC,0.364479857740873,Stress,beaches
129,A,132,101,4,CA23,EC,-0.2040086322577052,Stress,beaches
140,A,143,101,4,CA23,EC,-0.0279024033603006,Stress,parks
158,A,161,101,4,CA23,EC,-0.2293661170223288,Stress,beaches
165,A,168,101,4,CA23,EC,0.3180662018147503,Stress,forests
177,A,180,101,4,CA23,EC,-0.9341141631223396,Stress,forests
189,A,192,101,4,CA23,EC,0.6464145763965904,Stress,beaches
193,A,196,101,4,CA23,EC,-0.7529096630936252,Stress,parks
225,A,228,101,4,CA23,EC,-0.6416568759432205,Stress,forests
9,A,12,103,2,CA23,EC,-0.3800479522802636,Stress,lakes
17,A,20,103,2,CA23,EC,0.164072769863438,Stress,beaches
26,A,29,103,2,CA23,EC,0.2489349679093362,Stress,beaches
31,A,34,103,2,CA23,EC,-0.1233362331121891,Stress,deserts
49,A,52,103,2,CA23,EC,-0.3347478127369199,Stress,beaches
64,A,67,103,2,CA23,EC,-3.340674305776185e-05,Stress,beaches
73,A,76,103,2,CA23,EC,-1.0590653345307652,Stress,lakes
83,A,86,103,2,CA23,EC,0.1697638176965878,Stress,lakes
121,A,124,103,2,CA23,EC,0.3731908528065967,Stress,deserts
128,A,131,103,2,CA23,EC,2.6574854416165765,Stress,deserts
144,A,147,103,2,CA23,EC,-1.0939857097445238,Stress,deserts
153,A,156,103,2,CA23,EC,-0.1782368012950975,Stress,beaches
164,A,167,103,2,CA23,EC,-0.1708625651693864,Stress,deserts
168,A,171,103,2,CA23,EC,0.3130999367246656,Stress,beaches
183,A,186,103,2,CA23,EC,-0.1835167857339432,Stress,lakes
188,A,191,103,2,CA23,EC,0.0411832638484267,Stress,deserts
193,A,196,103,2,CA23,EC,1.3082596271164255,Stress,lakes
210,A,213,103,2,CA23,EC,0.0026877736570712,Stress,lakes
215,A,218,103,2,CA23,EC,-0.0004680065111342,Stress,beaches
226,A,229,103,2,CA23,EC,-3.719819623024463,Stress,lakes
237,A,240,103,2,CA23,EC,0.228513565919268,Stress,deserts
5,A,8,103,3,CA23,EC,0.0084583628029143,Stress,beaches
20,A,23,103,3,CA23,EC,-2.640313005164551,Stress,lakes
26,A,29,103,3,CA23,EC,0.6541123644870954,Stress,deserts
33,A,36,103,3,CA23,EC,-1.3802814602985949,Stress,beaches
38,A,41,103,3,CA23,EC,-0.0162572405399727,Stress,lakes
54,A,57,103,3,CA23,EC,-3.631363745699287,Stress,deserts
65,A,68,103,3,CA23,EC,-0.0010520698071942,Stress,lakes
70,A,73,103,3,CA23,EC,0.0009554713962502,Stress,deserts
75,A,78,103,3,CA23,EC,-0.9525074228329196,Stress,beaches
81,A,84,103,3,CA23,EC,0.6575678052891226,Stress,lakes
96,A,99,103,3,CA23,EC,0.5368753689884259,Stress,lakes
105,A,108,103,3,CA23,EC,0.4202351250272587,Stress,deserts
111,A,114,103,3,CA23,EC,0.5993493041025171,Stress,beaches
133,A,136,103,3,CA23,EC,0.1014341573234608,Stress,lakes
144,A,147,103,3,CA23,EC,0.2863512859631952,Stress,deserts
163,A,166,103,3,CA23,EC,-0.3930546320513831,Stress,deserts
193,A,196,103,3,CA23,EC,0.150674290353254,Stress,beaches
205,A,208,103,3,CA23,EC,0.0637494272451675,Stress,lakes
223,A,226,103,3,CA23,EC,-0.1480591001263147,Stress,beaches
236,A,239,103,3,CA23,EC,-1.1662513864826431,Stress,beaches
8,A,11,103,4,CA23,EC,-0.9033250711432574,Stress,deserts
21,A,24,103,4,CA23,EC,-0.0943286951077075,Stress,beaches
31,A,34,103,4,CA23,EC,-1.1096273550793176,Stress,deserts
46,A,49,103,4,CA23,EC,-2.0842858745818167,Stress,lakes
57,A,60,103,4,CA23,EC,1.990565422148053,Stress,lakes
66,A,69,103,4,CA23,EC,1.136793037360833,Stress,beaches
74,A,77,103,4,CA23,EC,0.439950152284193,Stress,deserts
90,A,93,103,4,CA23,EC,1.3764918622607138,Stress,deserts
97,A,100,103,4,CA23,EC,0.047632702965242,Stress,deserts
102,A,105,103,4,CA23,EC,-0.0075458924995466,Stress,beaches
121,A,124,103,4,CA23,EC,0.0024474638575413,Stress,deserts
130,A,133,103,4,CA23,EC,0.1347321821365612,Stress,lakes
143,A,146,103,4,CA23,EC,-0.0005260810407118,Stress,deserts
164,A,167,103,4,CA23,EC,-0.084578481507232,Stress,beaches
179,A,182,103,4,CA23,EC,-0.7745449483882565,Stress,lakes
188,A,191,103,4,CA23,EC,-0.001547439192066,Stress,lakes
195,A,198,103,4,CA23,EC,-3.1811987508742923,Stress,beaches
204,A,207,103,4,CA23,EC,-0.001555202940241,Stress,beaches
222,A,225,103,4,CA23,EC,-0.066502780204383,Stress,lakes
230,A,233,103,4,CA23,EC,0.0365876499806074,Stress,beaches
234,A,237,103,4,CA23,EC,-1.5544686130701144,Stress,lakes
5,A,8,104,2,CA23,EC,-1.1049590143723418,Stress,mountains
26,A,29,104,2,CA23,EC,-0.0177438873987258,Stress,waterfalls
33,A,36,104,2,CA23,EC,-0.5209356576475938,Stress,mountains
41,A,44,104,2,CA23,EC,0.4344152818184727,Stress,waterfalls
47,A,50,104,2,CA23,EC,-0.4386293495550349,Stress,mountains
58,A,61,104,2,CA23,EC,0.7058229239208932,Stress,beaches
69,A,72,104,2,CA23,EC,-0.0334640441876149,Stress,waterfalls
78,A,81,104,2,CA23,EC,0.7416520189881132,Stress,mountains
93,A,96,104,2,CA23,EC,-0.0081462877777083,Stress,beaches
109,A,112,104,2,CA23,EC,-2.459230210892195,Stress,mountains
118,A,121,104,2,CA23,EC,0.4429211695041996,Stress,beaches
135,A,138,104,2,CA23,EC,-0.9162044536869868,Stress,mountains
141,A,144,104,2,CA23,EC,-0.191232841573354,Stress,waterfalls
148,A,151,104,2,CA23,EC,-0.0023728170025055,Stress,waterfalls
155,A,158,104,2,CA23,EC,0.3240173710254189,Stress,beaches
164,A,167,104,2,CA23,EC,0.4665465910963027,Stress,waterfalls
168,A,171,104,2,CA23,EC,-0.2642009727843292,Stress,beaches
183,A,186,104,2,CA23,EC,0.0465138226143587,Stress,beaches
197,A,200,104,2,CA23,EC,0.0310594952370011,Stress,waterfalls
208,A,211,104,2,CA23,EC,0.3862650838243865,Stress,mountains
229,A,232,104,2,CA23,EC,3.684643246399516,Stress,beaches
5,A,8,104,3,CA23,EC,0.4217776830930109,Stress,beaches
12,A,15,104,3,CA23,EC,-0.9212892868677192,Stress,mountains
18,A,21,104,3,CA23,EC,0.0003326466011723,Stress,beaches
30,A,33,104,3,CA23,EC,0.2797017377110152,Stress,waterfalls
36,A,39,104,3,CA23,EC,-1.5912918470038648,Stress,mountains
50,A,53,104,3,CA23,EC,-1.3214252393987165,Stress,waterfalls
75,A,78,104,3,CA23,EC,-0.4316374313179967,Stress,mountains
93,A,96,104,3,CA23,EC,-1.1911706649819036,Stress,waterfalls
131,A,134,104,3,CA23,EC,0.0158103943665644,Stress,mountains
155,A,158,104,3,CA23,EC,-0.2125124895160288,Stress,mountains
163,A,166,104,3,CA23,EC,-1.9207173357305107,Stress,waterfalls
167,A,170,104,3,CA23,EC,-0.1668860359772536,Stress,beaches
175,A,178,104,3,CA23,EC,-0.0321803907637962,Stress,mountains
196,A,199,104,3,CA23,EC,-0.0461356965651705,Stress,beaches
203,A,206,104,3,CA23,EC,-0.372949427375682,Stress,mountains
11,A,14,104,4,CA23,EC,-1.2995647395272354,Stress,mountains
19,A,22,104,4,CA23,EC,-0.3604970916263863,Stress,waterfalls
28,A,31,104,4,CA23,EC,-0.5609358615382541,Stress,waterfalls
44,A,47,104,4,CA23,EC,-0.3461130640730226,Stress,mountains
66,A,69,104,4,CA23,EC,-0.2851515790174396,Stress,mountains
73,A,76,104,4,CA23,EC,0.0128776924252785,Stress,waterfalls
88,A,91,104,4,CA23,EC,0.1965045229269696,Stress,waterfalls
96,A,99,104,4,CA23,EC,-1.473936155285484,Stress,beaches
102,A,105,104,4,CA23,EC,-0.921274778557684,Stress,mountains
111,A,114,104,4,CA23,EC,-0.246068803848767,Stress,beaches
168,A,171,104,4,CA23,EC,0.1053383070212806,Stress,beaches
233,A,236,104,4,CA23,EC,0.1591872207545272,Stress,waterfalls
5,A,8,105,2,CA23,EC,-0.5295666454889106,Stress,deserts
13,A,16,105,2,CA23,EC,-1.2459077996156482,Stress,mountains
26,A,29,105,2,CA23,EC,0.1447501734158123,Stress,mountains
40,A,43,105,2,CA23,EC,-0.0193760302303718,Stress,deserts
46,A,49,105,2,CA23,EC,0.1845201963607918,Stress,waterfalls
58,A,61,105,2,CA23,EC,1.3451133241879485,Stress,mountains
70,A,73,105,2,CA23,EC,-0.0001691587234515,Stress,waterfalls
78,A,81,105,2,CA23,EC,-0.023026197069261,Stress,deserts
82,A,85,105,2,CA23,EC,-0.0926869066303834,Stress,mountains
89,A,92,105,2,CA23,EC,1.0470564990104088,Stress,waterfalls
102,A,105,105,2,CA23,EC,0.4831766041529484,Stress,waterfalls
108,A,111,105,2,CA23,EC,0.1350579955279409,Stress,deserts
125,A,128,105,2,CA23,EC,-0.2359826921671983,Stress,deserts
143,A,146,105,2,CA23,EC,1.330994959121688,Stress,waterfalls
177,A,180,105,2,CA23,EC,0.6827805414042843,Stress,deserts
181,A,184,105,2,CA23,EC,0.785509878538843,Stress,waterfalls
192,A,195,105,2,CA23,EC,-0.1074689187525416,Stress,waterfalls
212,A,215,105,2,CA23,EC,0.8179433435744577,Stress,mountains
220,A,223,105,2,CA23,EC,0.1270222838985286,Stress,mountains
226,A,229,105,2,CA23,EC,0.1078642818072581,Stress,mountains
238,A,241,105,2,CA23,EC,0.0235054522457223,Stress,deserts
12,A,15,105,3,CA23,EC,0.0167093092983283,Stress,waterfalls
27,A,30,105,3,CA23,EC,-0.0013091090728205,Stress,deserts
38,A,41,105,3,CA23,EC,-0.2356002571601593,Stress,mountains
59,A,62,105,3,CA23,EC,-0.4980465068687633,Stress,mountains
85,A,88,105,3,CA23,EC,0.0545233830454688,Stress,deserts
99,A,102,105,3,CA23,EC,-2.026584212266799,Stress,deserts
107,A,110,105,3,CA23,EC,-0.3781653615708445,Stress,waterfalls
116,A,119,105,3,CA23,EC,-0.3803958461115596,Stress,mountains
122,A,125,105,3,CA23,EC,1.0692547722744117,Stress,deserts
135,A,138,105,3,CA23,EC,0.3779597686469182,Stress,mountains
140,A,143,105,3,CA23,EC,0.3640756260920973,Stress,waterfalls
150,A,153,105,3,CA23,EC,-0.336419457876589,Stress,waterfalls
162,A,165,105,3,CA23,EC,0.7911371298616516,Stress,deserts
171,A,174,105,3,CA23,EC,-1.5424690739009057,Stress,waterfalls
181,A,184,105,3,CA23,EC,0.0984904604089557,Stress,deserts
187,A,190,105,3,CA23,EC,-0.6234121970391662,Stress,waterfalls
192,A,195,105,3,CA23,EC,0.2315588711396072,Stress,mountains
197,A,200,105,3,CA23,EC,-0.3217077888549509,Stress,deserts
214,A,217,105,3,CA23,EC,-0.0516690499000358,Stress,waterfalls
224,A,227,105,3,CA23,EC,-0.7198726313198646,Stress,mountains
236,A,239,105,3,CA23,EC,0.1230336106421096,Stress,mountains
12,A,15,105,4,CA23,EC,-0.5765293809260827,Stress,deserts
27,A,30,105,4,CA23,EC,-0.1499026587742745,Stress,deserts
31,A,34,105,4,CA23,EC,-0.4083434109538792,Stress,waterfalls
43,A,46,105,4,CA23,EC,0.0655157678822873,Stress,mountains
61,A,64,105,4,CA23,EC,0.5291454528279887,Stress,mountains
68,A,71,105,4,CA23,EC,-0.0265336027861388,Stress,deserts
79,A,82,105,4,CA23,EC,-0.4286070825646726,Stress,waterfalls
95,A,98,105,4,CA23,EC,0.243428580076365,Stress,waterfalls
112,A,115,105,4,CA23,EC,0.0090553066399578,Stress,mountains
130,A,133,105,4,CA23,EC,0.981466605507484,Stress,deserts
141,A,144,105,4,CA23,EC,-1.0072485190215827,Stress,waterfalls
147,A,150,105,4,CA23,EC,0.6336909528004213,Stress,mountains
157,A,160,105,4,CA23,EC,-2.198495355521762,Stress,mountains
163,A,166,105,4,CA23,EC,-1.4589414293900111,Stress,waterfalls
168,A,171,105,4,CA23,EC,1.2782944561455274,Stress,mountains
184,A,187,105,4,CA23,EC,0.3508396356591848,Stress,waterfalls
191,A,194,105,4,CA23,EC,0.0007285577095946,Stress,deserts
201,A,204,105,4,CA23,EC,1.154880890966323,Stress,deserts
209,A,212,105,4,CA23,EC,-1.51528970415042,Stress,waterfalls
220,A,223,105,4,CA23,EC,-0.0785771335241605,Stress,mountains
230,A,233,105,4,CA23,EC,-1.2185926118119257,Stress,deserts
5,A,8,106,2,CA23,EC,0.2593090057664314,Control,lighthouses
21,A,24,106,2,CA23,EC,-1.951731599766237,Control,waterfalls
25,A,28,106,2,CA23,EC,-0.448465861630998,Control,lighthouses
31,A,34,106,2,CA23,EC,0.09104321894518,Control,bridges
43,A,46,106,2,CA23,EC,1.0166260309934172,Control,bridges
49,A,52,106,2,CA23,EC,0.2752029426180373,Control,lighthouses
66,A,69,106,2,CA23,EC,-0.5883539215012216,Control,bridges
75,A,78,106,2,CA23,EC,-0.9548829176118748,Control,lighthouses
83,A,86,106,2,CA23,EC,-0.2332813383061076,Control,bridges
87,A,90,106,2,CA23,EC,0.2278760948016974,Control,waterfalls
101,A,104,106,2,CA23,EC,0.5693111422650011,Control,bridges
114,A,117,106,2,CA23,EC,-1.4222074701746474,Control,lighthouses
123,A,126,106,2,CA23,EC,0.2731375751249066,Control,waterfalls
173,A,176,106,2,CA23,EC,0.6241989428264542,Control,waterfalls
178,A,181,106,2,CA23,EC,-0.1367567061450764,Control,lighthouses
189,A,192,106,2,CA23,EC,0.5301097033085421,Control,bridges
198,A,201,106,2,CA23,EC,0.0065497014734892,Control,waterfalls
209,A,212,106,2,CA23,EC,-0.0161075582427771,Control,waterfalls
216,A,219,106,2,CA23,EC,-0.5760262683250946,Control,waterfalls
228,A,231,106,2,CA23,EC,-1.267192378731174,Control,bridges
12,A,15,106,3,CA23,EC,-0.3275026224345512,Control,waterfalls
22,A,25,106,3,CA23,EC,0.0634495779045189,Control,bridges
43,A,46,106,3,CA23,EC,-1.3772044140638875,Control,waterfalls
56,A,59,106,3,CA23,EC,1.27355589159843,Control,lighthouses
71,A,74,106,3,CA23,EC,0.1465567143126116,Control,lighthouses
86,A,89,106,3,CA23,EC,-0.204188995470669,Control,bridges
99,A,102,106,3,CA23,EC,0.2472151508356702,Control,bridges
114,A,117,106,3,CA23,EC,-0.6577212734620129,Control,lighthouses
126,A,129,106,3,CA23,EC,0.0087737402164323,Control,waterfalls
138,A,141,106,3,CA23,EC,-0.0049508460711196,Control,waterfalls
143,A,146,106,3,CA23,EC,-0.1729620436401053,Control,lighthouses
152,A,155,106,3,CA23,EC,-0.1929990564952418,Control,bridges
166,A,169,106,3,CA23,EC,-0.0023490775495226,Control,bridges
185,A,188,106,3,CA23,EC,0.7246772153983873,Control,lighthouses
189,A,192,106,3,CA23,EC,0.5273554332073045,Control,waterfalls
200,A,203,106,3,CA23,EC,-0.402565050415497,Control,waterfalls
210,A,213,106,3,CA23,EC,0.1119224143237717,Control,lighthouses
215,A,218,106,3,CA23,EC,-0.1778605484721273,Control,bridges
232,A,235,106,3,CA23,EC,-0.5552581447077375,Control,waterfalls
237,A,240,106,3,CA23,EC,0.0169248985402518,Control,lighthouses
11,A,14,106,4,CA23,EC,0.0371759469401826,Control,waterfalls
25,A,28,106,4,CA23,EC,0.3075224287521368,Control,waterfalls
31,A,34,106,4,CA23,EC,-0.1973799497988103,Control,bridges
41,A,44,106,4,CA23,EC,2.430746111679671,Control,waterfalls
65,A,68,106,4,CA23,EC,4.570470084275257,Control,lighthouses
74,A,77,106,4,CA23,EC,0.1196006943759361,Control,waterfalls
94,A,97,106,4,CA23,EC,0.7836865743130977,Control,waterfalls
101,A,104,106,4,CA23,EC,-0.0448543193734614,Control,bridges
107,A,110,106,4,CA23,EC,0.0887317703291411,Control,lighthouses
127,A,130,106,4,CA23,EC,-0.3879616100486193,Control,bridges
143,A,146,106,4,CA23,EC,-0.0933755292171204,Control,lighthouses
162,A,165,106,4,CA23,EC,-0.0983014100349657,Control,lighthouses
173,A,176,106,4,CA23,EC,-1.226233954065276,Control,lighthouses
178,A,181,106,4,CA23,EC,-0.4171512892942454,Control,bridges
192,A,195,106,4,CA23,EC,-0.0641918101793423,Control,bridges
212,A,215,106,4,CA23,EC,0.7755050900640196,Control,lighthouses
220,A,223,106,4,CA23,EC,-0.1906742598901289,Control,waterfalls
228,A,231,106,4,CA23,EC,0.5093103484411103,Control,waterfalls
236,A,239,106,4,CA23,EC,1.1865672199650863,Control,lighthouses
